record_id,student_id,course_id,course_name,semester,year,grade,credits
1,STU0001,CS401,Machine Learning,Fall,2023,1.61,4
2,STU0001,CS201,Data Structures,Fall,2023,1.94,3
3,STU0001,CS501,Big Data,Spring,2023,1.32,3
4,STU0001,CS401,Machine Learning,Spring,2023,1.64,3
5,STU0001,CS201,Data Structures,Spring,2023,2.23,3
6,STU0001,CS301,Databases,Fall,2024,1.49,4
7,STU0001,CS201,Data Structures,Fall,2024,2.15,4
8,STU0001,CS401,Machine Learning,Fall,2024,2.27,4
9,STU0001,CS101,Intro to Programming,Spring,2024,2.3,4
10,STU0001,CS301,Databases,Spring,2024,2.78,3
11,STU0001,CS201,Data Structures,Spring,2024,2.39,4
12,STU0001,CS401,Machine Learning,Spring,2024,1.5,4
13,STU0001,CS201,Data Structures,Fall,2025,2.42,4
14,STU0001,CS301,Databases,Fall,2025,1.98,3
15,STU0001,CS401,Machine Learning,Spring,2025,2.33,3
16,STU0001,CS501,Big Data,Spring,2025,2.2,4
17,STU0001,CS101,Intro to Programming,Spring,2025,1.77,3
18,STU0001,CS201,Data Structures,Spring,2025,1.81,4
19,STU0002,CS101,Intro to Programming,Fall,2023,1.97,4
20,STU0002,CS301,Databases,Fall,2023,3.29,4
21,STU0002,CS501,Big Data,Fall,2023,2.4,4
22,STU0002,CS201,Data Structures,Fall,2023,2.42,4
23,STU0002,CS201,Data Structures,Spring,2023,1.8,3
24,STU0002,CS101,Intro to Programming,Spring,2023,2.22,4
25,STU0002,CS301,Databases,Spring,2023,2.11,4
26,STU0002,CS401,Machine Learning,Fall,2024,2.63,3
27,STU0002,CS501,Big Data,Fall,2024,2.67,4
28,STU0002,CS301,Databases,Spring,2024,2.62,4
29,STU0002,CS101,Intro to Programming,Spring,2024,1.91,3
30,STU0002,CS501,Big Data,Spring,2024,2.23,3
31,STU0002,CS201,Data Structures,Spring,2024,2.47,4
32,STU0002,CS401,Machine Learning,Fall,2025,2.99,3
33,STU0002,CS101,Intro to Programming,Fall,2025,2.09,4
34,STU0002,CS501,Big Data,Spring,2025,3.01,3
35,STU0002,CS401,Machine Learning,Spring,2025,3.04,4
36,STU0002,CS101,Intro to Programming,Spring,2025,2.6,3
37,STU0002,CS301,Databases,Spring,2025,2.27,4
38,STU0003,CS501,Big Data,Fall,2023,3.54,3
39,STU0003,CS301,Databases,Fall,2023,2.18,4
40,STU0003,CS401,Machine Learning,Fall,2023,3.43,4
41,STU0003,CS201,Data Structures,Spring,2023,3.1,3
42,STU0003,CS501,Big Data,Spring,2023,3.18,4
43,STU0003,CS101,Intro to Programming,Spring,2023,2.74,4
44,STU0003,CS301,Databases,Spring,2023,2.96,4
45,STU0003,CS101,Intro to Programming,Fall,2024,2.78,4
46,STU0003,CS501,Big Data,Fall,2024,3.07,4
47,STU0003,CS201,Data Structures,Fall,2024,2.69,4
48,STU0003,CS501,Big Data,Spring,2024,2.11,4
49,STU0003,CS101,Intro to Programming,Spring,2024,2.98,4
50,STU0003,CS301,Databases,Spring,2024,3.32,4
51,STU0003,CS401,Machine Learning,Fall,2025,2.75,4
52,STU0003,CS201,Data Structures,Fall,2025,3.29,4
53,STU0003,CS501,Big Data,Spring,2025,3.22,3
54,STU0003,CS201,Data Structures,Spring,2025,2.03,4
55,STU0003,CS301,Databases,Spring,2025,1.99,3
56,STU0003,CS401,Machine Learning,Spring,2025,2.67,3
57,STU0004,EN101,Engineering Drawing,Fall,2023,2.7,4
58,STU0004,EN301,Control Systems,Fall,2023,2.6,4
59,STU0004,EN201,Circuit Analysis,Fall,2023,2.85,4
60,STU0004,EN301,Control Systems,Spring,2023,3.08,4
61,STU0004,EN101,Engineering Drawing,Spring,2023,3.61,3
62,STU0004,EN201,Circuit Analysis,Spring,2023,3.14,3
63,STU0004,EN101,Engineering Drawing,Fall,2024,3.21,3
64,STU0004,EN301,Control Systems,Fall,2024,3.4,4
65,STU0004,EN201,Circuit Analysis,Fall,2024,2.46,4
66,STU0004,EN201,Circuit Analysis,Spring,2024,3.21,3
67,STU0004,EN101,Engineering Drawing,Spring,2024,3.06,3
68,STU0004,EN201,Circuit Analysis,Fall,2025,3.86,3
69,STU0004,EN301,Control Systems,Fall,2025,3.06,3
70,STU0004,EN301,Control Systems,Spring,2025,3.3,3
71,STU0004,EN101,Engineering Drawing,Spring,2025,3.43,3
72,STU0004,EN201,Circuit Analysis,Spring,2025,3.15,3
73,STU0005,MT201,Linear Algebra,Fall,2023,1.54,3
74,STU0005,MT401,Discrete Math,Fall,2023,1.62,3
75,STU0005,MT301,Statistics,Fall,2023,2.34,4
76,STU0005,MT101,Calculus I,Fall,2023,1.96,4
77,STU0005,MT201,Linear Algebra,Spring,2023,2.43,3
78,STU0005,MT101,Calculus I,Spring,2023,2.29,4
79,STU0005,MT401,Discrete Math,Spring,2023,2.65,3
80,STU0005,MT301,Statistics,Fall,2024,1.87,3
81,STU0005,MT101,Calculus I,Fall,2024,2.65,3
82,STU0005,MT401,Discrete Math,Fall,2024,2.19,3
83,STU0005,MT201,Linear Algebra,Fall,2024,1.79,3
84,STU0005,MT101,Calculus I,Spring,2024,2.02,4
85,STU0005,MT201,Linear Algebra,Spring,2024,1.98,3
86,STU0005,MT301,Statistics,Spring,2024,2.62,3
87,STU0005,MT401,Discrete Math,Spring,2024,1.43,3
88,STU0005,MT301,Statistics,Fall,2025,1.46,3
89,STU0005,MT101,Calculus I,Fall,2025,2.92,4
90,STU0005,MT301,Statistics,Spring,2025,2.52,3
91,STU0005,MT401,Discrete Math,Spring,2025,2.42,3
92,STU0005,MT201,Linear Algebra,Spring,2025,1.84,4
93,STU0005,MT101,Calculus I,Spring,2025,1.53,3
94,STU0006,MT301,Statistics,Fall,2023,2.33,3
95,STU0006,MT201,Linear Algebra,Fall,2023,1.89,4
96,STU0006,MT201,Linear Algebra,Spring,2023,2.87,3
97,STU0006,MT101,Calculus I,Spring,2023,2.12,3
98,STU0006,MT301,Statistics,Spring,2023,1.88,3
99,STU0006,MT401,Discrete Math,Spring,2023,1.58,3
100,STU0006,MT101,Calculus I,Fall,2024,2.23,4
101,STU0006,MT401,Discrete Math,Fall,2024,1.66,3
102,STU0006,MT201,Linear Algebra,Fall,2024,2.59,4
103,STU0006,MT301,Statistics,Fall,2024,2.56,3
104,STU0006,MT301,Statistics,Spring,2024,1.83,3
105,STU0006,MT201,Linear Algebra,Spring,2024,1.81,3
106,STU0006,MT401,Discrete Math,Fall,2025,1.48,3
107,STU0006,MT301,Statistics,Fall,2025,1.98,4
108,STU0006,MT201,Linear Algebra,Fall,2025,2.63,3
109,STU0006,MT101,Calculus I,Spring,2025,2.76,3
110,STU0006,MT401,Discrete Math,Spring,2025,1.78,4
111,STU0007,PH201,Electromagnetism,Fall,2023,3.14,3
112,STU0007,PH101,Mechanics,Fall,2023,2.53,4
113,STU0007,PH301,Thermodynamics,Fall,2023,2.01,3
114,STU0007,PH301,Thermodynamics,Spring,2023,2.97,4
115,STU0007,PH201,Electromagnetism,Spring,2023,1.84,3
116,STU0007,PH101,Mechanics,Spring,2023,1.94,3
117,STU0007,PH101,Mechanics,Fall,2024,2.89,4
118,STU0007,PH201,Electromagnetism,Fall,2024,2.17,4
119,STU0007,PH301,Thermodynamics,Fall,2024,1.66,3
120,STU0007,PH301,Thermodynamics,Spring,2024,2.39,4
121,STU0007,PH201,Electromagnetism,Spring,2024,3.25,3
122,STU0007,PH101,Mechanics,Spring,2024,2.82,3
123,STU0007,PH101,Mechanics,Fall,2025,1.69,4
124,STU0007,PH201,Electromagnetism,Fall,2025,2.67,3
125,STU0007,PH101,Mechanics,Spring,2025,1.82,3
126,STU0007,PH201,Electromagnetism,Spring,2025,2.32,3
127,STU0007,PH301,Thermodynamics,Spring,2025,3.21,3
128,STU0008,PH201,Electromagnetism,Fall,2023,3.99,4
129,STU0008,PH101,Mechanics,Fall,2023,3.64,4
130,STU0008,PH301,Thermodynamics,Fall,2023,3.25,3
131,STU0008,PH101,Mechanics,Spring,2023,2.64,3
132,STU0008,PH301,Thermodynamics,Spring,2023,3.22,3
133,STU0008,PH201,Electromagnetism,Spring,2023,2.9,4
134,STU0008,PH201,Electromagnetism,Fall,2024,3.24,3
135,STU0008,PH301,Thermodynamics,Fall,2024,2.64,3
136,STU0008,PH101,Mechanics,Fall,2024,2.74,3
137,STU0008,PH101,Mechanics,Spring,2024,3.24,4
138,STU0008,PH301,Thermodynamics,Spring,2024,3.17,4
139,STU0008,PH201,Electromagnetism,Fall,2025,3.26,3
140,STU0008,PH301,Thermodynamics,Fall,2025,2.66,4
141,STU0008,PH301,Thermodynamics,Spring,2025,3.86,4
142,STU0008,PH101,Mechanics,Spring,2025,2.76,3
143,STU0008,PH201,Electromagnetism,Spring,2025,4.0,4
144,STU0009,BU101,Accounting,Fall,2023,2.74,3
145,STU0009,BU301,Finance,Fall,2023,1.48,4
146,STU0009,BU201,Marketing,Fall,2023,2.8,3
147,STU0009,BU401,Management,Fall,2023,1.58,3
148,STU0009,BU101,Accounting,Spring,2023,1.53,3
149,STU0009,BU401,Management,Spring,2023,1.64,4
150,STU0009,BU101,Accounting,Fall,2024,2.9,3
151,STU0009,BU301,Finance,Fall,2024,1.46,3
152,STU0009,BU201,Marketing,Fall,2024,1.75,4
153,STU0009,BU101,Accounting,Spring,2024,1.63,4
154,STU0009,BU201,Marketing,Spring,2024,1.51,4
155,STU0009,BU401,Management,Fall,2025,2.52,3
156,STU0009,BU201,Marketing,Fall,2025,2.0,3
157,STU0009,BU101,Accounting,Fall,2025,1.87,4
158,STU0009,BU301,Finance,Fall,2025,2.84,3
159,STU0009,BU201,Marketing,Spring,2025,2.09,4
160,STU0009,BU301,Finance,Spring,2025,1.53,4
161,STU0009,BU401,Management,Spring,2025,2.04,4
162,STU0009,BU101,Accounting,Spring,2025,1.75,3
163,STU0010,EN301,Control Systems,Fall,2023,2.06,4
164,STU0010,EN101,Engineering Drawing,Fall,2023,1.58,4
165,STU0010,EN201,Circuit Analysis,Fall,2023,1.36,4
166,STU0010,EN201,Circuit Analysis,Spring,2023,1.32,3
167,STU0010,EN101,Engineering Drawing,Spring,2023,0.86,4
168,STU0010,EN301,Control Systems,Spring,2023,0.9,4
169,STU0010,EN201,Circuit Analysis,Fall,2024,0.97,3
170,STU0010,EN101,Engineering Drawing,Fall,2024,1.24,3
171,STU0010,EN301,Control Systems,Fall,2024,2.03,3
172,STU0010,EN201,Circuit Analysis,Spring,2024,1.09,4
173,STU0010,EN301,Control Systems,Spring,2024,2.1,4
174,STU0010,EN101,Engineering Drawing,Spring,2024,2.27,3
175,STU0010,EN301,Control Systems,Fall,2025,1.71,3
176,STU0010,EN201,Circuit Analysis,Fall,2025,2.15,4
177,STU0010,EN101,Engineering Drawing,Fall,2025,1.68,3
178,STU0010,EN101,Engineering Drawing,Spring,2025,1.18,3
179,STU0010,EN301,Control Systems,Spring,2025,0.84,4
180,STU0010,EN201,Circuit Analysis,Spring,2025,0.81,3
181,STU0011,CS301,Databases,Fall,2023,3.12,4
182,STU0011,CS201,Data Structures,Fall,2023,1.75,3
183,STU0011,CS201,Data Structures,Spring,2023,3.19,4
184,STU0011,CS101,Intro to Programming,Spring,2023,2.78,4
185,STU0011,CS301,Databases,Spring,2023,2.59,4
186,STU0011,CS501,Big Data,Spring,2023,2.13,3
187,STU0011,CS401,Machine Learning,Fall,2024,2.69,3
188,STU0011,CS501,Big Data,Fall,2024,2.78,4
189,STU0011,CS501,Big Data,Spring,2024,2.26,4
190,STU0011,CS201,Data Structures,Spring,2024,1.85,3
191,STU0011,CS501,Big Data,Fall,2025,1.94,4
192,STU0011,CS401,Machine Learning,Fall,2025,3.12,3
193,STU0011,CS301,Databases,Fall,2025,2.67,3
194,STU0011,CS101,Intro to Programming,Fall,2025,3.15,3
195,STU0011,CS101,Intro to Programming,Spring,2025,3.22,3
196,STU0011,CS201,Data Structures,Spring,2025,2.67,3
197,STU0011,CS401,Machine Learning,Spring,2025,2.96,4
198,STU0012,PH101,Mechanics,Fall,2023,1.99,3
199,STU0012,PH201,Electromagnetism,Fall,2023,2.15,3
200,STU0012,PH301,Thermodynamics,Fall,2023,2.74,3
201,STU0012,PH201,Electromagnetism,Spring,2023,3.01,4
202,STU0012,PH301,Thermodynamics,Spring,2023,3.0,4
203,STU0012,PH101,Mechanics,Spring,2023,2.46,3
204,STU0012,PH301,Thermodynamics,Fall,2024,2.31,3
205,STU0012,PH101,Mechanics,Fall,2024,2.06,4
206,STU0012,PH201,Electromagnetism,Fall,2024,2.01,3
207,STU0012,PH201,Electromagnetism,Spring,2024,3.01,3
208,STU0012,PH101,Mechanics,Spring,2024,2.76,3
209,STU0012,PH301,Thermodynamics,Fall,2025,2.28,3
210,STU0012,PH201,Electromagnetism,Fall,2025,2.56,4
211,STU0012,PH101,Mechanics,Fall,2025,1.84,3
212,STU0012,PH101,Mechanics,Spring,2025,2.71,4
213,STU0012,PH301,Thermodynamics,Spring,2025,2.65,4
214,STU0012,PH201,Electromagnetism,Spring,2025,1.97,3
215,STU0013,CS501,Big Data,Fall,2023,2.61,3
216,STU0013,CS401,Machine Learning,Fall,2023,3.2,4
217,STU0013,CS101,Intro to Programming,Fall,2023,3.84,4
218,STU0013,CS101,Intro to Programming,Spring,2023,2.85,4
219,STU0013,CS501,Big Data,Spring,2023,4.0,4
220,STU0013,CS301,Databases,Fall,2024,3.27,4
221,STU0013,CS401,Machine Learning,Fall,2024,2.67,4
222,STU0013,CS301,Databases,Spring,2024,3.11,4
223,STU0013,CS401,Machine Learning,Spring,2024,2.59,4
224,STU0013,CS301,Databases,Fall,2025,3.42,3
225,STU0013,CS201,Data Structures,Fall,2025,3.72,3
226,STU0013,CS401,Machine Learning,Fall,2025,2.66,4
227,STU0013,CS401,Machine Learning,Spring,2025,3.87,4
228,STU0013,CS201,Data Structures,Spring,2025,4.0,4
229,STU0013,CS301,Databases,Spring,2025,3.44,3
230,STU0013,CS101,Intro to Programming,Spring,2025,3.28,3
231,STU0014,BU101,Accounting,Fall,2023,3.36,4
232,STU0014,BU301,Finance,Fall,2023,3.45,3
233,STU0014,BU401,Management,Fall,2023,4.0,3
234,STU0014,BU101,Accounting,Spring,2023,3.3,4
235,STU0014,BU201,Marketing,Spring,2023,3.49,3
236,STU0014,BU301,Finance,Fall,2024,3.79,4
237,STU0014,BU201,Marketing,Fall,2024,4.0,4
238,STU0014,BU101,Accounting,Fall,2024,4.0,3
239,STU0014,BU401,Management,Fall,2024,4.0,4
240,STU0014,BU401,Management,Spring,2024,3.41,3
241,STU0014,BU101,Accounting,Spring,2024,4.0,3
242,STU0014,BU301,Finance,Fall,2025,3.78,4
243,STU0014,BU201,Marketing,Fall,2025,4.0,4
244,STU0014,BU401,Management,Fall,2025,3.23,4
245,STU0014,BU201,Marketing,Spring,2025,3.23,4
246,STU0014,BU301,Finance,Spring,2025,4.0,3
247,STU0014,BU401,Management,Spring,2025,4.0,4
248,STU0015,PH101,Mechanics,Fall,2023,3.25,4
249,STU0015,PH201,Electromagnetism,Fall,2023,4.0,3
250,STU0015,PH301,Thermodynamics,Fall,2023,4.0,3
251,STU0015,PH201,Electromagnetism,Spring,2023,3.99,4
252,STU0015,PH301,Thermodynamics,Spring,2023,3.18,4
253,STU0015,PH301,Thermodynamics,Fall,2024,3.46,4
254,STU0015,PH101,Mechanics,Fall,2024,3.94,4
255,STU0015,PH201,Electromagnetism,Fall,2024,4.0,3
256,STU0015,PH201,Electromagnetism,Spring,2024,2.97,3
257,STU0015,PH301,Thermodynamics,Spring,2024,3.03,3
258,STU0015,PH101,Mechanics,Fall,2025,3.48,4
259,STU0015,PH301,Thermodynamics,Fall,2025,3.88,4
260,STU0015,PH201,Electromagnetism,Spring,2025,3.84,3
261,STU0015,PH301,Thermodynamics,Spring,2025,3.35,4
262,STU0015,PH101,Mechanics,Spring,2025,3.03,4
263,STU0016,BU301,Finance,Fall,2023,2.43,3
264,STU0016,BU201,Marketing,Fall,2023,1.69,4
265,STU0016,BU101,Accounting,Fall,2023,1.31,3
266,STU0016,BU401,Management,Fall,2023,2.6,3
267,STU0016,BU201,Marketing,Spring,2023,2.61,3
268,STU0016,BU401,Management,Spring,2023,1.99,3
269,STU0016,BU301,Finance,Spring,2023,2.27,3
270,STU0016,BU101,Accounting,Spring,2023,1.59,4
271,STU0016,BU301,Finance,Fall,2024,1.96,3
272,STU0016,BU201,Marketing,Fall,2024,1.98,4
273,STU0016,BU401,Management,Fall,2024,2.17,3
274,STU0016,BU101,Accounting,Fall,2024,2.05,4
275,STU0016,BU301,Finance,Spring,2024,1.33,4
276,STU0016,BU201,Marketing,Spring,2024,2.25,4
277,STU0016,BU101,Accounting,Spring,2024,1.65,4
278,STU0016,BU401,Management,Spring,2024,1.53,3
279,STU0016,BU401,Management,Fall,2025,1.74,3
280,STU0016,BU301,Finance,Fall,2025,2.38,4
281,STU0016,BU301,Finance,Spring,2025,1.85,3
282,STU0016,BU201,Marketing,Spring,2025,2.16,3
283,STU0016,BU401,Management,Spring,2025,1.78,3
284,STU0017,MT401,Discrete Math,Fall,2023,4.0,3
285,STU0017,MT301,Statistics,Fall,2023,3.38,4
286,STU0017,MT201,Linear Algebra,Fall,2023,3.11,4
287,STU0017,MT101,Calculus I,Fall,2023,4.0,3
288,STU0017,MT301,Statistics,Spring,2023,3.48,4
289,STU0017,MT401,Discrete Math,Spring,2023,3.58,4
290,STU0017,MT101,Calculus I,Spring,2023,3.5,4
291,STU0017,MT201,Linear Algebra,Spring,2023,3.65,3
292,STU0017,MT101,Calculus I,Fall,2024,3.67,3
293,STU0017,MT301,Statistics,Fall,2024,3.71,4
294,STU0017,MT401,Discrete Math,Fall,2024,3.76,4
295,STU0017,MT201,Linear Algebra,Spring,2024,4.0,4
296,STU0017,MT101,Calculus I,Spring,2024,3.56,4
297,STU0017,MT301,Statistics,Fall,2025,3.2,3
298,STU0017,MT401,Discrete Math,Fall,2025,3.69,3
299,STU0017,MT101,Calculus I,Spring,2025,3.35,3
300,STU0017,MT401,Discrete Math,Spring,2025,3.83,3
301,STU0017,MT201,Linear Algebra,Spring,2025,3.69,3
302,STU0018,MT401,Discrete Math,Fall,2023,2.01,4
303,STU0018,MT301,Statistics,Fall,2023,2.86,4
304,STU0018,MT101,Calculus I,Spring,2023,1.64,4
305,STU0018,MT301,Statistics,Spring,2023,2.84,4
306,STU0018,MT201,Linear Algebra,Fall,2024,1.68,4
307,STU0018,MT101,Calculus I,Fall,2024,1.82,3
308,STU0018,MT301,Statistics,Fall,2024,1.93,4
309,STU0018,MT401,Discrete Math,Fall,2024,1.59,3
310,STU0018,MT301,Statistics,Spring,2024,2.01,3
311,STU0018,MT201,Linear Algebra,Spring,2024,1.87,4
312,STU0018,MT401,Discrete Math,Spring,2024,1.89,3
313,STU0018,MT401,Discrete Math,Fall,2025,1.69,3
314,STU0018,MT101,Calculus I,Fall,2025,1.66,3
315,STU0018,MT201,Linear Algebra,Spring,2025,1.92,4
316,STU0018,MT101,Calculus I,Spring,2025,2.55,3
317,STU0018,MT401,Discrete Math,Spring,2025,2.27,3
318,STU0018,MT301,Statistics,Spring,2025,2.38,3
319,STU0019,EN301,Control Systems,Fall,2023,2.37,4
320,STU0019,EN101,Engineering Drawing,Fall,2023,1.9,4
321,STU0019,EN301,Control Systems,Spring,2023,2.81,3
322,STU0019,EN101,Engineering Drawing,Spring,2023,2.18,3
323,STU0019,EN201,Circuit Analysis,Spring,2023,2.76,4
324,STU0019,EN301,Control Systems,Fall,2024,3.03,3
325,STU0019,EN101,Engineering Drawing,Fall,2024,2.52,3
326,STU0019,EN201,Circuit Analysis,Fall,2024,2.15,3
327,STU0019,EN101,Engineering Drawing,Spring,2024,3.03,3
328,STU0019,EN301,Control Systems,Spring,2024,2.27,4
329,STU0019,EN201,Circuit Analysis,Spring,2024,2.17,3
330,STU0019,EN201,Circuit Analysis,Fall,2025,2.23,3
331,STU0019,EN101,Engineering Drawing,Fall,2025,1.72,3
332,STU0019,EN301,Control Systems,Fall,2025,3.15,4
333,STU0019,EN101,Engineering Drawing,Spring,2025,2.86,3
334,STU0019,EN301,Control Systems,Spring,2025,3.15,3
335,STU0020,MT301,Statistics,Fall,2023,2.67,3
336,STU0020,MT201,Linear Algebra,Fall,2023,3.99,4
337,STU0020,MT401,Discrete Math,Fall,2023,3.17,4
338,STU0020,MT101,Calculus I,Spring,2023,2.61,3
339,STU0020,MT401,Discrete Math,Spring,2023,3.65,3
340,STU0020,MT301,Statistics,Spring,2023,3.12,4
341,STU0020,MT301,Statistics,Fall,2024,3.89,3
342,STU0020,MT401,Discrete Math,Fall,2024,2.77,4
343,STU0020,MT101,Calculus I,Fall,2024,4.0,4
344,STU0020,MT201,Linear Algebra,Fall,2024,3.93,4
345,STU0020,MT201,Linear Algebra,Spring,2024,3.7,3
346,STU0020,MT101,Calculus I,Spring,2024,4.0,3
347,STU0020,MT301,Statistics,Spring,2024,2.76,4
348,STU0020,MT401,Discrete Math,Fall,2025,3.57,3
349,STU0020,MT101,Calculus I,Fall,2025,3.36,4
350,STU0020,MT201,Linear Algebra,Fall,2025,2.77,4
351,STU0020,MT301,Statistics,Fall,2025,3.3,3
352,STU0020,MT301,Statistics,Spring,2025,4.0,4
353,STU0020,MT101,Calculus I,Spring,2025,3.42,3
354,STU0020,MT401,Discrete Math,Spring,2025,3.28,3
355,STU0021,MT301,Statistics,Fall,2023,2.0,3
356,STU0021,MT401,Discrete Math,Fall,2023,1.78,3
357,STU0021,MT201,Linear Algebra,Fall,2023,2.57,4
358,STU0021,MT201,Linear Algebra,Spring,2023,2.27,4
359,STU0021,MT101,Calculus I,Spring,2023,3.31,3
360,STU0021,MT401,Discrete Math,Spring,2023,2.57,4
361,STU0021,MT201,Linear Algebra,Fall,2024,2.47,4
362,STU0021,MT101,Calculus I,Fall,2024,1.9,4
363,STU0021,MT401,Discrete Math,Fall,2024,2.48,3
364,STU0021,MT101,Calculus I,Spring,2024,2.42,3
365,STU0021,MT401,Discrete Math,Spring,2024,3.08,4
366,STU0021,MT201,Linear Algebra,Spring,2024,3.18,3
367,STU0021,MT401,Discrete Math,Fall,2025,3.07,4
368,STU0021,MT201,Linear Algebra,Fall,2025,2.29,4
369,STU0021,MT301,Statistics,Fall,2025,2.91,4
370,STU0021,MT101,Calculus I,Fall,2025,2.91,3
371,STU0021,MT201,Linear Algebra,Spring,2025,2.31,4
372,STU0021,MT101,Calculus I,Spring,2025,2.64,4
373,STU0022,BU101,Accounting,Fall,2023,3.41,4
374,STU0022,BU401,Management,Fall,2023,3.36,3
375,STU0022,BU301,Finance,Fall,2023,3.49,4
376,STU0022,BU201,Marketing,Fall,2023,3.53,3
377,STU0022,BU301,Finance,Spring,2023,4.0,3
378,STU0022,BU101,Accounting,Spring,2023,4.0,4
379,STU0022,BU201,Marketing,Spring,2023,3.92,3
380,STU0022,BU401,Management,Spring,2023,4.0,3
381,STU0022,BU101,Accounting,Fall,2024,4.0,3
382,STU0022,BU301,Finance,Fall,2024,4.0,3
383,STU0022,BU201,Marketing,Fall,2024,4.0,3
384,STU0022,BU401,Management,Fall,2024,3.36,4
385,STU0022,BU401,Management,Spring,2024,3.83,4
386,STU0022,BU201,Marketing,Spring,2024,4.0,4
387,STU0022,BU101,Accounting,Spring,2024,4.0,3
388,STU0022,BU301,Finance,Spring,2024,3.85,4
389,STU0022,BU301,Finance,Fall,2025,3.53,4
390,STU0022,BU401,Management,Fall,2025,4.0,3
391,STU0022,BU101,Accounting,Fall,2025,4.0,3
392,STU0022,BU201,Marketing,Fall,2025,4.0,4
393,STU0022,BU101,Accounting,Spring,2025,4.0,4
394,STU0022,BU201,Marketing,Spring,2025,4.0,4
395,STU0022,BU301,Finance,Spring,2025,4.0,3
396,STU0022,BU401,Management,Spring,2025,3.23,3
397,STU0023,EN301,Control Systems,Fall,2023,2.82,3
398,STU0023,EN101,Engineering Drawing,Fall,2023,4.0,4
399,STU0023,EN101,Engineering Drawing,Spring,2023,2.83,3
400,STU0023,EN201,Circuit Analysis,Spring,2023,3.07,4
401,STU0023,EN301,Control Systems,Fall,2024,3.69,4
402,STU0023,EN101,Engineering Drawing,Fall,2024,2.88,4
403,STU0023,EN301,Control Systems,Spring,2024,3.12,4
404,STU0023,EN101,Engineering Drawing,Spring,2024,4.0,3
405,STU0023,EN201,Circuit Analysis,Spring,2024,2.52,4
406,STU0023,EN301,Control Systems,Fall,2025,3.83,4
407,STU0023,EN201,Circuit Analysis,Fall,2025,3.71,3
408,STU0023,EN101,Engineering Drawing,Spring,2025,2.78,3
409,STU0023,EN201,Circuit Analysis,Spring,2025,2.8,3
410,STU0023,EN301,Control Systems,Spring,2025,3.68,3
411,STU0024,PH101,Mechanics,Fall,2023,2.68,3
412,STU0024,PH201,Electromagnetism,Fall,2023,2.05,4
413,STU0024,PH301,Thermodynamics,Fall,2023,1.8,4
414,STU0024,PH101,Mechanics,Spring,2023,3.28,3
415,STU0024,PH301,Thermodynamics,Spring,2023,3.03,4
416,STU0024,PH201,Electromagnetism,Spring,2023,2.57,4
417,STU0024,PH301,Thermodynamics,Fall,2024,2.63,3
418,STU0024,PH201,Electromagnetism,Fall,2024,2.62,3
419,STU0024,PH301,Thermodynamics,Spring,2024,2.35,3
420,STU0024,PH201,Electromagnetism,Spring,2024,2.85,4
421,STU0024,PH101,Mechanics,Spring,2024,2.37,3
422,STU0024,PH301,Thermodynamics,Fall,2025,1.97,4
423,STU0024,PH201,Electromagnetism,Fall,2025,2.5,3
424,STU0024,PH101,Mechanics,Fall,2025,3.32,4
425,STU0024,PH101,Mechanics,Spring,2025,2.65,4
426,STU0024,PH201,Electromagnetism,Spring,2025,1.83,4
427,STU0024,PH301,Thermodynamics,Spring,2025,2.61,4
428,STU0025,CS101,Intro to Programming,Fall,2023,2.91,3
429,STU0025,CS301,Databases,Fall,2023,4.0,3
430,STU0025,CS401,Machine Learning,Fall,2023,4.0,3
431,STU0025,CS101,Intro to Programming,Spring,2023,3.98,4
432,STU0025,CS201,Data Structures,Spring,2023,3.94,3
433,STU0025,CS301,Databases,Spring,2023,3.46,4
434,STU0025,CS501,Big Data,Spring,2023,3.63,3
435,STU0025,CS201,Data Structures,Fall,2024,2.66,3
436,STU0025,CS101,Intro to Programming,Fall,2024,2.69,4
437,STU0025,CS501,Big Data,Fall,2024,3.49,3
438,STU0025,CS301,Databases,Fall,2024,4.0,4
439,STU0025,CS401,Machine Learning,Spring,2024,3.11,4
440,STU0025,CS501,Big Data,Spring,2024,3.68,3
441,STU0025,CS201,Data Structures,Spring,2024,3.63,3
442,STU0025,CS501,Big Data,Fall,2025,3.17,3
443,STU0025,CS101,Intro to Programming,Fall,2025,3.06,4
444,STU0025,CS301,Databases,Fall,2025,3.57,4
445,STU0025,CS401,Machine Learning,Fall,2025,3.82,4
446,STU0025,CS401,Machine Learning,Spring,2025,2.85,3
447,STU0025,CS101,Intro to Programming,Spring,2025,2.82,4
448,STU0025,CS201,Data Structures,Spring,2025,3.87,4
449,STU0026,PH101,Mechanics,Fall,2023,3.16,3
450,STU0026,PH201,Electromagnetism,Fall,2023,2.52,3
451,STU0026,PH301,Thermodynamics,Fall,2023,1.83,3
452,STU0026,PH301,Thermodynamics,Spring,2023,2.12,4
453,STU0026,PH201,Electromagnetism,Spring,2023,1.97,3
454,STU0026,PH101,Mechanics,Spring,2023,1.89,3
455,STU0026,PH201,Electromagnetism,Fall,2024,1.92,3
456,STU0026,PH101,Mechanics,Fall,2024,2.99,4
457,STU0026,PH301,Thermodynamics,Fall,2024,2.66,3
458,STU0026,PH301,Thermodynamics,Spring,2024,1.79,4
459,STU0026,PH101,Mechanics,Spring,2024,3.15,4
460,STU0026,PH201,Electromagnetism,Spring,2024,1.84,3
461,STU0026,PH201,Electromagnetism,Fall,2025,3.07,4
462,STU0026,PH101,Mechanics,Fall,2025,2.41,4
463,STU0026,PH301,Thermodynamics,Spring,2025,2.53,4
464,STU0026,PH201,Electromagnetism,Spring,2025,2.92,4
465,STU0026,PH101,Mechanics,Spring,2025,1.9,4
466,STU0027,EN101,Engineering Drawing,Fall,2023,1.95,4
467,STU0027,EN201,Circuit Analysis,Fall,2023,1.72,4
468,STU0027,EN201,Circuit Analysis,Spring,2023,2.75,4
469,STU0027,EN301,Control Systems,Spring,2023,2.39,3
470,STU0027,EN101,Engineering Drawing,Spring,2023,2.54,3
471,STU0027,EN101,Engineering Drawing,Fall,2024,2.68,3
472,STU0027,EN301,Control Systems,Fall,2024,2.67,3
473,STU0027,EN201,Circuit Analysis,Fall,2024,2.87,3
474,STU0027,EN301,Control Systems,Spring,2024,2.96,4
475,STU0027,EN201,Circuit Analysis,Spring,2024,2.38,4
476,STU0027,EN101,Engineering Drawing,Spring,2024,2.56,3
477,STU0027,EN201,Circuit Analysis,Fall,2025,1.72,3
478,STU0027,EN101,Engineering Drawing,Fall,2025,2.14,3
479,STU0027,EN301,Control Systems,Fall,2025,2.57,3
480,STU0027,EN101,Engineering Drawing,Spring,2025,1.8,3
481,STU0027,EN201,Circuit Analysis,Spring,2025,2.69,4
482,STU0027,EN301,Control Systems,Spring,2025,3.01,3
483,STU0028,CS401,Machine Learning,Fall,2023,1.4,4
484,STU0028,CS201,Data Structures,Fall,2023,1.67,3
485,STU0028,CS301,Databases,Spring,2023,2.71,3
486,STU0028,CS401,Machine Learning,Spring,2023,2.87,4
487,STU0028,CS201,Data Structures,Spring,2023,1.47,4
488,STU0028,CS501,Big Data,Spring,2023,2.64,4
489,STU0028,CS501,Big Data,Fall,2024,1.88,3
490,STU0028,CS201,Data Structures,Fall,2024,2.13,4
491,STU0028,CS401,Machine Learning,Fall,2024,2.86,3
492,STU0028,CS301,Databases,Fall,2024,2.13,4
493,STU0028,CS401,Machine Learning,Spring,2024,1.31,3
494,STU0028,CS501,Big Data,Spring,2024,2.0,3
495,STU0028,CS301,Databases,Spring,2024,1.42,4
496,STU0028,CS201,Data Structures,Fall,2025,1.55,3
497,STU0028,CS501,Big Data,Fall,2025,2.36,4
498,STU0028,CS101,Intro to Programming,Spring,2025,2.07,3
499,STU0028,CS401,Machine Learning,Spring,2025,2.25,4
500,STU0028,CS301,Databases,Spring,2025,1.34,3
501,STU0029,EN301,Control Systems,Fall,2023,2.75,3
502,STU0029,EN101,Engineering Drawing,Fall,2023,3.96,3
503,STU0029,EN101,Engineering Drawing,Spring,2023,4.0,4
504,STU0029,EN201,Circuit Analysis,Spring,2023,3.49,3
505,STU0029,EN301,Control Systems,Fall,2024,2.88,4
506,STU0029,EN201,Circuit Analysis,Fall,2024,3.92,3
507,STU0029,EN101,Engineering Drawing,Fall,2024,2.88,4
508,STU0029,EN101,Engineering Drawing,Spring,2024,2.8,4
509,STU0029,EN301,Control Systems,Spring,2024,4.0,3
510,STU0029,EN201,Circuit Analysis,Spring,2024,2.9,4
511,STU0029,EN101,Engineering Drawing,Fall,2025,2.85,4
512,STU0029,EN301,Control Systems,Fall,2025,3.85,3
513,STU0029,EN201,Circuit Analysis,Spring,2025,3.93,3
514,STU0029,EN101,Engineering Drawing,Spring,2025,2.68,3
515,STU0030,EN301,Control Systems,Fall,2023,3.19,4
516,STU0030,EN101,Engineering Drawing,Fall,2023,3.75,4
517,STU0030,EN201,Circuit Analysis,Fall,2023,2.72,4
518,STU0030,EN201,Circuit Analysis,Spring,2023,2.56,4
519,STU0030,EN101,Engineering Drawing,Spring,2023,3.58,3
520,STU0030,EN301,Control Systems,Spring,2023,2.8,4
521,STU0030,EN101,Engineering Drawing,Fall,2024,3.27,3
522,STU0030,EN301,Control Systems,Fall,2024,3.18,4
523,STU0030,EN201,Circuit Analysis,Fall,2024,3.4,4
524,STU0030,EN201,Circuit Analysis,Spring,2024,3.03,4
525,STU0030,EN101,Engineering Drawing,Spring,2024,2.77,4
526,STU0030,EN301,Control Systems,Spring,2024,3.25,4
527,STU0030,EN201,Circuit Analysis,Fall,2025,3.23,4
528,STU0030,EN101,Engineering Drawing,Fall,2025,2.64,4
529,STU0030,EN301,Control Systems,Fall,2025,2.76,4
530,STU0030,EN201,Circuit Analysis,Spring,2025,3.72,3
531,STU0030,EN301,Control Systems,Spring,2025,3.55,4
532,STU0030,EN101,Engineering Drawing,Spring,2025,3.6,3
533,STU0031,PH101,Mechanics,Fall,2023,4.0,3
534,STU0031,PH201,Electromagnetism,Fall,2023,3.28,3
535,STU0031,PH101,Mechanics,Spring,2023,4.0,4
536,STU0031,PH201,Electromagnetism,Spring,2023,3.16,4
537,STU0031,PH201,Electromagnetism,Fall,2024,3.99,4
538,STU0031,PH101,Mechanics,Fall,2024,4.0,4
539,STU0031,PH301,Thermodynamics,Spring,2024,4.0,3
540,STU0031,PH201,Electromagnetism,Spring,2024,4.0,4
541,STU0031,PH101,Mechanics,Spring,2024,3.04,4
542,STU0031,PH101,Mechanics,Fall,2025,4.0,3
543,STU0031,PH301,Thermodynamics,Fall,2025,3.6,3
544,STU0031,PH101,Mechanics,Spring,2025,4.0,4
545,STU0031,PH201,Electromagnetism,Spring,2025,4.0,4
546,STU0032,PH101,Mechanics,Fall,2023,3.79,4
547,STU0032,PH301,Thermodynamics,Fall,2023,3.48,4
548,STU0032,PH201,Electromagnetism,Fall,2023,2.88,4
549,STU0032,PH301,Thermodynamics,Spring,2023,3.05,4
550,STU0032,PH101,Mechanics,Spring,2023,3.24,4
551,STU0032,PH201,Electromagnetism,Fall,2024,3.21,4
552,STU0032,PH101,Mechanics,Fall,2024,2.86,3
553,STU0032,PH201,Electromagnetism,Spring,2024,3.87,4
554,STU0032,PH301,Thermodynamics,Spring,2024,3.55,4
555,STU0032,PH101,Mechanics,Spring,2024,3.86,4
556,STU0032,PH201,Electromagnetism,Fall,2025,2.51,3
557,STU0032,PH101,Mechanics,Fall,2025,2.93,3
558,STU0032,PH301,Thermodynamics,Fall,2025,3.4,3
559,STU0032,PH201,Electromagnetism,Spring,2025,3.44,4
560,STU0032,PH301,Thermodynamics,Spring,2025,2.72,3
561,STU0032,PH101,Mechanics,Spring,2025,2.96,4
562,STU0033,EN301,Control Systems,Fall,2023,2.08,4
563,STU0033,EN101,Engineering Drawing,Fall,2023,1.67,4
564,STU0033,EN301,Control Systems,Spring,2023,2.12,3
565,STU0033,EN101,Engineering Drawing,Spring,2023,1.7,3
566,STU0033,EN101,Engineering Drawing,Fall,2024,2.66,4
567,STU0033,EN301,Control Systems,Fall,2024,1.57,3
568,STU0033,EN201,Circuit Analysis,Fall,2024,1.51,3
569,STU0033,EN301,Control Systems,Spring,2024,2.54,3
570,STU0033,EN201,Circuit Analysis,Spring,2024,2.68,4
571,STU0033,EN101,Engineering Drawing,Spring,2024,2.31,4
572,STU0033,EN201,Circuit Analysis,Fall,2025,2.9,4
573,STU0033,EN301,Control Systems,Fall,2025,1.96,3
574,STU0033,EN101,Engineering Drawing,Fall,2025,1.41,4
575,STU0033,EN301,Control Systems,Spring,2025,1.95,3
576,STU0033,EN101,Engineering Drawing,Spring,2025,2.05,3
577,STU0033,EN201,Circuit Analysis,Spring,2025,2.44,4
578,STU0034,PH301,Thermodynamics,Fall,2023,3.16,4
579,STU0034,PH101,Mechanics,Fall,2023,3.01,4
580,STU0034,PH201,Electromagnetism,Fall,2023,2.66,4
581,STU0034,PH301,Thermodynamics,Spring,2023,2.46,4
582,STU0034,PH201,Electromagnetism,Spring,2023,3.61,4
583,STU0034,PH101,Mechanics,Fall,2024,2.42,4
584,STU0034,PH201,Electromagnetism,Fall,2024,2.66,4
585,STU0034,PH301,Thermodynamics,Fall,2024,2.53,3
586,STU0034,PH101,Mechanics,Spring,2024,3.23,3
587,STU0034,PH301,Thermodynamics,Spring,2024,2.97,4
588,STU0034,PH201,Electromagnetism,Spring,2024,2.39,3
589,STU0034,PH101,Mechanics,Fall,2025,2.88,4
590,STU0034,PH301,Thermodynamics,Fall,2025,3.34,4
591,STU0034,PH201,Electromagnetism,Fall,2025,2.48,3
592,STU0034,PH101,Mechanics,Spring,2025,2.42,4
593,STU0034,PH301,Thermodynamics,Spring,2025,2.84,3
594,STU0034,PH201,Electromagnetism,Spring,2025,2.8,4
595,STU0035,CS301,Databases,Fall,2023,1.74,4
596,STU0035,CS501,Big Data,Fall,2023,1.4,4
597,STU0035,CS401,Machine Learning,Fall,2023,1.04,3
598,STU0035,CS501,Big Data,Spring,2023,1.37,4
599,STU0035,CS201,Data Structures,Spring,2023,2.09,4
600,STU0035,CS401,Machine Learning,Spring,2023,2.27,4
601,STU0035,CS301,Databases,Spring,2023,1.83,4
602,STU0035,CS201,Data Structures,Fall,2024,1.52,4
603,STU0035,CS501,Big Data,Fall,2024,2.21,3
604,STU0035,CS301,Databases,Fall,2024,0.98,4
605,STU0035,CS401,Machine Learning,Fall,2024,1.22,4
606,STU0035,CS301,Databases,Spring,2024,1.28,4
607,STU0035,CS501,Big Data,Spring,2024,2.1,4
608,STU0035,CS401,Machine Learning,Spring,2024,2.05,4
609,STU0035,CS201,Data Structures,Spring,2024,1.51,3
610,STU0035,CS201,Data Structures,Fall,2025,1.91,3
611,STU0035,CS501,Big Data,Fall,2025,1.19,4
612,STU0035,CS101,Intro to Programming,Spring,2025,2.35,4
613,STU0035,CS501,Big Data,Spring,2025,1.73,3
614,STU0036,PH301,Thermodynamics,Fall,2023,1.72,3
615,STU0036,PH101,Mechanics,Fall,2023,1.43,4
616,STU0036,PH201,Electromagnetism,Fall,2023,1.79,3
617,STU0036,PH201,Electromagnetism,Spring,2023,1.51,3
618,STU0036,PH301,Thermodynamics,Spring,2023,1.35,4
619,STU0036,PH101,Mechanics,Spring,2023,2.68,4
620,STU0036,PH201,Electromagnetism,Fall,2024,1.52,3
621,STU0036,PH301,Thermodynamics,Fall,2024,2.25,4
622,STU0036,PH101,Mechanics,Fall,2024,2.31,4
623,STU0036,PH301,Thermodynamics,Spring,2024,2.07,3
624,STU0036,PH201,Electromagnetism,Spring,2024,2.59,4
625,STU0036,PH101,Mechanics,Spring,2024,1.79,4
626,STU0036,PH101,Mechanics,Fall,2025,1.3,3
627,STU0036,PH201,Electromagnetism,Fall,2025,1.85,4
628,STU0036,PH301,Thermodynamics,Fall,2025,2.16,4
629,STU0036,PH201,Electromagnetism,Spring,2025,2.58,3
630,STU0036,PH101,Mechanics,Spring,2025,2.57,4
631,STU0036,PH301,Thermodynamics,Spring,2025,1.6,4
632,STU0037,MT201,Linear Algebra,Fall,2023,3.47,3
633,STU0037,MT101,Calculus I,Fall,2023,2.56,4
634,STU0037,MT401,Discrete Math,Fall,2023,3.14,4
635,STU0037,MT301,Statistics,Spring,2023,3.51,3
636,STU0037,MT201,Linear Algebra,Spring,2023,2.36,3
637,STU0037,MT101,Calculus I,Spring,2023,3.16,4
638,STU0037,MT401,Discrete Math,Fall,2024,2.17,3
639,STU0037,MT101,Calculus I,Fall,2024,3.69,3
640,STU0037,MT201,Linear Algebra,Fall,2024,2.44,3
641,STU0037,MT301,Statistics,Spring,2024,3.3,3
642,STU0037,MT101,Calculus I,Spring,2024,2.28,3
643,STU0037,MT201,Linear Algebra,Spring,2024,2.93,4
644,STU0037,MT301,Statistics,Fall,2025,2.88,3
645,STU0037,MT201,Linear Algebra,Fall,2025,2.67,3
646,STU0037,MT401,Discrete Math,Fall,2025,2.23,4
647,STU0037,MT401,Discrete Math,Spring,2025,2.45,4
648,STU0037,MT101,Calculus I,Spring,2025,3.45,3
649,STU0038,BU201,Marketing,Fall,2023,2.17,4
650,STU0038,BU401,Management,Fall,2023,1.34,3
651,STU0038,BU401,Management,Spring,2023,2.17,3
652,STU0038,BU301,Finance,Spring,2023,1.7,4
653,STU0038,BU201,Marketing,Fall,2024,2.13,3
654,STU0038,BU301,Finance,Fall,2024,1.35,4
655,STU0038,BU101,Accounting,Fall,2024,1.26,3
656,STU0038,BU201,Marketing,Spring,2024,1.46,3
657,STU0038,BU101,Accounting,Spring,2024,2.21,3
658,STU0038,BU301,Finance,Spring,2024,1.57,3
659,STU0038,BU401,Management,Spring,2024,0.95,3
660,STU0038,BU401,Management,Fall,2025,2.17,3
661,STU0038,BU301,Finance,Fall,2025,1.19,3
662,STU0038,BU101,Accounting,Fall,2025,2.04,4
663,STU0038,BU201,Marketing,Fall,2025,2.43,3
664,STU0038,BU301,Finance,Spring,2025,1.19,3
665,STU0038,BU401,Management,Spring,2025,1.14,3
666,STU0039,BU301,Finance,Fall,2023,2.89,4
667,STU0039,BU201,Marketing,Fall,2023,3.43,3
668,STU0039,BU101,Accounting,Fall,2023,3.26,3
669,STU0039,BU401,Management,Spring,2023,3.73,4
670,STU0039,BU301,Finance,Spring,2023,3.16,3
671,STU0039,BU201,Marketing,Spring,2023,3.73,4
672,STU0039,BU401,Management,Fall,2024,3.71,4
673,STU0039,BU201,Marketing,Fall,2024,3.33,4
674,STU0039,BU101,Accounting,Fall,2024,3.73,4
675,STU0039,BU301,Finance,Fall,2024,2.86,4
676,STU0039,BU201,Marketing,Spring,2024,3.37,3
677,STU0039,BU101,Accounting,Spring,2024,3.91,4
678,STU0039,BU401,Management,Spring,2024,3.16,4
679,STU0039,BU301,Finance,Spring,2024,4.0,3
680,STU0039,BU301,Finance,Fall,2025,3.04,3
681,STU0039,BU201,Marketing,Fall,2025,2.93,3
682,STU0039,BU401,Management,Fall,2025,3.15,3
683,STU0039,BU101,Accounting,Fall,2025,3.18,4
684,STU0039,BU101,Accounting,Spring,2025,3.77,4
685,STU0039,BU401,Management,Spring,2025,3.91,4
686,STU0040,CS301,Databases,Fall,2023,3.49,3
687,STU0040,CS201,Data Structures,Fall,2023,2.54,3
688,STU0040,CS401,Machine Learning,Spring,2023,3.1,4
689,STU0040,CS101,Intro to Programming,Spring,2023,3.84,3
690,STU0040,CS201,Data Structures,Spring,2023,3.84,4
691,STU0040,CS501,Big Data,Spring,2023,3.37,3
692,STU0040,CS101,Intro to Programming,Fall,2024,2.68,3
693,STU0040,CS201,Data Structures,Fall,2024,3.37,3
694,STU0040,CS301,Databases,Fall,2024,2.83,3
695,STU0040,CS201,Data Structures,Spring,2024,3.75,4
696,STU0040,CS401,Machine Learning,Spring,2024,3.6,4
697,STU0040,CS301,Databases,Spring,2024,3.93,3
698,STU0040,CS101,Intro to Programming,Spring,2024,3.79,4
699,STU0040,CS301,Databases,Fall,2025,4.0,4
700,STU0040,CS201,Data Structures,Fall,2025,3.4,4
701,STU0040,CS501,Big Data,Fall,2025,3.87,4
702,STU0040,CS401,Machine Learning,Fall,2025,3.74,4
703,STU0040,CS301,Databases,Spring,2025,3.12,4
704,STU0040,CS201,Data Structures,Spring,2025,3.1,4
705,STU0040,CS501,Big Data,Spring,2025,3.24,4
706,STU0040,CS101,Intro to Programming,Spring,2025,2.52,3
707,STU0041,MT101,Calculus I,Fall,2023,3.63,4
708,STU0041,MT301,Statistics,Fall,2023,2.05,3
709,STU0041,MT401,Discrete Math,Fall,2023,2.38,4
710,STU0041,MT301,Statistics,Spring,2023,2.86,3
711,STU0041,MT401,Discrete Math,Spring,2023,2.19,4
712,STU0041,MT201,Linear Algebra,Fall,2024,2.63,3
713,STU0041,MT101,Calculus I,Fall,2024,2.41,4
714,STU0041,MT401,Discrete Math,Fall,2024,2.19,4
715,STU0041,MT201,Linear Algebra,Spring,2024,3.31,3
716,STU0041,MT301,Statistics,Spring,2024,2.82,3
717,STU0041,MT101,Calculus I,Spring,2024,2.99,4
718,STU0041,MT401,Discrete Math,Spring,2024,2.1,4
719,STU0041,MT101,Calculus I,Fall,2025,2.6,4
720,STU0041,MT201,Linear Algebra,Fall,2025,2.71,3
721,STU0041,MT101,Calculus I,Spring,2025,3.28,4
722,STU0041,MT301,Statistics,Spring,2025,2.13,3
723,STU0042,BU201,Marketing,Fall,2023,2.11,4
724,STU0042,BU401,Management,Fall,2023,3.41,3
725,STU0042,BU101,Accounting,Fall,2023,2.22,4
726,STU0042,BU201,Marketing,Spring,2023,1.99,3
727,STU0042,BU101,Accounting,Spring,2023,2.74,4
728,STU0042,BU401,Management,Spring,2023,2.0,4
729,STU0042,BU201,Marketing,Fall,2024,2.64,3
730,STU0042,BU101,Accounting,Fall,2024,2.76,3
731,STU0042,BU401,Management,Fall,2024,2.25,4
732,STU0042,BU301,Finance,Fall,2024,3.1,4
733,STU0042,BU101,Accounting,Spring,2024,2.44,3
734,STU0042,BU401,Management,Spring,2024,2.37,3
735,STU0042,BU201,Marketing,Spring,2024,3.09,3
736,STU0042,BU301,Finance,Spring,2024,3.44,4
737,STU0042,BU201,Marketing,Fall,2025,2.18,4
738,STU0042,BU401,Management,Fall,2025,2.11,3
739,STU0042,BU101,Accounting,Fall,2025,2.04,3
740,STU0042,BU301,Finance,Fall,2025,2.25,3
741,STU0042,BU101,Accounting,Spring,2025,2.35,4
742,STU0042,BU201,Marketing,Spring,2025,1.9,3
743,STU0042,BU401,Management,Spring,2025,3.04,3
744,STU0043,BU301,Finance,Fall,2023,3.1,3
745,STU0043,BU401,Management,Fall,2023,3.44,3
746,STU0043,BU101,Accounting,Spring,2023,2.43,3
747,STU0043,BU201,Marketing,Spring,2023,3.59,4
748,STU0043,BU401,Management,Spring,2023,2.41,3
749,STU0043,BU401,Management,Fall,2024,2.76,4
750,STU0043,BU301,Finance,Fall,2024,3.71,3
751,STU0043,BU401,Management,Spring,2024,3.14,3
752,STU0043,BU101,Accounting,Spring,2024,3.78,4
753,STU0043,BU201,Marketing,Spring,2024,3.72,3
754,STU0043,BU201,Marketing,Fall,2025,3.88,3
755,STU0043,BU301,Finance,Fall,2025,2.39,4
756,STU0043,BU401,Management,Spring,2025,2.36,4
757,STU0043,BU201,Marketing,Spring,2025,2.9,4
758,STU0043,BU101,Accounting,Spring,2025,2.71,4
759,STU0044,CS301,Databases,Fall,2023,3.14,3
760,STU0044,CS401,Machine Learning,Fall,2023,3.23,4
761,STU0044,CS201,Data Structures,Spring,2023,3.16,3
762,STU0044,CS301,Databases,Spring,2023,1.86,4
763,STU0044,CS501,Big Data,Fall,2024,2.64,4
764,STU0044,CS201,Data Structures,Fall,2024,3.27,4
765,STU0044,CS401,Machine Learning,Fall,2024,2.44,3
766,STU0044,CS101,Intro to Programming,Fall,2024,2.05,3
767,STU0044,CS501,Big Data,Spring,2024,2.82,3
768,STU0044,CS201,Data Structures,Spring,2024,2.41,3
769,STU0044,CS101,Intro to Programming,Spring,2024,2.77,3
770,STU0044,CS401,Machine Learning,Spring,2024,2.23,3
771,STU0044,CS301,Databases,Fall,2025,2.88,4
772,STU0044,CS201,Data Structures,Fall,2025,3.13,4
773,STU0044,CS301,Databases,Spring,2025,3.21,4
774,STU0044,CS401,Machine Learning,Spring,2025,1.96,3
775,STU0044,CS501,Big Data,Spring,2025,1.89,3
776,STU0045,MT301,Statistics,Fall,2023,2.02,3
777,STU0045,MT401,Discrete Math,Fall,2023,2.06,3
778,STU0045,MT101,Calculus I,Spring,2023,1.32,4
779,STU0045,MT201,Linear Algebra,Spring,2023,2.25,4
780,STU0045,MT401,Discrete Math,Spring,2023,1.4,4
781,STU0045,MT301,Statistics,Spring,2023,1.9,3
782,STU0045,MT201,Linear Algebra,Fall,2024,1.16,3
783,STU0045,MT101,Calculus I,Fall,2024,2.59,4
784,STU0045,MT201,Linear Algebra,Spring,2024,1.22,4
785,STU0045,MT101,Calculus I,Spring,2024,2.5,4
786,STU0045,MT301,Statistics,Fall,2025,1.76,3
787,STU0045,MT201,Linear Algebra,Fall,2025,2.08,4
788,STU0045,MT101,Calculus I,Fall,2025,2.26,4
789,STU0045,MT401,Discrete Math,Fall,2025,2.09,3
790,STU0045,MT101,Calculus I,Spring,2025,2.51,3
791,STU0045,MT201,Linear Algebra,Spring,2025,1.94,4
792,STU0045,MT301,Statistics,Spring,2025,2.68,3
793,STU0045,MT401,Discrete Math,Spring,2025,2.0,3
794,STU0046,PH201,Electromagnetism,Fall,2023,2.4,4
795,STU0046,PH301,Thermodynamics,Fall,2023,3.0,4
796,STU0046,PH101,Mechanics,Spring,2023,2.74,3
797,STU0046,PH201,Electromagnetism,Spring,2023,2.86,3
798,STU0046,PH301,Thermodynamics,Spring,2023,2.5,4
799,STU0046,PH301,Thermodynamics,Fall,2024,2.05,3
800,STU0046,PH101,Mechanics,Fall,2024,2.39,4
801,STU0046,PH101,Mechanics,Spring,2024,2.7,3
802,STU0046,PH301,Thermodynamics,Spring,2024,3.17,3
803,STU0046,PH201,Electromagnetism,Spring,2024,2.16,3
804,STU0046,PH301,Thermodynamics,Fall,2025,1.94,4
805,STU0046,PH101,Mechanics,Fall,2025,2.77,3
806,STU0046,PH201,Electromagnetism,Fall,2025,2.6,4
807,STU0046,PH301,Thermodynamics,Spring,2025,2.64,3
808,STU0046,PH101,Mechanics,Spring,2025,2.99,4
809,STU0046,PH201,Electromagnetism,Spring,2025,2.66,3
810,STU0047,MT201,Linear Algebra,Fall,2023,2.47,3
811,STU0047,MT101,Calculus I,Fall,2023,1.91,4
812,STU0047,MT401,Discrete Math,Spring,2023,2.68,3
813,STU0047,MT201,Linear Algebra,Spring,2023,1.25,4
814,STU0047,MT101,Calculus I,Spring,2023,1.26,4
815,STU0047,MT301,Statistics,Spring,2023,2.61,3
816,STU0047,MT401,Discrete Math,Fall,2024,1.97,4
817,STU0047,MT101,Calculus I,Fall,2024,1.37,3
818,STU0047,MT301,Statistics,Fall,2024,1.63,4
819,STU0047,MT201,Linear Algebra,Fall,2024,2.23,3
820,STU0047,MT201,Linear Algebra,Spring,2024,1.33,4
821,STU0047,MT101,Calculus I,Spring,2024,1.3,3
822,STU0047,MT301,Statistics,Fall,2025,1.41,3
823,STU0047,MT201,Linear Algebra,Fall,2025,1.5,4
824,STU0047,MT101,Calculus I,Fall,2025,2.22,3
825,STU0047,MT401,Discrete Math,Fall,2025,2.79,4
826,STU0047,MT101,Calculus I,Spring,2025,1.76,4
827,STU0047,MT201,Linear Algebra,Spring,2025,2.55,4
828,STU0048,EN101,Engineering Drawing,Fall,2023,1.06,4
829,STU0048,EN201,Circuit Analysis,Fall,2023,1.37,4
830,STU0048,EN301,Control Systems,Fall,2023,1.68,3
831,STU0048,EN101,Engineering Drawing,Spring,2023,1.61,4
832,STU0048,EN301,Control Systems,Spring,2023,1.52,4
833,STU0048,EN201,Circuit Analysis,Spring,2023,1.26,4
834,STU0048,EN301,Control Systems,Fall,2024,1.67,4
835,STU0048,EN201,Circuit Analysis,Fall,2024,1.63,3
836,STU0048,EN101,Engineering Drawing,Spring,2024,0.84,3
837,STU0048,EN201,Circuit Analysis,Spring,2024,1.58,3
838,STU0048,EN301,Control Systems,Spring,2024,2.02,3
839,STU0048,EN201,Circuit Analysis,Fall,2025,1.37,3
840,STU0048,EN301,Control Systems,Fall,2025,0.86,3
841,STU0048,EN101,Engineering Drawing,Fall,2025,1.94,4
842,STU0048,EN201,Circuit Analysis,Spring,2025,1.65,4
843,STU0048,EN301,Control Systems,Spring,2025,2.07,3
844,STU0049,CS301,Databases,Fall,2023,2.2,3
845,STU0049,CS501,Big Data,Fall,2023,1.4,4
846,STU0049,CS201,Data Structures,Fall,2023,2.35,4
847,STU0049,CS101,Intro to Programming,Fall,2023,2.34,3
848,STU0049,CS201,Data Structures,Spring,2023,2.3,4
849,STU0049,CS401,Machine Learning,Spring,2023,1.61,4
850,STU0049,CS101,Intro to Programming,Spring,2023,2.35,3
851,STU0049,CS501,Big Data,Spring,2023,2.21,4
852,STU0049,CS301,Databases,Fall,2024,2.15,4
853,STU0049,CS101,Intro to Programming,Fall,2024,0.98,3
854,STU0049,CS401,Machine Learning,Fall,2024,1.32,3
855,STU0049,CS201,Data Structures,Fall,2024,1.41,4
856,STU0049,CS501,Big Data,Spring,2024,1.17,3
857,STU0049,CS201,Data Structures,Spring,2024,2.25,4
858,STU0049,CS301,Databases,Spring,2024,2.0,4
859,STU0049,CS401,Machine Learning,Spring,2024,2.01,4
860,STU0049,CS101,Intro to Programming,Fall,2025,1.46,4
861,STU0049,CS401,Machine Learning,Fall,2025,1.22,4
862,STU0049,CS501,Big Data,Fall,2025,1.15,4
863,STU0049,CS201,Data Structures,Spring,2025,1.58,3
864,STU0049,CS101,Intro to Programming,Spring,2025,2.15,3
865,STU0050,BU301,Finance,Fall,2023,2.49,4
866,STU0050,BU201,Marketing,Fall,2023,2.56,3
867,STU0050,BU201,Marketing,Spring,2023,2.48,4
868,STU0050,BU101,Accounting,Spring,2023,1.94,3
869,STU0050,BU301,Finance,Fall,2024,2.42,3
870,STU0050,BU101,Accounting,Fall,2024,1.85,3
871,STU0050,BU301,Finance,Spring,2024,2.24,4
872,STU0050,BU101,Accounting,Spring,2024,2.34,3
873,STU0050,BU201,Marketing,Fall,2025,1.76,4
874,STU0050,BU101,Accounting,Fall,2025,2.56,3
875,STU0050,BU401,Management,Fall,2025,1.76,3
876,STU0050,BU101,Accounting,Spring,2025,1.65,4
877,STU0050,BU401,Management,Spring,2025,2.2,4
878,STU0050,BU301,Finance,Spring,2025,1.55,4
879,STU0051,EN101,Engineering Drawing,Fall,2023,2.84,4
880,STU0051,EN301,Control Systems,Fall,2023,3.2,3
881,STU0051,EN201,Circuit Analysis,Fall,2023,2.55,4
882,STU0051,EN101,Engineering Drawing,Spring,2023,2.43,4
883,STU0051,EN301,Control Systems,Spring,2023,2.97,4
884,STU0051,EN201,Circuit Analysis,Spring,2023,3.33,4
885,STU0051,EN101,Engineering Drawing,Fall,2024,3.25,3
886,STU0051,EN301,Control Systems,Fall,2024,3.64,4
887,STU0051,EN201,Circuit Analysis,Fall,2024,2.5,4
888,STU0051,EN301,Control Systems,Spring,2024,2.71,3
889,STU0051,EN201,Circuit Analysis,Spring,2024,2.57,4
890,STU0051,EN101,Engineering Drawing,Spring,2024,3.8,4
891,STU0051,EN301,Control Systems,Fall,2025,3.6,4
892,STU0051,EN201,Circuit Analysis,Fall,2025,3.07,3
893,STU0051,EN201,Circuit Analysis,Spring,2025,2.9,4
894,STU0051,EN101,Engineering Drawing,Spring,2025,3.69,4
895,STU0052,PH301,Thermodynamics,Fall,2023,3.14,3
896,STU0052,PH101,Mechanics,Fall,2023,3.01,3
897,STU0052,PH201,Electromagnetism,Fall,2023,3.76,4
898,STU0052,PH301,Thermodynamics,Spring,2023,3.48,3
899,STU0052,PH201,Electromagnetism,Spring,2023,4.0,4
900,STU0052,PH101,Mechanics,Spring,2023,2.6,3
901,STU0052,PH301,Thermodynamics,Fall,2024,3.4,4
902,STU0052,PH201,Electromagnetism,Fall,2024,3.36,3
903,STU0052,PH101,Mechanics,Fall,2024,2.77,3
904,STU0052,PH301,Thermodynamics,Spring,2024,3.44,4
905,STU0052,PH201,Electromagnetism,Spring,2024,3.01,3
906,STU0052,PH101,Mechanics,Spring,2024,3.81,3
907,STU0052,PH201,Electromagnetism,Fall,2025,3.59,4
908,STU0052,PH101,Mechanics,Fall,2025,3.01,3
909,STU0052,PH301,Thermodynamics,Fall,2025,2.63,3
910,STU0052,PH301,Thermodynamics,Spring,2025,3.55,4
911,STU0052,PH101,Mechanics,Spring,2025,3.34,4
912,STU0052,PH201,Electromagnetism,Spring,2025,3.47,4
913,STU0053,PH101,Mechanics,Fall,2023,2.86,4
914,STU0053,PH201,Electromagnetism,Fall,2023,3.85,4
915,STU0053,PH201,Electromagnetism,Spring,2023,3.36,4
916,STU0053,PH101,Mechanics,Spring,2023,3.74,4
917,STU0053,PH301,Thermodynamics,Spring,2023,2.48,3
918,STU0053,PH301,Thermodynamics,Fall,2024,2.56,4
919,STU0053,PH201,Electromagnetism,Fall,2024,3.77,3
920,STU0053,PH301,Thermodynamics,Spring,2024,3.52,4
921,STU0053,PH201,Electromagnetism,Spring,2024,2.99,3
922,STU0053,PH101,Mechanics,Spring,2024,3.44,4
923,STU0053,PH101,Mechanics,Fall,2025,3.73,4
924,STU0053,PH201,Electromagnetism,Fall,2025,3.72,3
925,STU0053,PH301,Thermodynamics,Spring,2025,2.4,3
926,STU0053,PH101,Mechanics,Spring,2025,2.61,4
927,STU0053,PH201,Electromagnetism,Spring,2025,3.43,3
928,STU0054,BU201,Marketing,Fall,2023,2.01,4
929,STU0054,BU301,Finance,Fall,2023,2.15,4
930,STU0054,BU201,Marketing,Spring,2023,1.34,3
931,STU0054,BU401,Management,Spring,2023,1.02,3
932,STU0054,BU301,Finance,Spring,2023,1.64,3
933,STU0054,BU101,Accounting,Spring,2023,1.86,4
934,STU0054,BU301,Finance,Fall,2024,1.63,4
935,STU0054,BU101,Accounting,Fall,2024,0.9,4
936,STU0054,BU401,Management,Fall,2024,2.26,3
937,STU0054,BU301,Finance,Spring,2024,1.55,3
938,STU0054,BU201,Marketing,Spring,2024,1.11,3
939,STU0054,BU301,Finance,Fall,2025,1.58,3
940,STU0054,BU401,Management,Fall,2025,1.47,4
941,STU0054,BU101,Accounting,Fall,2025,1.64,4
942,STU0054,BU201,Marketing,Fall,2025,1.39,4
943,STU0054,BU201,Marketing,Spring,2025,1.88,4
944,STU0054,BU101,Accounting,Spring,2025,0.82,4
945,STU0054,BU401,Management,Spring,2025,1.65,3
946,STU0055,CS301,Databases,Fall,2023,1.49,3
947,STU0055,CS101,Intro to Programming,Fall,2023,2.72,4
948,STU0055,CS201,Data Structures,Fall,2023,1.76,4
949,STU0055,CS501,Big Data,Fall,2023,1.8,4
950,STU0055,CS101,Intro to Programming,Spring,2023,2.82,3
951,STU0055,CS201,Data Structures,Spring,2023,2.41,4
952,STU0055,CS301,Databases,Fall,2024,2.14,3
953,STU0055,CS201,Data Structures,Fall,2024,1.91,3
954,STU0055,CS501,Big Data,Spring,2024,2.7,4
955,STU0055,CS201,Data Structures,Spring,2024,2.59,3
956,STU0055,CS401,Machine Learning,Fall,2025,1.45,4
957,STU0055,CS201,Data Structures,Fall,2025,2.57,3
958,STU0055,CS101,Intro to Programming,Fall,2025,1.44,4
959,STU0055,CS501,Big Data,Fall,2025,2.0,4
960,STU0055,CS501,Big Data,Spring,2025,2.45,4
961,STU0055,CS201,Data Structures,Spring,2025,2.12,3
962,STU0055,CS401,Machine Learning,Spring,2025,2.21,4
963,STU0056,CS301,Databases,Fall,2023,2.02,4
964,STU0056,CS401,Machine Learning,Fall,2023,2.95,3
965,STU0056,CS501,Big Data,Spring,2023,2.94,4
966,STU0056,CS301,Databases,Spring,2023,2.39,4
967,STU0056,CS301,Databases,Fall,2024,1.82,4
968,STU0056,CS501,Big Data,Fall,2024,2.15,3
969,STU0056,CS101,Intro to Programming,Fall,2024,2.58,3
970,STU0056,CS301,Databases,Spring,2024,2.49,3
971,STU0056,CS201,Data Structures,Spring,2024,1.43,3
972,STU0056,CS401,Machine Learning,Spring,2024,2.25,4
973,STU0056,CS101,Intro to Programming,Spring,2024,1.97,4
974,STU0056,CS201,Data Structures,Fall,2025,2.4,3
975,STU0056,CS101,Intro to Programming,Fall,2025,2.91,3
976,STU0056,CS401,Machine Learning,Fall,2025,2.93,3
977,STU0056,CS101,Intro to Programming,Spring,2025,2.01,3
978,STU0056,CS501,Big Data,Spring,2025,2.84,3
979,STU0056,CS301,Databases,Spring,2025,1.82,4
980,STU0056,CS401,Machine Learning,Spring,2025,2.47,3
981,STU0057,EN201,Circuit Analysis,Fall,2023,4.0,4
982,STU0057,EN301,Control Systems,Fall,2023,3.57,3
983,STU0057,EN101,Engineering Drawing,Fall,2023,3.6,3
984,STU0057,EN201,Circuit Analysis,Spring,2023,3.57,4
985,STU0057,EN301,Control Systems,Spring,2023,3.44,3
986,STU0057,EN101,Engineering Drawing,Spring,2023,3.95,3
987,STU0057,EN201,Circuit Analysis,Fall,2024,3.33,4
988,STU0057,EN101,Engineering Drawing,Fall,2024,3.51,3
989,STU0057,EN301,Control Systems,Fall,2024,4.0,4
990,STU0057,EN101,Engineering Drawing,Spring,2024,3.27,4
991,STU0057,EN301,Control Systems,Spring,2024,4.0,3
992,STU0057,EN101,Engineering Drawing,Fall,2025,4.0,4
993,STU0057,EN301,Control Systems,Fall,2025,3.4,4
994,STU0057,EN201,Circuit Analysis,Fall,2025,4.0,3
995,STU0057,EN301,Control Systems,Spring,2025,3.86,3
996,STU0057,EN201,Circuit Analysis,Spring,2025,4.0,3
997,STU0057,EN101,Engineering Drawing,Spring,2025,3.78,4
998,STU0058,EN301,Control Systems,Fall,2023,1.49,4
999,STU0058,EN201,Circuit Analysis,Fall,2023,1.6,3
1000,STU0058,EN301,Control Systems,Spring,2023,2.31,4
1001,STU0058,EN201,Circuit Analysis,Spring,2023,2.0,3
1002,STU0058,EN101,Engineering Drawing,Spring,2023,1.85,4
1003,STU0058,EN101,Engineering Drawing,Fall,2024,2.39,4
1004,STU0058,EN201,Circuit Analysis,Fall,2024,1.74,4
1005,STU0058,EN301,Control Systems,Fall,2024,2.14,3
1006,STU0058,EN101,Engineering Drawing,Spring,2024,2.11,3
1007,STU0058,EN301,Control Systems,Spring,2024,1.74,3
1008,STU0058,EN301,Control Systems,Fall,2025,1.81,4
1009,STU0058,EN201,Circuit Analysis,Fall,2025,2.51,3
1010,STU0058,EN101,Engineering Drawing,Fall,2025,1.02,3
1011,STU0058,EN301,Control Systems,Spring,2025,1.15,4
1012,STU0058,EN101,Engineering Drawing,Spring,2025,2.46,3
1013,STU0058,EN201,Circuit Analysis,Spring,2025,2.15,3
1014,STU0059,CS101,Intro to Programming,Fall,2023,1.87,3
1015,STU0059,CS201,Data Structures,Fall,2023,1.84,3
1016,STU0059,CS201,Data Structures,Spring,2023,1.37,3
1017,STU0059,CS101,Intro to Programming,Spring,2023,2.54,3
1018,STU0059,CS501,Big Data,Fall,2024,1.19,3
1019,STU0059,CS201,Data Structures,Fall,2024,1.27,3
1020,STU0059,CS301,Databases,Fall,2024,1.19,3
1021,STU0059,CS301,Databases,Spring,2024,1.28,3
1022,STU0059,CS401,Machine Learning,Spring,2024,1.6,3
1023,STU0059,CS201,Data Structures,Spring,2024,2.31,3
1024,STU0059,CS101,Intro to Programming,Fall,2025,1.32,4
1025,STU0059,CS501,Big Data,Fall,2025,1.36,4
1026,STU0059,CS201,Data Structures,Fall,2025,1.98,4
1027,STU0059,CS501,Big Data,Spring,2025,1.3,4
1028,STU0059,CS101,Intro to Programming,Spring,2025,2.33,3
1029,STU0060,PH101,Mechanics,Fall,2023,2.58,3
1030,STU0060,PH301,Thermodynamics,Fall,2023,3.42,4
1031,STU0060,PH201,Electromagnetism,Fall,2023,2.96,4
1032,STU0060,PH101,Mechanics,Spring,2023,3.31,4
1033,STU0060,PH301,Thermodynamics,Spring,2023,2.95,3
1034,STU0060,PH201,Electromagnetism,Spring,2023,3.27,3
1035,STU0060,PH101,Mechanics,Fall,2024,3.29,4
1036,STU0060,PH201,Electromagnetism,Fall,2024,2.85,3
1037,STU0060,PH301,Thermodynamics,Fall,2024,3.18,3
1038,STU0060,PH301,Thermodynamics,Spring,2024,3.28,3
1039,STU0060,PH101,Mechanics,Spring,2024,3.03,3
1040,STU0060,PH101,Mechanics,Fall,2025,3.56,4
1041,STU0060,PH301,Thermodynamics,Fall,2025,3.09,3
1042,STU0060,PH201,Electromagnetism,Fall,2025,3.36,3
1043,STU0060,PH301,Thermodynamics,Spring,2025,2.75,4
1044,STU0060,PH201,Electromagnetism,Spring,2025,2.69,4
1045,STU0061,EN101,Engineering Drawing,Fall,2023,4.0,3
1046,STU0061,EN301,Control Systems,Fall,2023,3.21,3
1047,STU0061,EN301,Control Systems,Spring,2023,4.0,4
1048,STU0061,EN101,Engineering Drawing,Spring,2023,3.91,4
1049,STU0061,EN201,Circuit Analysis,Spring,2023,3.63,4
1050,STU0061,EN101,Engineering Drawing,Fall,2024,3.32,3
1051,STU0061,EN201,Circuit Analysis,Fall,2024,4.0,3
1052,STU0061,EN101,Engineering Drawing,Spring,2024,3.9,3
1053,STU0061,EN301,Control Systems,Spring,2024,4.0,3
1054,STU0061,EN201,Circuit Analysis,Spring,2024,3.31,4
1055,STU0061,EN201,Circuit Analysis,Fall,2025,3.18,3
1056,STU0061,EN301,Control Systems,Fall,2025,3.97,4
1057,STU0061,EN201,Circuit Analysis,Spring,2025,3.01,3
1058,STU0061,EN101,Engineering Drawing,Spring,2025,3.41,3
1059,STU0062,CS401,Machine Learning,Fall,2023,2.03,3
1060,STU0062,CS501,Big Data,Fall,2023,2.23,3
1061,STU0062,CS101,Intro to Programming,Fall,2023,2.07,3
1062,STU0062,CS501,Big Data,Spring,2023,2.18,4
1063,STU0062,CS201,Data Structures,Spring,2023,2.19,3
1064,STU0062,CS101,Intro to Programming,Spring,2023,1.76,4
1065,STU0062,CS401,Machine Learning,Spring,2023,1.26,4
1066,STU0062,CS201,Data Structures,Fall,2024,1.74,3
1067,STU0062,CS501,Big Data,Fall,2024,2.27,3
1068,STU0062,CS401,Machine Learning,Fall,2024,1.48,3
1069,STU0062,CS301,Databases,Fall,2024,0.87,4
1070,STU0062,CS501,Big Data,Spring,2024,1.58,3
1071,STU0062,CS101,Intro to Programming,Spring,2024,1.53,3
1072,STU0062,CS201,Data Structures,Spring,2024,0.94,3
1073,STU0062,CS301,Databases,Spring,2024,1.92,4
1074,STU0062,CS201,Data Structures,Fall,2025,1.28,3
1075,STU0062,CS301,Databases,Fall,2025,0.84,4
1076,STU0062,CS401,Machine Learning,Spring,2025,2.37,4
1077,STU0062,CS101,Intro to Programming,Spring,2025,2.04,4
1078,STU0063,PH201,Electromagnetism,Fall,2023,3.21,3
1079,STU0063,PH301,Thermodynamics,Fall,2023,3.46,3
1080,STU0063,PH301,Thermodynamics,Spring,2023,2.55,4
1081,STU0063,PH201,Electromagnetism,Spring,2023,3.2,3
1082,STU0063,PH101,Mechanics,Spring,2023,3.34,3
1083,STU0063,PH201,Electromagnetism,Fall,2024,3.5,3
1084,STU0063,PH101,Mechanics,Fall,2024,2.69,4
1085,STU0063,PH301,Thermodynamics,Fall,2024,3.07,4
1086,STU0063,PH101,Mechanics,Spring,2024,2.3,4
1087,STU0063,PH301,Thermodynamics,Spring,2024,2.46,3
1088,STU0063,PH201,Electromagnetism,Spring,2024,3.12,3
1089,STU0063,PH101,Mechanics,Fall,2025,3.52,4
1090,STU0063,PH201,Electromagnetism,Fall,2025,2.52,3
1091,STU0063,PH301,Thermodynamics,Fall,2025,2.68,4
1092,STU0063,PH301,Thermodynamics,Spring,2025,3.22,4
1093,STU0063,PH101,Mechanics,Spring,2025,2.8,4
1094,STU0063,PH201,Electromagnetism,Spring,2025,3.36,3
1095,STU0064,EN201,Circuit Analysis,Fall,2023,1.02,3
1096,STU0064,EN101,Engineering Drawing,Fall,2023,1.35,3
1097,STU0064,EN101,Engineering Drawing,Spring,2023,1.07,3
1098,STU0064,EN201,Circuit Analysis,Spring,2023,1.68,3
1099,STU0064,EN301,Control Systems,Fall,2024,1.56,3
1100,STU0064,EN101,Engineering Drawing,Fall,2024,1.65,4
1101,STU0064,EN201,Circuit Analysis,Fall,2024,1.6,3
1102,STU0064,EN101,Engineering Drawing,Spring,2024,2.28,3
1103,STU0064,EN301,Control Systems,Spring,2024,2.23,4
1104,STU0064,EN201,Circuit Analysis,Spring,2024,1.55,4
1105,STU0064,EN301,Control Systems,Fall,2025,1.84,4
1106,STU0064,EN201,Circuit Analysis,Fall,2025,1.62,3
1107,STU0064,EN101,Engineering Drawing,Fall,2025,2.33,4
1108,STU0064,EN201,Circuit Analysis,Spring,2025,1.66,4
1109,STU0064,EN101,Engineering Drawing,Spring,2025,2.12,3
1110,STU0065,EN201,Circuit Analysis,Fall,2023,2.89,3
1111,STU0065,EN301,Control Systems,Fall,2023,3.15,3
1112,STU0065,EN301,Control Systems,Spring,2023,3.72,3
1113,STU0065,EN201,Circuit Analysis,Spring,2023,2.42,3
1114,STU0065,EN101,Engineering Drawing,Spring,2023,2.23,4
1115,STU0065,EN101,Engineering Drawing,Fall,2024,2.75,3
1116,STU0065,EN201,Circuit Analysis,Fall,2024,3.06,3
1117,STU0065,EN301,Control Systems,Fall,2024,3.22,4
1118,STU0065,EN201,Circuit Analysis,Spring,2024,3.02,3
1119,STU0065,EN301,Control Systems,Spring,2024,3.01,3
1120,STU0065,EN201,Circuit Analysis,Fall,2025,3.39,4
1121,STU0065,EN301,Control Systems,Fall,2025,3.64,3
1122,STU0065,EN301,Control Systems,Spring,2025,3.2,4
1123,STU0065,EN201,Circuit Analysis,Spring,2025,2.92,4
1124,STU0066,BU201,Marketing,Fall,2023,2.57,4
1125,STU0066,BU301,Finance,Fall,2023,2.91,3
1126,STU0066,BU401,Management,Fall,2023,2.55,3
1127,STU0066,BU101,Accounting,Fall,2023,1.96,4
1128,STU0066,BU201,Marketing,Spring,2023,1.99,3
1129,STU0066,BU401,Management,Spring,2023,2.4,3
1130,STU0066,BU301,Finance,Spring,2023,2.72,4
1131,STU0066,BU101,Accounting,Spring,2023,1.78,3
1132,STU0066,BU401,Management,Fall,2024,1.78,4
1133,STU0066,BU301,Finance,Fall,2024,2.44,3
1134,STU0066,BU101,Accounting,Fall,2024,2.92,4
1135,STU0066,BU201,Marketing,Fall,2024,2.11,4
1136,STU0066,BU401,Management,Spring,2024,1.93,4
1137,STU0066,BU201,Marketing,Spring,2024,1.96,4
1138,STU0066,BU101,Accounting,Spring,2024,2.87,3
1139,STU0066,BU401,Management,Fall,2025,3.06,4
1140,STU0066,BU301,Finance,Fall,2025,1.93,4
1141,STU0066,BU401,Management,Spring,2025,1.8,4
1142,STU0066,BU101,Accounting,Spring,2025,3.05,4
1143,STU0066,BU301,Finance,Spring,2025,1.58,4
1144,STU0066,BU201,Marketing,Spring,2025,1.61,4
1145,STU0067,PH201,Electromagnetism,Fall,2023,2.21,3
1146,STU0067,PH301,Thermodynamics,Fall,2023,1.64,4
1147,STU0067,PH101,Mechanics,Fall,2023,1.78,4
1148,STU0067,PH201,Electromagnetism,Spring,2023,2.11,4
1149,STU0067,PH301,Thermodynamics,Spring,2023,1.68,3
1150,STU0067,PH201,Electromagnetism,Fall,2024,2.85,4
1151,STU0067,PH301,Thermodynamics,Fall,2024,1.52,4
1152,STU0067,PH101,Mechanics,Spring,2024,1.37,4
1153,STU0067,PH201,Electromagnetism,Spring,2024,2.11,3
1154,STU0067,PH301,Thermodynamics,Spring,2024,2.28,4
1155,STU0067,PH201,Electromagnetism,Fall,2025,2.32,4
1156,STU0067,PH301,Thermodynamics,Fall,2025,2.88,3
1157,STU0067,PH101,Mechanics,Fall,2025,1.92,3
1158,STU0067,PH101,Mechanics,Spring,2025,1.83,3
1159,STU0067,PH301,Thermodynamics,Spring,2025,1.89,3
1160,STU0067,PH201,Electromagnetism,Spring,2025,1.76,4
1161,STU0068,PH201,Electromagnetism,Fall,2023,3.04,3
1162,STU0068,PH101,Mechanics,Fall,2023,3.39,3
1163,STU0068,PH301,Thermodynamics,Fall,2023,3.79,3
1164,STU0068,PH201,Electromagnetism,Spring,2023,3.0,4
1165,STU0068,PH301,Thermodynamics,Spring,2023,2.72,4
1166,STU0068,PH101,Mechanics,Spring,2023,3.89,3
1167,STU0068,PH301,Thermodynamics,Fall,2024,3.17,4
1168,STU0068,PH201,Electromagnetism,Fall,2024,3.23,3
1169,STU0068,PH101,Mechanics,Spring,2024,3.38,3
1170,STU0068,PH301,Thermodynamics,Spring,2024,3.84,3
1171,STU0068,PH201,Electromagnetism,Fall,2025,3.88,3
1172,STU0068,PH101,Mechanics,Fall,2025,3.34,4
1173,STU0068,PH301,Thermodynamics,Fall,2025,3.68,3
1174,STU0068,PH301,Thermodynamics,Spring,2025,3.71,3
1175,STU0068,PH201,Electromagnetism,Spring,2025,3.76,3
1176,STU0068,PH101,Mechanics,Spring,2025,2.93,3
1177,STU0069,MT201,Linear Algebra,Fall,2023,0.97,3
1178,STU0069,MT401,Discrete Math,Fall,2023,1.44,3
1179,STU0069,MT101,Calculus I,Fall,2023,0.88,4
1180,STU0069,MT301,Statistics,Fall,2023,1.97,3
1181,STU0069,MT101,Calculus I,Spring,2023,2.03,3
1182,STU0069,MT401,Discrete Math,Spring,2023,1.51,4
1183,STU0069,MT101,Calculus I,Fall,2024,1.83,3
1184,STU0069,MT201,Linear Algebra,Fall,2024,2.01,3
1185,STU0069,MT201,Linear Algebra,Spring,2024,0.91,4
1186,STU0069,MT101,Calculus I,Spring,2024,2.28,4
1187,STU0069,MT401,Discrete Math,Spring,2024,1.32,3
1188,STU0069,MT301,Statistics,Spring,2024,1.57,3
1189,STU0069,MT101,Calculus I,Fall,2025,1.11,3
1190,STU0069,MT301,Statistics,Fall,2025,2.3,3
1191,STU0069,MT101,Calculus I,Spring,2025,2.23,4
1192,STU0069,MT301,Statistics,Spring,2025,1.35,3
1193,STU0069,MT401,Discrete Math,Spring,2025,1.46,3
1194,STU0069,MT201,Linear Algebra,Spring,2025,1.05,4
1195,STU0070,BU401,Management,Fall,2023,1.75,4
1196,STU0070,BU101,Accounting,Fall,2023,1.3,3
1197,STU0070,BU301,Finance,Fall,2023,1.93,4
1198,STU0070,BU301,Finance,Spring,2023,1.23,4
1199,STU0070,BU401,Management,Spring,2023,1.29,4
1200,STU0070,BU101,Accounting,Spring,2023,1.83,4
1201,STU0070,BU401,Management,Fall,2024,2.68,4
1202,STU0070,BU101,Accounting,Fall,2024,1.4,3
1203,STU0070,BU201,Marketing,Fall,2024,2.53,4
1204,STU0070,BU301,Finance,Fall,2024,2.6,4
1205,STU0070,BU101,Accounting,Spring,2024,1.89,3
1206,STU0070,BU301,Finance,Spring,2024,1.73,3
1207,STU0070,BU201,Marketing,Fall,2025,1.74,3
1208,STU0070,BU401,Management,Fall,2025,2.29,3
1209,STU0070,BU301,Finance,Spring,2025,1.64,4
1210,STU0070,BU101,Accounting,Spring,2025,1.3,4
1211,STU0071,CS401,Machine Learning,Fall,2023,2.41,4
1212,STU0071,CS301,Databases,Fall,2023,1.77,4
1213,STU0071,CS501,Big Data,Fall,2023,2.78,4
1214,STU0071,CS201,Data Structures,Fall,2023,1.44,4
1215,STU0071,CS101,Intro to Programming,Spring,2023,1.98,3
1216,STU0071,CS301,Databases,Spring,2023,2.21,3
1217,STU0071,CS101,Intro to Programming,Fall,2024,2.53,4
1218,STU0071,CS501,Big Data,Fall,2024,2.28,3
1219,STU0071,CS501,Big Data,Spring,2024,1.68,3
1220,STU0071,CS301,Databases,Spring,2024,2.42,4
1221,STU0071,CS101,Intro to Programming,Spring,2024,2.47,3
1222,STU0071,CS401,Machine Learning,Fall,2025,1.62,4
1223,STU0071,CS501,Big Data,Fall,2025,2.5,3
1224,STU0071,CS301,Databases,Fall,2025,2.72,3
1225,STU0071,CS101,Intro to Programming,Spring,2025,1.7,4
1226,STU0071,CS401,Machine Learning,Spring,2025,1.91,3
1227,STU0071,CS201,Data Structures,Spring,2025,1.25,4
1228,STU0072,PH101,Mechanics,Fall,2023,1.48,4
1229,STU0072,PH201,Electromagnetism,Fall,2023,2.04,3
1230,STU0072,PH301,Thermodynamics,Fall,2023,2.17,4
1231,STU0072,PH301,Thermodynamics,Spring,2023,2.16,3
1232,STU0072,PH201,Electromagnetism,Spring,2023,2.07,4
1233,STU0072,PH101,Mechanics,Spring,2023,1.68,4
1234,STU0072,PH301,Thermodynamics,Fall,2024,1.77,3
1235,STU0072,PH201,Electromagnetism,Fall,2024,2.2,3
1236,STU0072,PH101,Mechanics,Fall,2024,2.6,4
1237,STU0072,PH301,Thermodynamics,Spring,2024,1.87,4
1238,STU0072,PH101,Mechanics,Spring,2024,1.81,4
1239,STU0072,PH201,Electromagnetism,Spring,2024,1.92,3
1240,STU0072,PH101,Mechanics,Fall,2025,2.3,3
1241,STU0072,PH301,Thermodynamics,Fall,2025,2.72,3
1242,STU0072,PH201,Electromagnetism,Fall,2025,2.65,3
1243,STU0072,PH101,Mechanics,Spring,2025,1.32,4
1244,STU0072,PH301,Thermodynamics,Spring,2025,2.17,4
1245,STU0072,PH201,Electromagnetism,Spring,2025,1.69,4
1246,STU0073,BU101,Accounting,Fall,2023,3.38,3
1247,STU0073,BU201,Marketing,Fall,2023,4.0,3
1248,STU0073,BU301,Finance,Fall,2023,3.97,3
1249,STU0073,BU401,Management,Fall,2023,3.4,4
1250,STU0073,BU301,Finance,Spring,2023,4.0,3
1251,STU0073,BU201,Marketing,Spring,2023,3.66,3
1252,STU0073,BU201,Marketing,Fall,2024,3.34,4
1253,STU0073,BU401,Management,Fall,2024,4.0,3
1254,STU0073,BU301,Finance,Fall,2024,4.0,3
1255,STU0073,BU101,Accounting,Fall,2024,3.81,4
1256,STU0073,BU401,Management,Spring,2024,3.2,3
1257,STU0073,BU201,Marketing,Spring,2024,3.9,4
1258,STU0073,BU301,Finance,Fall,2025,3.52,4
1259,STU0073,BU201,Marketing,Fall,2025,3.86,4
1260,STU0073,BU401,Management,Fall,2025,3.93,3
1261,STU0073,BU101,Accounting,Fall,2025,4.0,3
1262,STU0073,BU401,Management,Spring,2025,4.0,4
1263,STU0073,BU101,Accounting,Spring,2025,4.0,3
1264,STU0073,BU201,Marketing,Spring,2025,3.7,4
1265,STU0073,BU301,Finance,Spring,2025,3.6,3
1266,STU0074,PH301,Thermodynamics,Fall,2023,4.0,4
1267,STU0074,PH201,Electromagnetism,Fall,2023,3.66,3
1268,STU0074,PH101,Mechanics,Spring,2023,4.0,3
1269,STU0074,PH201,Electromagnetism,Spring,2023,3.56,3
1270,STU0074,PH301,Thermodynamics,Spring,2023,3.8,3
1271,STU0074,PH101,Mechanics,Fall,2024,3.54,4
1272,STU0074,PH301,Thermodynamics,Fall,2024,3.89,4
1273,STU0074,PH301,Thermodynamics,Spring,2024,3.4,3
1274,STU0074,PH101,Mechanics,Spring,2024,3.2,4
1275,STU0074,PH201,Electromagnetism,Spring,2024,4.0,3
1276,STU0074,PH101,Mechanics,Fall,2025,3.24,3
1277,STU0074,PH201,Electromagnetism,Fall,2025,3.65,4
1278,STU0074,PH301,Thermodynamics,Fall,2025,4.0,4
1279,STU0074,PH301,Thermodynamics,Spring,2025,4.0,3
1280,STU0074,PH101,Mechanics,Spring,2025,3.53,3
1281,STU0074,PH201,Electromagnetism,Spring,2025,3.99,4
1282,STU0075,CS101,Intro to Programming,Fall,2023,1.35,4
1283,STU0075,CS201,Data Structures,Fall,2023,1.68,4
1284,STU0075,CS301,Databases,Fall,2023,2.44,3
1285,STU0075,CS201,Data Structures,Spring,2023,1.43,4
1286,STU0075,CS501,Big Data,Spring,2023,1.85,4
1287,STU0075,CS101,Intro to Programming,Spring,2023,2.53,3
1288,STU0075,CS501,Big Data,Fall,2024,2.67,4
1289,STU0075,CS301,Databases,Fall,2024,2.02,4
1290,STU0075,CS401,Machine Learning,Fall,2024,2.24,4
1291,STU0075,CS301,Databases,Spring,2024,2.3,4
1292,STU0075,CS401,Machine Learning,Spring,2024,1.18,3
1293,STU0075,CS101,Intro to Programming,Fall,2025,1.64,4
1294,STU0075,CS201,Data Structures,Fall,2025,2.6,3
1295,STU0075,CS401,Machine Learning,Fall,2025,2.01,3
1296,STU0075,CS301,Databases,Fall,2025,2.52,4
1297,STU0075,CS401,Machine Learning,Spring,2025,1.63,3
1298,STU0075,CS301,Databases,Spring,2025,1.63,3
1299,STU0076,CS301,Databases,Fall,2023,2.23,3
1300,STU0076,CS401,Machine Learning,Fall,2023,3.11,4
1301,STU0076,CS101,Intro to Programming,Fall,2023,2.54,4
1302,STU0076,CS401,Machine Learning,Spring,2023,2.91,3
1303,STU0076,CS101,Intro to Programming,Spring,2023,2.35,4
1304,STU0076,CS501,Big Data,Spring,2023,2.52,3
1305,STU0076,CS201,Data Structures,Fall,2024,3.06,3
1306,STU0076,CS401,Machine Learning,Fall,2024,1.79,3
1307,STU0076,CS301,Databases,Spring,2024,1.97,3
1308,STU0076,CS501,Big Data,Spring,2024,2.62,3
1309,STU0076,CS401,Machine Learning,Spring,2024,3.15,4
1310,STU0076,CS101,Intro to Programming,Spring,2024,3.06,4
1311,STU0076,CS401,Machine Learning,Fall,2025,2.07,4
1312,STU0076,CS201,Data Structures,Fall,2025,3.07,3
1313,STU0076,CS501,Big Data,Fall,2025,1.93,4
1314,STU0076,CS401,Machine Learning,Spring,2025,3.3,3
1315,STU0076,CS501,Big Data,Spring,2025,1.82,3
1316,STU0077,BU201,Marketing,Fall,2023,3.37,3
1317,STU0077,BU101,Accounting,Fall,2023,3.03,4
1318,STU0077,BU401,Management,Fall,2023,3.91,3
1319,STU0077,BU301,Finance,Fall,2023,3.09,4
1320,STU0077,BU101,Accounting,Spring,2023,4.0,4
1321,STU0077,BU401,Management,Spring,2023,4.0,4
1322,STU0077,BU401,Management,Fall,2024,3.25,4
1323,STU0077,BU101,Accounting,Fall,2024,3.41,4
1324,STU0077,BU301,Finance,Fall,2024,3.56,4
1325,STU0077,BU201,Marketing,Fall,2024,4.0,3
1326,STU0077,BU201,Marketing,Spring,2024,3.6,3
1327,STU0077,BU401,Management,Spring,2024,3.0,4
1328,STU0077,BU101,Accounting,Spring,2024,3.33,4
1329,STU0077,BU301,Finance,Fall,2025,4.0,4
1330,STU0077,BU401,Management,Fall,2025,3.09,4
1331,STU0077,BU301,Finance,Spring,2025,3.59,3
1332,STU0077,BU401,Management,Spring,2025,4.0,4
1333,STU0078,PH301,Thermodynamics,Fall,2023,0.85,3
1334,STU0078,PH201,Electromagnetism,Fall,2023,0.78,3
1335,STU0078,PH101,Mechanics,Fall,2023,1.45,4
1336,STU0078,PH301,Thermodynamics,Spring,2023,1.11,4
1337,STU0078,PH101,Mechanics,Spring,2023,1.18,4
1338,STU0078,PH201,Electromagnetism,Spring,2023,1.77,3
1339,STU0078,PH101,Mechanics,Fall,2024,0.97,4
1340,STU0078,PH301,Thermodynamics,Fall,2024,2.19,4
1341,STU0078,PH201,Electromagnetism,Fall,2024,0.91,4
1342,STU0078,PH301,Thermodynamics,Spring,2024,1.12,4
1343,STU0078,PH201,Electromagnetism,Spring,2024,0.77,3
1344,STU0078,PH101,Mechanics,Spring,2024,1.5,4
1345,STU0078,PH201,Electromagnetism,Fall,2025,2.14,4
1346,STU0078,PH301,Thermodynamics,Fall,2025,1.68,4
1347,STU0078,PH101,Mechanics,Fall,2025,1.53,4
1348,STU0078,PH201,Electromagnetism,Spring,2025,1.92,3
1349,STU0078,PH301,Thermodynamics,Spring,2025,1.59,4
1350,STU0079,PH101,Mechanics,Fall,2023,3.16,3
1351,STU0079,PH301,Thermodynamics,Fall,2023,3.13,4
1352,STU0079,PH301,Thermodynamics,Spring,2023,3.77,4
1353,STU0079,PH201,Electromagnetism,Spring,2023,3.14,4
1354,STU0079,PH301,Thermodynamics,Fall,2024,3.86,3
1355,STU0079,PH201,Electromagnetism,Fall,2024,3.27,3
1356,STU0079,PH101,Mechanics,Fall,2024,3.4,4
1357,STU0079,PH101,Mechanics,Spring,2024,3.97,3
1358,STU0079,PH201,Electromagnetism,Spring,2024,4.0,3
1359,STU0079,PH301,Thermodynamics,Fall,2025,4.0,3
1360,STU0079,PH101,Mechanics,Fall,2025,4.0,3
1361,STU0079,PH201,Electromagnetism,Fall,2025,4.0,3
1362,STU0079,PH301,Thermodynamics,Spring,2025,3.67,3
1363,STU0079,PH101,Mechanics,Spring,2025,4.0,3
1364,STU0079,PH201,Electromagnetism,Spring,2025,3.12,4
1365,STU0080,EN301,Control Systems,Fall,2023,3.83,4
1366,STU0080,EN201,Circuit Analysis,Fall,2023,3.77,3
1367,STU0080,EN101,Engineering Drawing,Fall,2023,3.35,3
1368,STU0080,EN301,Control Systems,Spring,2023,4.0,3
1369,STU0080,EN201,Circuit Analysis,Spring,2023,3.16,3
1370,STU0080,EN101,Engineering Drawing,Spring,2023,4.0,4
1371,STU0080,EN101,Engineering Drawing,Fall,2024,2.97,4
1372,STU0080,EN301,Control Systems,Fall,2024,3.1,4
1373,STU0080,EN201,Circuit Analysis,Fall,2024,2.96,3
1374,STU0080,EN201,Circuit Analysis,Spring,2024,3.28,3
1375,STU0080,EN301,Control Systems,Spring,2024,3.01,4
1376,STU0080,EN301,Control Systems,Fall,2025,3.39,3
1377,STU0080,EN201,Circuit Analysis,Fall,2025,4.0,3
1378,STU0080,EN101,Engineering Drawing,Fall,2025,3.6,4
1379,STU0080,EN201,Circuit Analysis,Spring,2025,4.0,4
1380,STU0080,EN301,Control Systems,Spring,2025,3.8,4
1381,STU0080,EN101,Engineering Drawing,Spring,2025,3.83,3
1382,STU0081,EN301,Control Systems,Fall,2023,3.28,3
1383,STU0081,EN201,Circuit Analysis,Fall,2023,2.76,3
1384,STU0081,EN301,Control Systems,Spring,2023,2.47,3
1385,STU0081,EN101,Engineering Drawing,Spring,2023,3.17,4
1386,STU0081,EN201,Circuit Analysis,Spring,2023,2.2,3
1387,STU0081,EN201,Circuit Analysis,Fall,2024,2.19,3
1388,STU0081,EN101,Engineering Drawing,Fall,2024,2.6,3
1389,STU0081,EN301,Control Systems,Fall,2024,2.54,4
1390,STU0081,EN101,Engineering Drawing,Spring,2024,2.29,3
1391,STU0081,EN201,Circuit Analysis,Spring,2024,2.95,3
1392,STU0081,EN301,Control Systems,Spring,2024,1.9,4
1393,STU0081,EN101,Engineering Drawing,Fall,2025,1.79,4
1394,STU0081,EN201,Circuit Analysis,Fall,2025,3.12,4
1395,STU0081,EN301,Control Systems,Spring,2025,2.72,4
1396,STU0081,EN201,Circuit Analysis,Spring,2025,2.27,3
1397,STU0081,EN101,Engineering Drawing,Spring,2025,2.06,3
1398,STU0082,PH301,Thermodynamics,Fall,2023,2.44,3
1399,STU0082,PH201,Electromagnetism,Fall,2023,1.76,3
1400,STU0082,PH101,Mechanics,Fall,2023,1.77,4
1401,STU0082,PH301,Thermodynamics,Spring,2023,2.23,4
1402,STU0082,PH201,Electromagnetism,Spring,2023,2.86,4
1403,STU0082,PH101,Mechanics,Spring,2023,3.04,3
1404,STU0082,PH101,Mechanics,Fall,2024,2.06,3
1405,STU0082,PH301,Thermodynamics,Fall,2024,2.86,3
1406,STU0082,PH101,Mechanics,Spring,2024,2.79,3
1407,STU0082,PH201,Electromagnetism,Spring,2024,2.45,3
1408,STU0082,PH201,Electromagnetism,Fall,2025,1.99,4
1409,STU0082,PH301,Thermodynamics,Fall,2025,1.78,3
1410,STU0082,PH301,Thermodynamics,Spring,2025,3.29,4
1411,STU0082,PH201,Electromagnetism,Spring,2025,1.78,4
1412,STU0083,MT201,Linear Algebra,Fall,2023,2.15,3
1413,STU0083,MT101,Calculus I,Fall,2023,2.23,4
1414,STU0083,MT401,Discrete Math,Fall,2023,3.64,4
1415,STU0083,MT301,Statistics,Fall,2023,3.25,4
1416,STU0083,MT401,Discrete Math,Spring,2023,2.85,4
1417,STU0083,MT201,Linear Algebra,Spring,2023,2.44,3
1418,STU0083,MT101,Calculus I,Fall,2024,2.5,4
1419,STU0083,MT201,Linear Algebra,Fall,2024,3.49,3
1420,STU0083,MT301,Statistics,Fall,2024,2.86,4
1421,STU0083,MT401,Discrete Math,Fall,2024,2.79,4
1422,STU0083,MT201,Linear Algebra,Spring,2024,3.23,4
1423,STU0083,MT401,Discrete Math,Spring,2024,2.62,3
1424,STU0083,MT201,Linear Algebra,Fall,2025,2.28,4
1425,STU0083,MT301,Statistics,Fall,2025,3.23,4
1426,STU0083,MT401,Discrete Math,Fall,2025,3.61,4
1427,STU0083,MT101,Calculus I,Fall,2025,3.34,3
1428,STU0083,MT201,Linear Algebra,Spring,2025,2.28,3
1429,STU0083,MT401,Discrete Math,Spring,2025,2.32,4
1430,STU0083,MT101,Calculus I,Spring,2025,2.23,4
1431,STU0083,MT301,Statistics,Spring,2025,3.58,4
1432,STU0084,PH101,Mechanics,Fall,2023,3.37,4
1433,STU0084,PH301,Thermodynamics,Fall,2023,3.18,4
1434,STU0084,PH201,Electromagnetism,Fall,2023,2.85,3
1435,STU0084,PH101,Mechanics,Spring,2023,2.46,3
1436,STU0084,PH301,Thermodynamics,Spring,2023,1.96,3
1437,STU0084,PH201,Electromagnetism,Spring,2023,2.55,4
1438,STU0084,PH101,Mechanics,Fall,2024,3.14,3
1439,STU0084,PH201,Electromagnetism,Fall,2024,2.9,4
1440,STU0084,PH301,Thermodynamics,Fall,2024,3.05,3
1441,STU0084,PH301,Thermodynamics,Spring,2024,3.09,3
1442,STU0084,PH101,Mechanics,Spring,2024,2.58,3
1443,STU0084,PH101,Mechanics,Fall,2025,2.02,4
1444,STU0084,PH301,Thermodynamics,Fall,2025,2.9,4
1445,STU0084,PH201,Electromagnetism,Fall,2025,2.94,3
1446,STU0084,PH301,Thermodynamics,Spring,2025,2.31,3
1447,STU0084,PH201,Electromagnetism,Spring,2025,1.97,3
1448,STU0085,BU401,Management,Fall,2023,3.73,4
1449,STU0085,BU101,Accounting,Fall,2023,2.94,3
1450,STU0085,BU301,Finance,Fall,2023,2.53,4
1451,STU0085,BU401,Management,Spring,2023,3.6,4
1452,STU0085,BU201,Marketing,Spring,2023,3.65,3
1453,STU0085,BU101,Accounting,Spring,2023,3.67,4
1454,STU0085,BU301,Finance,Spring,2023,3.86,4
1455,STU0085,BU301,Finance,Fall,2024,3.62,3
1456,STU0085,BU101,Accounting,Fall,2024,2.53,4
1457,STU0085,BU201,Marketing,Fall,2024,3.03,3
1458,STU0085,BU401,Management,Fall,2024,3.08,4
1459,STU0085,BU201,Marketing,Spring,2024,2.48,4
1460,STU0085,BU301,Finance,Spring,2024,3.06,4
1461,STU0085,BU301,Finance,Fall,2025,3.83,3
1462,STU0085,BU201,Marketing,Fall,2025,3.51,4
1463,STU0085,BU101,Accounting,Fall,2025,3.42,4
1464,STU0085,BU401,Management,Fall,2025,3.51,4
1465,STU0085,BU301,Finance,Spring,2025,2.45,4
1466,STU0085,BU101,Accounting,Spring,2025,3.01,3
1467,STU0086,MT301,Statistics,Fall,2023,2.82,3
1468,STU0086,MT101,Calculus I,Fall,2023,2.03,4
1469,STU0086,MT401,Discrete Math,Fall,2023,2.38,4
1470,STU0086,MT201,Linear Algebra,Fall,2023,3.15,3
1471,STU0086,MT101,Calculus I,Spring,2023,2.19,3
1472,STU0086,MT201,Linear Algebra,Spring,2023,2.71,3
1473,STU0086,MT301,Statistics,Spring,2023,2.72,3
1474,STU0086,MT401,Discrete Math,Spring,2023,3.28,3
1475,STU0086,MT301,Statistics,Fall,2024,3.13,3
1476,STU0086,MT201,Linear Algebra,Fall,2024,2.16,3
1477,STU0086,MT101,Calculus I,Fall,2024,3.31,4
1478,STU0086,MT101,Calculus I,Spring,2024,3.32,3
1479,STU0086,MT401,Discrete Math,Spring,2024,2.14,4
1480,STU0086,MT201,Linear Algebra,Spring,2024,3.41,4
1481,STU0086,MT401,Discrete Math,Fall,2025,2.58,4
1482,STU0086,MT101,Calculus I,Fall,2025,2.93,4
1483,STU0086,MT401,Discrete Math,Spring,2025,3.58,4
1484,STU0086,MT301,Statistics,Spring,2025,3.16,4
1485,STU0086,MT201,Linear Algebra,Spring,2025,3.31,3
1486,STU0087,CS201,Data Structures,Fall,2023,1.69,3
1487,STU0087,CS401,Machine Learning,Fall,2023,2.59,4
1488,STU0087,CS301,Databases,Fall,2023,2.24,3
1489,STU0087,CS501,Big Data,Fall,2023,2.99,4
1490,STU0087,CS501,Big Data,Spring,2023,1.66,4
1491,STU0087,CS401,Machine Learning,Spring,2023,2.39,3
1492,STU0087,CS201,Data Structures,Fall,2024,3.07,4
1493,STU0087,CS101,Intro to Programming,Fall,2024,1.95,3
1494,STU0087,CS501,Big Data,Fall,2024,2.75,3
1495,STU0087,CS301,Databases,Fall,2024,2.73,4
1496,STU0087,CS301,Databases,Spring,2024,1.82,4
1497,STU0087,CS501,Big Data,Spring,2024,1.48,4
1498,STU0087,CS101,Intro to Programming,Fall,2025,2.25,4
1499,STU0087,CS401,Machine Learning,Fall,2025,2.39,4
1500,STU0087,CS401,Machine Learning,Spring,2025,2.29,4
1501,STU0087,CS201,Data Structures,Spring,2025,2.7,4
1502,STU0087,CS101,Intro to Programming,Spring,2025,1.72,4
1503,STU0088,MT401,Discrete Math,Fall,2023,1.68,4
1504,STU0088,MT201,Linear Algebra,Fall,2023,1.85,3
1505,STU0088,MT401,Discrete Math,Spring,2023,2.7,3
1506,STU0088,MT301,Statistics,Spring,2023,2.23,4
1507,STU0088,MT201,Linear Algebra,Spring,2023,2.21,3
1508,STU0088,MT101,Calculus I,Spring,2023,2.34,3
1509,STU0088,MT101,Calculus I,Fall,2024,2.14,4
1510,STU0088,MT301,Statistics,Fall,2024,2.11,3
1511,STU0088,MT201,Linear Algebra,Spring,2024,1.75,3
1512,STU0088,MT101,Calculus I,Spring,2024,1.7,4
1513,STU0088,MT301,Statistics,Fall,2025,2.25,4
1514,STU0088,MT201,Linear Algebra,Fall,2025,2.69,3
1515,STU0088,MT401,Discrete Math,Spring,2025,1.35,4
1516,STU0088,MT101,Calculus I,Spring,2025,1.92,3
1517,STU0088,MT201,Linear Algebra,Spring,2025,1.49,3
1518,STU0089,EN101,Engineering Drawing,Fall,2023,2.03,3
1519,STU0089,EN201,Circuit Analysis,Fall,2023,1.99,4
1520,STU0089,EN301,Control Systems,Fall,2023,2.83,3
1521,STU0089,EN201,Circuit Analysis,Spring,2023,2.88,4
1522,STU0089,EN101,Engineering Drawing,Spring,2023,2.36,4
1523,STU0089,EN301,Control Systems,Spring,2023,1.97,4
1524,STU0089,EN201,Circuit Analysis,Fall,2024,2.06,3
1525,STU0089,EN101,Engineering Drawing,Fall,2024,2.53,4
1526,STU0089,EN301,Control Systems,Fall,2024,3.26,4
1527,STU0089,EN201,Circuit Analysis,Spring,2024,2.62,3
1528,STU0089,EN301,Control Systems,Spring,2024,2.51,4
1529,STU0089,EN101,Engineering Drawing,Fall,2025,2.63,3
1530,STU0089,EN301,Control Systems,Fall,2025,2.13,3
1531,STU0089,EN201,Circuit Analysis,Fall,2025,2.23,4
1532,STU0089,EN101,Engineering Drawing,Spring,2025,2.34,3
1533,STU0089,EN301,Control Systems,Spring,2025,2.99,4
1534,STU0089,EN201,Circuit Analysis,Spring,2025,3.28,4
1535,STU0090,BU101,Accounting,Fall,2023,2.85,4
1536,STU0090,BU201,Marketing,Fall,2023,2.35,3
1537,STU0090,BU101,Accounting,Spring,2023,1.75,4
1538,STU0090,BU201,Marketing,Spring,2023,2.65,4
1539,STU0090,BU201,Marketing,Fall,2024,1.38,3
1540,STU0090,BU301,Finance,Fall,2024,1.79,4
1541,STU0090,BU401,Management,Fall,2024,2.43,3
1542,STU0090,BU301,Finance,Spring,2024,2.72,4
1543,STU0090,BU201,Marketing,Spring,2024,2.33,4
1544,STU0090,BU101,Accounting,Spring,2024,1.75,4
1545,STU0090,BU401,Management,Spring,2024,1.86,4
1546,STU0090,BU301,Finance,Fall,2025,2.28,3
1547,STU0090,BU101,Accounting,Fall,2025,2.75,3
1548,STU0090,BU401,Management,Fall,2025,1.97,4
1549,STU0090,BU201,Marketing,Fall,2025,2.53,3
1550,STU0090,BU101,Accounting,Spring,2025,2.39,4
1551,STU0090,BU301,Finance,Spring,2025,2.87,4
1552,STU0090,BU401,Management,Spring,2025,2.63,4
1553,STU0090,BU201,Marketing,Spring,2025,1.93,3
1554,STU0091,CS401,Machine Learning,Fall,2023,2.64,4
1555,STU0091,CS301,Databases,Fall,2023,1.15,3
1556,STU0091,CS301,Databases,Spring,2023,2.45,4
1557,STU0091,CS201,Data Structures,Spring,2023,2.43,3
1558,STU0091,CS101,Intro to Programming,Spring,2023,1.51,4
1559,STU0091,CS101,Intro to Programming,Fall,2024,2.59,3
1560,STU0091,CS301,Databases,Fall,2024,1.15,4
1561,STU0091,CS201,Data Structures,Fall,2024,1.32,4
1562,STU0091,CS501,Big Data,Spring,2024,2.2,3
1563,STU0091,CS401,Machine Learning,Spring,2024,1.24,3
1564,STU0091,CS101,Intro to Programming,Spring,2024,2.33,3
1565,STU0091,CS301,Databases,Spring,2024,1.56,3
1566,STU0091,CS301,Databases,Fall,2025,2.73,4
1567,STU0091,CS201,Data Structures,Fall,2025,2.23,4
1568,STU0091,CS501,Big Data,Fall,2025,1.14,4
1569,STU0091,CS101,Intro to Programming,Fall,2025,2.17,3
1570,STU0091,CS401,Machine Learning,Spring,2025,1.33,4
1571,STU0091,CS501,Big Data,Spring,2025,1.93,3
1572,STU0091,CS201,Data Structures,Spring,2025,2.55,3
1573,STU0092,CS301,Databases,Fall,2023,2.69,4
1574,STU0092,CS401,Machine Learning,Fall,2023,1.85,3
1575,STU0092,CS101,Intro to Programming,Spring,2023,2.2,4
1576,STU0092,CS501,Big Data,Spring,2023,3.37,3
1577,STU0092,CS301,Databases,Spring,2023,2.16,4
1578,STU0092,CS101,Intro to Programming,Fall,2024,2.61,3
1579,STU0092,CS501,Big Data,Fall,2024,2.79,4
1580,STU0092,CS401,Machine Learning,Fall,2024,3.18,3
1581,STU0092,CS401,Machine Learning,Spring,2024,3.37,3
1582,STU0092,CS201,Data Structures,Spring,2024,3.15,3
1583,STU0092,CS501,Big Data,Fall,2025,3.06,4
1584,STU0092,CS401,Machine Learning,Fall,2025,2.77,3
1585,STU0092,CS101,Intro to Programming,Spring,2025,2.34,3
1586,STU0092,CS401,Machine Learning,Spring,2025,3.09,3
1587,STU0093,EN101,Engineering Drawing,Fall,2023,2.34,3
1588,STU0093,EN201,Circuit Analysis,Fall,2023,3.12,4
1589,STU0093,EN301,Control Systems,Fall,2023,3.59,4
1590,STU0093,EN301,Control Systems,Spring,2023,2.6,3
1591,STU0093,EN201,Circuit Analysis,Spring,2023,2.96,4
1592,STU0093,EN301,Control Systems,Fall,2024,3.27,3
1593,STU0093,EN101,Engineering Drawing,Fall,2024,2.96,4
1594,STU0093,EN201,Circuit Analysis,Fall,2024,3.17,3
1595,STU0093,EN101,Engineering Drawing,Spring,2024,3.18,3
1596,STU0093,EN301,Control Systems,Spring,2024,3.68,3
1597,STU0093,EN301,Control Systems,Fall,2025,2.9,4
1598,STU0093,EN201,Circuit Analysis,Fall,2025,2.53,3
1599,STU0093,EN101,Engineering Drawing,Fall,2025,3.51,3
1600,STU0093,EN201,Circuit Analysis,Spring,2025,3.05,4
1601,STU0093,EN301,Control Systems,Spring,2025,2.73,3
1602,STU0094,EN201,Circuit Analysis,Fall,2023,3.53,4
1603,STU0094,EN301,Control Systems,Fall,2023,3.15,3
1604,STU0094,EN301,Control Systems,Spring,2023,2.94,3
1605,STU0094,EN101,Engineering Drawing,Spring,2023,3.24,3
1606,STU0094,EN201,Circuit Analysis,Spring,2023,4.0,3
1607,STU0094,EN201,Circuit Analysis,Fall,2024,3.63,4
1608,STU0094,EN101,Engineering Drawing,Fall,2024,3.52,4
1609,STU0094,EN301,Control Systems,Spring,2024,3.23,3
1610,STU0094,EN201,Circuit Analysis,Spring,2024,2.73,3
1611,STU0094,EN101,Engineering Drawing,Spring,2024,3.35,3
1612,STU0094,EN101,Engineering Drawing,Fall,2025,3.56,3
1613,STU0094,EN301,Control Systems,Fall,2025,3.33,4
1614,STU0094,EN201,Circuit Analysis,Fall,2025,3.85,4
1615,STU0094,EN201,Circuit Analysis,Spring,2025,3.88,3
1616,STU0094,EN101,Engineering Drawing,Spring,2025,3.14,3
1617,STU0095,BU101,Accounting,Fall,2023,3.03,4
1618,STU0095,BU301,Finance,Fall,2023,3.11,4
1619,STU0095,BU401,Management,Fall,2023,2.87,3
1620,STU0095,BU201,Marketing,Spring,2023,3.08,4
1621,STU0095,BU401,Management,Spring,2023,3.95,4
1622,STU0095,BU201,Marketing,Fall,2024,3.08,4
1623,STU0095,BU101,Accounting,Fall,2024,4.0,3
1624,STU0095,BU301,Finance,Fall,2024,4.0,3
1625,STU0095,BU401,Management,Fall,2024,3.41,3
1626,STU0095,BU201,Marketing,Spring,2024,3.18,4
1627,STU0095,BU401,Management,Spring,2024,3.86,4
1628,STU0095,BU301,Finance,Spring,2024,4.0,3
1629,STU0095,BU201,Marketing,Fall,2025,4.0,3
1630,STU0095,BU101,Accounting,Fall,2025,3.65,4
1631,STU0095,BU401,Management,Spring,2025,4.0,3
1632,STU0095,BU301,Finance,Spring,2025,4.0,4
1633,STU0095,BU101,Accounting,Spring,2025,4.0,4
1634,STU0096,EN101,Engineering Drawing,Fall,2023,2.7,4
1635,STU0096,EN201,Circuit Analysis,Fall,2023,1.63,3
1636,STU0096,EN301,Control Systems,Spring,2023,2.11,4
1637,STU0096,EN101,Engineering Drawing,Spring,2023,2.1,4
1638,STU0096,EN201,Circuit Analysis,Spring,2023,1.59,4
1639,STU0096,EN301,Control Systems,Fall,2024,2.06,4
1640,STU0096,EN201,Circuit Analysis,Fall,2024,2.32,3
1641,STU0096,EN101,Engineering Drawing,Fall,2024,1.63,3
1642,STU0096,EN101,Engineering Drawing,Spring,2024,1.79,4
1643,STU0096,EN201,Circuit Analysis,Spring,2024,2.21,4
1644,STU0096,EN301,Control Systems,Spring,2024,1.71,3
1645,STU0096,EN101,Engineering Drawing,Fall,2025,2.01,4
1646,STU0096,EN201,Circuit Analysis,Fall,2025,1.67,3
1647,STU0096,EN301,Control Systems,Spring,2025,2.02,4
1648,STU0096,EN201,Circuit Analysis,Spring,2025,1.95,4
1649,STU0096,EN101,Engineering Drawing,Spring,2025,1.81,4
1650,STU0097,CS201,Data Structures,Fall,2023,1.75,3
1651,STU0097,CS401,Machine Learning,Fall,2023,1.95,3
1652,STU0097,CS501,Big Data,Spring,2023,2.86,3
1653,STU0097,CS101,Intro to Programming,Spring,2023,1.57,4
1654,STU0097,CS201,Data Structures,Spring,2023,1.44,3
1655,STU0097,CS201,Data Structures,Fall,2024,1.86,4
1656,STU0097,CS301,Databases,Fall,2024,1.69,3
1657,STU0097,CS501,Big Data,Fall,2024,2.98,4
1658,STU0097,CS301,Databases,Spring,2024,2.7,4
1659,STU0097,CS501,Big Data,Spring,2024,2.89,3
1660,STU0097,CS501,Big Data,Fall,2025,1.74,3
1661,STU0097,CS201,Data Structures,Fall,2025,2.14,4
1662,STU0097,CS401,Machine Learning,Fall,2025,2.54,4
1663,STU0097,CS101,Intro to Programming,Spring,2025,2.07,4
1664,STU0097,CS301,Databases,Spring,2025,1.72,4
1665,STU0097,CS501,Big Data,Spring,2025,2.74,3
1666,STU0098,EN101,Engineering Drawing,Fall,2023,2.59,3
1667,STU0098,EN301,Control Systems,Fall,2023,1.88,4
1668,STU0098,EN201,Circuit Analysis,Fall,2023,1.62,4
1669,STU0098,EN301,Control Systems,Spring,2023,1.6,3
1670,STU0098,EN201,Circuit Analysis,Spring,2023,1.99,3
1671,STU0098,EN101,Engineering Drawing,Spring,2023,2.56,3
1672,STU0098,EN301,Control Systems,Fall,2024,1.41,4
1673,STU0098,EN201,Circuit Analysis,Fall,2024,1.18,4
1674,STU0098,EN101,Engineering Drawing,Fall,2024,1.38,3
1675,STU0098,EN301,Control Systems,Spring,2024,1.23,3
1676,STU0098,EN201,Circuit Analysis,Spring,2024,2.16,3
1677,STU0098,EN101,Engineering Drawing,Spring,2024,1.13,4
1678,STU0098,EN101,Engineering Drawing,Fall,2025,1.19,4
1679,STU0098,EN301,Control Systems,Fall,2025,1.53,3
1680,STU0098,EN301,Control Systems,Spring,2025,1.17,3
1681,STU0098,EN101,Engineering Drawing,Spring,2025,1.35,4
1682,STU0098,EN201,Circuit Analysis,Spring,2025,1.71,3
1683,STU0099,MT401,Discrete Math,Fall,2023,2.91,4
1684,STU0099,MT201,Linear Algebra,Fall,2023,3.25,3
1685,STU0099,MT201,Linear Algebra,Spring,2023,2.41,4
1686,STU0099,MT401,Discrete Math,Spring,2023,1.97,4
1687,STU0099,MT201,Linear Algebra,Fall,2024,2.04,3
1688,STU0099,MT301,Statistics,Fall,2024,2.43,4
1689,STU0099,MT401,Discrete Math,Fall,2024,2.69,3
1690,STU0099,MT101,Calculus I,Fall,2024,2.56,4
1691,STU0099,MT401,Discrete Math,Spring,2024,2.9,4
1692,STU0099,MT301,Statistics,Spring,2024,2.75,4
1693,STU0099,MT101,Calculus I,Spring,2024,2.27,4
1694,STU0099,MT201,Linear Algebra,Fall,2025,2.01,4
1695,STU0099,MT401,Discrete Math,Fall,2025,2.45,3
1696,STU0099,MT101,Calculus I,Fall,2025,2.84,3
1697,STU0099,MT101,Calculus I,Spring,2025,2.16,4
1698,STU0099,MT401,Discrete Math,Spring,2025,2.79,3
1699,STU0099,MT301,Statistics,Spring,2025,2.84,3
1700,STU0100,BU401,Management,Fall,2023,4.0,3
1701,STU0100,BU301,Finance,Fall,2023,3.99,4
1702,STU0100,BU101,Accounting,Fall,2023,3.44,3
1703,STU0100,BU201,Marketing,Spring,2023,3.52,3
1704,STU0100,BU301,Finance,Spring,2023,3.8,4
1705,STU0100,BU101,Accounting,Spring,2023,3.39,4
1706,STU0100,BU401,Management,Fall,2024,2.8,3
1707,STU0100,BU101,Accounting,Fall,2024,3.91,3
1708,STU0100,BU401,Management,Spring,2024,2.89,3
1709,STU0100,BU201,Marketing,Spring,2024,3.92,4
1710,STU0100,BU301,Finance,Spring,2024,3.0,4
1711,STU0100,BU201,Marketing,Fall,2025,3.75,3
1712,STU0100,BU101,Accounting,Fall,2025,3.25,4
1713,STU0100,BU101,Accounting,Spring,2025,4.0,4
1714,STU0100,BU301,Finance,Spring,2025,3.03,4
1715,STU0101,EN101,Engineering Drawing,Fall,2023,3.08,3
1716,STU0101,EN301,Control Systems,Fall,2023,2.36,3
1717,STU0101,EN301,Control Systems,Spring,2023,2.75,4
1718,STU0101,EN101,Engineering Drawing,Spring,2023,1.73,3
1719,STU0101,EN201,Circuit Analysis,Spring,2023,1.73,4
1720,STU0101,EN101,Engineering Drawing,Fall,2024,3.1,3
1721,STU0101,EN201,Circuit Analysis,Fall,2024,1.8,4
1722,STU0101,EN101,Engineering Drawing,Spring,2024,2.96,3
1723,STU0101,EN201,Circuit Analysis,Spring,2024,2.0,3
1724,STU0101,EN101,Engineering Drawing,Fall,2025,2.32,3
1725,STU0101,EN301,Control Systems,Fall,2025,2.95,4
1726,STU0101,EN201,Circuit Analysis,Fall,2025,2.55,3
1727,STU0101,EN101,Engineering Drawing,Spring,2025,1.84,3
1728,STU0101,EN201,Circuit Analysis,Spring,2025,1.82,4
1729,STU0101,EN301,Control Systems,Spring,2025,1.93,4
1730,STU0102,PH201,Electromagnetism,Fall,2023,3.17,3
1731,STU0102,PH101,Mechanics,Fall,2023,2.94,4
1732,STU0102,PH301,Thermodynamics,Fall,2023,3.87,4
1733,STU0102,PH101,Mechanics,Spring,2023,3.49,4
1734,STU0102,PH301,Thermodynamics,Spring,2023,4.0,3
1735,STU0102,PH301,Thermodynamics,Fall,2024,4.0,4
1736,STU0102,PH101,Mechanics,Fall,2024,4.0,4
1737,STU0102,PH201,Electromagnetism,Fall,2024,3.91,3
1738,STU0102,PH101,Mechanics,Spring,2024,2.94,3
1739,STU0102,PH201,Electromagnetism,Spring,2024,3.8,4
1740,STU0102,PH301,Thermodynamics,Spring,2024,3.44,3
1741,STU0102,PH301,Thermodynamics,Fall,2025,2.86,3
1742,STU0102,PH101,Mechanics,Fall,2025,3.32,4
1743,STU0102,PH201,Electromagnetism,Fall,2025,4.0,3
1744,STU0102,PH101,Mechanics,Spring,2025,3.63,3
1745,STU0102,PH201,Electromagnetism,Spring,2025,3.07,3
1746,STU0103,EN101,Engineering Drawing,Fall,2023,2.43,4
1747,STU0103,EN301,Control Systems,Fall,2023,1.46,4
1748,STU0103,EN201,Circuit Analysis,Fall,2023,2.28,3
1749,STU0103,EN201,Circuit Analysis,Spring,2023,1.62,4
1750,STU0103,EN301,Control Systems,Spring,2023,1.8,3
1751,STU0103,EN101,Engineering Drawing,Spring,2023,2.11,3
1752,STU0103,EN301,Control Systems,Fall,2024,2.08,3
1753,STU0103,EN101,Engineering Drawing,Fall,2024,1.96,3
1754,STU0103,EN201,Circuit Analysis,Fall,2024,1.35,4
1755,STU0103,EN101,Engineering Drawing,Spring,2024,2.26,3
1756,STU0103,EN301,Control Systems,Spring,2024,2.75,3
1757,STU0103,EN101,Engineering Drawing,Fall,2025,1.63,3
1758,STU0103,EN301,Control Systems,Fall,2025,1.93,4
1759,STU0103,EN101,Engineering Drawing,Spring,2025,1.93,3
1760,STU0103,EN301,Control Systems,Spring,2025,1.73,4
1761,STU0103,EN201,Circuit Analysis,Spring,2025,2.8,3
1762,STU0104,BU401,Management,Fall,2023,2.18,3
1763,STU0104,BU101,Accounting,Fall,2023,2.29,4
1764,STU0104,BU201,Marketing,Fall,2023,2.35,4
1765,STU0104,BU401,Management,Spring,2023,2.76,4
1766,STU0104,BU101,Accounting,Spring,2023,2.91,4
1767,STU0104,BU201,Marketing,Fall,2024,2.15,4
1768,STU0104,BU301,Finance,Fall,2024,2.27,4
1769,STU0104,BU101,Accounting,Fall,2024,2.44,4
1770,STU0104,BU401,Management,Fall,2024,1.66,3
1771,STU0104,BU401,Management,Spring,2024,1.55,4
1772,STU0104,BU101,Accounting,Spring,2024,2.33,4
1773,STU0104,BU301,Finance,Spring,2024,3.04,4
1774,STU0104,BU201,Marketing,Spring,2024,2.15,4
1775,STU0104,BU101,Accounting,Fall,2025,2.16,3
1776,STU0104,BU201,Marketing,Fall,2025,1.85,4
1777,STU0104,BU401,Management,Fall,2025,3.07,4
1778,STU0104,BU301,Finance,Fall,2025,2.36,4
1779,STU0104,BU301,Finance,Spring,2025,3.02,3
1780,STU0104,BU401,Management,Spring,2025,1.93,3
1781,STU0104,BU101,Accounting,Spring,2025,3.01,4
1782,STU0104,BU201,Marketing,Spring,2025,2.55,3
1783,STU0105,MT201,Linear Algebra,Fall,2023,3.56,3
1784,STU0105,MT401,Discrete Math,Fall,2023,3.17,3
1785,STU0105,MT301,Statistics,Fall,2023,4.0,4
1786,STU0105,MT101,Calculus I,Fall,2023,3.79,3
1787,STU0105,MT201,Linear Algebra,Spring,2023,3.55,4
1788,STU0105,MT401,Discrete Math,Spring,2023,3.95,4
1789,STU0105,MT101,Calculus I,Spring,2023,4.0,4
1790,STU0105,MT301,Statistics,Spring,2023,4.0,3
1791,STU0105,MT301,Statistics,Fall,2024,3.58,3
1792,STU0105,MT101,Calculus I,Fall,2024,4.0,4
1793,STU0105,MT301,Statistics,Spring,2024,3.15,3
1794,STU0105,MT101,Calculus I,Spring,2024,4.0,4
1795,STU0105,MT401,Discrete Math,Spring,2024,3.99,4
1796,STU0105,MT201,Linear Algebra,Spring,2024,4.0,3
1797,STU0105,MT301,Statistics,Fall,2025,4.0,3
1798,STU0105,MT101,Calculus I,Fall,2025,3.93,3
1799,STU0105,MT201,Linear Algebra,Spring,2025,3.24,3
1800,STU0105,MT101,Calculus I,Spring,2025,4.0,3
1801,STU0105,MT301,Statistics,Spring,2025,3.56,4
1802,STU0106,BU101,Accounting,Fall,2023,2.44,3
1803,STU0106,BU301,Finance,Fall,2023,2.91,4
1804,STU0106,BU401,Management,Fall,2023,2.41,3
1805,STU0106,BU201,Marketing,Spring,2023,2.33,4
1806,STU0106,BU401,Management,Spring,2023,3.51,3
1807,STU0106,BU301,Finance,Spring,2023,3.37,3
1808,STU0106,BU101,Accounting,Spring,2023,2.46,3
1809,STU0106,BU301,Finance,Fall,2024,3.52,4
1810,STU0106,BU201,Marketing,Fall,2024,2.85,4
1811,STU0106,BU401,Management,Fall,2024,3.91,3
1812,STU0106,BU401,Management,Spring,2024,3.87,4
1813,STU0106,BU201,Marketing,Spring,2024,3.6,3
1814,STU0106,BU101,Accounting,Spring,2024,3.04,4
1815,STU0106,BU201,Marketing,Fall,2025,3.83,3
1816,STU0106,BU101,Accounting,Fall,2025,2.9,4
1817,STU0106,BU301,Finance,Fall,2025,3.13,3
1818,STU0106,BU401,Management,Fall,2025,2.32,4
1819,STU0106,BU301,Finance,Spring,2025,3.86,4
1820,STU0106,BU101,Accounting,Spring,2025,3.39,3
1821,STU0107,BU401,Management,Fall,2023,2.03,4
1822,STU0107,BU201,Marketing,Fall,2023,2.93,3
1823,STU0107,BU101,Accounting,Fall,2023,2.52,4
1824,STU0107,BU301,Finance,Fall,2023,2.32,3
1825,STU0107,BU101,Accounting,Spring,2023,1.83,4
1826,STU0107,BU401,Management,Spring,2023,1.62,4
1827,STU0107,BU201,Marketing,Spring,2023,2.88,4
1828,STU0107,BU301,Finance,Spring,2023,2.41,3
1829,STU0107,BU201,Marketing,Fall,2024,2.56,3
1830,STU0107,BU101,Accounting,Fall,2024,1.52,3
1831,STU0107,BU301,Finance,Spring,2024,2.58,3
1832,STU0107,BU201,Marketing,Spring,2024,2.5,4
1833,STU0107,BU101,Accounting,Fall,2025,1.49,4
1834,STU0107,BU301,Finance,Fall,2025,2.75,3
1835,STU0107,BU401,Management,Fall,2025,2.38,4
1836,STU0107,BU201,Marketing,Fall,2025,2.81,4
1837,STU0107,BU401,Management,Spring,2025,1.54,3
1838,STU0107,BU101,Accounting,Spring,2025,1.53,4
1839,STU0107,BU301,Finance,Spring,2025,2.53,3
1840,STU0107,BU201,Marketing,Spring,2025,2.54,3
1841,STU0108,MT301,Statistics,Fall,2023,2.46,3
1842,STU0108,MT101,Calculus I,Fall,2023,2.04,3
1843,STU0108,MT201,Linear Algebra,Fall,2023,2.9,4
1844,STU0108,MT401,Discrete Math,Fall,2023,2.05,4
1845,STU0108,MT201,Linear Algebra,Spring,2023,2.17,4
1846,STU0108,MT301,Statistics,Spring,2023,2.05,4
1847,STU0108,MT101,Calculus I,Spring,2023,2.88,4
1848,STU0108,MT401,Discrete Math,Spring,2023,2.63,3
1849,STU0108,MT301,Statistics,Fall,2024,2.03,3
1850,STU0108,MT101,Calculus I,Fall,2024,1.98,4
1851,STU0108,MT401,Discrete Math,Fall,2024,2.55,3
1852,STU0108,MT201,Linear Algebra,Fall,2024,2.33,4
1853,STU0108,MT301,Statistics,Spring,2024,2.86,3
1854,STU0108,MT101,Calculus I,Spring,2024,2.9,3
1855,STU0108,MT101,Calculus I,Fall,2025,2.02,3
1856,STU0108,MT401,Discrete Math,Fall,2025,3.13,4
1857,STU0108,MT201,Linear Algebra,Fall,2025,2.08,4
1858,STU0108,MT301,Statistics,Fall,2025,3.12,4
1859,STU0108,MT101,Calculus I,Spring,2025,1.99,3
1860,STU0108,MT301,Statistics,Spring,2025,2.66,4
1861,STU0108,MT201,Linear Algebra,Spring,2025,1.7,4
1862,STU0109,PH101,Mechanics,Fall,2023,3.84,3
1863,STU0109,PH201,Electromagnetism,Fall,2023,3.5,4
1864,STU0109,PH301,Thermodynamics,Fall,2023,3.26,3
1865,STU0109,PH101,Mechanics,Spring,2023,3.97,3
1866,STU0109,PH301,Thermodynamics,Spring,2023,3.37,3
1867,STU0109,PH101,Mechanics,Fall,2024,3.88,3
1868,STU0109,PH201,Electromagnetism,Fall,2024,4.0,3
1869,STU0109,PH301,Thermodynamics,Fall,2024,3.36,4
1870,STU0109,PH101,Mechanics,Spring,2024,4.0,4
1871,STU0109,PH301,Thermodynamics,Spring,2024,3.74,3
1872,STU0109,PH301,Thermodynamics,Fall,2025,2.84,3
1873,STU0109,PH201,Electromagnetism,Fall,2025,3.42,4
1874,STU0109,PH101,Mechanics,Fall,2025,3.89,3
1875,STU0109,PH301,Thermodynamics,Spring,2025,4.0,4
1876,STU0109,PH201,Electromagnetism,Spring,2025,3.23,4
1877,STU0109,PH101,Mechanics,Spring,2025,3.38,3
1878,STU0110,CS101,Intro to Programming,Fall,2023,2.04,3
1879,STU0110,CS501,Big Data,Fall,2023,1.3,4
1880,STU0110,CS101,Intro to Programming,Spring,2023,2.03,4
1881,STU0110,CS201,Data Structures,Spring,2023,1.74,3
1882,STU0110,CS401,Machine Learning,Spring,2023,1.42,3
1883,STU0110,CS501,Big Data,Fall,2024,1.89,4
1884,STU0110,CS201,Data Structures,Fall,2024,1.36,3
1885,STU0110,CS401,Machine Learning,Fall,2024,2.47,3
1886,STU0110,CS101,Intro to Programming,Fall,2024,2.81,3
1887,STU0110,CS501,Big Data,Spring,2024,1.27,4
1888,STU0110,CS201,Data Structures,Spring,2024,2.54,3
1889,STU0110,CS201,Data Structures,Fall,2025,2.3,3
1890,STU0110,CS501,Big Data,Fall,2025,2.16,3
1891,STU0110,CS101,Intro to Programming,Spring,2025,1.84,3
1892,STU0110,CS301,Databases,Spring,2025,1.94,3
1893,STU0111,CS301,Databases,Fall,2023,2.71,4
1894,STU0111,CS101,Intro to Programming,Fall,2023,2.25,4
1895,STU0111,CS501,Big Data,Spring,2023,2.31,4
1896,STU0111,CS401,Machine Learning,Spring,2023,2.17,3
1897,STU0111,CS101,Intro to Programming,Fall,2024,1.5,4
1898,STU0111,CS501,Big Data,Fall,2024,2.57,3
1899,STU0111,CS401,Machine Learning,Fall,2024,2.73,3
1900,STU0111,CS301,Databases,Fall,2024,2.15,4
1901,STU0111,CS501,Big Data,Spring,2024,1.32,4
1902,STU0111,CS401,Machine Learning,Spring,2024,1.62,3
1903,STU0111,CS401,Machine Learning,Fall,2025,2.28,3
1904,STU0111,CS101,Intro to Programming,Fall,2025,2.06,3
1905,STU0111,CS201,Data Structures,Fall,2025,2.21,4
1906,STU0111,CS201,Data Structures,Spring,2025,1.87,3
1907,STU0111,CS301,Databases,Spring,2025,1.71,4
1908,STU0111,CS401,Machine Learning,Spring,2025,1.81,3
1909,STU0111,CS101,Intro to Programming,Spring,2025,1.32,3
1910,STU0112,EN101,Engineering Drawing,Fall,2023,1.55,3
1911,STU0112,EN201,Circuit Analysis,Fall,2023,1.6,4
1912,STU0112,EN301,Control Systems,Fall,2023,2.26,3
1913,STU0112,EN201,Circuit Analysis,Spring,2023,1.18,3
1914,STU0112,EN101,Engineering Drawing,Spring,2023,1.63,3
1915,STU0112,EN101,Engineering Drawing,Fall,2024,1.96,4
1916,STU0112,EN201,Circuit Analysis,Fall,2024,1.17,4
1917,STU0112,EN301,Control Systems,Spring,2024,1.99,3
1918,STU0112,EN201,Circuit Analysis,Spring,2024,1.29,4
1919,STU0112,EN101,Engineering Drawing,Spring,2024,1.31,4
1920,STU0112,EN301,Control Systems,Fall,2025,1.04,3
1921,STU0112,EN101,Engineering Drawing,Fall,2025,2.07,3
1922,STU0112,EN201,Circuit Analysis,Fall,2025,1.63,4
1923,STU0112,EN301,Control Systems,Spring,2025,2.15,3
1924,STU0112,EN201,Circuit Analysis,Spring,2025,2.11,4
1925,STU0113,BU401,Management,Fall,2023,2.4,4
1926,STU0113,BU101,Accounting,Fall,2023,1.56,4
1927,STU0113,BU201,Marketing,Fall,2023,1.95,3
1928,STU0113,BU301,Finance,Fall,2023,1.61,3
1929,STU0113,BU401,Management,Spring,2023,2.14,3
1930,STU0113,BU201,Marketing,Spring,2023,2.29,3
1931,STU0113,BU101,Accounting,Spring,2023,1.38,3
1932,STU0113,BU301,Finance,Fall,2024,2.61,3
1933,STU0113,BU401,Management,Fall,2024,2.66,4
1934,STU0113,BU201,Marketing,Spring,2024,1.77,3
1935,STU0113,BU401,Management,Spring,2024,2.58,3
1936,STU0113,BU301,Finance,Spring,2024,2.26,4
1937,STU0113,BU101,Accounting,Spring,2024,1.51,3
1938,STU0113,BU401,Management,Fall,2025,1.24,3
1939,STU0113,BU101,Accounting,Fall,2025,1.94,3
1940,STU0113,BU301,Finance,Fall,2025,1.8,4
1941,STU0113,BU201,Marketing,Fall,2025,1.39,3
1942,STU0113,BU201,Marketing,Spring,2025,1.58,4
1943,STU0113,BU301,Finance,Spring,2025,1.59,3
1944,STU0113,BU101,Accounting,Spring,2025,1.12,4
1945,STU0114,MT301,Statistics,Fall,2023,2.97,3
1946,STU0114,MT401,Discrete Math,Fall,2023,3.65,4
1947,STU0114,MT301,Statistics,Spring,2023,3.13,4
1948,STU0114,MT101,Calculus I,Spring,2023,2.63,3
1949,STU0114,MT301,Statistics,Fall,2024,2.45,4
1950,STU0114,MT401,Discrete Math,Fall,2024,2.16,4
1951,STU0114,MT201,Linear Algebra,Spring,2024,2.81,4
1952,STU0114,MT101,Calculus I,Spring,2024,2.16,4
1953,STU0114,MT301,Statistics,Spring,2024,2.51,4
1954,STU0114,MT301,Statistics,Fall,2025,3.58,4
1955,STU0114,MT201,Linear Algebra,Fall,2025,2.32,4
1956,STU0114,MT401,Discrete Math,Fall,2025,3.2,4
1957,STU0114,MT201,Linear Algebra,Spring,2025,3.35,3
1958,STU0114,MT401,Discrete Math,Spring,2025,2.72,3
1959,STU0115,EN101,Engineering Drawing,Fall,2023,3.11,4
1960,STU0115,EN201,Circuit Analysis,Fall,2023,3.72,4
1961,STU0115,EN101,Engineering Drawing,Spring,2023,4.0,4
1962,STU0115,EN301,Control Systems,Spring,2023,3.24,4
1963,STU0115,EN201,Circuit Analysis,Fall,2024,4.0,4
1964,STU0115,EN101,Engineering Drawing,Fall,2024,3.85,4
1965,STU0115,EN301,Control Systems,Fall,2024,3.26,3
1966,STU0115,EN101,Engineering Drawing,Spring,2024,3.6,3
1967,STU0115,EN301,Control Systems,Spring,2024,4.0,3
1968,STU0115,EN301,Control Systems,Fall,2025,3.74,3
1969,STU0115,EN201,Circuit Analysis,Fall,2025,3.74,4
1970,STU0115,EN201,Circuit Analysis,Spring,2025,3.45,3
1971,STU0115,EN101,Engineering Drawing,Spring,2025,4.0,3
1972,STU0115,EN301,Control Systems,Spring,2025,3.45,3
1973,STU0116,CS201,Data Structures,Fall,2023,3.2,3
1974,STU0116,CS401,Machine Learning,Fall,2023,3.56,3
1975,STU0116,CS101,Intro to Programming,Fall,2023,2.74,3
1976,STU0116,CS101,Intro to Programming,Spring,2023,3.08,4
1977,STU0116,CS201,Data Structures,Spring,2023,4.0,3
1978,STU0116,CS101,Intro to Programming,Fall,2024,3.82,4
1979,STU0116,CS201,Data Structures,Fall,2024,3.09,4
1980,STU0116,CS501,Big Data,Fall,2024,3.56,3
1981,STU0116,CS301,Databases,Spring,2024,3.21,4
1982,STU0116,CS401,Machine Learning,Spring,2024,3.47,4
1983,STU0116,CS301,Databases,Fall,2025,2.89,4
1984,STU0116,CS501,Big Data,Fall,2025,3.58,3
1985,STU0116,CS101,Intro to Programming,Spring,2025,2.44,4
1986,STU0116,CS201,Data Structures,Spring,2025,2.78,4
1987,STU0116,CS501,Big Data,Spring,2025,2.89,3
1988,STU0117,EN101,Engineering Drawing,Fall,2023,3.24,4
1989,STU0117,EN201,Circuit Analysis,Fall,2023,2.84,3
1990,STU0117,EN301,Control Systems,Fall,2023,3.75,3
1991,STU0117,EN201,Circuit Analysis,Spring,2023,3.04,4
1992,STU0117,EN301,Control Systems,Spring,2023,3.0,4
1993,STU0117,EN101,Engineering Drawing,Spring,2023,2.8,3
1994,STU0117,EN301,Control Systems,Fall,2024,2.73,3
1995,STU0117,EN101,Engineering Drawing,Fall,2024,2.97,4
1996,STU0117,EN101,Engineering Drawing,Spring,2024,3.14,4
1997,STU0117,EN201,Circuit Analysis,Spring,2024,4.0,3
1998,STU0117,EN301,Control Systems,Fall,2025,2.86,4
1999,STU0117,EN101,Engineering Drawing,Fall,2025,3.54,4
2000,STU0117,EN201,Circuit Analysis,Fall,2025,4.0,4
2001,STU0117,EN201,Circuit Analysis,Spring,2025,2.77,4
2002,STU0117,EN101,Engineering Drawing,Spring,2025,3.5,3
2003,STU0117,EN301,Control Systems,Spring,2025,2.93,4
2004,STU0118,EN101,Engineering Drawing,Fall,2023,3.16,3
2005,STU0118,EN201,Circuit Analysis,Fall,2023,2.9,3
2006,STU0118,EN301,Control Systems,Fall,2023,2.82,4
2007,STU0118,EN301,Control Systems,Spring,2023,2.33,4
2008,STU0118,EN101,Engineering Drawing,Spring,2023,2.53,4
2009,STU0118,EN201,Circuit Analysis,Spring,2023,2.27,4
2010,STU0118,EN101,Engineering Drawing,Fall,2024,1.89,3
2011,STU0118,EN301,Control Systems,Fall,2024,2.58,3
2012,STU0118,EN201,Circuit Analysis,Spring,2024,2.99,4
2013,STU0118,EN301,Control Systems,Spring,2024,2.76,3
2014,STU0118,EN101,Engineering Drawing,Spring,2024,1.9,3
2015,STU0118,EN101,Engineering Drawing,Fall,2025,2.65,4
2016,STU0118,EN201,Circuit Analysis,Fall,2025,3.11,4
2017,STU0118,EN301,Control Systems,Fall,2025,3.03,3
2018,STU0118,EN101,Engineering Drawing,Spring,2025,1.63,4
2019,STU0118,EN301,Control Systems,Spring,2025,2.64,4
2020,STU0118,EN201,Circuit Analysis,Spring,2025,2.15,4
2021,STU0119,CS201,Data Structures,Fall,2023,1.48,3
2022,STU0119,CS401,Machine Learning,Fall,2023,1.96,3
2023,STU0119,CS301,Databases,Fall,2023,2.28,3
2024,STU0119,CS501,Big Data,Fall,2023,2.13,4
2025,STU0119,CS301,Databases,Spring,2023,1.82,3
2026,STU0119,CS101,Intro to Programming,Spring,2023,2.12,4
2027,STU0119,CS301,Databases,Fall,2024,1.48,3
2028,STU0119,CS201,Data Structures,Fall,2024,1.89,4
2029,STU0119,CS401,Machine Learning,Fall,2024,1.21,3
2030,STU0119,CS101,Intro to Programming,Fall,2024,2.13,4
2031,STU0119,CS201,Data Structures,Spring,2024,1.75,4
2032,STU0119,CS401,Machine Learning,Spring,2024,1.26,3
2033,STU0119,CS101,Intro to Programming,Spring,2024,1.26,4
2034,STU0119,CS201,Data Structures,Fall,2025,1.22,3
2035,STU0119,CS301,Databases,Fall,2025,2.27,3
2036,STU0119,CS101,Intro to Programming,Fall,2025,1.07,3
2037,STU0119,CS501,Big Data,Fall,2025,1.64,4
2038,STU0119,CS401,Machine Learning,Spring,2025,2.12,3
2039,STU0119,CS101,Intro to Programming,Spring,2025,1.93,4
2040,STU0119,CS301,Databases,Spring,2025,1.57,3
2041,STU0119,CS501,Big Data,Spring,2025,2.28,3
2042,STU0120,MT201,Linear Algebra,Fall,2023,2.96,3
2043,STU0120,MT101,Calculus I,Fall,2023,3.8,3
2044,STU0120,MT301,Statistics,Spring,2023,2.67,3
2045,STU0120,MT401,Discrete Math,Spring,2023,3.3,4
2046,STU0120,MT301,Statistics,Fall,2024,3.3,3
2047,STU0120,MT201,Linear Algebra,Fall,2024,2.62,4
2048,STU0120,MT101,Calculus I,Spring,2024,3.4,3
2049,STU0120,MT401,Discrete Math,Spring,2024,3.35,4
2050,STU0120,MT301,Statistics,Spring,2024,2.76,3
2051,STU0120,MT201,Linear Algebra,Spring,2024,2.57,4
2052,STU0120,MT201,Linear Algebra,Fall,2025,2.89,4
2053,STU0120,MT401,Discrete Math,Fall,2025,3.63,3
2054,STU0120,MT301,Statistics,Fall,2025,3.32,3
2055,STU0120,MT101,Calculus I,Spring,2025,3.1,4
2056,STU0120,MT201,Linear Algebra,Spring,2025,2.72,3
2057,STU0121,EN301,Control Systems,Fall,2023,2.07,4
2058,STU0121,EN101,Engineering Drawing,Fall,2023,2.75,4
2059,STU0121,EN301,Control Systems,Spring,2023,2.79,4
2060,STU0121,EN201,Circuit Analysis,Spring,2023,2.35,3
2061,STU0121,EN201,Circuit Analysis,Fall,2024,3.09,3
2062,STU0121,EN301,Control Systems,Fall,2024,3.05,3
2063,STU0121,EN101,Engineering Drawing,Fall,2024,3.03,3
2064,STU0121,EN101,Engineering Drawing,Spring,2024,2.94,4
2065,STU0121,EN201,Circuit Analysis,Spring,2024,3.09,3
2066,STU0121,EN301,Control Systems,Spring,2024,2.71,4
2067,STU0121,EN101,Engineering Drawing,Fall,2025,3.38,3
2068,STU0121,EN201,Circuit Analysis,Fall,2025,3.02,4
2069,STU0121,EN201,Circuit Analysis,Spring,2025,2.9,4
2070,STU0121,EN301,Control Systems,Spring,2025,2.75,4
2071,STU0121,EN101,Engineering Drawing,Spring,2025,2.01,3
2072,STU0122,PH201,Electromagnetism,Fall,2023,2.25,3
2073,STU0122,PH301,Thermodynamics,Fall,2023,2.02,4
2074,STU0122,PH101,Mechanics,Fall,2023,2.24,3
2075,STU0122,PH101,Mechanics,Spring,2023,1.4,3
2076,STU0122,PH301,Thermodynamics,Spring,2023,1.98,4
2077,STU0122,PH201,Electromagnetism,Spring,2023,2.93,3
2078,STU0122,PH201,Electromagnetism,Fall,2024,2.76,3
2079,STU0122,PH301,Thermodynamics,Fall,2024,1.87,3
2080,STU0122,PH201,Electromagnetism,Spring,2024,2.72,3
2081,STU0122,PH101,Mechanics,Spring,2024,2.6,3
2082,STU0122,PH301,Thermodynamics,Spring,2024,2.94,3
2083,STU0122,PH301,Thermodynamics,Fall,2025,1.99,3
2084,STU0122,PH101,Mechanics,Fall,2025,2.46,3
2085,STU0122,PH201,Electromagnetism,Fall,2025,2.16,3
2086,STU0122,PH101,Mechanics,Spring,2025,1.63,3
2087,STU0122,PH201,Electromagnetism,Spring,2025,1.52,4
2088,STU0123,MT201,Linear Algebra,Fall,2023,3.42,4
2089,STU0123,MT401,Discrete Math,Fall,2023,2.98,4
2090,STU0123,MT101,Calculus I,Spring,2023,2.48,3
2091,STU0123,MT201,Linear Algebra,Spring,2023,3.2,3
2092,STU0123,MT401,Discrete Math,Spring,2023,3.04,3
2093,STU0123,MT401,Discrete Math,Fall,2024,3.12,4
2094,STU0123,MT301,Statistics,Fall,2024,3.7,4
2095,STU0123,MT201,Linear Algebra,Fall,2024,3.36,4
2096,STU0123,MT301,Statistics,Spring,2024,3.06,3
2097,STU0123,MT101,Calculus I,Spring,2024,3.42,4
2098,STU0123,MT101,Calculus I,Fall,2025,3.55,3
2099,STU0123,MT401,Discrete Math,Fall,2025,3.54,4
2100,STU0123,MT201,Linear Algebra,Fall,2025,2.99,4
2101,STU0123,MT301,Statistics,Fall,2025,3.55,3
2102,STU0123,MT301,Statistics,Spring,2025,2.91,4
2103,STU0123,MT401,Discrete Math,Spring,2025,2.4,3
2104,STU0124,PH301,Thermodynamics,Fall,2023,3.21,3
2105,STU0124,PH201,Electromagnetism,Fall,2023,3.7,3
2106,STU0124,PH101,Mechanics,Fall,2023,3.17,3
2107,STU0124,PH101,Mechanics,Spring,2023,3.21,3
2108,STU0124,PH301,Thermodynamics,Spring,2023,4.0,3
2109,STU0124,PH201,Electromagnetism,Spring,2023,3.73,4
2110,STU0124,PH101,Mechanics,Fall,2024,2.98,4
2111,STU0124,PH201,Electromagnetism,Fall,2024,2.84,4
2112,STU0124,PH201,Electromagnetism,Spring,2024,4.0,4
2113,STU0124,PH101,Mechanics,Spring,2024,4.0,3
2114,STU0124,PH301,Thermodynamics,Spring,2024,3.36,3
2115,STU0124,PH101,Mechanics,Fall,2025,3.59,3
2116,STU0124,PH301,Thermodynamics,Fall,2025,3.29,3
2117,STU0124,PH201,Electromagnetism,Fall,2025,3.92,3
2118,STU0124,PH101,Mechanics,Spring,2025,4.0,3
2119,STU0124,PH301,Thermodynamics,Spring,2025,4.0,3
2120,STU0124,PH201,Electromagnetism,Spring,2025,4.0,4
2121,STU0125,BU201,Marketing,Fall,2023,3.27,4
2122,STU0125,BU401,Management,Fall,2023,2.75,4
2123,STU0125,BU301,Finance,Fall,2023,3.07,3
2124,STU0125,BU401,Management,Spring,2023,3.98,3
2125,STU0125,BU101,Accounting,Spring,2023,3.92,4
2126,STU0125,BU101,Accounting,Fall,2024,3.19,4
2127,STU0125,BU201,Marketing,Fall,2024,2.95,4
2128,STU0125,BU401,Management,Fall,2024,3.61,4
2129,STU0125,BU301,Finance,Fall,2024,2.83,3
2130,STU0125,BU401,Management,Spring,2024,3.91,4
2131,STU0125,BU201,Marketing,Spring,2024,3.73,3
2132,STU0125,BU301,Finance,Spring,2024,4.0,4
2133,STU0125,BU101,Accounting,Spring,2024,2.75,4
2134,STU0125,BU401,Management,Fall,2025,3.4,4
2135,STU0125,BU301,Finance,Fall,2025,3.29,4
2136,STU0125,BU101,Accounting,Fall,2025,3.5,4
2137,STU0125,BU101,Accounting,Spring,2025,3.81,3
2138,STU0125,BU301,Finance,Spring,2025,2.94,3
2139,STU0125,BU401,Management,Spring,2025,3.16,3
2140,STU0125,BU201,Marketing,Spring,2025,3.6,3
2141,STU0126,PH201,Electromagnetism,Fall,2023,1.8,4
2142,STU0126,PH301,Thermodynamics,Fall,2023,1.48,4
2143,STU0126,PH101,Mechanics,Spring,2023,1.9,4
2144,STU0126,PH301,Thermodynamics,Spring,2023,1.96,3
2145,STU0126,PH201,Electromagnetism,Fall,2024,1.28,4
2146,STU0126,PH101,Mechanics,Fall,2024,1.07,4
2147,STU0126,PH301,Thermodynamics,Fall,2024,0.91,4
2148,STU0126,PH301,Thermodynamics,Spring,2024,2.25,3
2149,STU0126,PH101,Mechanics,Spring,2024,1.75,4
2150,STU0126,PH101,Mechanics,Fall,2025,2.23,4
2151,STU0126,PH201,Electromagnetism,Fall,2025,1.99,4
2152,STU0126,PH301,Thermodynamics,Fall,2025,1.07,3
2153,STU0126,PH301,Thermodynamics,Spring,2025,1.16,3
2154,STU0126,PH201,Electromagnetism,Spring,2025,0.86,3
2155,STU0127,MT401,Discrete Math,Fall,2023,3.49,4
2156,STU0127,MT101,Calculus I,Fall,2023,3.48,3
2157,STU0127,MT201,Linear Algebra,Fall,2023,3.16,4
2158,STU0127,MT101,Calculus I,Spring,2023,3.52,4
2159,STU0127,MT401,Discrete Math,Spring,2023,2.64,4
2160,STU0127,MT201,Linear Algebra,Fall,2024,3.6,4
2161,STU0127,MT401,Discrete Math,Fall,2024,2.85,3
2162,STU0127,MT401,Discrete Math,Spring,2024,2.99,3
2163,STU0127,MT201,Linear Algebra,Spring,2024,2.21,3
2164,STU0127,MT301,Statistics,Spring,2024,2.61,4
2165,STU0127,MT101,Calculus I,Spring,2024,2.11,4
2166,STU0127,MT401,Discrete Math,Fall,2025,2.27,4
2167,STU0127,MT201,Linear Algebra,Fall,2025,2.51,3
2168,STU0127,MT201,Linear Algebra,Spring,2025,3.11,3
2169,STU0127,MT301,Statistics,Spring,2025,2.15,3
2170,STU0127,MT401,Discrete Math,Spring,2025,2.76,3
2171,STU0128,BU401,Management,Fall,2023,4.0,3
2172,STU0128,BU101,Accounting,Fall,2023,3.27,4
2173,STU0128,BU201,Marketing,Fall,2023,2.71,4
2174,STU0128,BU301,Finance,Fall,2023,3.48,3
2175,STU0128,BU401,Management,Spring,2023,3.34,4
2176,STU0128,BU301,Finance,Spring,2023,4.0,4
2177,STU0128,BU201,Marketing,Spring,2023,3.52,4
2178,STU0128,BU101,Accounting,Spring,2023,2.86,3
2179,STU0128,BU401,Management,Fall,2024,3.56,3
2180,STU0128,BU201,Marketing,Fall,2024,3.55,4
2181,STU0128,BU101,Accounting,Fall,2024,3.14,4
2182,STU0128,BU301,Finance,Spring,2024,3.97,3
2183,STU0128,BU401,Management,Spring,2024,2.82,3
2184,STU0128,BU101,Accounting,Spring,2024,3.67,4
2185,STU0128,BU201,Marketing,Spring,2024,2.85,3
2186,STU0128,BU401,Management,Fall,2025,4.0,3
2187,STU0128,BU301,Finance,Fall,2025,3.04,4
2188,STU0128,BU101,Accounting,Fall,2025,3.56,3
2189,STU0128,BU201,Marketing,Fall,2025,2.99,4
2190,STU0128,BU301,Finance,Spring,2025,3.34,4
2191,STU0128,BU201,Marketing,Spring,2025,2.69,4
2192,STU0129,PH301,Thermodynamics,Fall,2023,2.86,4
2193,STU0129,PH201,Electromagnetism,Fall,2023,2.92,4
2194,STU0129,PH101,Mechanics,Spring,2023,2.48,3
2195,STU0129,PH301,Thermodynamics,Spring,2023,2.68,4
2196,STU0129,PH201,Electromagnetism,Spring,2023,3.78,4
2197,STU0129,PH101,Mechanics,Fall,2024,3.32,4
2198,STU0129,PH201,Electromagnetism,Fall,2024,2.74,4
2199,STU0129,PH301,Thermodynamics,Fall,2024,3.76,4
2200,STU0129,PH301,Thermodynamics,Spring,2024,3.99,3
2201,STU0129,PH201,Electromagnetism,Spring,2024,3.07,4
2202,STU0129,PH101,Mechanics,Fall,2025,2.59,3
2203,STU0129,PH201,Electromagnetism,Fall,2025,3.24,4
2204,STU0129,PH301,Thermodynamics,Fall,2025,3.78,4
2205,STU0129,PH101,Mechanics,Spring,2025,2.58,3
2206,STU0129,PH201,Electromagnetism,Spring,2025,3.13,3
2207,STU0129,PH301,Thermodynamics,Spring,2025,2.47,3
2208,STU0130,EN201,Circuit Analysis,Fall,2023,3.65,4
2209,STU0130,EN101,Engineering Drawing,Fall,2023,2.38,3
2210,STU0130,EN301,Control Systems,Fall,2023,2.56,3
2211,STU0130,EN201,Circuit Analysis,Spring,2023,2.52,3
2212,STU0130,EN301,Control Systems,Spring,2023,3.08,3
2213,STU0130,EN101,Engineering Drawing,Spring,2023,2.26,3
2214,STU0130,EN101,Engineering Drawing,Fall,2024,2.5,3
2215,STU0130,EN201,Circuit Analysis,Fall,2024,2.23,4
2216,STU0130,EN101,Engineering Drawing,Spring,2024,2.87,3
2217,STU0130,EN201,Circuit Analysis,Spring,2024,2.74,4
2218,STU0130,EN301,Control Systems,Spring,2024,3.61,3
2219,STU0130,EN301,Control Systems,Fall,2025,2.68,4
2220,STU0130,EN201,Circuit Analysis,Fall,2025,3.09,4
2221,STU0130,EN101,Engineering Drawing,Spring,2025,2.1,3
2222,STU0130,EN201,Circuit Analysis,Spring,2025,3.14,3
2223,STU0131,BU301,Finance,Fall,2023,3.23,3
2224,STU0131,BU201,Marketing,Fall,2023,2.71,4
2225,STU0131,BU201,Marketing,Spring,2023,2.51,3
2226,STU0131,BU301,Finance,Spring,2023,3.29,3
2227,STU0131,BU301,Finance,Fall,2024,3.9,3
2228,STU0131,BU101,Accounting,Fall,2024,2.98,3
2229,STU0131,BU201,Marketing,Spring,2024,2.9,3
2230,STU0131,BU401,Management,Spring,2024,3.99,4
2231,STU0131,BU301,Finance,Fall,2025,3.28,4
2232,STU0131,BU201,Marketing,Fall,2025,3.94,4
2233,STU0131,BU401,Management,Fall,2025,2.74,4
2234,STU0131,BU101,Accounting,Fall,2025,4.0,3
2235,STU0131,BU301,Finance,Spring,2025,3.15,4
2236,STU0131,BU101,Accounting,Spring,2025,3.14,4
2237,STU0131,BU401,Management,Spring,2025,3.77,3
2238,STU0131,BU201,Marketing,Spring,2025,3.43,4
2239,STU0132,PH301,Thermodynamics,Fall,2023,1.6,3
2240,STU0132,PH201,Electromagnetism,Fall,2023,1.72,3
2241,STU0132,PH201,Electromagnetism,Spring,2023,1.97,4
2242,STU0132,PH301,Thermodynamics,Spring,2023,1.64,3
2243,STU0132,PH101,Mechanics,Spring,2023,1.29,4
2244,STU0132,PH101,Mechanics,Fall,2024,1.12,4
2245,STU0132,PH201,Electromagnetism,Fall,2024,1.6,4
2246,STU0132,PH301,Thermodynamics,Fall,2024,1.2,4
2247,STU0132,PH101,Mechanics,Spring,2024,1.74,4
2248,STU0132,PH201,Electromagnetism,Spring,2024,2.44,3
2249,STU0132,PH301,Thermodynamics,Spring,2024,1.62,3
2250,STU0132,PH101,Mechanics,Fall,2025,2.15,3
2251,STU0132,PH301,Thermodynamics,Fall,2025,1.92,4
2252,STU0132,PH201,Electromagnetism,Fall,2025,2.09,4
2253,STU0132,PH201,Electromagnetism,Spring,2025,1.08,4
2254,STU0132,PH101,Mechanics,Spring,2025,1.8,4
2255,STU0132,PH301,Thermodynamics,Spring,2025,1.67,3
2256,STU0133,EN101,Engineering Drawing,Fall,2023,1.62,3
2257,STU0133,EN201,Circuit Analysis,Fall,2023,1.7,3
2258,STU0133,EN301,Control Systems,Fall,2023,2.7,4
2259,STU0133,EN201,Circuit Analysis,Spring,2023,2.67,3
2260,STU0133,EN101,Engineering Drawing,Spring,2023,1.78,3
2261,STU0133,EN201,Circuit Analysis,Fall,2024,2.57,4
2262,STU0133,EN101,Engineering Drawing,Fall,2024,2.4,4
2263,STU0133,EN201,Circuit Analysis,Spring,2024,2.13,4
2264,STU0133,EN301,Control Systems,Spring,2024,2.03,3
2265,STU0133,EN101,Engineering Drawing,Spring,2024,1.87,4
2266,STU0133,EN301,Control Systems,Fall,2025,2.74,3
2267,STU0133,EN101,Engineering Drawing,Fall,2025,1.29,3
2268,STU0133,EN201,Circuit Analysis,Fall,2025,2.56,3
2269,STU0133,EN201,Circuit Analysis,Spring,2025,1.6,3
2270,STU0133,EN301,Control Systems,Spring,2025,1.55,4
2271,STU0134,PH101,Mechanics,Fall,2023,4.0,3
2272,STU0134,PH301,Thermodynamics,Fall,2023,2.96,4
2273,STU0134,PH201,Electromagnetism,Fall,2023,2.9,4
2274,STU0134,PH301,Thermodynamics,Spring,2023,3.9,3
2275,STU0134,PH201,Electromagnetism,Spring,2023,3.71,3
2276,STU0134,PH101,Mechanics,Spring,2023,2.98,3
2277,STU0134,PH201,Electromagnetism,Fall,2024,3.61,3
2278,STU0134,PH301,Thermodynamics,Fall,2024,3.7,4
2279,STU0134,PH101,Mechanics,Fall,2024,4.0,4
2280,STU0134,PH201,Electromagnetism,Spring,2024,3.2,4
2281,STU0134,PH101,Mechanics,Spring,2024,3.92,4
2282,STU0134,PH301,Thermodynamics,Spring,2024,3.67,3
2283,STU0134,PH301,Thermodynamics,Fall,2025,2.9,4
2284,STU0134,PH101,Mechanics,Fall,2025,2.88,3
2285,STU0134,PH201,Electromagnetism,Fall,2025,3.85,4
2286,STU0134,PH101,Mechanics,Spring,2025,3.32,4
2287,STU0134,PH201,Electromagnetism,Spring,2025,4.0,4
2288,STU0134,PH301,Thermodynamics,Spring,2025,3.91,3
2289,STU0135,MT101,Calculus I,Fall,2023,2.08,4
2290,STU0135,MT401,Discrete Math,Fall,2023,2.85,3
2291,STU0135,MT301,Statistics,Fall,2023,2.71,3
2292,STU0135,MT201,Linear Algebra,Fall,2023,1.57,4
2293,STU0135,MT301,Statistics,Spring,2023,2.5,3
2294,STU0135,MT401,Discrete Math,Spring,2023,2.2,3
2295,STU0135,MT101,Calculus I,Fall,2024,1.76,3
2296,STU0135,MT401,Discrete Math,Fall,2024,2.22,4
2297,STU0135,MT301,Statistics,Fall,2024,2.02,3
2298,STU0135,MT201,Linear Algebra,Fall,2024,2.94,3
2299,STU0135,MT401,Discrete Math,Spring,2024,2.1,4
2300,STU0135,MT101,Calculus I,Spring,2024,2.27,3
2301,STU0135,MT301,Statistics,Spring,2024,2.17,4
2302,STU0135,MT101,Calculus I,Fall,2025,2.07,4
2303,STU0135,MT301,Statistics,Fall,2025,1.77,3
2304,STU0135,MT201,Linear Algebra,Spring,2025,2.31,4
2305,STU0135,MT301,Statistics,Spring,2025,2.29,3
2306,STU0135,MT401,Discrete Math,Spring,2025,2.55,3
2307,STU0136,PH101,Mechanics,Fall,2023,2.17,3
2308,STU0136,PH301,Thermodynamics,Fall,2023,3.0,3
2309,STU0136,PH301,Thermodynamics,Spring,2023,2.52,4
2310,STU0136,PH101,Mechanics,Spring,2023,2.71,3
2311,STU0136,PH301,Thermodynamics,Fall,2024,2.87,3
2312,STU0136,PH201,Electromagnetism,Fall,2024,3.34,4
2313,STU0136,PH201,Electromagnetism,Spring,2024,2.23,4
2314,STU0136,PH301,Thermodynamics,Spring,2024,3.26,3
2315,STU0136,PH101,Mechanics,Spring,2024,2.35,3
2316,STU0136,PH101,Mechanics,Fall,2025,3.52,3
2317,STU0136,PH201,Electromagnetism,Fall,2025,3.62,4
2318,STU0136,PH201,Electromagnetism,Spring,2025,3.64,3
2319,STU0136,PH101,Mechanics,Spring,2025,2.35,3
2320,STU0136,PH301,Thermodynamics,Spring,2025,3.03,4
2321,STU0137,BU101,Accounting,Fall,2023,2.32,3
2322,STU0137,BU201,Marketing,Fall,2023,3.05,4
2323,STU0137,BU401,Management,Fall,2023,3.48,3
2324,STU0137,BU301,Finance,Fall,2023,3.35,3
2325,STU0137,BU301,Finance,Spring,2023,2.68,4
2326,STU0137,BU401,Management,Spring,2023,3.32,4
2327,STU0137,BU401,Management,Fall,2024,2.16,4
2328,STU0137,BU201,Marketing,Fall,2024,2.62,4
2329,STU0137,BU301,Finance,Fall,2024,3.57,4
2330,STU0137,BU101,Accounting,Fall,2024,2.32,3
2331,STU0137,BU401,Management,Spring,2024,3.19,3
2332,STU0137,BU101,Accounting,Spring,2024,2.71,3
2333,STU0137,BU401,Management,Fall,2025,2.47,3
2334,STU0137,BU201,Marketing,Fall,2025,2.45,4
2335,STU0137,BU101,Accounting,Spring,2025,2.56,4
2336,STU0137,BU201,Marketing,Spring,2025,3.56,4
2337,STU0137,BU301,Finance,Spring,2025,3.08,4
2338,STU0137,BU401,Management,Spring,2025,2.63,3
2339,STU0138,BU301,Finance,Fall,2023,2.43,4
2340,STU0138,BU401,Management,Fall,2023,1.62,3
2341,STU0138,BU101,Accounting,Fall,2023,1.96,3
2342,STU0138,BU201,Marketing,Fall,2023,1.91,3
2343,STU0138,BU301,Finance,Spring,2023,1.94,3
2344,STU0138,BU401,Management,Spring,2023,2.44,3
2345,STU0138,BU101,Accounting,Spring,2023,1.89,3
2346,STU0138,BU201,Marketing,Spring,2023,1.61,3
2347,STU0138,BU401,Management,Fall,2024,1.17,4
2348,STU0138,BU201,Marketing,Fall,2024,2.22,3
2349,STU0138,BU301,Finance,Spring,2024,1.72,4
2350,STU0138,BU101,Accounting,Spring,2024,2.42,3
2351,STU0138,BU301,Finance,Fall,2025,2.75,3
2352,STU0138,BU101,Accounting,Fall,2025,1.85,3
2353,STU0138,BU201,Marketing,Spring,2025,2.65,3
2354,STU0138,BU101,Accounting,Spring,2025,2.46,4
2355,STU0138,BU401,Management,Spring,2025,1.84,3
2356,STU0139,CS301,Databases,Fall,2023,2.83,4
2357,STU0139,CS501,Big Data,Fall,2023,3.22,3
2358,STU0139,CS101,Intro to Programming,Fall,2023,3.02,3
2359,STU0139,CS201,Data Structures,Spring,2023,2.25,4
2360,STU0139,CS401,Machine Learning,Spring,2023,2.07,4
2361,STU0139,CS301,Databases,Spring,2023,2.8,4
2362,STU0139,CS101,Intro to Programming,Fall,2024,2.64,4
2363,STU0139,CS201,Data Structures,Fall,2024,2.74,4
2364,STU0139,CS301,Databases,Fall,2024,2.68,4
2365,STU0139,CS401,Machine Learning,Spring,2024,1.97,3
2366,STU0139,CS501,Big Data,Spring,2024,3.46,4
2367,STU0139,CS201,Data Structures,Spring,2024,2.07,3
2368,STU0139,CS301,Databases,Fall,2025,2.13,4
2369,STU0139,CS201,Data Structures,Fall,2025,2.02,4
2370,STU0139,CS501,Big Data,Fall,2025,2.13,3
2371,STU0139,CS401,Machine Learning,Fall,2025,2.67,4
2372,STU0139,CS101,Intro to Programming,Spring,2025,2.36,3
2373,STU0139,CS501,Big Data,Spring,2025,2.46,3
2374,STU0140,MT401,Discrete Math,Fall,2023,4.0,3
2375,STU0140,MT301,Statistics,Fall,2023,4.0,3
2376,STU0140,MT201,Linear Algebra,Fall,2023,4.0,3
2377,STU0140,MT401,Discrete Math,Spring,2023,3.55,4
2378,STU0140,MT101,Calculus I,Spring,2023,4.0,3
2379,STU0140,MT301,Statistics,Spring,2023,4.0,3
2380,STU0140,MT201,Linear Algebra,Spring,2023,3.25,3
2381,STU0140,MT101,Calculus I,Fall,2024,3.22,3
2382,STU0140,MT301,Statistics,Fall,2024,3.24,3
2383,STU0140,MT401,Discrete Math,Spring,2024,3.55,4
2384,STU0140,MT201,Linear Algebra,Spring,2024,4.0,3
2385,STU0140,MT101,Calculus I,Spring,2024,4.0,4
2386,STU0140,MT301,Statistics,Spring,2024,4.0,4
2387,STU0140,MT101,Calculus I,Fall,2025,3.37,3
2388,STU0140,MT201,Linear Algebra,Fall,2025,3.34,3
2389,STU0140,MT401,Discrete Math,Fall,2025,3.83,4
2390,STU0140,MT301,Statistics,Fall,2025,3.53,3
2391,STU0140,MT401,Discrete Math,Spring,2025,3.69,3
2392,STU0140,MT201,Linear Algebra,Spring,2025,3.81,4
2393,STU0140,MT301,Statistics,Spring,2025,3.31,4
2394,STU0140,MT101,Calculus I,Spring,2025,3.8,4
2395,STU0141,MT301,Statistics,Fall,2023,3.64,4
2396,STU0141,MT101,Calculus I,Fall,2023,2.68,4
2397,STU0141,MT401,Discrete Math,Spring,2023,3.34,3
2398,STU0141,MT301,Statistics,Spring,2023,4.0,4
2399,STU0141,MT201,Linear Algebra,Fall,2024,2.89,3
2400,STU0141,MT401,Discrete Math,Fall,2024,3.17,4
2401,STU0141,MT301,Statistics,Fall,2024,3.35,3
2402,STU0141,MT101,Calculus I,Fall,2024,3.06,4
2403,STU0141,MT101,Calculus I,Spring,2024,3.21,4
2404,STU0141,MT301,Statistics,Spring,2024,3.58,3
2405,STU0141,MT201,Linear Algebra,Spring,2024,3.53,4
2406,STU0141,MT301,Statistics,Fall,2025,4.0,4
2407,STU0141,MT401,Discrete Math,Fall,2025,3.55,4
2408,STU0141,MT101,Calculus I,Spring,2025,3.97,3
2409,STU0141,MT401,Discrete Math,Spring,2025,2.98,3
2410,STU0142,EN301,Control Systems,Fall,2023,4.0,3
2411,STU0142,EN201,Circuit Analysis,Fall,2023,3.14,3
2412,STU0142,EN101,Engineering Drawing,Fall,2023,4.0,4
2413,STU0142,EN101,Engineering Drawing,Spring,2023,3.15,3
2414,STU0142,EN301,Control Systems,Spring,2023,3.68,4
2415,STU0142,EN201,Circuit Analysis,Spring,2023,3.94,3
2416,STU0142,EN201,Circuit Analysis,Fall,2024,4.0,4
2417,STU0142,EN101,Engineering Drawing,Fall,2024,3.18,3
2418,STU0142,EN201,Circuit Analysis,Spring,2024,3.67,4
2419,STU0142,EN301,Control Systems,Spring,2024,3.33,3
2420,STU0142,EN301,Control Systems,Fall,2025,3.9,3
2421,STU0142,EN101,Engineering Drawing,Fall,2025,3.3,3
2422,STU0142,EN201,Circuit Analysis,Fall,2025,4.0,4
2423,STU0142,EN301,Control Systems,Spring,2025,3.27,4
2424,STU0142,EN101,Engineering Drawing,Spring,2025,3.27,3
2425,STU0142,EN201,Circuit Analysis,Spring,2025,3.88,4
2426,STU0143,EN201,Circuit Analysis,Fall,2023,3.4,4
2427,STU0143,EN301,Control Systems,Fall,2023,2.8,4
2428,STU0143,EN101,Engineering Drawing,Fall,2023,3.52,3
2429,STU0143,EN301,Control Systems,Spring,2023,2.28,4
2430,STU0143,EN201,Circuit Analysis,Spring,2023,2.49,4
2431,STU0143,EN101,Engineering Drawing,Fall,2024,3.6,4
2432,STU0143,EN201,Circuit Analysis,Fall,2024,2.74,4
2433,STU0143,EN101,Engineering Drawing,Spring,2024,2.24,3
2434,STU0143,EN201,Circuit Analysis,Spring,2024,3.49,4
2435,STU0143,EN301,Control Systems,Fall,2025,3.05,4
2436,STU0143,EN101,Engineering Drawing,Fall,2025,3.17,3
2437,STU0143,EN201,Circuit Analysis,Fall,2025,2.66,4
2438,STU0143,EN201,Circuit Analysis,Spring,2025,2.34,4
2439,STU0143,EN101,Engineering Drawing,Spring,2025,3.6,3
2440,STU0144,EN201,Circuit Analysis,Fall,2023,3.55,3
2441,STU0144,EN101,Engineering Drawing,Fall,2023,2.81,3
2442,STU0144,EN301,Control Systems,Spring,2023,3.77,4
2443,STU0144,EN101,Engineering Drawing,Spring,2023,3.42,3
2444,STU0144,EN201,Circuit Analysis,Spring,2023,2.32,3
2445,STU0144,EN201,Circuit Analysis,Fall,2024,2.75,3
2446,STU0144,EN301,Control Systems,Fall,2024,2.29,3
2447,STU0144,EN101,Engineering Drawing,Fall,2024,2.3,3
2448,STU0144,EN301,Control Systems,Spring,2024,3.14,3
2449,STU0144,EN201,Circuit Analysis,Spring,2024,2.88,4
2450,STU0144,EN101,Engineering Drawing,Spring,2024,3.37,4
2451,STU0144,EN201,Circuit Analysis,Fall,2025,2.96,4
2452,STU0144,EN101,Engineering Drawing,Fall,2025,2.82,4
2453,STU0144,EN301,Control Systems,Fall,2025,2.96,3
2454,STU0144,EN101,Engineering Drawing,Spring,2025,3.2,3
2455,STU0144,EN301,Control Systems,Spring,2025,2.92,3
2456,STU0145,CS201,Data Structures,Fall,2023,1.25,3
2457,STU0145,CS101,Intro to Programming,Fall,2023,1.83,4
2458,STU0145,CS301,Databases,Spring,2023,2.09,3
2459,STU0145,CS501,Big Data,Spring,2023,2.73,3
2460,STU0145,CS401,Machine Learning,Fall,2024,2.18,3
2461,STU0145,CS501,Big Data,Fall,2024,1.53,3
2462,STU0145,CS301,Databases,Fall,2024,1.92,4
2463,STU0145,CS101,Intro to Programming,Fall,2024,2.57,3
2464,STU0145,CS301,Databases,Spring,2024,1.6,3
2465,STU0145,CS501,Big Data,Spring,2024,1.97,4
2466,STU0145,CS401,Machine Learning,Spring,2024,1.64,3
2467,STU0145,CS301,Databases,Fall,2025,2.26,4
2468,STU0145,CS401,Machine Learning,Fall,2025,1.58,3
2469,STU0145,CS501,Big Data,Spring,2025,1.62,3
2470,STU0145,CS201,Data Structures,Spring,2025,1.33,3
2471,STU0146,BU201,Marketing,Fall,2023,2.57,4
2472,STU0146,BU301,Finance,Fall,2023,3.39,3
2473,STU0146,BU101,Accounting,Spring,2023,2.81,4
2474,STU0146,BU201,Marketing,Spring,2023,3.19,3
2475,STU0146,BU301,Finance,Spring,2023,1.97,4
2476,STU0146,BU101,Accounting,Fall,2024,2.58,3
2477,STU0146,BU201,Marketing,Fall,2024,2.2,3
2478,STU0146,BU301,Finance,Fall,2024,2.93,3
2479,STU0146,BU301,Finance,Spring,2024,3.33,4
2480,STU0146,BU101,Accounting,Spring,2024,3.35,4
2481,STU0146,BU201,Marketing,Spring,2024,3.17,3
2482,STU0146,BU401,Management,Spring,2024,3.08,4
2483,STU0146,BU401,Management,Fall,2025,2.76,4
2484,STU0146,BU201,Marketing,Fall,2025,3.24,4
2485,STU0146,BU101,Accounting,Fall,2025,2.55,4
2486,STU0146,BU301,Finance,Fall,2025,2.13,4
2487,STU0146,BU201,Marketing,Spring,2025,2.32,4
2488,STU0146,BU101,Accounting,Spring,2025,2.01,3
2489,STU0146,BU301,Finance,Spring,2025,3.1,4
2490,STU0147,MT401,Discrete Math,Fall,2023,3.04,4
2491,STU0147,MT101,Calculus I,Fall,2023,3.71,3
2492,STU0147,MT201,Linear Algebra,Fall,2023,2.66,4
2493,STU0147,MT201,Linear Algebra,Spring,2023,2.49,3
2494,STU0147,MT401,Discrete Math,Spring,2023,3.21,4
2495,STU0147,MT301,Statistics,Spring,2023,3.23,3
2496,STU0147,MT101,Calculus I,Fall,2024,2.9,4
2497,STU0147,MT301,Statistics,Fall,2024,3.99,4
2498,STU0147,MT401,Discrete Math,Fall,2024,2.75,4
2499,STU0147,MT401,Discrete Math,Spring,2024,3.47,3
2500,STU0147,MT101,Calculus I,Spring,2024,3.85,3
2501,STU0147,MT301,Statistics,Spring,2024,2.83,3
2502,STU0147,MT401,Discrete Math,Fall,2025,2.97,3
2503,STU0147,MT301,Statistics,Fall,2025,2.56,4
2504,STU0147,MT101,Calculus I,Spring,2025,3.32,3
2505,STU0147,MT301,Statistics,Spring,2025,3.42,4
2506,STU0147,MT201,Linear Algebra,Spring,2025,2.63,4
2507,STU0148,CS501,Big Data,Fall,2023,3.05,4
2508,STU0148,CS101,Intro to Programming,Fall,2023,3.58,4
2509,STU0148,CS401,Machine Learning,Spring,2023,2.9,4
2510,STU0148,CS301,Databases,Spring,2023,3.64,4
2511,STU0148,CS401,Machine Learning,Fall,2024,4.0,4
2512,STU0148,CS301,Databases,Fall,2024,3.67,3
2513,STU0148,CS201,Data Structures,Fall,2024,3.26,4
2514,STU0148,CS501,Big Data,Spring,2024,2.84,3
2515,STU0148,CS101,Intro to Programming,Spring,2024,3.96,4
2516,STU0148,CS401,Machine Learning,Fall,2025,3.72,3
2517,STU0148,CS101,Intro to Programming,Fall,2025,3.28,3
2518,STU0148,CS201,Data Structures,Spring,2025,3.53,3
2519,STU0148,CS401,Machine Learning,Spring,2025,4.0,3
2520,STU0149,BU401,Management,Fall,2023,1.69,4
2521,STU0149,BU301,Finance,Fall,2023,2.72,4
2522,STU0149,BU201,Marketing,Fall,2023,1.65,4
2523,STU0149,BU101,Accounting,Fall,2023,1.63,4
2524,STU0149,BU101,Accounting,Spring,2023,2.43,4
2525,STU0149,BU301,Finance,Spring,2023,1.84,4
2526,STU0149,BU401,Management,Spring,2023,2.16,3
2527,STU0149,BU201,Marketing,Spring,2023,2.72,4
2528,STU0149,BU201,Marketing,Fall,2024,2.17,3
2529,STU0149,BU401,Management,Fall,2024,2.74,3
2530,STU0149,BU301,Finance,Fall,2024,2.5,4
2531,STU0149,BU101,Accounting,Fall,2024,2.34,3
2532,STU0149,BU301,Finance,Spring,2024,1.45,4
2533,STU0149,BU201,Marketing,Spring,2024,1.93,3
2534,STU0149,BU401,Management,Spring,2024,2.18,3
2535,STU0149,BU101,Accounting,Spring,2024,2.7,4
2536,STU0149,BU201,Marketing,Fall,2025,1.93,4
2537,STU0149,BU101,Accounting,Fall,2025,2.45,3
2538,STU0149,BU401,Management,Spring,2025,2.36,3
2539,STU0149,BU101,Accounting,Spring,2025,1.47,4
2540,STU0150,PH201,Electromagnetism,Fall,2023,1.97,3
2541,STU0150,PH101,Mechanics,Fall,2023,1.99,3
2542,STU0150,PH301,Thermodynamics,Fall,2023,1.39,4
2543,STU0150,PH301,Thermodynamics,Spring,2023,0.97,4
2544,STU0150,PH101,Mechanics,Spring,2023,2.37,4
2545,STU0150,PH201,Electromagnetism,Spring,2023,1.86,4
2546,STU0150,PH201,Electromagnetism,Fall,2024,2.01,3
2547,STU0150,PH101,Mechanics,Fall,2024,1.09,3
2548,STU0150,PH301,Thermodynamics,Fall,2024,1.8,4
2549,STU0150,PH301,Thermodynamics,Spring,2024,1.36,3
2550,STU0150,PH201,Electromagnetism,Spring,2024,1.66,4
2551,STU0150,PH101,Mechanics,Spring,2024,2.36,3
2552,STU0150,PH201,Electromagnetism,Fall,2025,1.4,4
2553,STU0150,PH301,Thermodynamics,Fall,2025,1.31,4
2554,STU0150,PH101,Mechanics,Spring,2025,2.15,3
2555,STU0150,PH301,Thermodynamics,Spring,2025,1.54,4
2556,STU0150,PH201,Electromagnetism,Spring,2025,1.77,4
2557,STU0151,BU301,Finance,Fall,2023,2.68,4
2558,STU0151,BU201,Marketing,Fall,2023,2.86,4
2559,STU0151,BU201,Marketing,Spring,2023,3.92,4
2560,STU0151,BU401,Management,Spring,2023,4.0,3
2561,STU0151,BU301,Finance,Fall,2024,2.57,3
2562,STU0151,BU101,Accounting,Fall,2024,2.46,3
2563,STU0151,BU201,Marketing,Spring,2024,3.01,4
2564,STU0151,BU101,Accounting,Spring,2024,3.93,4
2565,STU0151,BU401,Management,Spring,2024,3.59,3
2566,STU0151,BU301,Finance,Spring,2024,3.75,4
2567,STU0151,BU101,Accounting,Fall,2025,3.84,4
2568,STU0151,BU201,Marketing,Fall,2025,2.84,3
2569,STU0151,BU101,Accounting,Spring,2025,3.61,3
2570,STU0151,BU201,Marketing,Spring,2025,3.58,4
2571,STU0151,BU401,Management,Spring,2025,2.67,4
2572,STU0152,PH201,Electromagnetism,Fall,2023,2.33,3
2573,STU0152,PH101,Mechanics,Fall,2023,1.59,4
2574,STU0152,PH301,Thermodynamics,Fall,2023,1.2,3
2575,STU0152,PH301,Thermodynamics,Spring,2023,1.12,4
2576,STU0152,PH101,Mechanics,Spring,2023,2.3,3
2577,STU0152,PH201,Electromagnetism,Spring,2023,1.98,4
2578,STU0152,PH101,Mechanics,Fall,2024,2.07,4
2579,STU0152,PH201,Electromagnetism,Fall,2024,1.11,3
2580,STU0152,PH301,Thermodynamics,Fall,2024,2.42,3
2581,STU0152,PH201,Electromagnetism,Spring,2024,1.69,3
2582,STU0152,PH101,Mechanics,Spring,2024,2.04,3
2583,STU0152,PH301,Thermodynamics,Fall,2025,1.91,3
2584,STU0152,PH201,Electromagnetism,Fall,2025,1.92,4
2585,STU0152,PH101,Mechanics,Fall,2025,1.75,3
2586,STU0152,PH101,Mechanics,Spring,2025,1.68,4
2587,STU0152,PH201,Electromagnetism,Spring,2025,1.86,4
2588,STU0152,PH301,Thermodynamics,Spring,2025,1.37,3
2589,STU0153,PH201,Electromagnetism,Fall,2023,2.48,4
2590,STU0153,PH301,Thermodynamics,Fall,2023,1.33,4
2591,STU0153,PH101,Mechanics,Spring,2023,2.46,3
2592,STU0153,PH201,Electromagnetism,Spring,2023,1.49,4
2593,STU0153,PH101,Mechanics,Fall,2024,1.89,3
2594,STU0153,PH201,Electromagnetism,Fall,2024,0.98,4
2595,STU0153,PH301,Thermodynamics,Fall,2024,1.74,4
2596,STU0153,PH301,Thermodynamics,Spring,2024,1.35,4
2597,STU0153,PH201,Electromagnetism,Spring,2024,1.59,4
2598,STU0153,PH201,Electromagnetism,Fall,2025,1.36,3
2599,STU0153,PH301,Thermodynamics,Fall,2025,1.47,3
2600,STU0153,PH101,Mechanics,Fall,2025,1.42,4
2601,STU0153,PH301,Thermodynamics,Spring,2025,1.79,3
2602,STU0153,PH101,Mechanics,Spring,2025,2.45,4
2603,STU0154,PH301,Thermodynamics,Fall,2023,3.4,3
2604,STU0154,PH101,Mechanics,Fall,2023,3.16,3
2605,STU0154,PH201,Electromagnetism,Spring,2023,2.93,3
2606,STU0154,PH301,Thermodynamics,Spring,2023,2.46,3
2607,STU0154,PH101,Mechanics,Spring,2023,3.46,4
2608,STU0154,PH101,Mechanics,Fall,2024,3.34,4
2609,STU0154,PH201,Electromagnetism,Fall,2024,2.54,3
2610,STU0154,PH301,Thermodynamics,Fall,2024,3.38,3
2611,STU0154,PH301,Thermodynamics,Spring,2024,2.68,4
2612,STU0154,PH101,Mechanics,Spring,2024,1.95,4
2613,STU0154,PH101,Mechanics,Fall,2025,1.93,3
2614,STU0154,PH301,Thermodynamics,Fall,2025,3.18,4
2615,STU0154,PH201,Electromagnetism,Fall,2025,2.93,3
2616,STU0154,PH201,Electromagnetism,Spring,2025,2.0,4
2617,STU0154,PH101,Mechanics,Spring,2025,1.91,3
2618,STU0154,PH301,Thermodynamics,Spring,2025,2.03,4
2619,STU0155,PH301,Thermodynamics,Fall,2023,3.05,4
2620,STU0155,PH201,Electromagnetism,Fall,2023,2.61,3
2621,STU0155,PH201,Electromagnetism,Spring,2023,1.95,4
2622,STU0155,PH301,Thermodynamics,Spring,2023,2.39,4
2623,STU0155,PH101,Mechanics,Spring,2023,1.94,4
2624,STU0155,PH201,Electromagnetism,Fall,2024,3.24,3
2625,STU0155,PH301,Thermodynamics,Fall,2024,2.4,4
2626,STU0155,PH101,Mechanics,Fall,2024,2.95,4
2627,STU0155,PH301,Thermodynamics,Spring,2024,2.15,3
2628,STU0155,PH101,Mechanics,Spring,2024,2.43,3
2629,STU0155,PH201,Electromagnetism,Spring,2024,2.51,4
2630,STU0155,PH101,Mechanics,Fall,2025,2.02,3
2631,STU0155,PH201,Electromagnetism,Fall,2025,1.94,3
2632,STU0155,PH301,Thermodynamics,Fall,2025,2.12,4
2633,STU0155,PH101,Mechanics,Spring,2025,2.44,4
2634,STU0155,PH301,Thermodynamics,Spring,2025,2.63,3
2635,STU0155,PH201,Electromagnetism,Spring,2025,1.88,4
2636,STU0156,CS401,Machine Learning,Fall,2023,2.26,3
2637,STU0156,CS301,Databases,Fall,2023,1.78,4
2638,STU0156,CS501,Big Data,Fall,2023,3.11,4
2639,STU0156,CS201,Data Structures,Spring,2023,2.22,3
2640,STU0156,CS401,Machine Learning,Spring,2023,2.23,4
2641,STU0156,CS301,Databases,Spring,2023,2.54,3
2642,STU0156,CS501,Big Data,Spring,2023,3.19,4
2643,STU0156,CS101,Intro to Programming,Fall,2024,1.98,3
2644,STU0156,CS401,Machine Learning,Fall,2024,1.99,4
2645,STU0156,CS501,Big Data,Fall,2024,3.11,3
2646,STU0156,CS301,Databases,Fall,2024,1.78,4
2647,STU0156,CS201,Data Structures,Spring,2024,2.92,4
2648,STU0156,CS401,Machine Learning,Spring,2024,2.36,4
2649,STU0156,CS101,Intro to Programming,Spring,2024,1.91,4
2650,STU0156,CS301,Databases,Fall,2025,2.62,3
2651,STU0156,CS501,Big Data,Fall,2025,1.95,3
2652,STU0156,CS401,Machine Learning,Fall,2025,3.0,4
2653,STU0156,CS201,Data Structures,Fall,2025,2.55,4
2654,STU0156,CS401,Machine Learning,Spring,2025,3.2,3
2655,STU0156,CS201,Data Structures,Spring,2025,1.98,4
2656,STU0156,CS501,Big Data,Spring,2025,1.74,4
2657,STU0157,CS201,Data Structures,Fall,2023,1.84,3
2658,STU0157,CS401,Machine Learning,Fall,2023,2.23,3
2659,STU0157,CS101,Intro to Programming,Spring,2023,2.26,3
2660,STU0157,CS401,Machine Learning,Spring,2023,2.73,3
2661,STU0157,CS301,Databases,Fall,2024,2.28,3
2662,STU0157,CS201,Data Structures,Fall,2024,3.21,4
2663,STU0157,CS401,Machine Learning,Spring,2024,2.73,4
2664,STU0157,CS301,Databases,Spring,2024,3.22,3
2665,STU0157,CS201,Data Structures,Spring,2024,1.85,3
2666,STU0157,CS201,Data Structures,Fall,2025,2.02,3
2667,STU0157,CS301,Databases,Fall,2025,1.93,4
2668,STU0157,CS501,Big Data,Spring,2025,3.12,4
2669,STU0157,CS301,Databases,Spring,2025,2.06,3
2670,STU0157,CS401,Machine Learning,Spring,2025,2.98,3
2671,STU0158,PH301,Thermodynamics,Fall,2023,1.02,4
2672,STU0158,PH101,Mechanics,Fall,2023,2.19,4
2673,STU0158,PH101,Mechanics,Spring,2023,1.61,4
2674,STU0158,PH301,Thermodynamics,Spring,2023,1.47,4
2675,STU0158,PH201,Electromagnetism,Fall,2024,1.69,4
2676,STU0158,PH101,Mechanics,Fall,2024,2.03,4
2677,STU0158,PH301,Thermodynamics,Fall,2024,1.36,4
2678,STU0158,PH101,Mechanics,Spring,2024,2.3,4
2679,STU0158,PH301,Thermodynamics,Spring,2024,1.93,4
2680,STU0158,PH201,Electromagnetism,Spring,2024,1.69,4
2681,STU0158,PH201,Electromagnetism,Fall,2025,1.83,3
2682,STU0158,PH101,Mechanics,Fall,2025,0.83,4
2683,STU0158,PH301,Thermodynamics,Fall,2025,2.16,4
2684,STU0158,PH201,Electromagnetism,Spring,2025,1.4,3
2685,STU0158,PH101,Mechanics,Spring,2025,2.28,3
2686,STU0158,PH301,Thermodynamics,Spring,2025,1.1,4
2687,STU0159,PH101,Mechanics,Fall,2023,3.39,4
2688,STU0159,PH301,Thermodynamics,Fall,2023,4.0,3
2689,STU0159,PH201,Electromagnetism,Fall,2023,3.83,3
2690,STU0159,PH201,Electromagnetism,Spring,2023,2.93,4
2691,STU0159,PH301,Thermodynamics,Spring,2023,3.3,3
2692,STU0159,PH101,Mechanics,Spring,2023,4.0,3
2693,STU0159,PH201,Electromagnetism,Fall,2024,3.14,3
2694,STU0159,PH301,Thermodynamics,Fall,2024,2.92,3
2695,STU0159,PH101,Mechanics,Fall,2024,3.84,3
2696,STU0159,PH301,Thermodynamics,Spring,2024,2.99,3
2697,STU0159,PH101,Mechanics,Spring,2024,2.95,3
2698,STU0159,PH201,Electromagnetism,Spring,2024,3.36,4
2699,STU0159,PH301,Thermodynamics,Fall,2025,3.39,4
2700,STU0159,PH101,Mechanics,Fall,2025,4.0,3
2701,STU0159,PH301,Thermodynamics,Spring,2025,4.0,4
2702,STU0159,PH201,Electromagnetism,Spring,2025,3.53,3
2703,STU0159,PH101,Mechanics,Spring,2025,2.96,3
2704,STU0160,EN201,Circuit Analysis,Fall,2023,1.55,4
2705,STU0160,EN101,Engineering Drawing,Fall,2023,1.81,4
2706,STU0160,EN301,Control Systems,Fall,2023,1.12,3
2707,STU0160,EN201,Circuit Analysis,Spring,2023,1.39,3
2708,STU0160,EN301,Control Systems,Spring,2023,1.75,4
2709,STU0160,EN101,Engineering Drawing,Spring,2023,0.98,3
2710,STU0160,EN301,Control Systems,Fall,2024,1.14,3
2711,STU0160,EN101,Engineering Drawing,Fall,2024,2.07,3
2712,STU0160,EN301,Control Systems,Spring,2024,1.58,3
2713,STU0160,EN201,Circuit Analysis,Spring,2024,1.33,3
2714,STU0160,EN301,Control Systems,Fall,2025,0.93,4
2715,STU0160,EN101,Engineering Drawing,Fall,2025,1.12,3
2716,STU0160,EN201,Circuit Analysis,Fall,2025,1.74,4
2717,STU0160,EN101,Engineering Drawing,Spring,2025,2.25,3
2718,STU0160,EN201,Circuit Analysis,Spring,2025,2.41,4
2719,STU0161,BU401,Management,Fall,2023,1.94,4
2720,STU0161,BU201,Marketing,Fall,2023,1.93,4
2721,STU0161,BU101,Accounting,Fall,2023,2.7,3
2722,STU0161,BU301,Finance,Fall,2023,1.43,4
2723,STU0161,BU201,Marketing,Spring,2023,2.06,4
2724,STU0161,BU301,Finance,Spring,2023,1.7,4
2725,STU0161,BU201,Marketing,Fall,2024,1.72,4
2726,STU0161,BU401,Management,Fall,2024,1.42,3
2727,STU0161,BU201,Marketing,Spring,2024,2.31,4
2728,STU0161,BU401,Management,Spring,2024,2.27,3
2729,STU0161,BU101,Accounting,Spring,2024,1.89,3
2730,STU0161,BU301,Finance,Spring,2024,2.38,3
2731,STU0161,BU401,Management,Fall,2025,1.91,3
2732,STU0161,BU201,Marketing,Fall,2025,1.67,4
2733,STU0161,BU201,Marketing,Spring,2025,2.57,4
2734,STU0161,BU401,Management,Spring,2025,2.66,4
2735,STU0161,BU101,Accounting,Spring,2025,2.32,4
2736,STU0162,PH201,Electromagnetism,Fall,2023,1.4,4
2737,STU0162,PH301,Thermodynamics,Fall,2023,1.96,4
2738,STU0162,PH101,Mechanics,Fall,2023,2.09,4
2739,STU0162,PH101,Mechanics,Spring,2023,1.67,4
2740,STU0162,PH301,Thermodynamics,Spring,2023,2.53,4
2741,STU0162,PH101,Mechanics,Fall,2024,2.48,3
2742,STU0162,PH301,Thermodynamics,Fall,2024,2.52,3
2743,STU0162,PH201,Electromagnetism,Fall,2024,1.21,4
2744,STU0162,PH101,Mechanics,Spring,2024,2.27,3
2745,STU0162,PH201,Electromagnetism,Spring,2024,2.28,4
2746,STU0162,PH101,Mechanics,Fall,2025,2.05,3
2747,STU0162,PH201,Electromagnetism,Fall,2025,2.41,4
2748,STU0162,PH301,Thermodynamics,Fall,2025,1.49,3
2749,STU0162,PH101,Mechanics,Spring,2025,1.14,3
2750,STU0162,PH201,Electromagnetism,Spring,2025,1.25,4
2751,STU0163,MT401,Discrete Math,Fall,2023,1.28,4
2752,STU0163,MT101,Calculus I,Fall,2023,1.61,4
2753,STU0163,MT201,Linear Algebra,Spring,2023,1.86,3
2754,STU0163,MT401,Discrete Math,Spring,2023,1.35,4
2755,STU0163,MT301,Statistics,Spring,2023,1.95,3
2756,STU0163,MT101,Calculus I,Spring,2023,1.37,4
2757,STU0163,MT401,Discrete Math,Fall,2024,1.58,4
2758,STU0163,MT301,Statistics,Fall,2024,1.51,3
2759,STU0163,MT201,Linear Algebra,Fall,2024,1.08,3
2760,STU0163,MT301,Statistics,Spring,2024,1.27,3
2761,STU0163,MT201,Linear Algebra,Spring,2024,1.71,4
2762,STU0163,MT201,Linear Algebra,Fall,2025,1.53,3
2763,STU0163,MT101,Calculus I,Fall,2025,1.07,4
2764,STU0163,MT301,Statistics,Spring,2025,1.78,4
2765,STU0163,MT201,Linear Algebra,Spring,2025,0.97,4
2766,STU0164,CS401,Machine Learning,Fall,2023,3.85,4
2767,STU0164,CS101,Intro to Programming,Fall,2023,2.61,4
2768,STU0164,CS201,Data Structures,Fall,2023,3.41,3
2769,STU0164,CS101,Intro to Programming,Spring,2023,3.49,4
2770,STU0164,CS301,Databases,Spring,2023,3.61,3
2771,STU0164,CS401,Machine Learning,Spring,2023,2.58,3
2772,STU0164,CS501,Big Data,Fall,2024,2.34,4
2773,STU0164,CS401,Machine Learning,Fall,2024,3.0,3
2774,STU0164,CS301,Databases,Fall,2024,2.8,4
2775,STU0164,CS201,Data Structures,Fall,2024,3.51,3
2776,STU0164,CS401,Machine Learning,Spring,2024,3.67,4
2777,STU0164,CS301,Databases,Spring,2024,2.5,3
2778,STU0164,CS201,Data Structures,Spring,2024,3.89,4
2779,STU0164,CS501,Big Data,Spring,2024,3.71,3
2780,STU0164,CS101,Intro to Programming,Fall,2025,3.84,4
2781,STU0164,CS301,Databases,Fall,2025,2.64,4
2782,STU0164,CS101,Intro to Programming,Spring,2025,2.38,4
2783,STU0164,CS401,Machine Learning,Spring,2025,3.06,3
2784,STU0164,CS201,Data Structures,Spring,2025,3.74,4
2785,STU0165,BU401,Management,Fall,2023,3.69,3
2786,STU0165,BU201,Marketing,Fall,2023,3.33,3
2787,STU0165,BU301,Finance,Fall,2023,2.93,4
2788,STU0165,BU401,Management,Spring,2023,2.94,3
2789,STU0165,BU201,Marketing,Spring,2023,3.41,4
2790,STU0165,BU101,Accounting,Fall,2024,2.74,3
2791,STU0165,BU301,Finance,Fall,2024,2.66,3
2792,STU0165,BU201,Marketing,Fall,2024,3.47,4
2793,STU0165,BU401,Management,Fall,2024,3.89,4
2794,STU0165,BU201,Marketing,Spring,2024,2.53,4
2795,STU0165,BU301,Finance,Spring,2024,3.06,3
2796,STU0165,BU401,Management,Spring,2024,3.43,3
2797,STU0165,BU101,Accounting,Fall,2025,3.14,3
2798,STU0165,BU201,Marketing,Fall,2025,2.75,4
2799,STU0165,BU301,Finance,Fall,2025,3.61,3
2800,STU0165,BU101,Accounting,Spring,2025,4.0,3
2801,STU0165,BU401,Management,Spring,2025,3.57,3
2802,STU0165,BU201,Marketing,Spring,2025,3.06,4
2803,STU0166,BU401,Management,Fall,2023,3.03,3
2804,STU0166,BU201,Marketing,Fall,2023,2.28,3
2805,STU0166,BU401,Management,Spring,2023,1.85,3
2806,STU0166,BU101,Accounting,Spring,2023,1.87,4
2807,STU0166,BU201,Marketing,Spring,2023,2.89,4
2808,STU0166,BU301,Finance,Spring,2023,2.27,4
2809,STU0166,BU201,Marketing,Fall,2024,1.87,4
2810,STU0166,BU101,Accounting,Fall,2024,2.19,4
2811,STU0166,BU401,Management,Spring,2024,2.71,4
2812,STU0166,BU301,Finance,Spring,2024,3.33,3
2813,STU0166,BU201,Marketing,Spring,2024,2.39,4
2814,STU0166,BU101,Accounting,Spring,2024,2.39,4
2815,STU0166,BU401,Management,Fall,2025,2.64,3
2816,STU0166,BU301,Finance,Fall,2025,2.92,4
2817,STU0166,BU101,Accounting,Spring,2025,2.85,4
2818,STU0166,BU301,Finance,Spring,2025,1.97,4
2819,STU0166,BU401,Management,Spring,2025,2.33,4
2820,STU0167,BU401,Management,Fall,2023,2.97,3
2821,STU0167,BU101,Accounting,Fall,2023,2.97,4
2822,STU0167,BU301,Finance,Fall,2023,2.63,3
2823,STU0167,BU401,Management,Spring,2023,3.44,3
2824,STU0167,BU101,Accounting,Spring,2023,2.58,3
2825,STU0167,BU201,Marketing,Spring,2023,2.13,3
2826,STU0167,BU101,Accounting,Fall,2024,2.43,3
2827,STU0167,BU301,Finance,Fall,2024,3.2,4
2828,STU0167,BU401,Management,Spring,2024,3.41,4
2829,STU0167,BU201,Marketing,Spring,2024,2.48,4
2830,STU0167,BU101,Accounting,Spring,2024,2.98,4
2831,STU0167,BU301,Finance,Spring,2024,2.77,4
2832,STU0167,BU401,Management,Fall,2025,3.18,4
2833,STU0167,BU201,Marketing,Fall,2025,3.29,4
2834,STU0167,BU201,Marketing,Spring,2025,2.43,4
2835,STU0167,BU401,Management,Spring,2025,3.19,3
2836,STU0168,CS101,Intro to Programming,Fall,2023,3.11,4
2837,STU0168,CS401,Machine Learning,Fall,2023,1.85,3
2838,STU0168,CS301,Databases,Fall,2023,2.54,3
2839,STU0168,CS201,Data Structures,Fall,2023,2.53,3
2840,STU0168,CS501,Big Data,Spring,2023,2.53,3
2841,STU0168,CS401,Machine Learning,Spring,2023,2.46,4
2842,STU0168,CS101,Intro to Programming,Spring,2023,2.64,4
2843,STU0168,CS201,Data Structures,Spring,2023,1.59,4
2844,STU0168,CS501,Big Data,Fall,2024,2.14,3
2845,STU0168,CS201,Data Structures,Fall,2024,1.83,3
2846,STU0168,CS101,Intro to Programming,Fall,2024,2.07,4
2847,STU0168,CS401,Machine Learning,Fall,2024,1.65,3
2848,STU0168,CS501,Big Data,Spring,2024,2.28,4
2849,STU0168,CS401,Machine Learning,Spring,2024,3.13,3
2850,STU0168,CS501,Big Data,Fall,2025,2.89,3
2851,STU0168,CS101,Intro to Programming,Fall,2025,1.94,3
2852,STU0168,CS301,Databases,Fall,2025,1.56,3
2853,STU0168,CS401,Machine Learning,Spring,2025,2.8,4
2854,STU0168,CS501,Big Data,Spring,2025,2.96,3
2855,STU0168,CS201,Data Structures,Spring,2025,2.7,3
2856,STU0168,CS101,Intro to Programming,Spring,2025,2.25,3
2857,STU0169,CS401,Machine Learning,Fall,2023,3.43,4
2858,STU0169,CS101,Intro to Programming,Fall,2023,3.48,3
2859,STU0169,CS201,Data Structures,Fall,2023,2.96,4
2860,STU0169,CS101,Intro to Programming,Spring,2023,3.84,3
2861,STU0169,CS201,Data Structures,Spring,2023,4.0,4
2862,STU0169,CS401,Machine Learning,Spring,2023,3.13,3
2863,STU0169,CS301,Databases,Spring,2023,3.32,3
2864,STU0169,CS401,Machine Learning,Fall,2024,3.34,4
2865,STU0169,CS201,Data Structures,Fall,2024,3.32,4
2866,STU0169,CS501,Big Data,Fall,2024,3.91,4
2867,STU0169,CS101,Intro to Programming,Spring,2024,2.83,4
2868,STU0169,CS201,Data Structures,Spring,2024,3.69,4
2869,STU0169,CS501,Big Data,Spring,2024,3.28,3
2870,STU0169,CS401,Machine Learning,Spring,2024,3.7,4
2871,STU0169,CS401,Machine Learning,Fall,2025,3.98,3
2872,STU0169,CS301,Databases,Fall,2025,3.02,4
2873,STU0169,CS101,Intro to Programming,Fall,2025,4.0,4
2874,STU0169,CS201,Data Structures,Spring,2025,3.03,3
2875,STU0169,CS101,Intro to Programming,Spring,2025,3.21,4
2876,STU0169,CS401,Machine Learning,Spring,2025,3.55,3
2877,STU0169,CS501,Big Data,Spring,2025,4.0,3
2878,STU0170,MT301,Statistics,Fall,2023,3.29,4
2879,STU0170,MT401,Discrete Math,Fall,2023,2.95,4
2880,STU0170,MT201,Linear Algebra,Fall,2023,2.19,4
2881,STU0170,MT101,Calculus I,Fall,2023,1.93,3
2882,STU0170,MT201,Linear Algebra,Spring,2023,2.27,4
2883,STU0170,MT401,Discrete Math,Spring,2023,2.88,3
2884,STU0170,MT101,Calculus I,Spring,2023,2.95,4
2885,STU0170,MT401,Discrete Math,Fall,2024,3.25,3
2886,STU0170,MT301,Statistics,Fall,2024,3.1,4
2887,STU0170,MT101,Calculus I,Fall,2024,2.97,4
2888,STU0170,MT101,Calculus I,Spring,2024,2.8,3
2889,STU0170,MT201,Linear Algebra,Spring,2024,3.46,3
2890,STU0170,MT401,Discrete Math,Spring,2024,2.62,3
2891,STU0170,MT301,Statistics,Spring,2024,2.3,3
2892,STU0170,MT201,Linear Algebra,Fall,2025,1.97,4
2893,STU0170,MT101,Calculus I,Fall,2025,2.79,3
2894,STU0170,MT401,Discrete Math,Fall,2025,3.1,3
2895,STU0170,MT301,Statistics,Fall,2025,3.36,3
2896,STU0170,MT301,Statistics,Spring,2025,2.3,4
2897,STU0170,MT101,Calculus I,Spring,2025,2.65,3
2898,STU0170,MT401,Discrete Math,Spring,2025,2.42,3
2899,STU0170,MT201,Linear Algebra,Spring,2025,2.22,3
2900,STU0171,EN101,Engineering Drawing,Fall,2023,3.19,3
2901,STU0171,EN201,Circuit Analysis,Fall,2023,3.99,4
2902,STU0171,EN301,Control Systems,Fall,2023,3.94,4
2903,STU0171,EN301,Control Systems,Spring,2023,4.0,3
2904,STU0171,EN201,Circuit Analysis,Spring,2023,3.97,4
2905,STU0171,EN201,Circuit Analysis,Fall,2024,3.99,4
2906,STU0171,EN301,Control Systems,Fall,2024,4.0,4
2907,STU0171,EN201,Circuit Analysis,Spring,2024,3.45,3
2908,STU0171,EN301,Control Systems,Spring,2024,3.58,4
2909,STU0171,EN101,Engineering Drawing,Spring,2024,4.0,3
2910,STU0171,EN201,Circuit Analysis,Fall,2025,3.54,4
2911,STU0171,EN101,Engineering Drawing,Fall,2025,3.82,3
2912,STU0171,EN201,Circuit Analysis,Spring,2025,3.18,4
2913,STU0171,EN301,Control Systems,Spring,2025,3.58,3
2914,STU0172,MT101,Calculus I,Fall,2023,3.18,4
2915,STU0172,MT401,Discrete Math,Fall,2023,3.35,4
2916,STU0172,MT301,Statistics,Spring,2023,3.18,3
2917,STU0172,MT401,Discrete Math,Spring,2023,3.36,3
2918,STU0172,MT201,Linear Algebra,Fall,2024,3.36,4
2919,STU0172,MT101,Calculus I,Fall,2024,3.89,4
2920,STU0172,MT301,Statistics,Fall,2024,4.0,4
2921,STU0172,MT301,Statistics,Spring,2024,4.0,4
2922,STU0172,MT201,Linear Algebra,Spring,2024,3.43,4
2923,STU0172,MT301,Statistics,Fall,2025,3.56,4
2924,STU0172,MT401,Discrete Math,Fall,2025,3.74,4
2925,STU0172,MT201,Linear Algebra,Fall,2025,2.85,4
2926,STU0172,MT401,Discrete Math,Spring,2025,3.87,3
2927,STU0172,MT201,Linear Algebra,Spring,2025,4.0,4
2928,STU0173,CS201,Data Structures,Fall,2023,3.52,4
2929,STU0173,CS501,Big Data,Fall,2023,2.93,4
2930,STU0173,CS301,Databases,Spring,2023,3.73,4
2931,STU0173,CS401,Machine Learning,Spring,2023,3.35,3
2932,STU0173,CS501,Big Data,Fall,2024,3.83,3
2933,STU0173,CS401,Machine Learning,Fall,2024,2.58,3
2934,STU0173,CS401,Machine Learning,Spring,2024,3.71,4
2935,STU0173,CS501,Big Data,Spring,2024,3.56,4
2936,STU0173,CS101,Intro to Programming,Spring,2024,2.86,4
2937,STU0173,CS101,Intro to Programming,Fall,2025,3.48,4
2938,STU0173,CS501,Big Data,Fall,2025,3.32,4
2939,STU0173,CS101,Intro to Programming,Spring,2025,3.87,3
2940,STU0173,CS401,Machine Learning,Spring,2025,2.98,4
2941,STU0173,CS501,Big Data,Spring,2025,3.78,3
2942,STU0174,BU301,Finance,Fall,2023,3.81,4
2943,STU0174,BU401,Management,Fall,2023,4.0,4
2944,STU0174,BU101,Accounting,Fall,2023,4.0,4
2945,STU0174,BU201,Marketing,Fall,2023,4.0,3
2946,STU0174,BU301,Finance,Spring,2023,4.0,4
2947,STU0174,BU201,Marketing,Spring,2023,4.0,3
2948,STU0174,BU301,Finance,Fall,2024,3.47,4
2949,STU0174,BU201,Marketing,Fall,2024,3.64,4
2950,STU0174,BU101,Accounting,Spring,2024,4.0,4
2951,STU0174,BU401,Management,Spring,2024,3.74,4
2952,STU0174,BU301,Finance,Spring,2024,4.0,3
2953,STU0174,BU301,Finance,Fall,2025,4.0,4
2954,STU0174,BU101,Accounting,Fall,2025,4.0,4
2955,STU0174,BU201,Marketing,Fall,2025,3.56,4
2956,STU0174,BU401,Management,Fall,2025,4.0,3
2957,STU0174,BU101,Accounting,Spring,2025,4.0,3
2958,STU0174,BU301,Finance,Spring,2025,4.0,4
2959,STU0174,BU401,Management,Spring,2025,4.0,3
2960,STU0174,BU201,Marketing,Spring,2025,4.0,4
2961,STU0175,EN201,Circuit Analysis,Fall,2023,3.93,3
2962,STU0175,EN301,Control Systems,Fall,2023,3.18,4
2963,STU0175,EN101,Engineering Drawing,Fall,2023,3.62,4
2964,STU0175,EN201,Circuit Analysis,Spring,2023,2.9,4
2965,STU0175,EN301,Control Systems,Spring,2023,2.92,3
2966,STU0175,EN201,Circuit Analysis,Fall,2024,4.0,4
2967,STU0175,EN101,Engineering Drawing,Fall,2024,3.74,3
2968,STU0175,EN301,Control Systems,Fall,2024,4.0,4
2969,STU0175,EN301,Control Systems,Spring,2024,4.0,3
2970,STU0175,EN101,Engineering Drawing,Spring,2024,3.38,3
2971,STU0175,EN201,Circuit Analysis,Spring,2024,2.93,3
2972,STU0175,EN301,Control Systems,Fall,2025,4.0,4
2973,STU0175,EN201,Circuit Analysis,Fall,2025,4.0,3
2974,STU0175,EN101,Engineering Drawing,Spring,2025,3.15,4
2975,STU0175,EN301,Control Systems,Spring,2025,3.26,3
2976,STU0175,EN201,Circuit Analysis,Spring,2025,4.0,3
2977,STU0176,CS401,Machine Learning,Fall,2023,3.84,4
2978,STU0176,CS101,Intro to Programming,Fall,2023,2.55,3
2979,STU0176,CS101,Intro to Programming,Spring,2023,3.15,3
2980,STU0176,CS401,Machine Learning,Spring,2023,3.74,3
2981,STU0176,CS201,Data Structures,Spring,2023,2.66,3
2982,STU0176,CS501,Big Data,Fall,2024,2.7,4
2983,STU0176,CS101,Intro to Programming,Fall,2024,3.7,4
2984,STU0176,CS401,Machine Learning,Fall,2024,3.71,4
2985,STU0176,CS301,Databases,Fall,2024,3.17,3
2986,STU0176,CS501,Big Data,Spring,2024,3.27,3
2987,STU0176,CS301,Databases,Spring,2024,4.0,3
2988,STU0176,CS401,Machine Learning,Fall,2025,3.15,3
2989,STU0176,CS501,Big Data,Fall,2025,3.08,4
2990,STU0176,CS401,Machine Learning,Spring,2025,2.88,3
2991,STU0176,CS301,Databases,Spring,2025,3.55,4
2992,STU0177,MT101,Calculus I,Fall,2023,2.72,3
2993,STU0177,MT201,Linear Algebra,Fall,2023,2.93,3
2994,STU0177,MT301,Statistics,Fall,2023,2.85,3
2995,STU0177,MT401,Discrete Math,Spring,2023,2.75,3
2996,STU0177,MT101,Calculus I,Spring,2023,4.0,4
2997,STU0177,MT401,Discrete Math,Fall,2024,2.93,3
2998,STU0177,MT101,Calculus I,Fall,2024,3.84,3
2999,STU0177,MT201,Linear Algebra,Fall,2024,3.23,3
3000,STU0177,MT101,Calculus I,Spring,2024,2.98,4
3001,STU0177,MT201,Linear Algebra,Spring,2024,3.65,4
3002,STU0177,MT301,Statistics,Fall,2025,2.7,4
3003,STU0177,MT101,Calculus I,Fall,2025,2.7,3
3004,STU0177,MT401,Discrete Math,Fall,2025,4.0,3
3005,STU0177,MT201,Linear Algebra,Fall,2025,3.51,3
3006,STU0177,MT101,Calculus I,Spring,2025,3.21,3
3007,STU0177,MT401,Discrete Math,Spring,2025,2.8,3
3008,STU0178,PH201,Electromagnetism,Fall,2023,2.47,4
3009,STU0178,PH301,Thermodynamics,Fall,2023,1.12,3
3010,STU0178,PH201,Electromagnetism,Spring,2023,1.11,4
3011,STU0178,PH301,Thermodynamics,Spring,2023,2.43,3
3012,STU0178,PH101,Mechanics,Spring,2023,1.66,3
3013,STU0178,PH101,Mechanics,Fall,2024,2.19,3
3014,STU0178,PH301,Thermodynamics,Fall,2024,1.26,3
3015,STU0178,PH101,Mechanics,Spring,2024,2.32,3
3016,STU0178,PH201,Electromagnetism,Spring,2024,1.3,4
3017,STU0178,PH301,Thermodynamics,Spring,2024,1.2,4
3018,STU0178,PH301,Thermodynamics,Fall,2025,2.12,3
3019,STU0178,PH201,Electromagnetism,Fall,2025,1.42,4
3020,STU0178,PH101,Mechanics,Fall,2025,1.96,3
3021,STU0178,PH201,Electromagnetism,Spring,2025,2.47,3
3022,STU0178,PH101,Mechanics,Spring,2025,1.13,3
3023,STU0178,PH301,Thermodynamics,Spring,2025,2.24,3
3024,STU0179,PH201,Electromagnetism,Fall,2023,0.81,4
3025,STU0179,PH301,Thermodynamics,Fall,2023,1.56,4
3026,STU0179,PH301,Thermodynamics,Spring,2023,1.51,3
3027,STU0179,PH201,Electromagnetism,Spring,2023,1.52,4
3028,STU0179,PH201,Electromagnetism,Fall,2024,1.84,4
3029,STU0179,PH101,Mechanics,Fall,2024,1.33,3
3030,STU0179,PH301,Thermodynamics,Fall,2024,1.2,4
3031,STU0179,PH201,Electromagnetism,Spring,2024,2.01,4
3032,STU0179,PH101,Mechanics,Spring,2024,0.89,4
3033,STU0179,PH301,Thermodynamics,Spring,2024,1.47,3
3034,STU0179,PH101,Mechanics,Fall,2025,2.35,3
3035,STU0179,PH301,Thermodynamics,Fall,2025,0.98,4
3036,STU0179,PH201,Electromagnetism,Fall,2025,0.99,4
3037,STU0179,PH201,Electromagnetism,Spring,2025,2.34,3
3038,STU0179,PH301,Thermodynamics,Spring,2025,1.43,3
3039,STU0179,PH101,Mechanics,Spring,2025,1.02,3
3040,STU0180,MT201,Linear Algebra,Fall,2023,4.0,3
3041,STU0180,MT301,Statistics,Fall,2023,4.0,3
3042,STU0180,MT301,Statistics,Spring,2023,3.75,3
3043,STU0180,MT401,Discrete Math,Spring,2023,4.0,3
3044,STU0180,MT101,Calculus I,Spring,2023,4.0,3
3045,STU0180,MT201,Linear Algebra,Spring,2023,4.0,4
3046,STU0180,MT301,Statistics,Fall,2024,4.0,4
3047,STU0180,MT101,Calculus I,Fall,2024,3.62,4
3048,STU0180,MT401,Discrete Math,Spring,2024,4.0,4
3049,STU0180,MT201,Linear Algebra,Spring,2024,3.15,4
3050,STU0180,MT101,Calculus I,Spring,2024,4.0,4
3051,STU0180,MT101,Calculus I,Fall,2025,4.0,3
3052,STU0180,MT401,Discrete Math,Fall,2025,3.38,3
3053,STU0180,MT401,Discrete Math,Spring,2025,4.0,4
3054,STU0180,MT101,Calculus I,Spring,2025,4.0,3
3055,STU0181,BU101,Accounting,Fall,2023,3.18,4
3056,STU0181,BU401,Management,Fall,2023,3.16,3
3057,STU0181,BU201,Marketing,Fall,2023,3.29,3
3058,STU0181,BU301,Finance,Spring,2023,3.79,3
3059,STU0181,BU201,Marketing,Spring,2023,4.0,4
3060,STU0181,BU101,Accounting,Spring,2023,3.33,4
3061,STU0181,BU401,Management,Spring,2023,3.44,3
3062,STU0181,BU401,Management,Fall,2024,4.0,3
3063,STU0181,BU101,Accounting,Fall,2024,3.57,4
3064,STU0181,BU301,Finance,Fall,2024,3.14,4
3065,STU0181,BU201,Marketing,Fall,2024,3.64,3
3066,STU0181,BU401,Management,Spring,2024,3.1,4
3067,STU0181,BU201,Marketing,Spring,2024,3.35,4
3068,STU0181,BU101,Accounting,Spring,2024,4.0,4
3069,STU0181,BU301,Finance,Spring,2024,3.63,3
3070,STU0181,BU301,Finance,Fall,2025,3.63,4
3071,STU0181,BU201,Marketing,Fall,2025,4.0,3
3072,STU0181,BU401,Management,Fall,2025,2.98,4
3073,STU0181,BU401,Management,Spring,2025,3.91,4
3074,STU0181,BU101,Accounting,Spring,2025,3.13,4
3075,STU0182,PH301,Thermodynamics,Fall,2023,1.67,3
3076,STU0182,PH201,Electromagnetism,Fall,2023,2.54,3
3077,STU0182,PH101,Mechanics,Fall,2023,2.52,3
3078,STU0182,PH201,Electromagnetism,Spring,2023,2.9,3
3079,STU0182,PH301,Thermodynamics,Spring,2023,2.16,4
3080,STU0182,PH301,Thermodynamics,Fall,2024,2.9,4
3081,STU0182,PH101,Mechanics,Fall,2024,2.67,3
3082,STU0182,PH201,Electromagnetism,Fall,2024,1.95,3
3083,STU0182,PH301,Thermodynamics,Spring,2024,1.76,4
3084,STU0182,PH201,Electromagnetism,Spring,2024,2.88,4
3085,STU0182,PH201,Electromagnetism,Fall,2025,3.16,3
3086,STU0182,PH301,Thermodynamics,Fall,2025,2.04,3
3087,STU0182,PH101,Mechanics,Fall,2025,2.12,4
3088,STU0182,PH101,Mechanics,Spring,2025,2.79,4
3089,STU0182,PH201,Electromagnetism,Spring,2025,2.85,3
3090,STU0183,MT101,Calculus I,Fall,2023,2.72,3
3091,STU0183,MT201,Linear Algebra,Fall,2023,2.24,4
3092,STU0183,MT301,Statistics,Fall,2023,1.89,3
3093,STU0183,MT401,Discrete Math,Spring,2023,2.94,3
3094,STU0183,MT201,Linear Algebra,Spring,2023,2.15,4
3095,STU0183,MT301,Statistics,Spring,2023,2.29,4
3096,STU0183,MT101,Calculus I,Spring,2023,3.16,3
3097,STU0183,MT301,Statistics,Fall,2024,1.91,4
3098,STU0183,MT101,Calculus I,Fall,2024,3.18,4
3099,STU0183,MT201,Linear Algebra,Spring,2024,1.88,4
3100,STU0183,MT401,Discrete Math,Spring,2024,3.09,3
3101,STU0183,MT101,Calculus I,Spring,2024,2.88,4
3102,STU0183,MT301,Statistics,Spring,2024,2.36,4
3103,STU0183,MT301,Statistics,Fall,2025,2.64,3
3104,STU0183,MT401,Discrete Math,Fall,2025,2.25,3
3105,STU0183,MT101,Calculus I,Spring,2025,2.8,4
3106,STU0183,MT401,Discrete Math,Spring,2025,1.77,3
3107,STU0183,MT301,Statistics,Spring,2025,3.06,3
3108,STU0184,MT201,Linear Algebra,Fall,2023,3.26,3
3109,STU0184,MT401,Discrete Math,Fall,2023,2.45,4
3110,STU0184,MT101,Calculus I,Spring,2023,2.99,4
3111,STU0184,MT301,Statistics,Spring,2023,2.88,3
3112,STU0184,MT201,Linear Algebra,Fall,2024,3.22,4
3113,STU0184,MT301,Statistics,Fall,2024,3.41,4
3114,STU0184,MT401,Discrete Math,Fall,2024,3.51,4
3115,STU0184,MT301,Statistics,Spring,2024,2.73,4
3116,STU0184,MT201,Linear Algebra,Spring,2024,2.34,3
3117,STU0184,MT101,Calculus I,Spring,2024,2.73,3
3118,STU0184,MT201,Linear Algebra,Fall,2025,2.39,3
3119,STU0184,MT101,Calculus I,Fall,2025,3.37,3
3120,STU0184,MT401,Discrete Math,Fall,2025,2.96,3
3121,STU0184,MT301,Statistics,Fall,2025,2.96,4
3122,STU0184,MT401,Discrete Math,Spring,2025,2.26,4
3123,STU0184,MT101,Calculus I,Spring,2025,3.11,3
3124,STU0184,MT301,Statistics,Spring,2025,3.65,4
3125,STU0185,EN101,Engineering Drawing,Fall,2023,3.08,4
3126,STU0185,EN301,Control Systems,Fall,2023,3.89,3
3127,STU0185,EN201,Circuit Analysis,Fall,2023,4.0,4
3128,STU0185,EN301,Control Systems,Spring,2023,3.32,4
3129,STU0185,EN101,Engineering Drawing,Spring,2023,3.48,4
3130,STU0185,EN201,Circuit Analysis,Spring,2023,3.51,4
3131,STU0185,EN301,Control Systems,Fall,2024,4.0,3
3132,STU0185,EN201,Circuit Analysis,Fall,2024,4.0,4
3133,STU0185,EN101,Engineering Drawing,Spring,2024,3.83,3
3134,STU0185,EN301,Control Systems,Spring,2024,4.0,3
3135,STU0185,EN201,Circuit Analysis,Spring,2024,4.0,3
3136,STU0185,EN101,Engineering Drawing,Fall,2025,4.0,4
3137,STU0185,EN201,Circuit Analysis,Fall,2025,3.12,4
3138,STU0185,EN301,Control Systems,Spring,2025,3.59,4
3139,STU0185,EN201,Circuit Analysis,Spring,2025,3.2,4
3140,STU0185,EN101,Engineering Drawing,Spring,2025,3.27,4
3141,STU0186,MT201,Linear Algebra,Fall,2023,2.74,4
3142,STU0186,MT301,Statistics,Fall,2023,1.48,4
3143,STU0186,MT401,Discrete Math,Fall,2023,1.97,3
3144,STU0186,MT101,Calculus I,Spring,2023,2.53,4
3145,STU0186,MT201,Linear Algebra,Spring,2023,1.36,3
3146,STU0186,MT301,Statistics,Spring,2023,2.9,3
3147,STU0186,MT301,Statistics,Fall,2024,2.87,3
3148,STU0186,MT101,Calculus I,Fall,2024,1.34,4
3149,STU0186,MT401,Discrete Math,Fall,2024,1.82,4
3150,STU0186,MT201,Linear Algebra,Fall,2024,2.7,3
3151,STU0186,MT401,Discrete Math,Spring,2024,2.19,4
3152,STU0186,MT101,Calculus I,Spring,2024,1.49,3
3153,STU0186,MT301,Statistics,Fall,2025,2.46,3
3154,STU0186,MT401,Discrete Math,Fall,2025,2.14,4
3155,STU0186,MT101,Calculus I,Fall,2025,1.38,3
3156,STU0186,MT201,Linear Algebra,Fall,2025,2.83,3
3157,STU0186,MT301,Statistics,Spring,2025,2.42,3
3158,STU0186,MT101,Calculus I,Spring,2025,2.77,4
3159,STU0186,MT201,Linear Algebra,Spring,2025,1.64,3
3160,STU0187,CS301,Databases,Fall,2023,3.64,3
3161,STU0187,CS401,Machine Learning,Fall,2023,3.46,3
3162,STU0187,CS501,Big Data,Fall,2023,2.93,4
3163,STU0187,CS201,Data Structures,Fall,2023,2.62,4
3164,STU0187,CS401,Machine Learning,Spring,2023,2.96,4
3165,STU0187,CS101,Intro to Programming,Spring,2023,3.69,3
3166,STU0187,CS101,Intro to Programming,Fall,2024,3.6,3
3167,STU0187,CS301,Databases,Fall,2024,2.84,3
3168,STU0187,CS401,Machine Learning,Fall,2024,3.11,3
3169,STU0187,CS201,Data Structures,Fall,2024,2.86,4
3170,STU0187,CS401,Machine Learning,Spring,2024,3.17,4
3171,STU0187,CS501,Big Data,Spring,2024,2.56,4
3172,STU0187,CS101,Intro to Programming,Spring,2024,3.37,4
3173,STU0187,CS301,Databases,Fall,2025,3.72,3
3174,STU0187,CS101,Intro to Programming,Fall,2025,3.9,4
3175,STU0187,CS501,Big Data,Fall,2025,3.82,3
3176,STU0187,CS301,Databases,Spring,2025,2.47,4
3177,STU0187,CS101,Intro to Programming,Spring,2025,3.01,4
3178,STU0187,CS501,Big Data,Spring,2025,3.93,3
3179,STU0187,CS401,Machine Learning,Spring,2025,3.71,4
3180,STU0188,CS501,Big Data,Fall,2023,4.0,3
3181,STU0188,CS201,Data Structures,Fall,2023,4.0,3
3182,STU0188,CS301,Databases,Fall,2023,3.9,3
3183,STU0188,CS401,Machine Learning,Fall,2023,4.0,4
3184,STU0188,CS201,Data Structures,Spring,2023,3.5,3
3185,STU0188,CS401,Machine Learning,Spring,2023,3.24,4
3186,STU0188,CS101,Intro to Programming,Fall,2024,3.18,3
3187,STU0188,CS301,Databases,Fall,2024,4.0,4
3188,STU0188,CS401,Machine Learning,Spring,2024,3.76,4
3189,STU0188,CS201,Data Structures,Spring,2024,3.24,3
3190,STU0188,CS201,Data Structures,Fall,2025,3.5,4
3191,STU0188,CS301,Databases,Fall,2025,3.82,3
3192,STU0188,CS501,Big Data,Fall,2025,3.84,4
3193,STU0188,CS401,Machine Learning,Fall,2025,3.77,3
3194,STU0188,CS301,Databases,Spring,2025,4.0,3
3195,STU0188,CS101,Intro to Programming,Spring,2025,4.0,4
3196,STU0188,CS501,Big Data,Spring,2025,3.38,3
3197,STU0189,BU101,Accounting,Fall,2023,3.06,4
3198,STU0189,BU401,Management,Fall,2023,2.92,4
3199,STU0189,BU301,Finance,Spring,2023,3.95,4
3200,STU0189,BU401,Management,Spring,2023,3.27,4
3201,STU0189,BU301,Finance,Fall,2024,3.44,3
3202,STU0189,BU101,Accounting,Fall,2024,4.0,4
3203,STU0189,BU401,Management,Fall,2024,3.13,3
3204,STU0189,BU401,Management,Spring,2024,3.18,4
3205,STU0189,BU101,Accounting,Spring,2024,3.11,3
3206,STU0189,BU301,Finance,Spring,2024,3.2,4
3207,STU0189,BU201,Marketing,Fall,2025,3.87,3
3208,STU0189,BU401,Management,Fall,2025,4.0,4
3209,STU0189,BU101,Accounting,Fall,2025,2.88,3
3210,STU0189,BU301,Finance,Spring,2025,4.0,4
3211,STU0189,BU201,Marketing,Spring,2025,3.55,3
3212,STU0190,BU401,Management,Fall,2023,2.1,3
3213,STU0190,BU101,Accounting,Fall,2023,1.58,3
3214,STU0190,BU201,Marketing,Fall,2023,1.83,4
3215,STU0190,BU401,Management,Spring,2023,2.64,4
3216,STU0190,BU101,Accounting,Spring,2023,2.18,3
3217,STU0190,BU301,Finance,Fall,2024,1.95,3
3218,STU0190,BU101,Accounting,Fall,2024,2.28,3
3219,STU0190,BU401,Management,Fall,2024,2.45,4
3220,STU0190,BU201,Marketing,Fall,2024,1.88,3
3221,STU0190,BU201,Marketing,Spring,2024,1.9,3
3222,STU0190,BU101,Accounting,Spring,2024,2.59,3
3223,STU0190,BU101,Accounting,Fall,2025,2.16,3
3224,STU0190,BU301,Finance,Fall,2025,2.33,4
3225,STU0190,BU401,Management,Spring,2025,2.75,3
3226,STU0190,BU201,Marketing,Spring,2025,2.38,4
3227,STU0190,BU301,Finance,Spring,2025,1.84,4
3228,STU0190,BU101,Accounting,Spring,2025,2.06,3
3229,STU0191,EN301,Control Systems,Fall,2023,0.98,3
3230,STU0191,EN201,Circuit Analysis,Fall,2023,2.29,4
3231,STU0191,EN101,Engineering Drawing,Fall,2023,2.35,3
3232,STU0191,EN301,Control Systems,Spring,2023,2.04,3
3233,STU0191,EN101,Engineering Drawing,Spring,2023,0.82,4
3234,STU0191,EN201,Circuit Analysis,Spring,2023,1.89,3
3235,STU0191,EN101,Engineering Drawing,Fall,2024,2.26,4
3236,STU0191,EN201,Circuit Analysis,Fall,2024,2.16,4
3237,STU0191,EN301,Control Systems,Fall,2024,1.92,4
3238,STU0191,EN201,Circuit Analysis,Spring,2024,1.27,4
3239,STU0191,EN301,Control Systems,Spring,2024,0.96,3
3240,STU0191,EN101,Engineering Drawing,Spring,2024,1.14,3
3241,STU0191,EN101,Engineering Drawing,Fall,2025,1.63,4
3242,STU0191,EN201,Circuit Analysis,Fall,2025,1.35,4
3243,STU0191,EN301,Control Systems,Fall,2025,1.09,3
3244,STU0191,EN101,Engineering Drawing,Spring,2025,2.2,4
3245,STU0191,EN201,Circuit Analysis,Spring,2025,0.83,3
3246,STU0191,EN301,Control Systems,Spring,2025,1.29,3
3247,STU0192,PH201,Electromagnetism,Fall,2023,4.0,3
3248,STU0192,PH301,Thermodynamics,Fall,2023,3.97,4
3249,STU0192,PH101,Mechanics,Fall,2023,3.77,3
3250,STU0192,PH301,Thermodynamics,Spring,2023,3.78,3
3251,STU0192,PH101,Mechanics,Spring,2023,3.1,4
3252,STU0192,PH201,Electromagnetism,Spring,2023,3.61,3
3253,STU0192,PH201,Electromagnetism,Fall,2024,4.0,3
3254,STU0192,PH101,Mechanics,Fall,2024,2.89,3
3255,STU0192,PH301,Thermodynamics,Fall,2024,3.39,3
3256,STU0192,PH201,Electromagnetism,Spring,2024,4.0,4
3257,STU0192,PH101,Mechanics,Spring,2024,4.0,4
3258,STU0192,PH301,Thermodynamics,Spring,2024,3.86,4
3259,STU0192,PH201,Electromagnetism,Fall,2025,3.99,4
3260,STU0192,PH301,Thermodynamics,Fall,2025,3.35,3
3261,STU0192,PH101,Mechanics,Fall,2025,4.0,3
3262,STU0192,PH201,Electromagnetism,Spring,2025,3.71,4
3263,STU0192,PH101,Mechanics,Spring,2025,3.11,4
3264,STU0193,EN201,Circuit Analysis,Fall,2023,3.7,3
3265,STU0193,EN101,Engineering Drawing,Fall,2023,4.0,3
3266,STU0193,EN301,Control Systems,Fall,2023,3.85,3
3267,STU0193,EN201,Circuit Analysis,Spring,2023,2.91,3
3268,STU0193,EN301,Control Systems,Spring,2023,3.58,4
3269,STU0193,EN101,Engineering Drawing,Spring,2023,4.0,3
3270,STU0193,EN101,Engineering Drawing,Fall,2024,4.0,3
3271,STU0193,EN201,Circuit Analysis,Fall,2024,4.0,3
3272,STU0193,EN301,Control Systems,Fall,2024,2.92,4
3273,STU0193,EN201,Circuit Analysis,Spring,2024,4.0,3
3274,STU0193,EN101,Engineering Drawing,Spring,2024,4.0,4
3275,STU0193,EN301,Control Systems,Spring,2024,3.11,3
3276,STU0193,EN301,Control Systems,Fall,2025,3.63,4
3277,STU0193,EN201,Circuit Analysis,Fall,2025,4.0,4
3278,STU0193,EN101,Engineering Drawing,Fall,2025,4.0,3
3279,STU0193,EN201,Circuit Analysis,Spring,2025,3.15,3
3280,STU0193,EN101,Engineering Drawing,Spring,2025,2.72,3
3281,STU0193,EN301,Control Systems,Spring,2025,3.76,4
3282,STU0194,EN201,Circuit Analysis,Fall,2023,2.73,4
3283,STU0194,EN301,Control Systems,Fall,2023,3.35,4
3284,STU0194,EN101,Engineering Drawing,Fall,2023,3.17,3
3285,STU0194,EN101,Engineering Drawing,Spring,2023,2.9,4
3286,STU0194,EN301,Control Systems,Spring,2023,2.9,3
3287,STU0194,EN201,Circuit Analysis,Spring,2023,3.4,4
3288,STU0194,EN201,Circuit Analysis,Fall,2024,3.58,4
3289,STU0194,EN301,Control Systems,Fall,2024,2.94,4
3290,STU0194,EN101,Engineering Drawing,Fall,2024,2.5,4
3291,STU0194,EN201,Circuit Analysis,Spring,2024,2.74,3
3292,STU0194,EN101,Engineering Drawing,Spring,2024,3.75,3
3293,STU0194,EN301,Control Systems,Spring,2024,3.58,4
3294,STU0194,EN101,Engineering Drawing,Fall,2025,3.58,3
3295,STU0194,EN301,Control Systems,Fall,2025,2.68,3
3296,STU0194,EN201,Circuit Analysis,Fall,2025,2.89,3
3297,STU0194,EN101,Engineering Drawing,Spring,2025,2.31,3
3298,STU0194,EN301,Control Systems,Spring,2025,3.47,4
3299,STU0194,EN201,Circuit Analysis,Spring,2025,3.68,3
3300,STU0195,MT401,Discrete Math,Fall,2023,3.72,3
3301,STU0195,MT301,Statistics,Fall,2023,3.3,3
3302,STU0195,MT201,Linear Algebra,Spring,2023,2.47,3
3303,STU0195,MT101,Calculus I,Spring,2023,2.33,3
3304,STU0195,MT301,Statistics,Spring,2023,2.66,3
3305,STU0195,MT401,Discrete Math,Spring,2023,2.94,3
3306,STU0195,MT201,Linear Algebra,Fall,2024,3.29,3
3307,STU0195,MT301,Statistics,Fall,2024,3.07,3
3308,STU0195,MT401,Discrete Math,Fall,2024,3.03,3
3309,STU0195,MT201,Linear Algebra,Spring,2024,2.74,3
3310,STU0195,MT101,Calculus I,Spring,2024,3.44,3
3311,STU0195,MT201,Linear Algebra,Fall,2025,3.53,3
3312,STU0195,MT401,Discrete Math,Fall,2025,2.58,4
3313,STU0195,MT401,Discrete Math,Spring,2025,3.0,4
3314,STU0195,MT301,Statistics,Spring,2025,3.5,3
3315,STU0195,MT201,Linear Algebra,Spring,2025,3.37,4
3316,STU0195,MT101,Calculus I,Spring,2025,2.77,3
3317,STU0196,BU101,Accounting,Fall,2023,2.4,3
3318,STU0196,BU401,Management,Fall,2023,2.6,4
3319,STU0196,BU401,Management,Spring,2023,3.17,3
3320,STU0196,BU101,Accounting,Spring,2023,2.12,4
3321,STU0196,BU101,Accounting,Fall,2024,2.33,4
3322,STU0196,BU301,Finance,Fall,2024,2.2,4
3323,STU0196,BU201,Marketing,Fall,2024,2.83,4
3324,STU0196,BU401,Management,Fall,2024,2.48,3
3325,STU0196,BU201,Marketing,Spring,2024,2.72,4
3326,STU0196,BU101,Accounting,Spring,2024,2.35,4
3327,STU0196,BU401,Management,Fall,2025,2.33,3
3328,STU0196,BU201,Marketing,Fall,2025,2.79,4
3329,STU0196,BU301,Finance,Fall,2025,2.28,3
3330,STU0196,BU301,Finance,Spring,2025,3.19,3
3331,STU0196,BU201,Marketing,Spring,2025,2.25,3
3332,STU0197,CS201,Data Structures,Fall,2023,4.0,3
3333,STU0197,CS501,Big Data,Fall,2023,2.72,4
3334,STU0197,CS301,Databases,Fall,2023,3.33,4
3335,STU0197,CS201,Data Structures,Spring,2023,3.2,4
3336,STU0197,CS101,Intro to Programming,Spring,2023,3.9,4
3337,STU0197,CS501,Big Data,Spring,2023,2.93,4
3338,STU0197,CS401,Machine Learning,Fall,2024,3.35,3
3339,STU0197,CS501,Big Data,Fall,2024,3.14,3
3340,STU0197,CS201,Data Structures,Fall,2024,2.68,4
3341,STU0197,CS101,Intro to Programming,Fall,2024,3.7,4
3342,STU0197,CS201,Data Structures,Spring,2024,3.86,4
3343,STU0197,CS401,Machine Learning,Spring,2024,3.35,4
3344,STU0197,CS201,Data Structures,Fall,2025,3.66,4
3345,STU0197,CS301,Databases,Fall,2025,3.55,3
3346,STU0197,CS401,Machine Learning,Fall,2025,3.42,4
3347,STU0197,CS501,Big Data,Fall,2025,3.73,3
3348,STU0197,CS501,Big Data,Spring,2025,2.6,4
3349,STU0197,CS401,Machine Learning,Spring,2025,3.24,3
3350,STU0197,CS101,Intro to Programming,Spring,2025,4.0,3
3351,STU0198,MT401,Discrete Math,Fall,2023,3.81,4
3352,STU0198,MT201,Linear Algebra,Fall,2023,4.0,3
3353,STU0198,MT301,Statistics,Fall,2023,4.0,3
3354,STU0198,MT201,Linear Algebra,Spring,2023,4.0,4
3355,STU0198,MT101,Calculus I,Spring,2023,3.71,3
3356,STU0198,MT401,Discrete Math,Spring,2023,3.5,3
3357,STU0198,MT301,Statistics,Spring,2023,3.89,3
3358,STU0198,MT401,Discrete Math,Fall,2024,3.61,3
3359,STU0198,MT201,Linear Algebra,Fall,2024,4.0,4
3360,STU0198,MT301,Statistics,Fall,2024,4.0,4
3361,STU0198,MT101,Calculus I,Fall,2024,4.0,3
3362,STU0198,MT201,Linear Algebra,Spring,2024,3.41,4
3363,STU0198,MT101,Calculus I,Spring,2024,3.79,4
3364,STU0198,MT301,Statistics,Spring,2024,4.0,4
3365,STU0198,MT201,Linear Algebra,Fall,2025,4.0,3
3366,STU0198,MT301,Statistics,Fall,2025,3.36,3
3367,STU0198,MT101,Calculus I,Fall,2025,4.0,3
3368,STU0198,MT301,Statistics,Spring,2025,4.0,3
3369,STU0198,MT101,Calculus I,Spring,2025,3.37,3
3370,STU0198,MT201,Linear Algebra,Spring,2025,3.12,3
3371,STU0198,MT401,Discrete Math,Spring,2025,2.94,4
3372,STU0199,EN201,Circuit Analysis,Fall,2023,2.58,3
3373,STU0199,EN301,Control Systems,Fall,2023,2.05,4
3374,STU0199,EN101,Engineering Drawing,Spring,2023,1.51,4
3375,STU0199,EN201,Circuit Analysis,Spring,2023,2.07,3
3376,STU0199,EN301,Control Systems,Spring,2023,2.47,4
3377,STU0199,EN101,Engineering Drawing,Fall,2024,2.87,3
3378,STU0199,EN301,Control Systems,Fall,2024,1.42,4
3379,STU0199,EN201,Circuit Analysis,Fall,2024,2.22,4
3380,STU0199,EN201,Circuit Analysis,Spring,2024,2.22,4
3381,STU0199,EN301,Control Systems,Spring,2024,2.37,4
3382,STU0199,EN201,Circuit Analysis,Fall,2025,2.37,4
3383,STU0199,EN101,Engineering Drawing,Fall,2025,2.24,3
3384,STU0199,EN101,Engineering Drawing,Spring,2025,1.44,3
3385,STU0199,EN301,Control Systems,Spring,2025,1.56,3
3386,STU0199,EN201,Circuit Analysis,Spring,2025,2.18,3
3387,STU0200,PH201,Electromagnetism,Fall,2023,2.41,4
3388,STU0200,PH301,Thermodynamics,Fall,2023,2.42,3
3389,STU0200,PH201,Electromagnetism,Spring,2023,2.9,4
3390,STU0200,PH101,Mechanics,Spring,2023,2.98,3
3391,STU0200,PH301,Thermodynamics,Spring,2023,3.17,4
3392,STU0200,PH101,Mechanics,Fall,2024,2.23,3
3393,STU0200,PH201,Electromagnetism,Fall,2024,2.9,3
3394,STU0200,PH301,Thermodynamics,Spring,2024,2.64,3
3395,STU0200,PH101,Mechanics,Spring,2024,2.22,3
3396,STU0200,PH101,Mechanics,Fall,2025,2.39,4
3397,STU0200,PH201,Electromagnetism,Fall,2025,1.9,4
3398,STU0200,PH101,Mechanics,Spring,2025,1.93,3
3399,STU0200,PH201,Electromagnetism,Spring,2025,2.2,4
3400,STU0200,PH301,Thermodynamics,Spring,2025,1.88,3
3401,STU0201,MT301,Statistics,Fall,2023,2.85,3
3402,STU0201,MT401,Discrete Math,Fall,2023,3.97,4
3403,STU0201,MT101,Calculus I,Fall,2023,2.94,4
3404,STU0201,MT201,Linear Algebra,Fall,2023,3.33,3
3405,STU0201,MT301,Statistics,Spring,2023,2.82,4
3406,STU0201,MT201,Linear Algebra,Spring,2023,3.14,4
3407,STU0201,MT101,Calculus I,Fall,2024,2.84,3
3408,STU0201,MT201,Linear Algebra,Fall,2024,2.58,3
3409,STU0201,MT301,Statistics,Fall,2024,3.7,3
3410,STU0201,MT301,Statistics,Spring,2024,3.59,4
3411,STU0201,MT401,Discrete Math,Spring,2024,3.09,3
3412,STU0201,MT201,Linear Algebra,Fall,2025,3.33,4
3413,STU0201,MT301,Statistics,Fall,2025,2.53,3
3414,STU0201,MT401,Discrete Math,Fall,2025,3.89,3
3415,STU0201,MT101,Calculus I,Fall,2025,3.31,4
3416,STU0201,MT301,Statistics,Spring,2025,3.98,4
3417,STU0201,MT201,Linear Algebra,Spring,2025,3.41,4
3418,STU0201,MT401,Discrete Math,Spring,2025,3.78,3
3419,STU0201,MT101,Calculus I,Spring,2025,2.63,3
3420,STU0202,EN101,Engineering Drawing,Fall,2023,4.0,4
3421,STU0202,EN301,Control Systems,Fall,2023,4.0,4
3422,STU0202,EN201,Circuit Analysis,Spring,2023,2.77,3
3423,STU0202,EN101,Engineering Drawing,Spring,2023,3.71,4
3424,STU0202,EN301,Control Systems,Spring,2023,3.87,4
3425,STU0202,EN201,Circuit Analysis,Fall,2024,3.73,4
3426,STU0202,EN301,Control Systems,Fall,2024,3.91,3
3427,STU0202,EN101,Engineering Drawing,Spring,2024,4.0,3
3428,STU0202,EN201,Circuit Analysis,Spring,2024,2.87,3
3429,STU0202,EN301,Control Systems,Spring,2024,4.0,4
3430,STU0202,EN101,Engineering Drawing,Fall,2025,2.82,3
3431,STU0202,EN301,Control Systems,Fall,2025,3.41,4
3432,STU0202,EN101,Engineering Drawing,Spring,2025,3.85,3
3433,STU0202,EN201,Circuit Analysis,Spring,2025,3.02,4
3434,STU0202,EN301,Control Systems,Spring,2025,3.76,3
3435,STU0203,PH201,Electromagnetism,Fall,2023,2.95,4
3436,STU0203,PH301,Thermodynamics,Fall,2023,1.9,3
3437,STU0203,PH101,Mechanics,Spring,2023,2.76,4
3438,STU0203,PH301,Thermodynamics,Spring,2023,1.94,4
3439,STU0203,PH201,Electromagnetism,Spring,2023,1.66,4
3440,STU0203,PH101,Mechanics,Fall,2024,2.92,3
3441,STU0203,PH201,Electromagnetism,Fall,2024,3.02,4
3442,STU0203,PH301,Thermodynamics,Spring,2024,2.76,3
3443,STU0203,PH201,Electromagnetism,Spring,2024,2.08,3
3444,STU0203,PH101,Mechanics,Spring,2024,2.58,4
3445,STU0203,PH301,Thermodynamics,Fall,2025,2.67,4
3446,STU0203,PH101,Mechanics,Fall,2025,2.78,3
3447,STU0203,PH201,Electromagnetism,Fall,2025,2.13,4
3448,STU0203,PH101,Mechanics,Spring,2025,2.37,4
3449,STU0203,PH201,Electromagnetism,Spring,2025,2.85,3
3450,STU0203,PH301,Thermodynamics,Spring,2025,2.92,4
3451,STU0204,EN301,Control Systems,Fall,2023,4.0,3
3452,STU0204,EN201,Circuit Analysis,Fall,2023,4.0,3
3453,STU0204,EN101,Engineering Drawing,Fall,2023,3.58,4
3454,STU0204,EN201,Circuit Analysis,Spring,2023,4.0,4
3455,STU0204,EN301,Control Systems,Spring,2023,3.86,3
3456,STU0204,EN101,Engineering Drawing,Spring,2023,4.0,3
3457,STU0204,EN101,Engineering Drawing,Fall,2024,3.18,4
3458,STU0204,EN301,Control Systems,Fall,2024,4.0,3
3459,STU0204,EN201,Circuit Analysis,Fall,2024,3.88,3
3460,STU0204,EN301,Control Systems,Spring,2024,4.0,4
3461,STU0204,EN101,Engineering Drawing,Spring,2024,3.83,4
3462,STU0204,EN201,Circuit Analysis,Spring,2024,4.0,4
3463,STU0204,EN201,Circuit Analysis,Fall,2025,3.97,4
3464,STU0204,EN301,Control Systems,Fall,2025,4.0,3
3465,STU0204,EN101,Engineering Drawing,Fall,2025,3.41,4
3466,STU0204,EN301,Control Systems,Spring,2025,4.0,3
3467,STU0204,EN101,Engineering Drawing,Spring,2025,3.84,3
3468,STU0205,MT301,Statistics,Fall,2023,3.57,3
3469,STU0205,MT101,Calculus I,Fall,2023,3.77,3
3470,STU0205,MT201,Linear Algebra,Fall,2023,2.29,3
3471,STU0205,MT401,Discrete Math,Fall,2023,2.72,3
3472,STU0205,MT101,Calculus I,Spring,2023,2.66,3
3473,STU0205,MT401,Discrete Math,Spring,2023,2.93,4
3474,STU0205,MT401,Discrete Math,Fall,2024,2.87,3
3475,STU0205,MT101,Calculus I,Fall,2024,2.74,4
3476,STU0205,MT201,Linear Algebra,Fall,2024,3.27,3
3477,STU0205,MT301,Statistics,Fall,2024,3.34,3
3478,STU0205,MT301,Statistics,Spring,2024,2.66,4
3479,STU0205,MT201,Linear Algebra,Spring,2024,3.63,4
3480,STU0205,MT101,Calculus I,Spring,2024,3.45,3
3481,STU0205,MT301,Statistics,Fall,2025,3.84,4
3482,STU0205,MT401,Discrete Math,Fall,2025,2.31,4
3483,STU0205,MT201,Linear Algebra,Fall,2025,3.46,3
3484,STU0205,MT301,Statistics,Spring,2025,2.38,3
3485,STU0205,MT401,Discrete Math,Spring,2025,2.98,4
3486,STU0205,MT101,Calculus I,Spring,2025,2.64,4
3487,STU0206,EN201,Circuit Analysis,Fall,2023,1.74,4
3488,STU0206,EN301,Control Systems,Fall,2023,1.21,4
3489,STU0206,EN101,Engineering Drawing,Spring,2023,1.81,3
3490,STU0206,EN301,Control Systems,Spring,2023,2.36,4
3491,STU0206,EN301,Control Systems,Fall,2024,1.6,4
3492,STU0206,EN101,Engineering Drawing,Fall,2024,2.14,3
3493,STU0206,EN301,Control Systems,Spring,2024,1.14,4
3494,STU0206,EN101,Engineering Drawing,Spring,2024,1.33,3
3495,STU0206,EN201,Circuit Analysis,Spring,2024,0.92,4
3496,STU0206,EN101,Engineering Drawing,Fall,2025,1.18,4
3497,STU0206,EN301,Control Systems,Fall,2025,1.26,4
3498,STU0206,EN201,Circuit Analysis,Fall,2025,2.1,3
3499,STU0206,EN101,Engineering Drawing,Spring,2025,1.22,4
3500,STU0206,EN201,Circuit Analysis,Spring,2025,1.23,4
3501,STU0206,EN301,Control Systems,Spring,2025,2.15,3
3502,STU0207,BU201,Marketing,Fall,2023,1.02,3
3503,STU0207,BU101,Accounting,Fall,2023,1.51,4
3504,STU0207,BU401,Management,Spring,2023,1.48,3
3505,STU0207,BU101,Accounting,Spring,2023,1.26,4
3506,STU0207,BU201,Marketing,Spring,2023,0.92,3
3507,STU0207,BU301,Finance,Spring,2023,1.23,4
3508,STU0207,BU401,Management,Fall,2024,2.26,3
3509,STU0207,BU301,Finance,Fall,2024,1.0,3
3510,STU0207,BU101,Accounting,Fall,2024,0.95,3
3511,STU0207,BU201,Marketing,Spring,2024,1.57,3
3512,STU0207,BU401,Management,Spring,2024,1.74,3
3513,STU0207,BU301,Finance,Spring,2024,1.71,3
3514,STU0207,BU101,Accounting,Spring,2024,1.13,4
3515,STU0207,BU401,Management,Fall,2025,1.4,3
3516,STU0207,BU101,Accounting,Fall,2025,0.99,4
3517,STU0207,BU101,Accounting,Spring,2025,2.28,4
3518,STU0207,BU201,Marketing,Spring,2025,2.09,3
3519,STU0207,BU401,Management,Spring,2025,1.87,4
3520,STU0207,BU301,Finance,Spring,2025,1.58,3
3521,STU0208,CS401,Machine Learning,Fall,2023,3.15,3
3522,STU0208,CS101,Intro to Programming,Fall,2023,4.0,3
3523,STU0208,CS401,Machine Learning,Spring,2023,3.83,3
3524,STU0208,CS101,Intro to Programming,Spring,2023,3.92,4
3525,STU0208,CS301,Databases,Fall,2024,3.02,4
3526,STU0208,CS201,Data Structures,Fall,2024,2.99,4
3527,STU0208,CS401,Machine Learning,Fall,2024,4.0,3
3528,STU0208,CS501,Big Data,Fall,2024,3.23,4
3529,STU0208,CS401,Machine Learning,Spring,2024,4.0,4
3530,STU0208,CS201,Data Structures,Spring,2024,3.9,4
3531,STU0208,CS301,Databases,Spring,2024,3.95,3
3532,STU0208,CS501,Big Data,Fall,2025,3.72,3
3533,STU0208,CS301,Databases,Fall,2025,3.61,3
3534,STU0208,CS101,Intro to Programming,Spring,2025,4.0,3
3535,STU0208,CS501,Big Data,Spring,2025,4.0,3
3536,STU0208,CS301,Databases,Spring,2025,3.51,4
3537,STU0209,BU401,Management,Fall,2023,2.87,4
3538,STU0209,BU301,Finance,Fall,2023,3.85,4
3539,STU0209,BU201,Marketing,Fall,2023,3.2,4
3540,STU0209,BU201,Marketing,Spring,2023,3.49,4
3541,STU0209,BU401,Management,Spring,2023,3.23,3
3542,STU0209,BU301,Finance,Spring,2023,2.78,4
3543,STU0209,BU101,Accounting,Spring,2023,3.87,4
3544,STU0209,BU201,Marketing,Fall,2024,3.29,4
3545,STU0209,BU401,Management,Fall,2024,3.94,3
3546,STU0209,BU301,Finance,Fall,2024,3.7,4
3547,STU0209,BU101,Accounting,Fall,2024,2.83,4
3548,STU0209,BU201,Marketing,Spring,2024,2.68,4
3549,STU0209,BU301,Finance,Spring,2024,3.52,4
3550,STU0209,BU101,Accounting,Spring,2024,2.71,4
3551,STU0209,BU401,Management,Spring,2024,3.31,3
3552,STU0209,BU301,Finance,Fall,2025,2.78,4
3553,STU0209,BU401,Management,Fall,2025,2.67,4
3554,STU0209,BU201,Marketing,Spring,2025,3.53,4
3555,STU0209,BU401,Management,Spring,2025,3.24,3
3556,STU0209,BU301,Finance,Spring,2025,2.79,3
3557,STU0210,EN101,Engineering Drawing,Fall,2023,2.35,3
3558,STU0210,EN201,Circuit Analysis,Fall,2023,3.64,4
3559,STU0210,EN301,Control Systems,Fall,2023,3.82,4
3560,STU0210,EN301,Control Systems,Spring,2023,2.66,3
3561,STU0210,EN201,Circuit Analysis,Spring,2023,3.91,4
3562,STU0210,EN101,Engineering Drawing,Spring,2023,3.29,4
3563,STU0210,EN201,Circuit Analysis,Fall,2024,2.56,3
3564,STU0210,EN301,Control Systems,Fall,2024,2.92,3
3565,STU0210,EN101,Engineering Drawing,Fall,2024,2.41,3
3566,STU0210,EN101,Engineering Drawing,Spring,2024,3.59,4
3567,STU0210,EN201,Circuit Analysis,Spring,2024,2.67,3
3568,STU0210,EN301,Control Systems,Spring,2024,2.36,4
3569,STU0210,EN301,Control Systems,Fall,2025,3.03,3
3570,STU0210,EN201,Circuit Analysis,Fall,2025,2.69,4
3571,STU0210,EN101,Engineering Drawing,Fall,2025,3.82,4
3572,STU0210,EN101,Engineering Drawing,Spring,2025,3.23,4
3573,STU0210,EN301,Control Systems,Spring,2025,3.56,3
3574,STU0211,EN101,Engineering Drawing,Fall,2023,0.93,4
3575,STU0211,EN301,Control Systems,Fall,2023,2.08,3
3576,STU0211,EN201,Circuit Analysis,Fall,2023,0.93,4
3577,STU0211,EN101,Engineering Drawing,Spring,2023,1.76,3
3578,STU0211,EN201,Circuit Analysis,Spring,2023,2.25,4
3579,STU0211,EN101,Engineering Drawing,Fall,2024,1.85,4
3580,STU0211,EN301,Control Systems,Fall,2024,1.71,4
3581,STU0211,EN101,Engineering Drawing,Spring,2024,2.14,4
3582,STU0211,EN301,Control Systems,Spring,2024,1.92,4
3583,STU0211,EN201,Circuit Analysis,Spring,2024,1.02,4
3584,STU0211,EN201,Circuit Analysis,Fall,2025,1.11,4
3585,STU0211,EN101,Engineering Drawing,Fall,2025,1.48,4
3586,STU0211,EN301,Control Systems,Fall,2025,1.3,4
3587,STU0211,EN301,Control Systems,Spring,2025,1.75,4
3588,STU0211,EN201,Circuit Analysis,Spring,2025,1.01,3
3589,STU0211,EN101,Engineering Drawing,Spring,2025,1.74,4
3590,STU0212,BU401,Management,Fall,2023,1.3,4
3591,STU0212,BU101,Accounting,Fall,2023,1.6,3
3592,STU0212,BU301,Finance,Spring,2023,2.49,3
3593,STU0212,BU101,Accounting,Spring,2023,1.98,3
3594,STU0212,BU201,Marketing,Spring,2023,1.67,3
3595,STU0212,BU401,Management,Spring,2023,1.57,4
3596,STU0212,BU401,Management,Fall,2024,1.65,4
3597,STU0212,BU101,Accounting,Fall,2024,2.4,3
3598,STU0212,BU201,Marketing,Fall,2024,1.65,4
3599,STU0212,BU301,Finance,Spring,2024,2.41,4
3600,STU0212,BU201,Marketing,Spring,2024,1.72,3
3601,STU0212,BU201,Marketing,Fall,2025,2.52,4
3602,STU0212,BU101,Accounting,Fall,2025,1.03,3
3603,STU0212,BU201,Marketing,Spring,2025,1.93,3
3604,STU0212,BU101,Accounting,Spring,2025,1.35,4
3605,STU0213,CS201,Data Structures,Fall,2023,2.54,4
3606,STU0213,CS301,Databases,Fall,2023,2.56,3
3607,STU0213,CS101,Intro to Programming,Fall,2023,1.54,4
3608,STU0213,CS501,Big Data,Spring,2023,1.54,3
3609,STU0213,CS101,Intro to Programming,Spring,2023,2.16,3
3610,STU0213,CS501,Big Data,Fall,2024,2.6,3
3611,STU0213,CS401,Machine Learning,Fall,2024,1.2,3
3612,STU0213,CS201,Data Structures,Fall,2024,2.13,3
3613,STU0213,CS101,Intro to Programming,Spring,2024,2.48,3
3614,STU0213,CS301,Databases,Spring,2024,2.02,4
3615,STU0213,CS301,Databases,Fall,2025,1.56,3
3616,STU0213,CS201,Data Structures,Fall,2025,1.69,3
3617,STU0213,CS101,Intro to Programming,Fall,2025,2.4,3
3618,STU0213,CS501,Big Data,Fall,2025,1.97,3
3619,STU0213,CS201,Data Structures,Spring,2025,1.92,3
3620,STU0213,CS501,Big Data,Spring,2025,1.56,4
3621,STU0213,CS101,Intro to Programming,Spring,2025,2.09,4
3622,STU0214,CS201,Data Structures,Fall,2023,3.44,3
3623,STU0214,CS401,Machine Learning,Fall,2023,2.56,3
3624,STU0214,CS101,Intro to Programming,Fall,2023,2.41,4
3625,STU0214,CS101,Intro to Programming,Spring,2023,3.04,4
3626,STU0214,CS301,Databases,Spring,2023,3.38,4
3627,STU0214,CS501,Big Data,Fall,2024,3.84,4
3628,STU0214,CS401,Machine Learning,Fall,2024,3.56,4
3629,STU0214,CS301,Databases,Fall,2024,3.5,4
3630,STU0214,CS201,Data Structures,Fall,2024,2.57,4
3631,STU0214,CS101,Intro to Programming,Spring,2024,2.42,4
3632,STU0214,CS201,Data Structures,Spring,2024,3.65,3
3633,STU0214,CS401,Machine Learning,Fall,2025,2.9,4
3634,STU0214,CS501,Big Data,Fall,2025,3.08,3
3635,STU0214,CS201,Data Structures,Fall,2025,2.64,3
3636,STU0214,CS301,Databases,Fall,2025,3.02,3
3637,STU0214,CS301,Databases,Spring,2025,2.33,3
3638,STU0214,CS401,Machine Learning,Spring,2025,3.75,4
3639,STU0214,CS101,Intro to Programming,Spring,2025,3.08,4
3640,STU0214,CS501,Big Data,Spring,2025,3.44,4
3641,STU0215,CS401,Machine Learning,Fall,2023,3.84,3
3642,STU0215,CS201,Data Structures,Fall,2023,3.56,3
3643,STU0215,CS101,Intro to Programming,Spring,2023,3.73,4
3644,STU0215,CS301,Databases,Spring,2023,4.0,4
3645,STU0215,CS201,Data Structures,Spring,2023,3.29,4
3646,STU0215,CS501,Big Data,Spring,2023,3.74,4
3647,STU0215,CS401,Machine Learning,Fall,2024,3.73,3
3648,STU0215,CS101,Intro to Programming,Fall,2024,3.67,3
3649,STU0215,CS101,Intro to Programming,Spring,2024,4.0,4
3650,STU0215,CS201,Data Structures,Spring,2024,3.27,3
3651,STU0215,CS501,Big Data,Fall,2025,3.82,4
3652,STU0215,CS301,Databases,Fall,2025,3.73,4
3653,STU0215,CS101,Intro to Programming,Fall,2025,3.63,3
3654,STU0215,CS201,Data Structures,Fall,2025,4.0,3
3655,STU0215,CS401,Machine Learning,Spring,2025,3.23,3
3656,STU0215,CS501,Big Data,Spring,2025,4.0,3
3657,STU0215,CS301,Databases,Spring,2025,4.0,4
3658,STU0216,CS401,Machine Learning,Fall,2023,1.47,3
3659,STU0216,CS301,Databases,Fall,2023,1.39,4
3660,STU0216,CS101,Intro to Programming,Fall,2023,1.68,3
3661,STU0216,CS101,Intro to Programming,Spring,2023,1.26,3
3662,STU0216,CS301,Databases,Spring,2023,1.55,3
3663,STU0216,CS201,Data Structures,Fall,2024,2.15,3
3664,STU0216,CS401,Machine Learning,Fall,2024,1.24,3
3665,STU0216,CS301,Databases,Fall,2024,1.5,3
3666,STU0216,CS401,Machine Learning,Spring,2024,1.99,3
3667,STU0216,CS101,Intro to Programming,Spring,2024,2.72,4
3668,STU0216,CS501,Big Data,Spring,2024,1.42,4
3669,STU0216,CS501,Big Data,Fall,2025,2.77,4
3670,STU0216,CS301,Databases,Fall,2025,2.16,4
3671,STU0216,CS201,Data Structures,Fall,2025,2.25,4
3672,STU0216,CS201,Data Structures,Spring,2025,1.6,3
3673,STU0216,CS301,Databases,Spring,2025,1.93,4
3674,STU0216,CS401,Machine Learning,Spring,2025,1.77,4
3675,STU0216,CS101,Intro to Programming,Spring,2025,2.04,4
3676,STU0217,PH301,Thermodynamics,Fall,2023,1.99,4
3677,STU0217,PH201,Electromagnetism,Fall,2023,0.88,3
3678,STU0217,PH101,Mechanics,Spring,2023,1.45,3
3679,STU0217,PH301,Thermodynamics,Spring,2023,2.19,4
3680,STU0217,PH201,Electromagnetism,Spring,2023,1.37,4
3681,STU0217,PH301,Thermodynamics,Fall,2024,0.84,3
3682,STU0217,PH201,Electromagnetism,Fall,2024,1.71,3
3683,STU0217,PH101,Mechanics,Fall,2024,1.95,3
3684,STU0217,PH201,Electromagnetism,Spring,2024,1.37,3
3685,STU0217,PH301,Thermodynamics,Spring,2024,1.24,4
3686,STU0217,PH101,Mechanics,Spring,2024,0.9,3
3687,STU0217,PH201,Electromagnetism,Fall,2025,1.36,3
3688,STU0217,PH301,Thermodynamics,Fall,2025,1.17,3
3689,STU0217,PH101,Mechanics,Fall,2025,1.25,4
3690,STU0217,PH201,Electromagnetism,Spring,2025,0.84,3
3691,STU0217,PH101,Mechanics,Spring,2025,0.95,4
3692,STU0217,PH301,Thermodynamics,Spring,2025,1.5,3
3693,STU0218,MT201,Linear Algebra,Fall,2023,1.25,3
3694,STU0218,MT101,Calculus I,Fall,2023,1.44,4
3695,STU0218,MT301,Statistics,Fall,2023,2.06,4
3696,STU0218,MT401,Discrete Math,Fall,2023,2.04,3
3697,STU0218,MT201,Linear Algebra,Spring,2023,1.5,3
3698,STU0218,MT401,Discrete Math,Spring,2023,2.56,3
3699,STU0218,MT101,Calculus I,Fall,2024,2.23,4
3700,STU0218,MT401,Discrete Math,Fall,2024,2.29,4
3701,STU0218,MT301,Statistics,Spring,2024,1.44,3
3702,STU0218,MT401,Discrete Math,Spring,2024,2.3,4
3703,STU0218,MT101,Calculus I,Fall,2025,1.94,4
3704,STU0218,MT201,Linear Algebra,Fall,2025,1.22,3
3705,STU0218,MT201,Linear Algebra,Spring,2025,1.02,4
3706,STU0218,MT301,Statistics,Spring,2025,2.03,4
3707,STU0218,MT401,Discrete Math,Spring,2025,2.27,4
3708,STU0219,CS301,Databases,Fall,2023,2.84,3
3709,STU0219,CS501,Big Data,Fall,2023,3.44,4
3710,STU0219,CS401,Machine Learning,Fall,2023,3.24,3
3711,STU0219,CS201,Data Structures,Fall,2023,2.56,3
3712,STU0219,CS201,Data Structures,Spring,2023,3.11,3
3713,STU0219,CS101,Intro to Programming,Spring,2023,2.41,4
3714,STU0219,CS401,Machine Learning,Spring,2023,2.37,3
3715,STU0219,CS301,Databases,Spring,2023,2.62,4
3716,STU0219,CS301,Databases,Fall,2024,2.87,3
3717,STU0219,CS201,Data Structures,Fall,2024,3.66,4
3718,STU0219,CS501,Big Data,Fall,2024,3.67,3
3719,STU0219,CS401,Machine Learning,Fall,2024,3.6,3
3720,STU0219,CS201,Data Structures,Spring,2024,2.72,3
3721,STU0219,CS401,Machine Learning,Spring,2024,2.22,4
3722,STU0219,CS101,Intro to Programming,Spring,2024,2.79,4
3723,STU0219,CS401,Machine Learning,Fall,2025,2.38,4
3724,STU0219,CS301,Databases,Fall,2025,3.36,4
3725,STU0219,CS201,Data Structures,Fall,2025,3.22,3
3726,STU0219,CS201,Data Structures,Spring,2025,2.84,4
3727,STU0219,CS301,Databases,Spring,2025,3.57,4
3728,STU0220,MT101,Calculus I,Fall,2023,1.4,4
3729,STU0220,MT401,Discrete Math,Fall,2023,2.55,3
3730,STU0220,MT201,Linear Algebra,Spring,2023,2.03,4
3731,STU0220,MT401,Discrete Math,Spring,2023,2.3,4
3732,STU0220,MT101,Calculus I,Spring,2023,1.56,3
3733,STU0220,MT301,Statistics,Spring,2023,1.79,3
3734,STU0220,MT201,Linear Algebra,Fall,2024,2.11,4
3735,STU0220,MT401,Discrete Math,Fall,2024,1.87,3
3736,STU0220,MT101,Calculus I,Spring,2024,1.88,4
3737,STU0220,MT201,Linear Algebra,Spring,2024,1.09,4
3738,STU0220,MT301,Statistics,Spring,2024,1.05,3
3739,STU0220,MT401,Discrete Math,Fall,2025,2.5,3
3740,STU0220,MT201,Linear Algebra,Fall,2025,1.74,4
3741,STU0220,MT101,Calculus I,Fall,2025,2.45,3
3742,STU0220,MT301,Statistics,Spring,2025,1.44,3
3743,STU0220,MT201,Linear Algebra,Spring,2025,1.08,4
3744,STU0221,CS401,Machine Learning,Fall,2023,3.34,3
3745,STU0221,CS101,Intro to Programming,Fall,2023,3.93,4
3746,STU0221,CS501,Big Data,Spring,2023,3.88,3
3747,STU0221,CS401,Machine Learning,Spring,2023,3.44,3
3748,STU0221,CS101,Intro to Programming,Spring,2023,3.5,4
3749,STU0221,CS201,Data Structures,Spring,2023,3.9,3
3750,STU0221,CS501,Big Data,Fall,2024,3.52,3
3751,STU0221,CS301,Databases,Fall,2024,2.67,4
3752,STU0221,CS101,Intro to Programming,Fall,2024,2.78,3
3753,STU0221,CS101,Intro to Programming,Spring,2024,4.0,4
3754,STU0221,CS501,Big Data,Spring,2024,2.92,4
3755,STU0221,CS401,Machine Learning,Spring,2024,3.72,4
3756,STU0221,CS401,Machine Learning,Fall,2025,3.82,4
3757,STU0221,CS201,Data Structures,Fall,2025,2.81,4
3758,STU0221,CS501,Big Data,Spring,2025,4.0,3
3759,STU0221,CS101,Intro to Programming,Spring,2025,4.0,3
3760,STU0221,CS401,Machine Learning,Spring,2025,4.0,3
3761,STU0222,BU201,Marketing,Fall,2023,1.35,4
3762,STU0222,BU101,Accounting,Fall,2023,1.63,4
3763,STU0222,BU401,Management,Fall,2023,1.88,4
3764,STU0222,BU301,Finance,Spring,2023,1.38,4
3765,STU0222,BU101,Accounting,Spring,2023,2.1,4
3766,STU0222,BU101,Accounting,Fall,2024,1.07,4
3767,STU0222,BU301,Finance,Fall,2024,1.07,3
3768,STU0222,BU401,Management,Fall,2024,1.58,4
3769,STU0222,BU201,Marketing,Fall,2024,0.86,4
3770,STU0222,BU101,Accounting,Spring,2024,1.15,3
3771,STU0222,BU301,Finance,Spring,2024,1.8,4
3772,STU0222,BU201,Marketing,Spring,2024,2.05,3
3773,STU0222,BU201,Marketing,Fall,2025,1.43,4
3774,STU0222,BU301,Finance,Fall,2025,1.13,3
3775,STU0222,BU401,Management,Fall,2025,0.87,3
3776,STU0222,BU101,Accounting,Fall,2025,0.82,4
3777,STU0222,BU301,Finance,Spring,2025,1.35,3
3778,STU0222,BU401,Management,Spring,2025,2.36,4
3779,STU0223,BU201,Marketing,Fall,2023,4.0,3
3780,STU0223,BU101,Accounting,Fall,2023,4.0,4
3781,STU0223,BU301,Finance,Spring,2023,4.0,4
3782,STU0223,BU101,Accounting,Spring,2023,3.59,4
3783,STU0223,BU401,Management,Spring,2023,3.67,3
3784,STU0223,BU301,Finance,Fall,2024,4.0,3
3785,STU0223,BU401,Management,Fall,2024,4.0,4
3786,STU0223,BU301,Finance,Spring,2024,4.0,3
3787,STU0223,BU201,Marketing,Spring,2024,4.0,4
3788,STU0223,BU401,Management,Fall,2025,4.0,4
3789,STU0223,BU201,Marketing,Fall,2025,3.24,4
3790,STU0223,BU201,Marketing,Spring,2025,4.0,3
3791,STU0223,BU301,Finance,Spring,2025,3.78,3
3792,STU0223,BU101,Accounting,Spring,2025,4.0,4
3793,STU0224,BU101,Accounting,Fall,2023,3.41,3
3794,STU0224,BU401,Management,Fall,2023,2.85,4
3795,STU0224,BU301,Finance,Fall,2023,2.98,3
3796,STU0224,BU301,Finance,Spring,2023,3.91,3
3797,STU0224,BU401,Management,Spring,2023,2.98,4
3798,STU0224,BU201,Marketing,Spring,2023,2.63,4
3799,STU0224,BU101,Accounting,Spring,2023,2.91,3
3800,STU0224,BU101,Accounting,Fall,2024,4.0,3
3801,STU0224,BU401,Management,Fall,2024,2.65,4
3802,STU0224,BU401,Management,Spring,2024,3.13,3
3803,STU0224,BU201,Marketing,Spring,2024,2.9,3
3804,STU0224,BU301,Finance,Fall,2025,2.78,3
3805,STU0224,BU101,Accounting,Fall,2025,3.49,3
3806,STU0224,BU201,Marketing,Spring,2025,2.75,3
3807,STU0224,BU301,Finance,Spring,2025,4.0,3
3808,STU0224,BU101,Accounting,Spring,2025,3.57,4
3809,STU0225,CS201,Data Structures,Fall,2023,2.31,3
3810,STU0225,CS401,Machine Learning,Fall,2023,3.2,4
3811,STU0225,CS301,Databases,Fall,2023,2.53,4
3812,STU0225,CS101,Intro to Programming,Fall,2023,2.77,4
3813,STU0225,CS401,Machine Learning,Spring,2023,3.21,3
3814,STU0225,CS301,Databases,Spring,2023,3.35,4
3815,STU0225,CS201,Data Structures,Spring,2023,3.26,4
3816,STU0225,CS101,Intro to Programming,Spring,2023,2.22,3
3817,STU0225,CS501,Big Data,Fall,2024,2.62,3
3818,STU0225,CS201,Data Structures,Fall,2024,3.14,3
3819,STU0225,CS301,Databases,Fall,2024,3.77,3
3820,STU0225,CS101,Intro to Programming,Spring,2024,3.82,3
3821,STU0225,CS201,Data Structures,Spring,2024,3.39,4
3822,STU0225,CS201,Data Structures,Fall,2025,3.76,3
3823,STU0225,CS301,Databases,Fall,2025,3.26,3
3824,STU0225,CS101,Intro to Programming,Spring,2025,2.55,3
3825,STU0225,CS401,Machine Learning,Spring,2025,2.46,3
3826,STU0225,CS501,Big Data,Spring,2025,3.61,4
3827,STU0225,CS201,Data Structures,Spring,2025,3.78,4
3828,STU0226,MT301,Statistics,Fall,2023,2.61,4
3829,STU0226,MT201,Linear Algebra,Fall,2023,2.58,3
3830,STU0226,MT101,Calculus I,Fall,2023,3.06,4
3831,STU0226,MT401,Discrete Math,Fall,2023,2.98,4
3832,STU0226,MT401,Discrete Math,Spring,2023,2.53,3
3833,STU0226,MT201,Linear Algebra,Spring,2023,3.48,4
3834,STU0226,MT401,Discrete Math,Fall,2024,3.69,3
3835,STU0226,MT101,Calculus I,Fall,2024,2.73,3
3836,STU0226,MT101,Calculus I,Spring,2024,3.22,4
3837,STU0226,MT201,Linear Algebra,Spring,2024,2.77,3
3838,STU0226,MT401,Discrete Math,Spring,2024,3.0,4
3839,STU0226,MT401,Discrete Math,Fall,2025,3.05,4
3840,STU0226,MT201,Linear Algebra,Fall,2025,3.73,3
3841,STU0226,MT101,Calculus I,Fall,2025,3.53,4
3842,STU0226,MT201,Linear Algebra,Spring,2025,2.46,4
3843,STU0226,MT301,Statistics,Spring,2025,3.12,3
3844,STU0226,MT101,Calculus I,Spring,2025,2.71,4
3845,STU0227,BU401,Management,Fall,2023,2.35,4
3846,STU0227,BU101,Accounting,Fall,2023,2.36,3
3847,STU0227,BU301,Finance,Fall,2023,3.17,3
3848,STU0227,BU201,Marketing,Fall,2023,2.96,3
3849,STU0227,BU101,Accounting,Spring,2023,3.19,4
3850,STU0227,BU201,Marketing,Spring,2023,2.87,3
3851,STU0227,BU201,Marketing,Fall,2024,3.13,4
3852,STU0227,BU101,Accounting,Fall,2024,2.36,4
3853,STU0227,BU301,Finance,Fall,2024,2.9,4
3854,STU0227,BU301,Finance,Spring,2024,2.96,3
3855,STU0227,BU101,Accounting,Spring,2024,2.48,4
3856,STU0227,BU201,Marketing,Spring,2024,2.53,3
3857,STU0227,BU401,Management,Spring,2024,2.81,4
3858,STU0227,BU401,Management,Fall,2025,1.99,3
3859,STU0227,BU301,Finance,Fall,2025,2.13,3
3860,STU0227,BU401,Management,Spring,2025,2.29,4
3861,STU0227,BU101,Accounting,Spring,2025,2.82,3
3862,STU0228,CS501,Big Data,Fall,2023,3.48,3
3863,STU0228,CS401,Machine Learning,Fall,2023,3.51,3
3864,STU0228,CS101,Intro to Programming,Spring,2023,2.35,4
3865,STU0228,CS501,Big Data,Spring,2023,2.52,4
3866,STU0228,CS201,Data Structures,Spring,2023,3.36,4
3867,STU0228,CS101,Intro to Programming,Fall,2024,3.81,3
3868,STU0228,CS301,Databases,Fall,2024,2.48,4
3869,STU0228,CS501,Big Data,Spring,2024,3.43,3
3870,STU0228,CS201,Data Structures,Spring,2024,3.38,3
3871,STU0228,CS101,Intro to Programming,Spring,2024,3.81,4
3872,STU0228,CS401,Machine Learning,Spring,2024,3.64,3
3873,STU0228,CS301,Databases,Fall,2025,3.14,3
3874,STU0228,CS101,Intro to Programming,Fall,2025,3.81,4
3875,STU0228,CS401,Machine Learning,Fall,2025,2.33,4
3876,STU0228,CS401,Machine Learning,Spring,2025,3.51,3
3877,STU0228,CS201,Data Structures,Spring,2025,3.4,3
3878,STU0228,CS101,Intro to Programming,Spring,2025,2.61,3
3879,STU0229,BU101,Accounting,Fall,2023,2.02,3
3880,STU0229,BU301,Finance,Fall,2023,2.05,4
3881,STU0229,BU101,Accounting,Spring,2023,2.09,3
3882,STU0229,BU301,Finance,Spring,2023,1.78,3
3883,STU0229,BU201,Marketing,Spring,2023,2.32,4
3884,STU0229,BU401,Management,Fall,2024,2.49,3
3885,STU0229,BU101,Accounting,Fall,2024,2.0,3
3886,STU0229,BU301,Finance,Fall,2024,2.58,4
3887,STU0229,BU201,Marketing,Fall,2024,1.9,3
3888,STU0229,BU101,Accounting,Spring,2024,2.39,4
3889,STU0229,BU401,Management,Spring,2024,2.1,3
3890,STU0229,BU301,Finance,Fall,2025,3.06,3
3891,STU0229,BU201,Marketing,Fall,2025,3.26,4
3892,STU0229,BU101,Accounting,Fall,2025,2.01,4
3893,STU0229,BU301,Finance,Spring,2025,3.21,3
3894,STU0229,BU201,Marketing,Spring,2025,2.04,4
3895,STU0229,BU101,Accounting,Spring,2025,2.33,4
3896,STU0230,BU101,Accounting,Fall,2023,1.68,3
3897,STU0230,BU301,Finance,Fall,2023,1.85,3
3898,STU0230,BU401,Management,Spring,2023,2.31,3
3899,STU0230,BU201,Marketing,Spring,2023,2.76,3
3900,STU0230,BU101,Accounting,Spring,2023,2.93,3
3901,STU0230,BU301,Finance,Spring,2023,1.87,3
3902,STU0230,BU101,Accounting,Fall,2024,2.01,3
3903,STU0230,BU201,Marketing,Fall,2024,2.8,3
3904,STU0230,BU301,Finance,Fall,2024,2.16,3
3905,STU0230,BU201,Marketing,Spring,2024,2.5,3
3906,STU0230,BU301,Finance,Spring,2024,2.48,3
3907,STU0230,BU101,Accounting,Fall,2025,2.22,4
3908,STU0230,BU301,Finance,Fall,2025,3.07,4
3909,STU0230,BU201,Marketing,Fall,2025,1.53,3
3910,STU0230,BU101,Accounting,Spring,2025,1.53,4
3911,STU0230,BU301,Finance,Spring,2025,1.74,3
3912,STU0231,PH301,Thermodynamics,Fall,2023,3.19,3
3913,STU0231,PH101,Mechanics,Fall,2023,3.12,4
3914,STU0231,PH301,Thermodynamics,Spring,2023,3.57,4
3915,STU0231,PH101,Mechanics,Spring,2023,2.92,3
3916,STU0231,PH301,Thermodynamics,Fall,2024,2.84,3
3917,STU0231,PH201,Electromagnetism,Fall,2024,3.29,3
3918,STU0231,PH101,Mechanics,Fall,2024,3.38,4
3919,STU0231,PH201,Electromagnetism,Spring,2024,2.7,4
3920,STU0231,PH101,Mechanics,Spring,2024,3.22,3
3921,STU0231,PH301,Thermodynamics,Spring,2024,2.92,4
3922,STU0231,PH301,Thermodynamics,Fall,2025,3.17,3
3923,STU0231,PH201,Electromagnetism,Fall,2025,3.38,3
3924,STU0231,PH201,Electromagnetism,Spring,2025,2.97,4
3925,STU0231,PH101,Mechanics,Spring,2025,2.56,4
3926,STU0231,PH301,Thermodynamics,Spring,2025,3.27,4
3927,STU0232,CS501,Big Data,Fall,2023,1.59,4
3928,STU0232,CS101,Intro to Programming,Fall,2023,1.75,4
3929,STU0232,CS401,Machine Learning,Fall,2023,1.52,3
3930,STU0232,CS301,Databases,Spring,2023,1.53,3
3931,STU0232,CS201,Data Structures,Spring,2023,1.81,3
3932,STU0232,CS501,Big Data,Spring,2023,1.93,3
3933,STU0232,CS201,Data Structures,Fall,2024,1.89,4
3934,STU0232,CS501,Big Data,Fall,2024,1.92,3
3935,STU0232,CS401,Machine Learning,Fall,2024,2.17,3
3936,STU0232,CS101,Intro to Programming,Spring,2024,1.36,3
3937,STU0232,CS501,Big Data,Spring,2024,2.42,4
3938,STU0232,CS501,Big Data,Fall,2025,2.39,3
3939,STU0232,CS101,Intro to Programming,Fall,2025,1.35,4
3940,STU0232,CS301,Databases,Fall,2025,2.47,3
3941,STU0232,CS401,Machine Learning,Spring,2025,1.53,3
3942,STU0232,CS501,Big Data,Spring,2025,1.78,3
3943,STU0232,CS101,Intro to Programming,Spring,2025,1.57,3
3944,STU0232,CS301,Databases,Spring,2025,1.18,3
3945,STU0233,MT401,Discrete Math,Fall,2023,4.0,3
3946,STU0233,MT301,Statistics,Fall,2023,3.92,4
3947,STU0233,MT301,Statistics,Spring,2023,3.48,4
3948,STU0233,MT101,Calculus I,Spring,2023,4.0,3
3949,STU0233,MT401,Discrete Math,Spring,2023,3.68,4
3950,STU0233,MT101,Calculus I,Fall,2024,4.0,4
3951,STU0233,MT201,Linear Algebra,Fall,2024,3.22,3
3952,STU0233,MT301,Statistics,Spring,2024,3.34,4
3953,STU0233,MT401,Discrete Math,Spring,2024,4.0,3
3954,STU0233,MT201,Linear Algebra,Spring,2024,3.39,3
3955,STU0233,MT301,Statistics,Fall,2025,3.4,3
3956,STU0233,MT201,Linear Algebra,Fall,2025,4.0,4
3957,STU0233,MT101,Calculus I,Fall,2025,3.69,4
3958,STU0233,MT401,Discrete Math,Fall,2025,4.0,4
3959,STU0233,MT101,Calculus I,Spring,2025,3.48,3
3960,STU0233,MT401,Discrete Math,Spring,2025,4.0,4
3961,STU0233,MT301,Statistics,Spring,2025,3.62,3
3962,STU0233,MT201,Linear Algebra,Spring,2025,3.84,3
3963,STU0234,CS301,Databases,Fall,2023,4.0,4
3964,STU0234,CS101,Intro to Programming,Fall,2023,3.26,3
3965,STU0234,CS201,Data Structures,Fall,2023,3.21,4
3966,STU0234,CS401,Machine Learning,Fall,2023,3.19,4
3967,STU0234,CS301,Databases,Spring,2023,4.0,3
3968,STU0234,CS101,Intro to Programming,Spring,2023,3.02,4
3969,STU0234,CS201,Data Structures,Spring,2023,3.72,3
3970,STU0234,CS401,Machine Learning,Spring,2023,3.75,3
3971,STU0234,CS501,Big Data,Fall,2024,3.89,3
3972,STU0234,CS101,Intro to Programming,Fall,2024,3.67,3
3973,STU0234,CS301,Databases,Spring,2024,4.0,3
3974,STU0234,CS201,Data Structures,Spring,2024,4.0,3
3975,STU0234,CS101,Intro to Programming,Spring,2024,4.0,4
3976,STU0234,CS401,Machine Learning,Fall,2025,4.0,4
3977,STU0234,CS101,Intro to Programming,Fall,2025,4.0,3
3978,STU0234,CS201,Data Structures,Fall,2025,2.9,3
3979,STU0234,CS101,Intro to Programming,Spring,2025,3.82,4
3980,STU0234,CS501,Big Data,Spring,2025,4.0,3
3981,STU0235,CS201,Data Structures,Fall,2023,2.01,4
3982,STU0235,CS101,Intro to Programming,Fall,2023,1.9,4
3983,STU0235,CS401,Machine Learning,Fall,2023,2.8,3
3984,STU0235,CS501,Big Data,Fall,2023,3.02,4
3985,STU0235,CS501,Big Data,Spring,2023,2.11,4
3986,STU0235,CS201,Data Structures,Spring,2023,1.69,3
3987,STU0235,CS301,Databases,Fall,2024,2.77,4
3988,STU0235,CS101,Intro to Programming,Fall,2024,1.65,4
3989,STU0235,CS201,Data Structures,Spring,2024,2.33,4
3990,STU0235,CS401,Machine Learning,Spring,2024,2.82,3
3991,STU0235,CS201,Data Structures,Fall,2025,1.73,3
3992,STU0235,CS501,Big Data,Fall,2025,2.45,3
3993,STU0235,CS301,Databases,Fall,2025,1.6,4
3994,STU0235,CS301,Databases,Spring,2025,1.6,4
3995,STU0235,CS501,Big Data,Spring,2025,2.97,4
3996,STU0235,CS201,Data Structures,Spring,2025,1.69,4
3997,STU0236,EN101,Engineering Drawing,Fall,2023,3.58,4
3998,STU0236,EN201,Circuit Analysis,Fall,2023,2.72,4
3999,STU0236,EN301,Control Systems,Fall,2023,3.03,3
4000,STU0236,EN301,Control Systems,Spring,2023,3.53,4
4001,STU0236,EN101,Engineering Drawing,Spring,2023,3.59,3
4002,STU0236,EN201,Circuit Analysis,Spring,2023,3.84,3
4003,STU0236,EN301,Control Systems,Fall,2024,2.92,4
4004,STU0236,EN101,Engineering Drawing,Fall,2024,3.76,3
4005,STU0236,EN201,Circuit Analysis,Spring,2024,3.44,3
4006,STU0236,EN101,Engineering Drawing,Spring,2024,2.85,3
4007,STU0236,EN101,Engineering Drawing,Fall,2025,2.75,4
4008,STU0236,EN301,Control Systems,Fall,2025,2.91,4
4009,STU0236,EN301,Control Systems,Spring,2025,3.26,4
4010,STU0236,EN101,Engineering Drawing,Spring,2025,3.34,4
4011,STU0236,EN201,Circuit Analysis,Spring,2025,3.02,3
4012,STU0237,CS201,Data Structures,Fall,2023,1.81,4
4013,STU0237,CS301,Databases,Fall,2023,3.05,3
4014,STU0237,CS501,Big Data,Fall,2023,2.89,4
4015,STU0237,CS101,Intro to Programming,Fall,2023,2.87,4
4016,STU0237,CS201,Data Structures,Spring,2023,3.08,3
4017,STU0237,CS401,Machine Learning,Spring,2023,2.27,3
4018,STU0237,CS301,Databases,Spring,2023,1.99,4
4019,STU0237,CS101,Intro to Programming,Fall,2024,2.34,3
4020,STU0237,CS501,Big Data,Fall,2024,2.59,3
4021,STU0237,CS401,Machine Learning,Fall,2024,2.43,3
4022,STU0237,CS201,Data Structures,Fall,2024,2.91,4
4023,STU0237,CS201,Data Structures,Spring,2024,3.21,3
4024,STU0237,CS101,Intro to Programming,Spring,2024,2.26,4
4025,STU0237,CS301,Databases,Spring,2024,2.85,4
4026,STU0237,CS501,Big Data,Spring,2024,3.01,4
4027,STU0237,CS501,Big Data,Fall,2025,1.85,4
4028,STU0237,CS401,Machine Learning,Fall,2025,2.55,3
4029,STU0237,CS101,Intro to Programming,Fall,2025,1.86,3
4030,STU0237,CS201,Data Structures,Fall,2025,2.09,4
4031,STU0237,CS501,Big Data,Spring,2025,1.79,3
4032,STU0237,CS201,Data Structures,Spring,2025,2.09,3
4033,STU0237,CS101,Intro to Programming,Spring,2025,2.86,4
4034,STU0237,CS301,Databases,Spring,2025,2.27,3
4035,STU0238,EN301,Control Systems,Fall,2023,3.06,3
4036,STU0238,EN101,Engineering Drawing,Fall,2023,3.54,4
4037,STU0238,EN201,Circuit Analysis,Fall,2023,4.0,3
4038,STU0238,EN201,Circuit Analysis,Spring,2023,3.31,3
4039,STU0238,EN101,Engineering Drawing,Spring,2023,3.64,3
4040,STU0238,EN301,Control Systems,Spring,2023,3.33,4
4041,STU0238,EN101,Engineering Drawing,Fall,2024,4.0,4
4042,STU0238,EN301,Control Systems,Fall,2024,4.0,4
4043,STU0238,EN201,Circuit Analysis,Fall,2024,4.0,3
4044,STU0238,EN301,Control Systems,Spring,2024,3.36,3
4045,STU0238,EN201,Circuit Analysis,Spring,2024,3.46,4
4046,STU0238,EN301,Control Systems,Fall,2025,3.87,3
4047,STU0238,EN101,Engineering Drawing,Fall,2025,4.0,4
4048,STU0238,EN201,Circuit Analysis,Fall,2025,3.73,4
4049,STU0238,EN301,Control Systems,Spring,2025,2.83,4
4050,STU0238,EN101,Engineering Drawing,Spring,2025,4.0,3
4051,STU0238,EN201,Circuit Analysis,Spring,2025,3.89,3
4052,STU0239,EN301,Control Systems,Fall,2023,2.06,3
4053,STU0239,EN201,Circuit Analysis,Fall,2023,1.55,3
4054,STU0239,EN201,Circuit Analysis,Spring,2023,2.09,4
4055,STU0239,EN101,Engineering Drawing,Spring,2023,2.51,4
4056,STU0239,EN301,Control Systems,Spring,2023,2.15,3
4057,STU0239,EN101,Engineering Drawing,Fall,2024,2.35,3
4058,STU0239,EN201,Circuit Analysis,Fall,2024,1.16,4
4059,STU0239,EN201,Circuit Analysis,Spring,2024,2.75,3
4060,STU0239,EN301,Control Systems,Spring,2024,2.48,4
4061,STU0239,EN101,Engineering Drawing,Spring,2024,1.96,3
4062,STU0239,EN301,Control Systems,Fall,2025,2.45,4
4063,STU0239,EN101,Engineering Drawing,Fall,2025,2.47,3
4064,STU0239,EN101,Engineering Drawing,Spring,2025,1.99,4
4065,STU0239,EN201,Circuit Analysis,Spring,2025,1.28,3
4066,STU0240,PH201,Electromagnetism,Fall,2023,1.8,3
4067,STU0240,PH101,Mechanics,Fall,2023,2.53,3
4068,STU0240,PH301,Thermodynamics,Fall,2023,2.54,4
4069,STU0240,PH201,Electromagnetism,Spring,2023,2.32,3
4070,STU0240,PH101,Mechanics,Spring,2023,2.17,4
4071,STU0240,PH301,Thermodynamics,Spring,2023,1.18,4
4072,STU0240,PH201,Electromagnetism,Fall,2024,1.41,4
4073,STU0240,PH301,Thermodynamics,Fall,2024,2.57,4
4074,STU0240,PH101,Mechanics,Fall,2024,2.37,4
4075,STU0240,PH101,Mechanics,Spring,2024,1.18,3
4076,STU0240,PH301,Thermodynamics,Spring,2024,2.34,4
4077,STU0240,PH201,Electromagnetism,Spring,2024,2.31,4
4078,STU0240,PH101,Mechanics,Fall,2025,2.38,4
4079,STU0240,PH301,Thermodynamics,Fall,2025,1.19,4
4080,STU0240,PH201,Electromagnetism,Fall,2025,1.26,3
4081,STU0240,PH101,Mechanics,Spring,2025,1.52,3
4082,STU0240,PH201,Electromagnetism,Spring,2025,2.68,4
4083,STU0241,CS201,Data Structures,Fall,2023,4.0,4
4084,STU0241,CS501,Big Data,Fall,2023,3.3,3
4085,STU0241,CS401,Machine Learning,Fall,2023,3.87,3
4086,STU0241,CS101,Intro to Programming,Spring,2023,4.0,3
4087,STU0241,CS501,Big Data,Spring,2023,3.74,3
4088,STU0241,CS201,Data Structures,Fall,2024,3.88,4
4089,STU0241,CS301,Databases,Fall,2024,3.73,3
4090,STU0241,CS101,Intro to Programming,Fall,2024,3.48,3
4091,STU0241,CS501,Big Data,Spring,2024,4.0,3
4092,STU0241,CS301,Databases,Spring,2024,4.0,4
4093,STU0241,CS201,Data Structures,Spring,2024,3.21,4
4094,STU0241,CS401,Machine Learning,Spring,2024,3.6,3
4095,STU0241,CS401,Machine Learning,Fall,2025,3.59,3
4096,STU0241,CS301,Databases,Fall,2025,3.51,3
4097,STU0241,CS301,Databases,Spring,2025,3.98,3
4098,STU0241,CS101,Intro to Programming,Spring,2025,4.0,4
4099,STU0241,CS201,Data Structures,Spring,2025,4.0,3
4100,STU0241,CS501,Big Data,Spring,2025,4.0,3
4101,STU0242,EN101,Engineering Drawing,Fall,2023,3.16,3
4102,STU0242,EN301,Control Systems,Fall,2023,1.91,3
4103,STU0242,EN301,Control Systems,Spring,2023,2.67,4
4104,STU0242,EN201,Circuit Analysis,Spring,2023,2.93,4
4105,STU0242,EN101,Engineering Drawing,Spring,2023,3.01,4
4106,STU0242,EN201,Circuit Analysis,Fall,2024,3.15,3
4107,STU0242,EN101,Engineering Drawing,Fall,2024,3.15,3
4108,STU0242,EN301,Control Systems,Spring,2024,1.8,3
4109,STU0242,EN201,Circuit Analysis,Spring,2024,2.67,4
4110,STU0242,EN101,Engineering Drawing,Spring,2024,3.29,3
4111,STU0242,EN301,Control Systems,Fall,2025,2.84,3
4112,STU0242,EN201,Circuit Analysis,Fall,2025,2.48,3
4113,STU0242,EN101,Engineering Drawing,Fall,2025,2.39,4
4114,STU0242,EN201,Circuit Analysis,Spring,2025,3.13,3
4115,STU0242,EN101,Engineering Drawing,Spring,2025,2.33,3
4116,STU0243,MT201,Linear Algebra,Fall,2023,2.79,4
4117,STU0243,MT101,Calculus I,Fall,2023,3.02,3
4118,STU0243,MT301,Statistics,Fall,2023,2.64,4
4119,STU0243,MT301,Statistics,Spring,2023,4.0,4
4120,STU0243,MT101,Calculus I,Spring,2023,3.15,3
4121,STU0243,MT201,Linear Algebra,Spring,2023,3.67,3
4122,STU0243,MT401,Discrete Math,Spring,2023,2.62,3
4123,STU0243,MT401,Discrete Math,Fall,2024,3.39,4
4124,STU0243,MT201,Linear Algebra,Fall,2024,2.88,4
4125,STU0243,MT101,Calculus I,Fall,2024,3.75,3
4126,STU0243,MT201,Linear Algebra,Spring,2024,3.86,3
4127,STU0243,MT101,Calculus I,Spring,2024,4.0,3
4128,STU0243,MT401,Discrete Math,Fall,2025,3.54,4
4129,STU0243,MT301,Statistics,Fall,2025,3.91,4
4130,STU0243,MT201,Linear Algebra,Fall,2025,3.85,3
4131,STU0243,MT101,Calculus I,Fall,2025,3.54,4
4132,STU0243,MT401,Discrete Math,Spring,2025,4.0,3
4133,STU0243,MT301,Statistics,Spring,2025,3.61,4
4134,STU0243,MT201,Linear Algebra,Spring,2025,2.65,3
4135,STU0244,CS501,Big Data,Fall,2023,3.31,4
4136,STU0244,CS401,Machine Learning,Fall,2023,2.9,3
4137,STU0244,CS501,Big Data,Spring,2023,3.03,3
4138,STU0244,CS401,Machine Learning,Spring,2023,4.0,3
4139,STU0244,CS401,Machine Learning,Fall,2024,3.21,3
4140,STU0244,CS501,Big Data,Fall,2024,3.96,4
4141,STU0244,CS301,Databases,Fall,2024,3.4,3
4142,STU0244,CS201,Data Structures,Fall,2024,3.93,3
4143,STU0244,CS501,Big Data,Spring,2024,4.0,3
4144,STU0244,CS201,Data Structures,Spring,2024,3.85,4
4145,STU0244,CS401,Machine Learning,Spring,2024,3.68,3
4146,STU0244,CS201,Data Structures,Fall,2025,2.67,4
4147,STU0244,CS501,Big Data,Fall,2025,4.0,4
4148,STU0244,CS401,Machine Learning,Fall,2025,3.8,4
4149,STU0244,CS501,Big Data,Spring,2025,3.32,3
4150,STU0244,CS301,Databases,Spring,2025,2.64,3
4151,STU0244,CS401,Machine Learning,Spring,2025,2.86,3
4152,STU0245,CS301,Databases,Fall,2023,2.64,4
4153,STU0245,CS501,Big Data,Fall,2023,3.09,4
4154,STU0245,CS201,Data Structures,Fall,2023,2.66,4
4155,STU0245,CS401,Machine Learning,Fall,2023,3.67,4
4156,STU0245,CS201,Data Structures,Spring,2023,3.44,4
4157,STU0245,CS501,Big Data,Spring,2023,3.61,3
4158,STU0245,CS501,Big Data,Fall,2024,2.89,3
4159,STU0245,CS101,Intro to Programming,Fall,2024,2.77,4
4160,STU0245,CS501,Big Data,Spring,2024,3.51,4
4161,STU0245,CS301,Databases,Spring,2024,2.63,4
4162,STU0245,CS201,Data Structures,Fall,2025,3.86,3
4163,STU0245,CS501,Big Data,Fall,2025,3.74,3
4164,STU0245,CS401,Machine Learning,Fall,2025,2.9,4
4165,STU0245,CS201,Data Structures,Spring,2025,3.25,4
4166,STU0245,CS101,Intro to Programming,Spring,2025,2.94,3
4167,STU0246,EN201,Circuit Analysis,Fall,2023,2.9,4
4168,STU0246,EN301,Control Systems,Fall,2023,1.41,4
4169,STU0246,EN101,Engineering Drawing,Fall,2023,2.59,4
4170,STU0246,EN101,Engineering Drawing,Spring,2023,1.87,3
4171,STU0246,EN301,Control Systems,Spring,2023,2.78,3
4172,STU0246,EN201,Circuit Analysis,Spring,2023,2.86,3
4173,STU0246,EN301,Control Systems,Fall,2024,1.46,4
4174,STU0246,EN201,Circuit Analysis,Fall,2024,2.31,4
4175,STU0246,EN101,Engineering Drawing,Fall,2024,2.65,3
4176,STU0246,EN101,Engineering Drawing,Spring,2024,1.52,4
4177,STU0246,EN201,Circuit Analysis,Spring,2024,2.11,4
4178,STU0246,EN301,Control Systems,Spring,2024,2.7,3
4179,STU0246,EN101,Engineering Drawing,Fall,2025,1.97,3
4180,STU0246,EN301,Control Systems,Fall,2025,2.69,4
4181,STU0246,EN301,Control Systems,Spring,2025,2.66,4
4182,STU0246,EN101,Engineering Drawing,Spring,2025,2.74,3
4183,STU0246,EN201,Circuit Analysis,Spring,2025,1.41,4
4184,STU0247,PH301,Thermodynamics,Fall,2023,1.86,3
4185,STU0247,PH101,Mechanics,Fall,2023,1.47,4
4186,STU0247,PH201,Electromagnetism,Spring,2023,2.4,3
4187,STU0247,PH301,Thermodynamics,Spring,2023,2.52,4
4188,STU0247,PH101,Mechanics,Fall,2024,1.42,4
4189,STU0247,PH301,Thermodynamics,Fall,2024,1.62,4
4190,STU0247,PH201,Electromagnetism,Fall,2024,2.05,3
4191,STU0247,PH301,Thermodynamics,Spring,2024,1.5,4
4192,STU0247,PH201,Electromagnetism,Spring,2024,2.79,4
4193,STU0247,PH101,Mechanics,Spring,2024,2.68,4
4194,STU0247,PH201,Electromagnetism,Fall,2025,2.79,3
4195,STU0247,PH301,Thermodynamics,Fall,2025,2.2,4
4196,STU0247,PH101,Mechanics,Fall,2025,2.23,4
4197,STU0247,PH301,Thermodynamics,Spring,2025,2.95,4
4198,STU0247,PH201,Electromagnetism,Spring,2025,2.67,4
4199,STU0247,PH101,Mechanics,Spring,2025,1.69,3
4200,STU0248,EN301,Control Systems,Fall,2023,2.55,4
4201,STU0248,EN101,Engineering Drawing,Fall,2023,2.83,3
4202,STU0248,EN201,Circuit Analysis,Fall,2023,1.47,3
4203,STU0248,EN101,Engineering Drawing,Spring,2023,2.53,4
4204,STU0248,EN301,Control Systems,Spring,2023,2.27,3
4205,STU0248,EN101,Engineering Drawing,Fall,2024,2.28,3
4206,STU0248,EN301,Control Systems,Fall,2024,2.53,4
4207,STU0248,EN101,Engineering Drawing,Spring,2024,1.77,4
4208,STU0248,EN301,Control Systems,Spring,2024,1.3,3
4209,STU0248,EN301,Control Systems,Fall,2025,2.34,4
4210,STU0248,EN201,Circuit Analysis,Fall,2025,1.74,4
4211,STU0248,EN101,Engineering Drawing,Fall,2025,1.87,4
4212,STU0248,EN201,Circuit Analysis,Spring,2025,1.93,4
4213,STU0248,EN101,Engineering Drawing,Spring,2025,2.4,4
4214,STU0249,CS401,Machine Learning,Fall,2023,3.27,3
4215,STU0249,CS201,Data Structures,Fall,2023,4.0,4
4216,STU0249,CS301,Databases,Fall,2023,3.39,3
4217,STU0249,CS101,Intro to Programming,Fall,2023,3.9,3
4218,STU0249,CS501,Big Data,Spring,2023,3.36,3
4219,STU0249,CS101,Intro to Programming,Spring,2023,3.26,3
4220,STU0249,CS301,Databases,Spring,2023,4.0,3
4221,STU0249,CS401,Machine Learning,Spring,2023,4.0,3
4222,STU0249,CS401,Machine Learning,Fall,2024,4.0,3
4223,STU0249,CS101,Intro to Programming,Fall,2024,3.72,4
4224,STU0249,CS201,Data Structures,Spring,2024,3.61,3
4225,STU0249,CS401,Machine Learning,Spring,2024,4.0,4
4226,STU0249,CS101,Intro to Programming,Fall,2025,4.0,4
4227,STU0249,CS401,Machine Learning,Fall,2025,3.8,4
4228,STU0249,CS501,Big Data,Fall,2025,4.0,4
4229,STU0249,CS301,Databases,Fall,2025,3.96,4
4230,STU0249,CS201,Data Structures,Spring,2025,4.0,3
4231,STU0249,CS401,Machine Learning,Spring,2025,3.58,3
4232,STU0249,CS101,Intro to Programming,Spring,2025,3.88,4
4233,STU0250,PH301,Thermodynamics,Fall,2023,1.63,3
4234,STU0250,PH101,Mechanics,Fall,2023,2.15,3
4235,STU0250,PH201,Electromagnetism,Fall,2023,2.03,3
4236,STU0250,PH201,Electromagnetism,Spring,2023,1.32,3
4237,STU0250,PH101,Mechanics,Spring,2023,2.48,3
4238,STU0250,PH201,Electromagnetism,Fall,2024,1.28,3
4239,STU0250,PH101,Mechanics,Fall,2024,2.19,3
4240,STU0250,PH301,Thermodynamics,Spring,2024,2.28,3
4241,STU0250,PH201,Electromagnetism,Spring,2024,2.02,3
4242,STU0250,PH301,Thermodynamics,Fall,2025,2.43,4
4243,STU0250,PH101,Mechanics,Fall,2025,2.05,3
4244,STU0250,PH201,Electromagnetism,Fall,2025,2.26,3
4245,STU0250,PH301,Thermodynamics,Spring,2025,1.67,4
4246,STU0250,PH201,Electromagnetism,Spring,2025,2.16,4
4247,STU0250,PH101,Mechanics,Spring,2025,2.18,4
4248,STU0251,MT201,Linear Algebra,Fall,2023,2.49,3
4249,STU0251,MT401,Discrete Math,Fall,2023,2.94,4
4250,STU0251,MT401,Discrete Math,Spring,2023,2.32,4
4251,STU0251,MT301,Statistics,Spring,2023,3.0,4
4252,STU0251,MT101,Calculus I,Spring,2023,2.03,3
4253,STU0251,MT101,Calculus I,Fall,2024,2.56,4
4254,STU0251,MT401,Discrete Math,Fall,2024,3.25,4
4255,STU0251,MT301,Statistics,Fall,2024,3.18,3
4256,STU0251,MT301,Statistics,Spring,2024,2.24,3
4257,STU0251,MT101,Calculus I,Spring,2024,3.33,3
4258,STU0251,MT401,Discrete Math,Spring,2024,2.25,4
4259,STU0251,MT101,Calculus I,Fall,2025,2.31,3
4260,STU0251,MT301,Statistics,Fall,2025,2.45,4
4261,STU0251,MT401,Discrete Math,Fall,2025,3.0,4
4262,STU0251,MT401,Discrete Math,Spring,2025,3.1,4
4263,STU0251,MT201,Linear Algebra,Spring,2025,2.33,4
4264,STU0251,MT101,Calculus I,Spring,2025,3.51,3
4265,STU0251,MT301,Statistics,Spring,2025,2.35,4
4266,STU0252,EN101,Engineering Drawing,Fall,2023,2.99,4
4267,STU0252,EN201,Circuit Analysis,Fall,2023,1.87,3
4268,STU0252,EN301,Control Systems,Fall,2023,2.25,3
4269,STU0252,EN301,Control Systems,Spring,2023,1.73,3
4270,STU0252,EN101,Engineering Drawing,Spring,2023,2.72,3
4271,STU0252,EN301,Control Systems,Fall,2024,1.84,3
4272,STU0252,EN201,Circuit Analysis,Fall,2024,2.45,3
4273,STU0252,EN101,Engineering Drawing,Fall,2024,1.78,3
4274,STU0252,EN301,Control Systems,Spring,2024,3.28,3
4275,STU0252,EN201,Circuit Analysis,Spring,2024,2.03,4
4276,STU0252,EN301,Control Systems,Fall,2025,1.92,3
4277,STU0252,EN101,Engineering Drawing,Fall,2025,2.7,3
4278,STU0252,EN101,Engineering Drawing,Spring,2025,1.88,4
4279,STU0252,EN301,Control Systems,Spring,2025,2.35,3
4280,STU0253,BU101,Accounting,Fall,2023,4.0,3
4281,STU0253,BU301,Finance,Fall,2023,3.19,4
4282,STU0253,BU101,Accounting,Spring,2023,3.07,3
4283,STU0253,BU401,Management,Spring,2023,3.71,4
4284,STU0253,BU301,Finance,Spring,2023,4.0,4
4285,STU0253,BU201,Marketing,Fall,2024,4.0,3
4286,STU0253,BU301,Finance,Fall,2024,3.06,3
4287,STU0253,BU401,Management,Spring,2024,3.86,3
4288,STU0253,BU201,Marketing,Spring,2024,3.73,4
4289,STU0253,BU101,Accounting,Spring,2024,4.0,3
4290,STU0253,BU301,Finance,Fall,2025,3.16,4
4291,STU0253,BU101,Accounting,Fall,2025,3.04,4
4292,STU0253,BU201,Marketing,Spring,2025,4.0,3
4293,STU0253,BU401,Management,Spring,2025,3.95,4
4294,STU0253,BU101,Accounting,Spring,2025,3.21,3
4295,STU0253,BU301,Finance,Spring,2025,4.0,4
4296,STU0254,EN301,Control Systems,Fall,2023,3.01,3
4297,STU0254,EN201,Circuit Analysis,Fall,2023,3.0,3
4298,STU0254,EN101,Engineering Drawing,Fall,2023,2.86,4
4299,STU0254,EN301,Control Systems,Spring,2023,3.03,3
4300,STU0254,EN201,Circuit Analysis,Spring,2023,2.08,4
4301,STU0254,EN101,Engineering Drawing,Fall,2024,2.02,4
4302,STU0254,EN201,Circuit Analysis,Fall,2024,2.59,4
4303,STU0254,EN201,Circuit Analysis,Spring,2024,3.06,4
4304,STU0254,EN101,Engineering Drawing,Spring,2024,3.22,3
4305,STU0254,EN301,Control Systems,Spring,2024,1.75,4
4306,STU0254,EN201,Circuit Analysis,Fall,2025,2.29,3
4307,STU0254,EN101,Engineering Drawing,Fall,2025,2.48,4
4308,STU0254,EN101,Engineering Drawing,Spring,2025,2.42,3
4309,STU0254,EN301,Control Systems,Spring,2025,2.4,3
4310,STU0254,EN201,Circuit Analysis,Spring,2025,2.37,3
4311,STU0255,PH201,Electromagnetism,Fall,2023,1.3,4
4312,STU0255,PH101,Mechanics,Fall,2023,2.27,3
4313,STU0255,PH301,Thermodynamics,Spring,2023,1.87,4
4314,STU0255,PH101,Mechanics,Spring,2023,0.8,3
4315,STU0255,PH201,Electromagnetism,Spring,2023,0.95,4
4316,STU0255,PH201,Electromagnetism,Fall,2024,1.43,4
4317,STU0255,PH301,Thermodynamics,Fall,2024,1.75,4
4318,STU0255,PH101,Mechanics,Fall,2024,1.46,4
4319,STU0255,PH201,Electromagnetism,Spring,2024,2.26,4
4320,STU0255,PH301,Thermodynamics,Spring,2024,1.52,3
4321,STU0255,PH101,Mechanics,Spring,2024,0.97,4
4322,STU0255,PH201,Electromagnetism,Fall,2025,0.82,3
4323,STU0255,PH101,Mechanics,Fall,2025,1.98,3
4324,STU0255,PH301,Thermodynamics,Fall,2025,0.81,3
4325,STU0255,PH201,Electromagnetism,Spring,2025,1.47,4
4326,STU0255,PH101,Mechanics,Spring,2025,1.97,3
4327,STU0255,PH301,Thermodynamics,Spring,2025,1.53,4
4328,STU0256,PH101,Mechanics,Fall,2023,4.0,4
4329,STU0256,PH301,Thermodynamics,Fall,2023,3.53,3
4330,STU0256,PH201,Electromagnetism,Fall,2023,3.76,3
4331,STU0256,PH301,Thermodynamics,Spring,2023,2.95,3
4332,STU0256,PH101,Mechanics,Spring,2023,3.46,3
4333,STU0256,PH201,Electromagnetism,Spring,2023,3.2,4
4334,STU0256,PH101,Mechanics,Fall,2024,4.0,4
4335,STU0256,PH201,Electromagnetism,Fall,2024,3.39,4
4336,STU0256,PH301,Thermodynamics,Fall,2024,3.6,3
4337,STU0256,PH101,Mechanics,Spring,2024,2.85,4
4338,STU0256,PH301,Thermodynamics,Spring,2024,3.1,4
4339,STU0256,PH201,Electromagnetism,Spring,2024,3.52,4
4340,STU0256,PH201,Electromagnetism,Fall,2025,3.14,3
4341,STU0256,PH301,Thermodynamics,Fall,2025,3.34,3
4342,STU0256,PH101,Mechanics,Fall,2025,3.78,3
4343,STU0256,PH201,Electromagnetism,Spring,2025,3.51,3
4344,STU0256,PH301,Thermodynamics,Spring,2025,2.94,3
4345,STU0256,PH101,Mechanics,Spring,2025,3.65,3
4346,STU0257,BU401,Management,Fall,2023,2.47,4
4347,STU0257,BU101,Accounting,Fall,2023,1.56,3
4348,STU0257,BU301,Finance,Fall,2023,1.4,4
4349,STU0257,BU201,Marketing,Fall,2023,1.9,3
4350,STU0257,BU101,Accounting,Spring,2023,1.62,4
4351,STU0257,BU401,Management,Spring,2023,1.97,3
4352,STU0257,BU101,Accounting,Fall,2024,1.84,3
4353,STU0257,BU401,Management,Fall,2024,2.21,4
4354,STU0257,BU201,Marketing,Fall,2024,1.82,4
4355,STU0257,BU101,Accounting,Spring,2024,2.16,3
4356,STU0257,BU201,Marketing,Spring,2024,1.31,3
4357,STU0257,BU301,Finance,Fall,2025,2.15,4
4358,STU0257,BU401,Management,Fall,2025,1.92,3
4359,STU0257,BU201,Marketing,Fall,2025,1.22,4
4360,STU0257,BU101,Accounting,Fall,2025,2.0,4
4361,STU0257,BU301,Finance,Spring,2025,2.35,3
4362,STU0257,BU101,Accounting,Spring,2025,1.14,4
4363,STU0257,BU201,Marketing,Spring,2025,1.36,3
4364,STU0258,MT401,Discrete Math,Fall,2023,1.29,3
4365,STU0258,MT301,Statistics,Fall,2023,2.11,4
4366,STU0258,MT201,Linear Algebra,Fall,2023,1.18,4
4367,STU0258,MT101,Calculus I,Spring,2023,1.0,4
4368,STU0258,MT301,Statistics,Spring,2023,1.15,4
4369,STU0258,MT201,Linear Algebra,Spring,2023,2.25,3
4370,STU0258,MT401,Discrete Math,Spring,2023,0.93,4
4371,STU0258,MT401,Discrete Math,Fall,2024,2.24,3
4372,STU0258,MT301,Statistics,Fall,2024,1.03,3
4373,STU0258,MT101,Calculus I,Spring,2024,2.18,4
4374,STU0258,MT301,Statistics,Spring,2024,1.04,3
4375,STU0258,MT301,Statistics,Fall,2025,2.01,4
4376,STU0258,MT401,Discrete Math,Fall,2025,2.33,3
4377,STU0258,MT401,Discrete Math,Spring,2025,2.06,4
4378,STU0258,MT101,Calculus I,Spring,2025,2.37,3
4379,STU0259,PH301,Thermodynamics,Fall,2023,4.0,4
4380,STU0259,PH201,Electromagnetism,Fall,2023,3.6,3
4381,STU0259,PH201,Electromagnetism,Spring,2023,3.58,3
4382,STU0259,PH301,Thermodynamics,Spring,2023,3.65,4
4383,STU0259,PH201,Electromagnetism,Fall,2024,3.6,3
4384,STU0259,PH301,Thermodynamics,Fall,2024,4.0,4
4385,STU0259,PH101,Mechanics,Fall,2024,3.6,4
4386,STU0259,PH201,Electromagnetism,Spring,2024,4.0,3
4387,STU0259,PH301,Thermodynamics,Spring,2024,4.0,4
4388,STU0259,PH101,Mechanics,Spring,2024,3.64,4
4389,STU0259,PH201,Electromagnetism,Fall,2025,4.0,4
4390,STU0259,PH101,Mechanics,Fall,2025,3.82,4
4391,STU0259,PH301,Thermodynamics,Fall,2025,4.0,4
4392,STU0259,PH301,Thermodynamics,Spring,2025,3.9,4
4393,STU0259,PH101,Mechanics,Spring,2025,3.67,4
4394,STU0259,PH201,Electromagnetism,Spring,2025,3.8,3
4395,STU0260,CS101,Intro to Programming,Fall,2023,2.33,4
4396,STU0260,CS301,Databases,Fall,2023,2.64,3
4397,STU0260,CS501,Big Data,Fall,2023,2.45,4
4398,STU0260,CS301,Databases,Spring,2023,1.26,3
4399,STU0260,CS401,Machine Learning,Spring,2023,1.47,4
4400,STU0260,CS501,Big Data,Fall,2024,1.76,4
4401,STU0260,CS201,Data Structures,Fall,2024,2.12,4
4402,STU0260,CS401,Machine Learning,Fall,2024,1.48,3
4403,STU0260,CS301,Databases,Fall,2024,2.61,4
4404,STU0260,CS301,Databases,Spring,2024,2.34,4
4405,STU0260,CS401,Machine Learning,Spring,2024,1.23,4
4406,STU0260,CS201,Data Structures,Spring,2024,2.01,3
4407,STU0260,CS101,Intro to Programming,Spring,2024,1.29,3
4408,STU0260,CS501,Big Data,Fall,2025,1.35,3
4409,STU0260,CS301,Databases,Fall,2025,1.45,4
4410,STU0260,CS201,Data Structures,Spring,2025,1.19,3
4411,STU0260,CS401,Machine Learning,Spring,2025,1.62,4
4412,STU0260,CS501,Big Data,Spring,2025,2.04,3
4413,STU0260,CS101,Intro to Programming,Spring,2025,2.17,4
4414,STU0261,MT301,Statistics,Fall,2023,3.36,4
4415,STU0261,MT201,Linear Algebra,Fall,2023,3.55,3
4416,STU0261,MT101,Calculus I,Spring,2023,2.73,3
4417,STU0261,MT301,Statistics,Spring,2023,2.93,3
4418,STU0261,MT401,Discrete Math,Spring,2023,3.53,3
4419,STU0261,MT201,Linear Algebra,Fall,2024,2.76,3
4420,STU0261,MT101,Calculus I,Fall,2024,3.35,4
4421,STU0261,MT401,Discrete Math,Fall,2024,4.0,4
4422,STU0261,MT201,Linear Algebra,Spring,2024,4.0,4
4423,STU0261,MT101,Calculus I,Spring,2024,3.48,3
4424,STU0261,MT301,Statistics,Fall,2025,4.0,4
4425,STU0261,MT401,Discrete Math,Fall,2025,4.0,4
4426,STU0261,MT101,Calculus I,Fall,2025,3.79,4
4427,STU0261,MT301,Statistics,Spring,2025,3.58,4
4428,STU0261,MT101,Calculus I,Spring,2025,3.1,3
4429,STU0262,EN301,Control Systems,Fall,2023,1.93,4
4430,STU0262,EN201,Circuit Analysis,Fall,2023,2.13,3
4431,STU0262,EN301,Control Systems,Spring,2023,2.73,3
4432,STU0262,EN201,Circuit Analysis,Spring,2023,2.61,3
4433,STU0262,EN101,Engineering Drawing,Spring,2023,2.36,3
4434,STU0262,EN201,Circuit Analysis,Fall,2024,1.92,4
4435,STU0262,EN101,Engineering Drawing,Fall,2024,1.92,3
4436,STU0262,EN301,Control Systems,Fall,2024,2.75,4
4437,STU0262,EN101,Engineering Drawing,Spring,2024,3.01,4
4438,STU0262,EN201,Circuit Analysis,Spring,2024,2.48,3
4439,STU0262,EN301,Control Systems,Spring,2024,2.61,4
4440,STU0262,EN301,Control Systems,Fall,2025,2.98,4
4441,STU0262,EN201,Circuit Analysis,Fall,2025,2.4,3
4442,STU0262,EN101,Engineering Drawing,Fall,2025,2.01,4
4443,STU0262,EN301,Control Systems,Spring,2025,1.69,3
4444,STU0262,EN101,Engineering Drawing,Spring,2025,2.65,3
4445,STU0262,EN201,Circuit Analysis,Spring,2025,1.58,4
4446,STU0263,CS201,Data Structures,Fall,2023,2.35,3
4447,STU0263,CS401,Machine Learning,Fall,2023,2.39,3
4448,STU0263,CS301,Databases,Fall,2023,2.96,3
4449,STU0263,CS501,Big Data,Spring,2023,2.61,4
4450,STU0263,CS401,Machine Learning,Spring,2023,2.68,3
4451,STU0263,CS501,Big Data,Fall,2024,2.8,3
4452,STU0263,CS301,Databases,Fall,2024,2.89,3
4453,STU0263,CS101,Intro to Programming,Spring,2024,3.57,4
4454,STU0263,CS301,Databases,Spring,2024,3.13,4
4455,STU0263,CS101,Intro to Programming,Fall,2025,3.75,4
4456,STU0263,CS301,Databases,Fall,2025,3.37,4
4457,STU0263,CS501,Big Data,Spring,2025,2.94,4
4458,STU0263,CS401,Machine Learning,Spring,2025,3.54,4
4459,STU0263,CS201,Data Structures,Spring,2025,2.54,4
4460,STU0263,CS301,Databases,Spring,2025,2.78,4
4461,STU0264,EN201,Circuit Analysis,Fall,2023,2.88,4
4462,STU0264,EN301,Control Systems,Fall,2023,3.2,3
4463,STU0264,EN101,Engineering Drawing,Fall,2023,2.28,3
4464,STU0264,EN101,Engineering Drawing,Spring,2023,2.38,4
4465,STU0264,EN301,Control Systems,Spring,2023,3.37,3
4466,STU0264,EN201,Circuit Analysis,Spring,2023,3.34,3
4467,STU0264,EN201,Circuit Analysis,Fall,2024,2.14,4
4468,STU0264,EN301,Control Systems,Fall,2024,2.94,4
4469,STU0264,EN101,Engineering Drawing,Fall,2024,2.34,3
4470,STU0264,EN301,Control Systems,Spring,2024,2.23,3
4471,STU0264,EN201,Circuit Analysis,Spring,2024,2.16,3
4472,STU0264,EN101,Engineering Drawing,Fall,2025,3.51,4
4473,STU0264,EN201,Circuit Analysis,Fall,2025,3.08,4
4474,STU0264,EN301,Control Systems,Fall,2025,2.47,3
4475,STU0264,EN301,Control Systems,Spring,2025,2.01,3
4476,STU0264,EN101,Engineering Drawing,Spring,2025,2.25,3
4477,STU0264,EN201,Circuit Analysis,Spring,2025,2.12,4
4478,STU0265,BU401,Management,Fall,2023,1.01,4
4479,STU0265,BU101,Accounting,Fall,2023,1.61,4
4480,STU0265,BU301,Finance,Fall,2023,2.43,3
4481,STU0265,BU201,Marketing,Fall,2023,1.15,3
4482,STU0265,BU301,Finance,Spring,2023,2.33,3
4483,STU0265,BU201,Marketing,Spring,2023,2.33,4
4484,STU0265,BU201,Marketing,Fall,2024,2.11,3
4485,STU0265,BU301,Finance,Fall,2024,1.86,4
4486,STU0265,BU401,Management,Fall,2024,0.96,3
4487,STU0265,BU101,Accounting,Spring,2024,1.69,3
4488,STU0265,BU401,Management,Spring,2024,2.02,4
4489,STU0265,BU201,Marketing,Fall,2025,1.95,4
4490,STU0265,BU401,Management,Fall,2025,2.23,3
4491,STU0265,BU301,Finance,Fall,2025,1.58,4
4492,STU0265,BU201,Marketing,Spring,2025,1.34,3
4493,STU0265,BU401,Management,Spring,2025,1.91,3
4494,STU0265,BU301,Finance,Spring,2025,1.65,4
4495,STU0265,BU101,Accounting,Spring,2025,1.42,4
4496,STU0266,CS101,Intro to Programming,Fall,2023,2.56,4
4497,STU0266,CS401,Machine Learning,Fall,2023,2.61,4
4498,STU0266,CS201,Data Structures,Spring,2023,2.33,3
4499,STU0266,CS501,Big Data,Spring,2023,2.4,4
4500,STU0266,CS101,Intro to Programming,Spring,2023,2.61,4
4501,STU0266,CS501,Big Data,Fall,2024,3.59,4
4502,STU0266,CS101,Intro to Programming,Fall,2024,3.37,3
4503,STU0266,CS201,Data Structures,Fall,2024,3.21,3
4504,STU0266,CS301,Databases,Fall,2024,2.93,3
4505,STU0266,CS501,Big Data,Spring,2024,3.25,3
4506,STU0266,CS401,Machine Learning,Spring,2024,3.59,4
4507,STU0266,CS101,Intro to Programming,Fall,2025,3.69,3
4508,STU0266,CS501,Big Data,Fall,2025,2.56,3
4509,STU0266,CS401,Machine Learning,Fall,2025,2.2,3
4510,STU0266,CS201,Data Structures,Fall,2025,2.67,3
4511,STU0266,CS501,Big Data,Spring,2025,3.51,4
4512,STU0266,CS201,Data Structures,Spring,2025,2.17,3
4513,STU0266,CS401,Machine Learning,Spring,2025,2.97,4
4514,STU0267,BU401,Management,Fall,2023,3.03,3
4515,STU0267,BU301,Finance,Fall,2023,3.56,4
4516,STU0267,BU201,Marketing,Fall,2023,3.79,4
4517,STU0267,BU301,Finance,Spring,2023,2.63,4
4518,STU0267,BU401,Management,Spring,2023,2.3,3
4519,STU0267,BU201,Marketing,Spring,2023,3.52,4
4520,STU0267,BU101,Accounting,Fall,2024,3.34,3
4521,STU0267,BU201,Marketing,Fall,2024,2.23,4
4522,STU0267,BU401,Management,Fall,2024,2.6,3
4523,STU0267,BU301,Finance,Fall,2024,2.45,4
4524,STU0267,BU301,Finance,Spring,2024,3.79,3
4525,STU0267,BU401,Management,Spring,2024,3.63,3
4526,STU0267,BU201,Marketing,Spring,2024,2.7,4
4527,STU0267,BU101,Accounting,Spring,2024,2.98,3
4528,STU0267,BU101,Accounting,Fall,2025,3.3,4
4529,STU0267,BU201,Marketing,Fall,2025,2.81,3
4530,STU0267,BU301,Finance,Fall,2025,3.51,4
4531,STU0267,BU301,Finance,Spring,2025,3.66,3
4532,STU0267,BU101,Accounting,Spring,2025,3.16,3
4533,STU0267,BU201,Marketing,Spring,2025,3.04,3
4534,STU0267,BU401,Management,Spring,2025,3.12,3
4535,STU0268,CS101,Intro to Programming,Fall,2023,2.78,3
4536,STU0268,CS401,Machine Learning,Fall,2023,4.0,3
4537,STU0268,CS501,Big Data,Spring,2023,3.87,3
4538,STU0268,CS101,Intro to Programming,Spring,2023,3.0,3
4539,STU0268,CS101,Intro to Programming,Fall,2024,3.03,3
4540,STU0268,CS501,Big Data,Fall,2024,4.0,3
4541,STU0268,CS501,Big Data,Spring,2024,3.47,4
4542,STU0268,CS401,Machine Learning,Spring,2024,2.91,3
4543,STU0268,CS501,Big Data,Fall,2025,2.92,3
4544,STU0268,CS401,Machine Learning,Fall,2025,4.0,3
4545,STU0268,CS301,Databases,Fall,2025,3.33,3
4546,STU0268,CS201,Data Structures,Fall,2025,3.19,3
4547,STU0268,CS301,Databases,Spring,2025,3.76,3
4548,STU0268,CS501,Big Data,Spring,2025,3.67,3
4549,STU0268,CS401,Machine Learning,Spring,2025,3.99,4
4550,STU0268,CS101,Intro to Programming,Spring,2025,3.4,3
4551,STU0269,CS301,Databases,Fall,2023,1.97,4
4552,STU0269,CS501,Big Data,Fall,2023,2.65,3
4553,STU0269,CS101,Intro to Programming,Spring,2023,2.49,3
4554,STU0269,CS201,Data Structures,Spring,2023,2.05,4
4555,STU0269,CS101,Intro to Programming,Fall,2024,2.63,4
4556,STU0269,CS301,Databases,Fall,2024,2.83,4
4557,STU0269,CS101,Intro to Programming,Spring,2024,2.76,3
4558,STU0269,CS301,Databases,Spring,2024,2.02,4
4559,STU0269,CS501,Big Data,Spring,2024,2.0,3
4560,STU0269,CS101,Intro to Programming,Fall,2025,2.79,4
4561,STU0269,CS401,Machine Learning,Fall,2025,2.71,3
4562,STU0269,CS201,Data Structures,Spring,2025,2.19,3
4563,STU0269,CS301,Databases,Spring,2025,1.96,4
4564,STU0269,CS101,Intro to Programming,Spring,2025,2.56,4
4565,STU0269,CS501,Big Data,Spring,2025,1.39,3
4566,STU0270,BU201,Marketing,Fall,2023,2.51,4
4567,STU0270,BU401,Management,Fall,2023,2.52,4
4568,STU0270,BU301,Finance,Fall,2023,2.48,4
4569,STU0270,BU401,Management,Spring,2023,2.36,3
4570,STU0270,BU301,Finance,Spring,2023,2.47,4
4571,STU0270,BU101,Accounting,Fall,2024,2.21,4
4572,STU0270,BU201,Marketing,Fall,2024,2.91,4
4573,STU0270,BU301,Finance,Fall,2024,1.92,4
4574,STU0270,BU401,Management,Fall,2024,2.98,4
4575,STU0270,BU101,Accounting,Spring,2024,1.83,3
4576,STU0270,BU301,Finance,Spring,2024,1.84,4
4577,STU0270,BU401,Management,Spring,2024,2.36,3
4578,STU0270,BU101,Accounting,Fall,2025,2.52,3
4579,STU0270,BU201,Marketing,Fall,2025,2.85,4
4580,STU0270,BU401,Management,Fall,2025,3.13,3
4581,STU0270,BU301,Finance,Spring,2025,3.18,3
4582,STU0270,BU201,Marketing,Spring,2025,2.37,4
4583,STU0270,BU401,Management,Spring,2025,2.1,3
4584,STU0271,BU201,Marketing,Fall,2023,3.36,3
4585,STU0271,BU401,Management,Fall,2023,2.55,3
4586,STU0271,BU301,Finance,Fall,2023,2.85,4
4587,STU0271,BU101,Accounting,Fall,2023,3.9,4
4588,STU0271,BU201,Marketing,Spring,2023,3.37,4
4589,STU0271,BU101,Accounting,Spring,2023,2.93,3
4590,STU0271,BU301,Finance,Spring,2023,3.12,4
4591,STU0271,BU301,Finance,Fall,2024,3.72,4
4592,STU0271,BU201,Marketing,Fall,2024,3.49,4
4593,STU0271,BU101,Accounting,Fall,2024,3.18,3
4594,STU0271,BU401,Management,Fall,2024,2.91,3
4595,STU0271,BU201,Marketing,Spring,2024,3.75,4
4596,STU0271,BU101,Accounting,Spring,2024,3.2,3
4597,STU0271,BU101,Accounting,Fall,2025,3.41,3
4598,STU0271,BU301,Finance,Fall,2025,3.88,4
4599,STU0271,BU401,Management,Fall,2025,3.06,3
4600,STU0271,BU201,Marketing,Fall,2025,3.13,3
4601,STU0271,BU301,Finance,Spring,2025,3.99,3
4602,STU0271,BU201,Marketing,Spring,2025,3.87,4
4603,STU0272,PH201,Electromagnetism,Fall,2023,1.08,3
4604,STU0272,PH101,Mechanics,Fall,2023,1.2,4
4605,STU0272,PH301,Thermodynamics,Fall,2023,2.09,3
4606,STU0272,PH101,Mechanics,Spring,2023,1.06,4
4607,STU0272,PH201,Electromagnetism,Spring,2023,0.95,3
4608,STU0272,PH201,Electromagnetism,Fall,2024,1.09,4
4609,STU0272,PH101,Mechanics,Fall,2024,2.5,3
4610,STU0272,PH101,Mechanics,Spring,2024,1.24,3
4611,STU0272,PH301,Thermodynamics,Spring,2024,2.14,3
4612,STU0272,PH201,Electromagnetism,Spring,2024,2.13,3
4613,STU0272,PH101,Mechanics,Fall,2025,1.01,4
4614,STU0272,PH301,Thermodynamics,Fall,2025,1.05,4
4615,STU0272,PH201,Electromagnetism,Fall,2025,1.89,3
4616,STU0272,PH201,Electromagnetism,Spring,2025,2.39,3
4617,STU0272,PH301,Thermodynamics,Spring,2025,2.34,4
4618,STU0273,PH301,Thermodynamics,Fall,2023,1.26,3
4619,STU0273,PH201,Electromagnetism,Fall,2023,2.18,4
4620,STU0273,PH101,Mechanics,Fall,2023,1.56,3
4621,STU0273,PH201,Electromagnetism,Spring,2023,1.35,4
4622,STU0273,PH101,Mechanics,Spring,2023,2.13,4
4623,STU0273,PH301,Thermodynamics,Spring,2023,2.24,3
4624,STU0273,PH301,Thermodynamics,Fall,2024,1.22,4
4625,STU0273,PH101,Mechanics,Fall,2024,2.2,3
4626,STU0273,PH201,Electromagnetism,Fall,2024,1.24,3
4627,STU0273,PH201,Electromagnetism,Spring,2024,0.97,4
4628,STU0273,PH301,Thermodynamics,Spring,2024,2.14,4
4629,STU0273,PH301,Thermodynamics,Fall,2025,1.01,4
4630,STU0273,PH101,Mechanics,Fall,2025,1.24,4
4631,STU0273,PH201,Electromagnetism,Spring,2025,2.29,3
4632,STU0273,PH101,Mechanics,Spring,2025,1.57,3
4633,STU0273,PH301,Thermodynamics,Spring,2025,1.55,4
4634,STU0274,PH201,Electromagnetism,Fall,2023,2.91,3
4635,STU0274,PH101,Mechanics,Fall,2023,3.77,4
4636,STU0274,PH301,Thermodynamics,Fall,2023,3.62,3
4637,STU0274,PH201,Electromagnetism,Spring,2023,3.47,4
4638,STU0274,PH101,Mechanics,Spring,2023,3.66,4
4639,STU0274,PH301,Thermodynamics,Spring,2023,2.84,3
4640,STU0274,PH101,Mechanics,Fall,2024,2.27,4
4641,STU0274,PH201,Electromagnetism,Fall,2024,3.67,3
4642,STU0274,PH301,Thermodynamics,Fall,2024,2.82,4
4643,STU0274,PH201,Electromagnetism,Spring,2024,2.77,4
4644,STU0274,PH301,Thermodynamics,Spring,2024,2.45,3
4645,STU0274,PH101,Mechanics,Spring,2024,3.36,3
4646,STU0274,PH101,Mechanics,Fall,2025,2.36,4
4647,STU0274,PH201,Electromagnetism,Fall,2025,3.2,4
4648,STU0274,PH301,Thermodynamics,Fall,2025,3.36,3
4649,STU0274,PH101,Mechanics,Spring,2025,3.78,4
4650,STU0274,PH301,Thermodynamics,Spring,2025,3.44,4
4651,STU0275,PH301,Thermodynamics,Fall,2023,2.91,4
4652,STU0275,PH101,Mechanics,Fall,2023,3.81,4
4653,STU0275,PH201,Electromagnetism,Spring,2023,2.95,3
4654,STU0275,PH101,Mechanics,Spring,2023,3.33,4
4655,STU0275,PH301,Thermodynamics,Spring,2023,4.0,4
4656,STU0275,PH301,Thermodynamics,Fall,2024,4.0,3
4657,STU0275,PH101,Mechanics,Fall,2024,3.75,3
4658,STU0275,PH201,Electromagnetism,Fall,2024,3.38,4
4659,STU0275,PH201,Electromagnetism,Spring,2024,2.93,4
4660,STU0275,PH101,Mechanics,Spring,2024,3.9,3
4661,STU0275,PH301,Thermodynamics,Spring,2024,2.81,3
4662,STU0275,PH101,Mechanics,Fall,2025,4.0,4
4663,STU0275,PH301,Thermodynamics,Fall,2025,3.38,4
4664,STU0275,PH201,Electromagnetism,Fall,2025,2.73,4
4665,STU0275,PH201,Electromagnetism,Spring,2025,3.9,3
4666,STU0275,PH101,Mechanics,Spring,2025,4.0,4
4667,STU0276,EN301,Control Systems,Fall,2023,3.51,4
4668,STU0276,EN101,Engineering Drawing,Fall,2023,3.41,3
4669,STU0276,EN201,Circuit Analysis,Fall,2023,3.45,3
4670,STU0276,EN101,Engineering Drawing,Spring,2023,2.84,3
4671,STU0276,EN201,Circuit Analysis,Spring,2023,3.93,3
4672,STU0276,EN301,Control Systems,Fall,2024,2.38,4
4673,STU0276,EN101,Engineering Drawing,Fall,2024,2.58,3
4674,STU0276,EN201,Circuit Analysis,Spring,2024,3.19,4
4675,STU0276,EN101,Engineering Drawing,Spring,2024,2.48,4
4676,STU0276,EN301,Control Systems,Fall,2025,3.96,4
4677,STU0276,EN101,Engineering Drawing,Fall,2025,3.79,3
4678,STU0276,EN201,Circuit Analysis,Fall,2025,3.92,4
4679,STU0276,EN101,Engineering Drawing,Spring,2025,2.61,4
4680,STU0276,EN201,Circuit Analysis,Spring,2025,3.0,3
4681,STU0276,EN301,Control Systems,Spring,2025,2.47,4
4682,STU0277,CS501,Big Data,Fall,2023,1.79,4
4683,STU0277,CS101,Intro to Programming,Fall,2023,2.66,3
4684,STU0277,CS301,Databases,Fall,2023,1.27,4
4685,STU0277,CS401,Machine Learning,Fall,2023,2.3,4
4686,STU0277,CS101,Intro to Programming,Spring,2023,1.95,3
4687,STU0277,CS201,Data Structures,Spring,2023,2.3,3
4688,STU0277,CS401,Machine Learning,Spring,2023,2.21,4
4689,STU0277,CS501,Big Data,Fall,2024,1.18,4
4690,STU0277,CS301,Databases,Fall,2024,1.94,4
4691,STU0277,CS101,Intro to Programming,Fall,2024,2.36,3
4692,STU0277,CS301,Databases,Spring,2024,1.41,4
4693,STU0277,CS101,Intro to Programming,Spring,2024,2.48,3
4694,STU0277,CS401,Machine Learning,Spring,2024,1.94,4
4695,STU0277,CS301,Databases,Fall,2025,1.44,3
4696,STU0277,CS201,Data Structures,Fall,2025,1.89,4
4697,STU0277,CS401,Machine Learning,Fall,2025,1.44,3
4698,STU0277,CS201,Data Structures,Spring,2025,1.64,3
4699,STU0277,CS501,Big Data,Spring,2025,1.26,3
4700,STU0277,CS101,Intro to Programming,Spring,2025,2.06,4
4701,STU0277,CS301,Databases,Spring,2025,2.49,3
4702,STU0278,MT201,Linear Algebra,Fall,2023,1.91,3
4703,STU0278,MT101,Calculus I,Fall,2023,1.11,3
4704,STU0278,MT401,Discrete Math,Fall,2023,1.23,4
4705,STU0278,MT201,Linear Algebra,Spring,2023,1.54,4
4706,STU0278,MT101,Calculus I,Spring,2023,2.62,4
4707,STU0278,MT301,Statistics,Spring,2023,1.62,4
4708,STU0278,MT201,Linear Algebra,Fall,2024,2.04,4
4709,STU0278,MT101,Calculus I,Fall,2024,1.59,4
4710,STU0278,MT301,Statistics,Fall,2024,1.16,3
4711,STU0278,MT201,Linear Algebra,Spring,2024,1.82,4
4712,STU0278,MT101,Calculus I,Spring,2024,1.92,3
4713,STU0278,MT301,Statistics,Spring,2024,1.5,4
4714,STU0278,MT201,Linear Algebra,Fall,2025,2.54,3
4715,STU0278,MT101,Calculus I,Fall,2025,1.24,4
4716,STU0278,MT201,Linear Algebra,Spring,2025,2.29,3
4717,STU0278,MT301,Statistics,Spring,2025,1.38,4
4718,STU0279,EN101,Engineering Drawing,Fall,2023,1.65,3
4719,STU0279,EN301,Control Systems,Fall,2023,2.38,4
4720,STU0279,EN201,Circuit Analysis,Fall,2023,2.7,4
4721,STU0279,EN101,Engineering Drawing,Spring,2023,2.78,4
4722,STU0279,EN201,Circuit Analysis,Spring,2023,1.88,4
4723,STU0279,EN301,Control Systems,Spring,2023,2.07,3
4724,STU0279,EN301,Control Systems,Fall,2024,2.64,4
4725,STU0279,EN201,Circuit Analysis,Fall,2024,1.81,3
4726,STU0279,EN101,Engineering Drawing,Fall,2024,2.15,3
4727,STU0279,EN101,Engineering Drawing,Spring,2024,2.31,3
4728,STU0279,EN201,Circuit Analysis,Spring,2024,1.65,4
4729,STU0279,EN301,Control Systems,Spring,2024,2.51,3
4730,STU0279,EN301,Control Systems,Fall,2025,2.83,4
4731,STU0279,EN201,Circuit Analysis,Fall,2025,2.07,4
4732,STU0279,EN101,Engineering Drawing,Fall,2025,2.93,3
4733,STU0279,EN101,Engineering Drawing,Spring,2025,1.8,3
4734,STU0279,EN301,Control Systems,Spring,2025,1.82,3
4735,STU0279,EN201,Circuit Analysis,Spring,2025,2.52,3
4736,STU0280,EN101,Engineering Drawing,Fall,2023,1.2,3
4737,STU0280,EN301,Control Systems,Fall,2023,1.55,4
4738,STU0280,EN201,Circuit Analysis,Fall,2023,2.69,3
4739,STU0280,EN101,Engineering Drawing,Spring,2023,1.78,4
4740,STU0280,EN301,Control Systems,Spring,2023,2.03,3
4741,STU0280,EN201,Circuit Analysis,Spring,2023,2.23,3
4742,STU0280,EN301,Control Systems,Fall,2024,1.17,3
4743,STU0280,EN101,Engineering Drawing,Fall,2024,2.68,4
4744,STU0280,EN201,Circuit Analysis,Fall,2024,2.61,3
4745,STU0280,EN101,Engineering Drawing,Spring,2024,2.26,4
4746,STU0280,EN301,Control Systems,Spring,2024,1.68,3
4747,STU0280,EN101,Engineering Drawing,Fall,2025,2.26,3
4748,STU0280,EN301,Control Systems,Fall,2025,2.55,3
4749,STU0280,EN201,Circuit Analysis,Fall,2025,1.92,4
4750,STU0280,EN101,Engineering Drawing,Spring,2025,1.74,3
4751,STU0280,EN201,Circuit Analysis,Spring,2025,2.2,3
4752,STU0280,EN301,Control Systems,Spring,2025,1.66,3
4753,STU0281,BU401,Management,Fall,2023,2.25,3
4754,STU0281,BU201,Marketing,Fall,2023,2.59,3
4755,STU0281,BU301,Finance,Fall,2023,1.82,3
4756,STU0281,BU101,Accounting,Spring,2023,2.28,3
4757,STU0281,BU301,Finance,Spring,2023,2.36,4
4758,STU0281,BU401,Management,Spring,2023,2.99,3
4759,STU0281,BU201,Marketing,Spring,2023,2.99,3
4760,STU0281,BU201,Marketing,Fall,2024,2.01,4
4761,STU0281,BU101,Accounting,Fall,2024,1.72,4
4762,STU0281,BU301,Finance,Fall,2024,2.24,3
4763,STU0281,BU401,Management,Fall,2024,2.52,3
4764,STU0281,BU401,Management,Spring,2024,1.63,3
4765,STU0281,BU201,Marketing,Spring,2024,2.2,4
4766,STU0281,BU401,Management,Fall,2025,2.22,4
4767,STU0281,BU201,Marketing,Fall,2025,3.1,3
4768,STU0281,BU101,Accounting,Fall,2025,2.52,4
4769,STU0281,BU301,Finance,Spring,2025,2.54,4
4770,STU0281,BU101,Accounting,Spring,2025,2.09,3
4771,STU0281,BU201,Marketing,Spring,2025,2.32,4
4772,STU0282,BU201,Marketing,Fall,2023,2.26,3
4773,STU0282,BU301,Finance,Fall,2023,2.44,4
4774,STU0282,BU401,Management,Fall,2023,1.84,4
4775,STU0282,BU401,Management,Spring,2023,1.5,3
4776,STU0282,BU101,Accounting,Spring,2023,1.91,4
4777,STU0282,BU201,Marketing,Spring,2023,2.7,3
4778,STU0282,BU301,Finance,Spring,2023,1.43,3
4779,STU0282,BU201,Marketing,Fall,2024,2.76,4
4780,STU0282,BU401,Management,Fall,2024,2.8,4
4781,STU0282,BU101,Accounting,Fall,2024,1.72,3
4782,STU0282,BU101,Accounting,Spring,2024,2.47,3
4783,STU0282,BU301,Finance,Spring,2024,2.47,4
4784,STU0282,BU201,Marketing,Fall,2025,1.79,3
4785,STU0282,BU301,Finance,Fall,2025,2.34,4
4786,STU0282,BU201,Marketing,Spring,2025,2.58,3
4787,STU0282,BU101,Accounting,Spring,2025,2.44,4
4788,STU0282,BU401,Management,Spring,2025,2.81,3
4789,STU0283,PH301,Thermodynamics,Fall,2023,2.47,3
4790,STU0283,PH101,Mechanics,Fall,2023,2.01,3
4791,STU0283,PH201,Electromagnetism,Fall,2023,3.14,3
4792,STU0283,PH101,Mechanics,Spring,2023,2.75,4
4793,STU0283,PH301,Thermodynamics,Spring,2023,2.98,4
4794,STU0283,PH201,Electromagnetism,Spring,2023,2.27,4
4795,STU0283,PH201,Electromagnetism,Fall,2024,2.87,4
4796,STU0283,PH301,Thermodynamics,Fall,2024,3.09,4
4797,STU0283,PH101,Mechanics,Fall,2024,2.42,4
4798,STU0283,PH301,Thermodynamics,Spring,2024,3.14,4
4799,STU0283,PH201,Electromagnetism,Spring,2024,3.17,4
4800,STU0283,PH101,Mechanics,Spring,2024,2.21,4
4801,STU0283,PH201,Electromagnetism,Fall,2025,3.16,3
4802,STU0283,PH301,Thermodynamics,Fall,2025,2.31,4
4803,STU0283,PH101,Mechanics,Fall,2025,1.82,3
4804,STU0283,PH201,Electromagnetism,Spring,2025,2.48,3
4805,STU0283,PH301,Thermodynamics,Spring,2025,2.54,4
4806,STU0283,PH101,Mechanics,Spring,2025,2.43,4
4807,STU0284,BU401,Management,Fall,2023,2.19,4
4808,STU0284,BU301,Finance,Fall,2023,2.88,4
4809,STU0284,BU401,Management,Spring,2023,3.33,3
4810,STU0284,BU101,Accounting,Spring,2023,1.98,4
4811,STU0284,BU301,Finance,Spring,2023,2.18,4
4812,STU0284,BU101,Accounting,Fall,2024,2.16,4
4813,STU0284,BU201,Marketing,Fall,2024,2.04,4
4814,STU0284,BU401,Management,Fall,2024,3.0,3
4815,STU0284,BU301,Finance,Fall,2024,2.36,3
4816,STU0284,BU101,Accounting,Spring,2024,3.38,3
4817,STU0284,BU201,Marketing,Spring,2024,3.11,3
4818,STU0284,BU301,Finance,Spring,2024,2.68,4
4819,STU0284,BU401,Management,Fall,2025,2.13,3
4820,STU0284,BU101,Accounting,Fall,2025,2.01,3
4821,STU0284,BU301,Finance,Spring,2025,3.45,3
4822,STU0284,BU101,Accounting,Spring,2025,2.55,4
4823,STU0284,BU401,Management,Spring,2025,2.11,4
4824,STU0285,MT201,Linear Algebra,Fall,2023,2.36,4
4825,STU0285,MT101,Calculus I,Fall,2023,2.23,3
4826,STU0285,MT401,Discrete Math,Fall,2023,1.74,4
4827,STU0285,MT301,Statistics,Spring,2023,1.13,4
4828,STU0285,MT401,Discrete Math,Spring,2023,1.36,3
4829,STU0285,MT201,Linear Algebra,Spring,2023,2.44,3
4830,STU0285,MT401,Discrete Math,Fall,2024,2.5,4
4831,STU0285,MT201,Linear Algebra,Fall,2024,1.77,4
4832,STU0285,MT101,Calculus I,Fall,2024,1.69,4
4833,STU0285,MT301,Statistics,Fall,2024,1.7,3
4834,STU0285,MT101,Calculus I,Spring,2024,2.51,3
4835,STU0285,MT401,Discrete Math,Spring,2024,2.53,4
4836,STU0285,MT201,Linear Algebra,Spring,2024,2.35,4
4837,STU0285,MT101,Calculus I,Fall,2025,2.09,3
4838,STU0285,MT401,Discrete Math,Fall,2025,1.11,3
4839,STU0285,MT201,Linear Algebra,Fall,2025,1.82,3
4840,STU0285,MT301,Statistics,Fall,2025,2.22,3
4841,STU0285,MT201,Linear Algebra,Spring,2025,2.11,3
4842,STU0285,MT401,Discrete Math,Spring,2025,1.24,3
4843,STU0285,MT301,Statistics,Spring,2025,2.02,3
4844,STU0286,PH301,Thermodynamics,Fall,2023,4.0,3
4845,STU0286,PH101,Mechanics,Fall,2023,3.62,3
4846,STU0286,PH201,Electromagnetism,Fall,2023,4.0,3
4847,STU0286,PH101,Mechanics,Spring,2023,3.83,4
4848,STU0286,PH201,Electromagnetism,Spring,2023,3.96,4
4849,STU0286,PH301,Thermodynamics,Fall,2024,3.79,3
4850,STU0286,PH101,Mechanics,Fall,2024,3.75,4
4851,STU0286,PH201,Electromagnetism,Spring,2024,3.98,4
4852,STU0286,PH101,Mechanics,Spring,2024,4.0,3
4853,STU0286,PH101,Mechanics,Fall,2025,3.07,4
4854,STU0286,PH301,Thermodynamics,Fall,2025,3.19,3
4855,STU0286,PH301,Thermodynamics,Spring,2025,3.29,4
4856,STU0286,PH101,Mechanics,Spring,2025,3.94,3
4857,STU0286,PH201,Electromagnetism,Spring,2025,4.0,3
4858,STU0287,CS201,Data Structures,Fall,2023,2.5,4
4859,STU0287,CS401,Machine Learning,Fall,2023,3.38,4
4860,STU0287,CS101,Intro to Programming,Spring,2023,3.38,3
4861,STU0287,CS501,Big Data,Spring,2023,2.64,4
4862,STU0287,CS301,Databases,Spring,2023,2.79,3
4863,STU0287,CS201,Data Structures,Fall,2024,1.98,4
4864,STU0287,CS501,Big Data,Fall,2024,2.02,4
4865,STU0287,CS401,Machine Learning,Fall,2024,1.98,3
4866,STU0287,CS101,Intro to Programming,Fall,2024,3.25,3
4867,STU0287,CS101,Intro to Programming,Spring,2024,3.3,4
4868,STU0287,CS401,Machine Learning,Spring,2024,2.67,4
4869,STU0287,CS301,Databases,Spring,2024,3.07,4
4870,STU0287,CS201,Data Structures,Spring,2024,2.14,4
4871,STU0287,CS201,Data Structures,Fall,2025,3.39,3
4872,STU0287,CS501,Big Data,Fall,2025,3.39,3
4873,STU0287,CS101,Intro to Programming,Fall,2025,2.05,3
4874,STU0287,CS501,Big Data,Spring,2025,3.03,4
4875,STU0287,CS101,Intro to Programming,Spring,2025,2.23,3
4876,STU0287,CS301,Databases,Spring,2025,2.37,3
4877,STU0287,CS401,Machine Learning,Spring,2025,2.97,3
4878,STU0288,BU301,Finance,Fall,2023,2.83,3
4879,STU0288,BU201,Marketing,Fall,2023,4.0,4
4880,STU0288,BU301,Finance,Spring,2023,2.82,4
4881,STU0288,BU401,Management,Spring,2023,3.13,4
4882,STU0288,BU101,Accounting,Fall,2024,2.92,3
4883,STU0288,BU301,Finance,Fall,2024,3.17,4
4884,STU0288,BU101,Accounting,Spring,2024,3.52,4
4885,STU0288,BU401,Management,Spring,2024,3.11,4
4886,STU0288,BU301,Finance,Spring,2024,3.98,4
4887,STU0288,BU101,Accounting,Fall,2025,2.85,4
4888,STU0288,BU301,Finance,Fall,2025,3.02,3
4889,STU0288,BU301,Finance,Spring,2025,3.65,4
4890,STU0288,BU401,Management,Spring,2025,3.79,4
4891,STU0288,BU201,Marketing,Spring,2025,2.84,4
4892,STU0288,BU101,Accounting,Spring,2025,4.0,3
4893,STU0289,CS301,Databases,Fall,2023,1.81,3
4894,STU0289,CS501,Big Data,Fall,2023,3.19,3
4895,STU0289,CS401,Machine Learning,Fall,2023,2.28,4
4896,STU0289,CS301,Databases,Spring,2023,2.22,4
4897,STU0289,CS101,Intro to Programming,Spring,2023,1.72,3
4898,STU0289,CS401,Machine Learning,Spring,2023,2.61,4
4899,STU0289,CS201,Data Structures,Spring,2023,2.64,3
4900,STU0289,CS301,Databases,Fall,2024,2.26,3
4901,STU0289,CS401,Machine Learning,Fall,2024,1.79,3
4902,STU0289,CS501,Big Data,Fall,2024,2.99,3
4903,STU0289,CS201,Data Structures,Fall,2024,2.1,4
4904,STU0289,CS101,Intro to Programming,Spring,2024,2.69,4
4905,STU0289,CS501,Big Data,Spring,2024,1.84,3
4906,STU0289,CS301,Databases,Fall,2025,3.2,3
4907,STU0289,CS101,Intro to Programming,Fall,2025,2.89,4
4908,STU0289,CS401,Machine Learning,Spring,2025,2.34,4
4909,STU0289,CS501,Big Data,Spring,2025,2.03,3
4910,STU0289,CS301,Databases,Spring,2025,2.37,4
4911,STU0289,CS201,Data Structures,Spring,2025,2.06,3
4912,STU0290,MT401,Discrete Math,Fall,2023,2.26,3
4913,STU0290,MT301,Statistics,Fall,2023,2.38,4
4914,STU0290,MT401,Discrete Math,Spring,2023,2.02,3
4915,STU0290,MT301,Statistics,Spring,2023,3.15,4
4916,STU0290,MT201,Linear Algebra,Spring,2023,1.96,3
4917,STU0290,MT101,Calculus I,Spring,2023,2.65,4
4918,STU0290,MT301,Statistics,Fall,2024,3.17,4
4919,STU0290,MT101,Calculus I,Fall,2024,1.93,3
4920,STU0290,MT401,Discrete Math,Fall,2024,1.87,3
4921,STU0290,MT101,Calculus I,Spring,2024,2.99,4
4922,STU0290,MT201,Linear Algebra,Spring,2024,2.42,4
4923,STU0290,MT301,Statistics,Fall,2025,2.92,4
4924,STU0290,MT401,Discrete Math,Fall,2025,2.41,3
4925,STU0290,MT201,Linear Algebra,Fall,2025,1.64,4
4926,STU0290,MT401,Discrete Math,Spring,2025,2.51,4
4927,STU0290,MT201,Linear Algebra,Spring,2025,2.43,4
4928,STU0290,MT301,Statistics,Spring,2025,2.56,4
4929,STU0290,MT101,Calculus I,Spring,2025,3.12,3
4930,STU0291,PH101,Mechanics,Fall,2023,2.22,3
4931,STU0291,PH201,Electromagnetism,Fall,2023,1.95,4
4932,STU0291,PH301,Thermodynamics,Fall,2023,1.59,4
4933,STU0291,PH201,Electromagnetism,Spring,2023,2.66,4
4934,STU0291,PH301,Thermodynamics,Spring,2023,1.86,4
4935,STU0291,PH301,Thermodynamics,Fall,2024,3.08,4
4936,STU0291,PH201,Electromagnetism,Fall,2024,1.67,4
4937,STU0291,PH101,Mechanics,Fall,2024,1.76,4
4938,STU0291,PH201,Electromagnetism,Spring,2024,1.62,4
4939,STU0291,PH101,Mechanics,Spring,2024,2.49,3
4940,STU0291,PH201,Electromagnetism,Fall,2025,1.72,3
4941,STU0291,PH301,Thermodynamics,Fall,2025,2.28,3
4942,STU0291,PH201,Electromagnetism,Spring,2025,2.91,4
4943,STU0291,PH101,Mechanics,Spring,2025,3.01,4
4944,STU0291,PH301,Thermodynamics,Spring,2025,2.52,4
4945,STU0292,MT401,Discrete Math,Fall,2023,3.39,4
4946,STU0292,MT301,Statistics,Fall,2023,4.0,4
4947,STU0292,MT201,Linear Algebra,Fall,2023,4.0,4
4948,STU0292,MT301,Statistics,Spring,2023,3.62,3
4949,STU0292,MT101,Calculus I,Spring,2023,4.0,3
4950,STU0292,MT201,Linear Algebra,Spring,2023,4.0,4
4951,STU0292,MT401,Discrete Math,Spring,2023,3.43,4
4952,STU0292,MT201,Linear Algebra,Fall,2024,4.0,4
4953,STU0292,MT301,Statistics,Fall,2024,3.02,3
4954,STU0292,MT401,Discrete Math,Fall,2024,3.22,3
4955,STU0292,MT301,Statistics,Spring,2024,3.96,4
4956,STU0292,MT401,Discrete Math,Spring,2024,4.0,3
4957,STU0292,MT201,Linear Algebra,Spring,2024,4.0,4
4958,STU0292,MT101,Calculus I,Spring,2024,3.15,3
4959,STU0292,MT101,Calculus I,Fall,2025,3.7,3
4960,STU0292,MT301,Statistics,Fall,2025,4.0,3
4961,STU0292,MT101,Calculus I,Spring,2025,3.47,4
4962,STU0292,MT201,Linear Algebra,Spring,2025,3.3,4
4963,STU0292,MT301,Statistics,Spring,2025,3.58,4
4964,STU0293,MT201,Linear Algebra,Fall,2023,2.26,4
4965,STU0293,MT101,Calculus I,Fall,2023,2.69,4
4966,STU0293,MT301,Statistics,Fall,2023,3.6,4
4967,STU0293,MT401,Discrete Math,Fall,2023,3.73,3
4968,STU0293,MT201,Linear Algebra,Spring,2023,2.47,4
4969,STU0293,MT301,Statistics,Spring,2023,2.41,3
4970,STU0293,MT101,Calculus I,Spring,2023,2.57,4
4971,STU0293,MT401,Discrete Math,Spring,2023,2.77,4
4972,STU0293,MT401,Discrete Math,Fall,2024,3.17,4
4973,STU0293,MT101,Calculus I,Fall,2024,3.78,4
4974,STU0293,MT201,Linear Algebra,Fall,2024,3.79,3
4975,STU0293,MT201,Linear Algebra,Spring,2024,3.12,3
4976,STU0293,MT101,Calculus I,Spring,2024,2.65,4
4977,STU0293,MT401,Discrete Math,Spring,2024,2.87,3
4978,STU0293,MT301,Statistics,Spring,2024,2.38,3
4979,STU0293,MT301,Statistics,Fall,2025,3.66,3
4980,STU0293,MT101,Calculus I,Fall,2025,3.57,3
4981,STU0293,MT401,Discrete Math,Fall,2025,3.73,3
4982,STU0293,MT201,Linear Algebra,Fall,2025,2.29,3
4983,STU0293,MT301,Statistics,Spring,2025,2.71,4
4984,STU0293,MT201,Linear Algebra,Spring,2025,2.89,3
4985,STU0294,CS301,Databases,Fall,2023,3.85,4
4986,STU0294,CS201,Data Structures,Fall,2023,3.6,4
4987,STU0294,CS101,Intro to Programming,Spring,2023,3.93,3
4988,STU0294,CS501,Big Data,Spring,2023,3.7,4
4989,STU0294,CS301,Databases,Spring,2023,3.4,3
4990,STU0294,CS201,Data Structures,Spring,2023,3.03,3
4991,STU0294,CS401,Machine Learning,Fall,2024,3.54,3
4992,STU0294,CS501,Big Data,Fall,2024,4.0,4
4993,STU0294,CS201,Data Structures,Fall,2024,3.12,4
4994,STU0294,CS101,Intro to Programming,Fall,2024,2.88,3
4995,STU0294,CS301,Databases,Spring,2024,4.0,4
4996,STU0294,CS101,Intro to Programming,Spring,2024,3.47,4
4997,STU0294,CS401,Machine Learning,Spring,2024,3.08,4
4998,STU0294,CS501,Big Data,Spring,2024,3.96,3
4999,STU0294,CS201,Data Structures,Fall,2025,3.62,3
5000,STU0294,CS501,Big Data,Fall,2025,3.79,3
5001,STU0294,CS201,Data Structures,Spring,2025,3.01,4
5002,STU0294,CS101,Intro to Programming,Spring,2025,3.71,3
5003,STU0295,CS201,Data Structures,Fall,2023,1.82,3
5004,STU0295,CS101,Intro to Programming,Fall,2023,1.77,4
5005,STU0295,CS401,Machine Learning,Spring,2023,2.56,4
5006,STU0295,CS101,Intro to Programming,Spring,2023,2.7,4
5007,STU0295,CS301,Databases,Spring,2023,2.94,3
5008,STU0295,CS401,Machine Learning,Fall,2024,2.43,4
5009,STU0295,CS201,Data Structures,Fall,2024,2.65,4
5010,STU0295,CS501,Big Data,Fall,2024,1.85,3
5011,STU0295,CS301,Databases,Spring,2024,1.79,3
5012,STU0295,CS501,Big Data,Spring,2024,2.96,3
5013,STU0295,CS501,Big Data,Fall,2025,2.76,3
5014,STU0295,CS301,Databases,Fall,2025,1.83,3
5015,STU0295,CS201,Data Structures,Spring,2025,2.31,4
5016,STU0295,CS101,Intro to Programming,Spring,2025,1.56,3
5017,STU0295,CS401,Machine Learning,Spring,2025,1.6,3
5018,STU0296,MT201,Linear Algebra,Fall,2023,2.76,4
5019,STU0296,MT401,Discrete Math,Fall,2023,2.77,4
5020,STU0296,MT401,Discrete Math,Spring,2023,4.0,4
5021,STU0296,MT301,Statistics,Spring,2023,3.71,4
5022,STU0296,MT101,Calculus I,Spring,2023,3.19,4
5023,STU0296,MT101,Calculus I,Fall,2024,4.0,3
5024,STU0296,MT301,Statistics,Fall,2024,3.3,3
5025,STU0296,MT401,Discrete Math,Fall,2024,3.54,4
5026,STU0296,MT401,Discrete Math,Spring,2024,2.92,3
5027,STU0296,MT301,Statistics,Spring,2024,2.97,4
5028,STU0296,MT101,Calculus I,Fall,2025,3.31,4
5029,STU0296,MT301,Statistics,Fall,2025,3.82,3
5030,STU0296,MT201,Linear Algebra,Fall,2025,4.0,4
5031,STU0296,MT401,Discrete Math,Fall,2025,3.08,3
5032,STU0296,MT101,Calculus I,Spring,2025,2.89,3
5033,STU0296,MT401,Discrete Math,Spring,2025,4.0,3
5034,STU0296,MT301,Statistics,Spring,2025,3.53,3
5035,STU0297,CS301,Databases,Fall,2023,3.48,3
5036,STU0297,CS401,Machine Learning,Fall,2023,3.26,3
5037,STU0297,CS101,Intro to Programming,Spring,2023,3.3,3
5038,STU0297,CS401,Machine Learning,Spring,2023,3.15,4
5039,STU0297,CS201,Data Structures,Spring,2023,2.36,4
5040,STU0297,CS301,Databases,Fall,2024,3.37,3
5041,STU0297,CS201,Data Structures,Fall,2024,2.98,3
5042,STU0297,CS501,Big Data,Fall,2024,2.47,4
5043,STU0297,CS401,Machine Learning,Fall,2024,3.7,4
5044,STU0297,CS201,Data Structures,Spring,2024,2.48,3
5045,STU0297,CS401,Machine Learning,Spring,2024,2.77,4
5046,STU0297,CS201,Data Structures,Fall,2025,2.79,4
5047,STU0297,CS101,Intro to Programming,Fall,2025,3.28,4
5048,STU0297,CS401,Machine Learning,Spring,2025,3.3,3
5049,STU0297,CS201,Data Structures,Spring,2025,2.51,4
5050,STU0297,CS101,Intro to Programming,Spring,2025,2.66,4
5051,STU0297,CS301,Databases,Spring,2025,3.59,3
5052,STU0298,EN301,Control Systems,Fall,2023,1.45,4
5053,STU0298,EN201,Circuit Analysis,Fall,2023,1.46,3
5054,STU0298,EN101,Engineering Drawing,Fall,2023,1.45,4
5055,STU0298,EN301,Control Systems,Spring,2023,1.54,4
5056,STU0298,EN201,Circuit Analysis,Spring,2023,1.73,4
5057,STU0298,EN101,Engineering Drawing,Spring,2023,2.22,3
5058,STU0298,EN201,Circuit Analysis,Fall,2024,2.95,4
5059,STU0298,EN101,Engineering Drawing,Fall,2024,2.09,4
5060,STU0298,EN301,Control Systems,Fall,2024,1.73,4
5061,STU0298,EN201,Circuit Analysis,Spring,2024,2.89,3
5062,STU0298,EN101,Engineering Drawing,Spring,2024,1.46,3
5063,STU0298,EN301,Control Systems,Spring,2024,2.85,4
5064,STU0298,EN101,Engineering Drawing,Fall,2025,1.47,4
5065,STU0298,EN301,Control Systems,Fall,2025,2.35,3
5066,STU0298,EN201,Circuit Analysis,Fall,2025,1.67,4
5067,STU0298,EN101,Engineering Drawing,Spring,2025,2.91,4
5068,STU0298,EN201,Circuit Analysis,Spring,2025,1.78,3
5069,STU0299,EN201,Circuit Analysis,Fall,2023,2.5,3
5070,STU0299,EN301,Control Systems,Fall,2023,2.87,3
5071,STU0299,EN101,Engineering Drawing,Fall,2023,3.16,3
5072,STU0299,EN301,Control Systems,Spring,2023,2.2,4
5073,STU0299,EN201,Circuit Analysis,Spring,2023,2.25,4
5074,STU0299,EN101,Engineering Drawing,Spring,2023,3.13,3
5075,STU0299,EN301,Control Systems,Fall,2024,2.44,3
5076,STU0299,EN201,Circuit Analysis,Fall,2024,2.49,3
5077,STU0299,EN101,Engineering Drawing,Fall,2024,2.2,3
5078,STU0299,EN101,Engineering Drawing,Spring,2024,2.41,3
5079,STU0299,EN301,Control Systems,Spring,2024,2.28,3
5080,STU0299,EN201,Circuit Analysis,Spring,2024,3.38,4
5081,STU0299,EN201,Circuit Analysis,Fall,2025,2.99,4
5082,STU0299,EN101,Engineering Drawing,Fall,2025,3.0,4
5083,STU0299,EN301,Control Systems,Fall,2025,3.72,4
5084,STU0299,EN101,Engineering Drawing,Spring,2025,2.98,4
5085,STU0299,EN301,Control Systems,Spring,2025,3.02,3
5086,STU0300,CS301,Databases,Fall,2023,4.0,3
5087,STU0300,CS501,Big Data,Fall,2023,3.15,4
5088,STU0300,CS101,Intro to Programming,Fall,2023,3.36,4
5089,STU0300,CS501,Big Data,Spring,2023,4.0,4
5090,STU0300,CS401,Machine Learning,Spring,2023,4.0,4
5091,STU0300,CS101,Intro to Programming,Spring,2023,4.0,4
5092,STU0300,CS301,Databases,Fall,2024,3.78,3
5093,STU0300,CS101,Intro to Programming,Fall,2024,3.43,3
5094,STU0300,CS501,Big Data,Fall,2024,3.26,3
5095,STU0300,CS401,Machine Learning,Spring,2024,3.39,3
5096,STU0300,CS201,Data Structures,Spring,2024,3.57,3
5097,STU0300,CS101,Intro to Programming,Spring,2024,3.15,3
5098,STU0300,CS301,Databases,Spring,2024,4.0,3
5099,STU0300,CS301,Databases,Fall,2025,4.0,3
5100,STU0300,CS401,Machine Learning,Fall,2025,3.22,4
5101,STU0300,CS401,Machine Learning,Spring,2025,4.0,3
5102,STU0300,CS301,Databases,Spring,2025,4.0,3
5103,STU0301,BU101,Accounting,Fall,2023,2.64,4
5104,STU0301,BU401,Management,Fall,2023,2.97,3
5105,STU0301,BU201,Marketing,Spring,2023,2.3,3
5106,STU0301,BU301,Finance,Spring,2023,3.49,4
5107,STU0301,BU101,Accounting,Spring,2023,2.6,4
5108,STU0301,BU401,Management,Spring,2023,2.59,3
5109,STU0301,BU301,Finance,Fall,2024,2.36,3
5110,STU0301,BU401,Management,Fall,2024,2.72,3
5111,STU0301,BU101,Accounting,Spring,2024,3.64,3
5112,STU0301,BU201,Marketing,Spring,2024,3.35,3
5113,STU0301,BU401,Management,Spring,2024,2.39,4
5114,STU0301,BU301,Finance,Spring,2024,3.14,4
5115,STU0301,BU401,Management,Fall,2025,3.78,3
5116,STU0301,BU201,Marketing,Fall,2025,2.57,3
5117,STU0301,BU401,Management,Spring,2025,3.59,4
5118,STU0301,BU301,Finance,Spring,2025,3.73,3
5119,STU0301,BU101,Accounting,Spring,2025,3.1,3
5120,STU0301,BU201,Marketing,Spring,2025,3.7,4
5121,STU0302,PH201,Electromagnetism,Fall,2023,2.84,4
5122,STU0302,PH301,Thermodynamics,Fall,2023,3.55,3
5123,STU0302,PH101,Mechanics,Spring,2023,2.92,3
5124,STU0302,PH301,Thermodynamics,Spring,2023,2.99,3
5125,STU0302,PH301,Thermodynamics,Fall,2024,3.75,3
5126,STU0302,PH101,Mechanics,Fall,2024,3.23,3
5127,STU0302,PH201,Electromagnetism,Fall,2024,3.41,3
5128,STU0302,PH201,Electromagnetism,Spring,2024,3.32,4
5129,STU0302,PH301,Thermodynamics,Spring,2024,3.46,3
5130,STU0302,PH101,Mechanics,Spring,2024,3.71,4
5131,STU0302,PH301,Thermodynamics,Fall,2025,2.68,3
5132,STU0302,PH201,Electromagnetism,Fall,2025,4.0,4
5133,STU0302,PH101,Mechanics,Fall,2025,3.07,3
5134,STU0302,PH101,Mechanics,Spring,2025,4.0,3
5135,STU0302,PH201,Electromagnetism,Spring,2025,3.41,3
5136,STU0302,PH301,Thermodynamics,Spring,2025,3.23,4
5137,STU0303,MT201,Linear Algebra,Fall,2023,3.6,3
5138,STU0303,MT301,Statistics,Fall,2023,3.72,3
5139,STU0303,MT401,Discrete Math,Fall,2023,4.0,3
5140,STU0303,MT101,Calculus I,Fall,2023,3.66,4
5141,STU0303,MT401,Discrete Math,Spring,2023,3.76,4
5142,STU0303,MT301,Statistics,Spring,2023,3.46,3
5143,STU0303,MT201,Linear Algebra,Spring,2023,2.76,4
5144,STU0303,MT301,Statistics,Fall,2024,3.35,3
5145,STU0303,MT401,Discrete Math,Fall,2024,3.09,3
5146,STU0303,MT301,Statistics,Spring,2024,3.76,4
5147,STU0303,MT401,Discrete Math,Spring,2024,3.96,3
5148,STU0303,MT201,Linear Algebra,Spring,2024,3.25,4
5149,STU0303,MT101,Calculus I,Spring,2024,2.77,4
5150,STU0303,MT301,Statistics,Fall,2025,3.46,4
5151,STU0303,MT101,Calculus I,Fall,2025,3.32,3
5152,STU0303,MT201,Linear Algebra,Fall,2025,3.43,4
5153,STU0303,MT401,Discrete Math,Spring,2025,3.64,4
5154,STU0303,MT201,Linear Algebra,Spring,2025,3.19,3
5155,STU0303,MT301,Statistics,Spring,2025,4.0,3
5156,STU0304,MT301,Statistics,Fall,2023,2.46,4
5157,STU0304,MT101,Calculus I,Fall,2023,2.9,4
5158,STU0304,MT201,Linear Algebra,Fall,2023,2.4,3
5159,STU0304,MT401,Discrete Math,Fall,2023,3.67,4
5160,STU0304,MT101,Calculus I,Spring,2023,2.09,3
5161,STU0304,MT201,Linear Algebra,Spring,2023,3.13,4
5162,STU0304,MT301,Statistics,Spring,2023,3.47,4
5163,STU0304,MT401,Discrete Math,Spring,2023,3.61,3
5164,STU0304,MT201,Linear Algebra,Fall,2024,2.29,4
5165,STU0304,MT401,Discrete Math,Fall,2024,2.13,4
5166,STU0304,MT101,Calculus I,Spring,2024,2.5,4
5167,STU0304,MT401,Discrete Math,Spring,2024,2.64,3
5168,STU0304,MT301,Statistics,Spring,2024,3.3,3
5169,STU0304,MT201,Linear Algebra,Fall,2025,2.84,3
5170,STU0304,MT301,Statistics,Fall,2025,3.06,4
5171,STU0304,MT101,Calculus I,Fall,2025,2.49,3
5172,STU0304,MT401,Discrete Math,Fall,2025,2.96,4
5173,STU0304,MT101,Calculus I,Spring,2025,3.55,4
5174,STU0304,MT401,Discrete Math,Spring,2025,3.33,3
5175,STU0305,BU101,Accounting,Fall,2023,1.23,4
5176,STU0305,BU401,Management,Fall,2023,2.31,4
5177,STU0305,BU301,Finance,Spring,2023,1.49,4
5178,STU0305,BU401,Management,Spring,2023,1.78,3
5179,STU0305,BU301,Finance,Fall,2024,2.73,4
5180,STU0305,BU401,Management,Fall,2024,1.85,3
5181,STU0305,BU101,Accounting,Fall,2024,1.96,4
5182,STU0305,BU201,Marketing,Fall,2024,2.62,3
5183,STU0305,BU101,Accounting,Spring,2024,1.82,3
5184,STU0305,BU301,Finance,Spring,2024,1.21,3
5185,STU0305,BU201,Marketing,Spring,2024,1.84,3
5186,STU0305,BU401,Management,Spring,2024,1.24,4
5187,STU0305,BU301,Finance,Fall,2025,2.12,3
5188,STU0305,BU201,Marketing,Fall,2025,1.79,4
5189,STU0305,BU101,Accounting,Fall,2025,2.22,4
5190,STU0305,BU401,Management,Spring,2025,2.66,4
5191,STU0305,BU201,Marketing,Spring,2025,1.39,3
5192,STU0305,BU101,Accounting,Spring,2025,1.35,4
5193,STU0305,BU301,Finance,Spring,2025,2.14,4
5194,STU0306,CS201,Data Structures,Fall,2023,2.04,3
5195,STU0306,CS301,Databases,Fall,2023,2.31,3
5196,STU0306,CS501,Big Data,Fall,2023,1.01,3
5197,STU0306,CS201,Data Structures,Spring,2023,1.85,4
5198,STU0306,CS501,Big Data,Spring,2023,1.51,3
5199,STU0306,CS301,Databases,Spring,2023,1.22,4
5200,STU0306,CS401,Machine Learning,Fall,2024,1.27,4
5201,STU0306,CS301,Databases,Fall,2024,1.41,3
5202,STU0306,CS501,Big Data,Fall,2024,1.77,4
5203,STU0306,CS101,Intro to Programming,Spring,2024,1.67,4
5204,STU0306,CS201,Data Structures,Spring,2024,0.82,3
5205,STU0306,CS301,Databases,Fall,2025,1.98,3
5206,STU0306,CS501,Big Data,Fall,2025,0.97,3
5207,STU0306,CS201,Data Structures,Spring,2025,1.01,3
5208,STU0306,CS401,Machine Learning,Spring,2025,2.32,3
5209,STU0307,PH201,Electromagnetism,Fall,2023,2.71,4
5210,STU0307,PH101,Mechanics,Fall,2023,2.49,4
5211,STU0307,PH301,Thermodynamics,Fall,2023,2.94,3
5212,STU0307,PH201,Electromagnetism,Spring,2023,2.59,3
5213,STU0307,PH301,Thermodynamics,Spring,2023,1.99,4
5214,STU0307,PH101,Mechanics,Spring,2023,1.97,4
5215,STU0307,PH301,Thermodynamics,Fall,2024,1.86,3
5216,STU0307,PH201,Electromagnetism,Fall,2024,3.26,4
5217,STU0307,PH201,Electromagnetism,Spring,2024,1.81,4
5218,STU0307,PH101,Mechanics,Spring,2024,3.17,3
5219,STU0307,PH301,Thermodynamics,Spring,2024,2.28,3
5220,STU0307,PH201,Electromagnetism,Fall,2025,2.13,3
5221,STU0307,PH301,Thermodynamics,Fall,2025,2.92,3
5222,STU0307,PH101,Mechanics,Fall,2025,2.27,3
5223,STU0307,PH201,Electromagnetism,Spring,2025,3.03,4
5224,STU0307,PH301,Thermodynamics,Spring,2025,1.89,4
5225,STU0307,PH101,Mechanics,Spring,2025,2.82,4
5226,STU0308,PH201,Electromagnetism,Fall,2023,2.54,3
5227,STU0308,PH301,Thermodynamics,Fall,2023,1.24,3
5228,STU0308,PH301,Thermodynamics,Spring,2023,1.49,3
5229,STU0308,PH101,Mechanics,Spring,2023,1.85,3
5230,STU0308,PH201,Electromagnetism,Spring,2023,2.28,3
5231,STU0308,PH301,Thermodynamics,Fall,2024,2.68,4
5232,STU0308,PH101,Mechanics,Fall,2024,1.99,3
5233,STU0308,PH201,Electromagnetism,Fall,2024,2.48,3
5234,STU0308,PH101,Mechanics,Spring,2024,1.49,4
5235,STU0308,PH201,Electromagnetism,Spring,2024,2.5,4
5236,STU0308,PH301,Thermodynamics,Spring,2024,1.47,3
5237,STU0308,PH101,Mechanics,Fall,2025,2.29,4
5238,STU0308,PH301,Thermodynamics,Fall,2025,1.7,3
5239,STU0308,PH201,Electromagnetism,Fall,2025,2.66,3
5240,STU0308,PH301,Thermodynamics,Spring,2025,2.0,3
5241,STU0308,PH101,Mechanics,Spring,2025,1.75,4
5242,STU0308,PH201,Electromagnetism,Spring,2025,1.48,4
5243,STU0309,PH201,Electromagnetism,Fall,2023,3.41,4
5244,STU0309,PH101,Mechanics,Fall,2023,4.0,4
5245,STU0309,PH301,Thermodynamics,Fall,2023,3.64,3
5246,STU0309,PH101,Mechanics,Spring,2023,2.92,4
5247,STU0309,PH301,Thermodynamics,Spring,2023,4.0,4
5248,STU0309,PH201,Electromagnetism,Spring,2023,3.12,4
5249,STU0309,PH301,Thermodynamics,Fall,2024,3.8,3
5250,STU0309,PH101,Mechanics,Fall,2024,2.78,4
5251,STU0309,PH101,Mechanics,Spring,2024,4.0,4
5252,STU0309,PH301,Thermodynamics,Spring,2024,2.96,3
5253,STU0309,PH201,Electromagnetism,Spring,2024,3.56,4
5254,STU0309,PH301,Thermodynamics,Fall,2025,2.97,4
5255,STU0309,PH201,Electromagnetism,Fall,2025,3.32,4
5256,STU0309,PH101,Mechanics,Fall,2025,3.69,4
5257,STU0309,PH201,Electromagnetism,Spring,2025,3.6,4
5258,STU0309,PH301,Thermodynamics,Spring,2025,4.0,4
5259,STU0309,PH101,Mechanics,Spring,2025,3.23,4
5260,STU0310,BU201,Marketing,Fall,2023,1.84,3
5261,STU0310,BU301,Finance,Fall,2023,2.26,4
5262,STU0310,BU101,Accounting,Fall,2023,2.72,3
5263,STU0310,BU401,Management,Fall,2023,2.86,4
5264,STU0310,BU201,Marketing,Spring,2023,2.29,4
5265,STU0310,BU301,Finance,Spring,2023,2.75,4
5266,STU0310,BU401,Management,Spring,2023,3.02,4
5267,STU0310,BU101,Accounting,Spring,2023,3.03,3
5268,STU0310,BU201,Marketing,Fall,2024,2.77,3
5269,STU0310,BU401,Management,Fall,2024,2.39,4
5270,STU0310,BU301,Finance,Fall,2024,3.12,3
5271,STU0310,BU201,Marketing,Spring,2024,1.9,3
5272,STU0310,BU301,Finance,Spring,2024,1.89,4
5273,STU0310,BU101,Accounting,Fall,2025,2.53,4
5274,STU0310,BU401,Management,Fall,2025,2.88,3
5275,STU0310,BU301,Finance,Fall,2025,1.99,4
5276,STU0310,BU101,Accounting,Spring,2025,2.26,3
5277,STU0310,BU401,Management,Spring,2025,2.14,3
5278,STU0310,BU301,Finance,Spring,2025,2.45,4
5279,STU0310,BU201,Marketing,Spring,2025,3.03,3
5280,STU0311,BU301,Finance,Fall,2023,4.0,4
5281,STU0311,BU101,Accounting,Fall,2023,4.0,3
5282,STU0311,BU401,Management,Spring,2023,3.32,4
5283,STU0311,BU301,Finance,Spring,2023,3.04,3
5284,STU0311,BU101,Accounting,Spring,2023,3.2,3
5285,STU0311,BU201,Marketing,Spring,2023,4.0,3
5286,STU0311,BU201,Marketing,Fall,2024,3.21,4
5287,STU0311,BU301,Finance,Fall,2024,3.5,4
5288,STU0311,BU101,Accounting,Spring,2024,3.08,3
5289,STU0311,BU401,Management,Spring,2024,4.0,4
5290,STU0311,BU201,Marketing,Spring,2024,4.0,3
5291,STU0311,BU101,Accounting,Fall,2025,3.11,3
5292,STU0311,BU401,Management,Fall,2025,3.49,4
5293,STU0311,BU201,Marketing,Fall,2025,3.34,3
5294,STU0311,BU301,Finance,Fall,2025,4.0,4
5295,STU0311,BU401,Management,Spring,2025,3.23,4
5296,STU0311,BU201,Marketing,Spring,2025,3.14,4
5297,STU0312,CS501,Big Data,Fall,2023,2.11,3
5298,STU0312,CS401,Machine Learning,Fall,2023,3.06,3
5299,STU0312,CS301,Databases,Fall,2023,2.91,4
5300,STU0312,CS101,Intro to Programming,Fall,2023,2.65,4
5301,STU0312,CS301,Databases,Spring,2023,2.5,3
5302,STU0312,CS501,Big Data,Spring,2023,1.92,4
5303,STU0312,CS401,Machine Learning,Fall,2024,2.56,3
5304,STU0312,CS201,Data Structures,Fall,2024,2.35,3
5305,STU0312,CS301,Databases,Fall,2024,1.94,4
5306,STU0312,CS401,Machine Learning,Spring,2024,2.84,3
5307,STU0312,CS101,Intro to Programming,Spring,2024,2.53,3
5308,STU0312,CS101,Intro to Programming,Fall,2025,2.73,4
5309,STU0312,CS201,Data Structures,Fall,2025,2.44,4
5310,STU0312,CS301,Databases,Fall,2025,3.24,4
5311,STU0312,CS501,Big Data,Spring,2025,2.38,4
5312,STU0312,CS101,Intro to Programming,Spring,2025,2.19,4
5313,STU0313,EN101,Engineering Drawing,Fall,2023,1.96,4
5314,STU0313,EN301,Control Systems,Fall,2023,2.49,4
5315,STU0313,EN101,Engineering Drawing,Spring,2023,1.62,4
5316,STU0313,EN201,Circuit Analysis,Spring,2023,1.03,4
5317,STU0313,EN301,Control Systems,Spring,2023,2.5,3
5318,STU0313,EN301,Control Systems,Fall,2024,1.18,3
5319,STU0313,EN101,Engineering Drawing,Fall,2024,0.97,3
5320,STU0313,EN201,Circuit Analysis,Spring,2024,1.17,3
5321,STU0313,EN101,Engineering Drawing,Spring,2024,1.38,4
5322,STU0313,EN301,Control Systems,Spring,2024,2.04,4
5323,STU0313,EN301,Control Systems,Fall,2025,1.91,3
5324,STU0313,EN101,Engineering Drawing,Fall,2025,2.44,4
5325,STU0313,EN101,Engineering Drawing,Spring,2025,1.6,3
5326,STU0313,EN201,Circuit Analysis,Spring,2025,1.87,3
5327,STU0313,EN301,Control Systems,Spring,2025,1.77,4
5328,STU0314,PH301,Thermodynamics,Fall,2023,3.88,4
5329,STU0314,PH201,Electromagnetism,Fall,2023,2.67,3
5330,STU0314,PH101,Mechanics,Fall,2023,3.82,4
5331,STU0314,PH301,Thermodynamics,Spring,2023,3.84,3
5332,STU0314,PH201,Electromagnetism,Spring,2023,3.22,3
5333,STU0314,PH101,Mechanics,Spring,2023,2.52,4
5334,STU0314,PH301,Thermodynamics,Fall,2024,3.7,4
5335,STU0314,PH101,Mechanics,Fall,2024,3.73,3
5336,STU0314,PH201,Electromagnetism,Fall,2024,2.81,3
5337,STU0314,PH301,Thermodynamics,Spring,2024,2.82,4
5338,STU0314,PH101,Mechanics,Spring,2024,3.2,4
5339,STU0314,PH201,Electromagnetism,Spring,2024,4.0,3
5340,STU0314,PH101,Mechanics,Fall,2025,2.94,4
5341,STU0314,PH301,Thermodynamics,Fall,2025,3.21,4
5342,STU0314,PH201,Electromagnetism,Fall,2025,2.64,3
5343,STU0314,PH101,Mechanics,Spring,2025,2.8,4
5344,STU0314,PH301,Thermodynamics,Spring,2025,4.0,3
5345,STU0314,PH201,Electromagnetism,Spring,2025,3.36,4
5346,STU0315,BU301,Finance,Fall,2023,2.07,3
5347,STU0315,BU201,Marketing,Fall,2023,2.29,3
5348,STU0315,BU201,Marketing,Spring,2023,1.97,4
5349,STU0315,BU101,Accounting,Spring,2023,1.53,3
5350,STU0315,BU301,Finance,Spring,2023,0.82,4
5351,STU0315,BU401,Management,Spring,2023,0.92,3
5352,STU0315,BU401,Management,Fall,2024,1.71,3
5353,STU0315,BU301,Finance,Fall,2024,1.24,3
5354,STU0315,BU201,Marketing,Fall,2024,2.15,3
5355,STU0315,BU101,Accounting,Fall,2024,0.91,4
5356,STU0315,BU301,Finance,Spring,2024,2.01,4
5357,STU0315,BU101,Accounting,Spring,2024,0.86,4
5358,STU0315,BU401,Management,Spring,2024,1.05,4
5359,STU0315,BU201,Marketing,Spring,2024,2.38,4
5360,STU0315,BU201,Marketing,Fall,2025,1.41,4
5361,STU0315,BU101,Accounting,Fall,2025,2.16,3
5362,STU0315,BU301,Finance,Spring,2025,1.23,3
5363,STU0315,BU101,Accounting,Spring,2025,1.09,3
5364,STU0316,EN301,Control Systems,Fall,2023,2.36,4
5365,STU0316,EN101,Engineering Drawing,Fall,2023,2.91,4
5366,STU0316,EN301,Control Systems,Spring,2023,2.64,4
5367,STU0316,EN201,Circuit Analysis,Spring,2023,2.32,4
5368,STU0316,EN301,Control Systems,Fall,2024,3.79,3
5369,STU0316,EN101,Engineering Drawing,Fall,2024,3.55,3
5370,STU0316,EN201,Circuit Analysis,Fall,2024,3.25,3
5371,STU0316,EN201,Circuit Analysis,Spring,2024,3.21,3
5372,STU0316,EN101,Engineering Drawing,Spring,2024,2.95,3
5373,STU0316,EN301,Control Systems,Spring,2024,2.32,4
5374,STU0316,EN301,Control Systems,Fall,2025,2.4,4
5375,STU0316,EN201,Circuit Analysis,Fall,2025,2.69,4
5376,STU0316,EN101,Engineering Drawing,Fall,2025,3.83,3
5377,STU0316,EN201,Circuit Analysis,Spring,2025,3.28,3
5378,STU0316,EN101,Engineering Drawing,Spring,2025,2.6,3
5379,STU0317,CS401,Machine Learning,Fall,2023,2.15,4
5380,STU0317,CS201,Data Structures,Fall,2023,2.89,4
5381,STU0317,CS101,Intro to Programming,Fall,2023,3.4,4
5382,STU0317,CS301,Databases,Fall,2023,2.77,3
5383,STU0317,CS101,Intro to Programming,Spring,2023,2.49,4
5384,STU0317,CS301,Databases,Spring,2023,3.17,3
5385,STU0317,CS101,Intro to Programming,Fall,2024,3.27,3
5386,STU0317,CS201,Data Structures,Fall,2024,2.74,3
5387,STU0317,CS301,Databases,Fall,2024,2.71,4
5388,STU0317,CS401,Machine Learning,Spring,2024,3.55,3
5389,STU0317,CS101,Intro to Programming,Spring,2024,3.3,4
5390,STU0317,CS201,Data Structures,Fall,2025,2.21,4
5391,STU0317,CS501,Big Data,Fall,2025,2.0,4
5392,STU0317,CS401,Machine Learning,Fall,2025,2.27,4
5393,STU0317,CS201,Data Structures,Spring,2025,2.91,4
5394,STU0317,CS101,Intro to Programming,Spring,2025,3.17,4
5395,STU0318,CS201,Data Structures,Fall,2023,2.44,3
5396,STU0318,CS401,Machine Learning,Fall,2023,3.07,4
5397,STU0318,CS301,Databases,Fall,2023,2.91,3
5398,STU0318,CS401,Machine Learning,Spring,2023,2.53,4
5399,STU0318,CS501,Big Data,Spring,2023,3.36,4
5400,STU0318,CS501,Big Data,Fall,2024,2.83,4
5401,STU0318,CS101,Intro to Programming,Fall,2024,3.72,4
5402,STU0318,CS301,Databases,Fall,2024,3.33,4
5403,STU0318,CS401,Machine Learning,Fall,2024,2.58,3
5404,STU0318,CS101,Intro to Programming,Spring,2024,3.32,3
5405,STU0318,CS501,Big Data,Spring,2024,2.91,3
5406,STU0318,CS401,Machine Learning,Fall,2025,3.99,4
5407,STU0318,CS501,Big Data,Fall,2025,3.57,4
5408,STU0318,CS401,Machine Learning,Spring,2025,3.48,3
5409,STU0318,CS501,Big Data,Spring,2025,2.74,4
5410,STU0318,CS301,Databases,Spring,2025,4.0,3
5411,STU0319,CS501,Big Data,Fall,2023,1.7,3
5412,STU0319,CS301,Databases,Fall,2023,1.99,3
5413,STU0319,CS201,Data Structures,Fall,2023,2.85,3
5414,STU0319,CS401,Machine Learning,Fall,2023,2.21,4
5415,STU0319,CS501,Big Data,Spring,2023,1.99,3
5416,STU0319,CS201,Data Structures,Spring,2023,1.37,3
5417,STU0319,CS101,Intro to Programming,Spring,2023,1.92,3
5418,STU0319,CS301,Databases,Fall,2024,1.74,4
5419,STU0319,CS201,Data Structures,Fall,2024,2.11,4
5420,STU0319,CS101,Intro to Programming,Spring,2024,1.65,4
5421,STU0319,CS201,Data Structures,Spring,2024,1.8,4
5422,STU0319,CS501,Big Data,Spring,2024,1.59,3
5423,STU0319,CS101,Intro to Programming,Fall,2025,1.61,4
5424,STU0319,CS201,Data Structures,Fall,2025,2.39,3
5425,STU0319,CS301,Databases,Spring,2025,1.29,3
5426,STU0319,CS501,Big Data,Spring,2025,2.51,3
5427,STU0320,PH101,Mechanics,Fall,2023,1.66,4
5428,STU0320,PH301,Thermodynamics,Fall,2023,1.18,4
5429,STU0320,PH301,Thermodynamics,Spring,2023,1.16,3
5430,STU0320,PH201,Electromagnetism,Spring,2023,1.76,3
5431,STU0320,PH101,Mechanics,Spring,2023,1.61,3
5432,STU0320,PH201,Electromagnetism,Fall,2024,1.43,3
5433,STU0320,PH101,Mechanics,Fall,2024,0.82,3
5434,STU0320,PH301,Thermodynamics,Spring,2024,1.0,4
5435,STU0320,PH101,Mechanics,Spring,2024,1.1,4
5436,STU0320,PH201,Electromagnetism,Spring,2024,1.97,4
5437,STU0320,PH301,Thermodynamics,Fall,2025,0.79,4
5438,STU0320,PH101,Mechanics,Fall,2025,1.26,3
5439,STU0320,PH201,Electromagnetism,Fall,2025,2.29,4
5440,STU0320,PH201,Electromagnetism,Spring,2025,0.85,3
5441,STU0320,PH301,Thermodynamics,Spring,2025,2.25,4
5442,STU0320,PH101,Mechanics,Spring,2025,1.87,3
5443,STU0321,PH101,Mechanics,Fall,2023,4.0,3
5444,STU0321,PH301,Thermodynamics,Fall,2023,4.0,3
5445,STU0321,PH201,Electromagnetism,Fall,2023,3.12,4
5446,STU0321,PH201,Electromagnetism,Spring,2023,3.82,4
5447,STU0321,PH301,Thermodynamics,Spring,2023,2.85,3
5448,STU0321,PH101,Mechanics,Spring,2023,2.91,4
5449,STU0321,PH101,Mechanics,Fall,2024,2.94,3
5450,STU0321,PH301,Thermodynamics,Fall,2024,3.05,4
5451,STU0321,PH201,Electromagnetism,Fall,2024,2.66,4
5452,STU0321,PH301,Thermodynamics,Spring,2024,3.54,4
5453,STU0321,PH201,Electromagnetism,Spring,2024,3.99,4
5454,STU0321,PH101,Mechanics,Spring,2024,3.32,3
5455,STU0321,PH101,Mechanics,Fall,2025,3.04,3
5456,STU0321,PH301,Thermodynamics,Fall,2025,3.91,3
5457,STU0321,PH301,Thermodynamics,Spring,2025,3.65,4
5458,STU0321,PH101,Mechanics,Spring,2025,3.56,4
5459,STU0321,PH201,Electromagnetism,Spring,2025,4.0,3
5460,STU0322,EN101,Engineering Drawing,Fall,2023,2.29,3
5461,STU0322,EN301,Control Systems,Fall,2023,2.29,4
5462,STU0322,EN201,Circuit Analysis,Fall,2023,2.94,4
5463,STU0322,EN201,Circuit Analysis,Spring,2023,2.15,3
5464,STU0322,EN101,Engineering Drawing,Spring,2023,3.01,3
5465,STU0322,EN201,Circuit Analysis,Fall,2024,1.96,3
5466,STU0322,EN101,Engineering Drawing,Fall,2024,2.48,3
5467,STU0322,EN301,Control Systems,Fall,2024,2.37,4
5468,STU0322,EN301,Control Systems,Spring,2024,2.59,3
5469,STU0322,EN101,Engineering Drawing,Spring,2024,2.5,4
5470,STU0322,EN301,Control Systems,Fall,2025,2.55,4
5471,STU0322,EN101,Engineering Drawing,Fall,2025,1.67,3
5472,STU0322,EN201,Circuit Analysis,Fall,2025,1.59,3
5473,STU0322,EN101,Engineering Drawing,Spring,2025,2.17,3
5474,STU0322,EN201,Circuit Analysis,Spring,2025,1.58,3
5475,STU0323,MT201,Linear Algebra,Fall,2023,2.68,3
5476,STU0323,MT301,Statistics,Fall,2023,3.7,3
5477,STU0323,MT101,Calculus I,Fall,2023,2.86,3
5478,STU0323,MT401,Discrete Math,Fall,2023,3.45,4
5479,STU0323,MT301,Statistics,Spring,2023,2.74,4
5480,STU0323,MT101,Calculus I,Spring,2023,4.0,4
5481,STU0323,MT401,Discrete Math,Fall,2024,3.23,4
5482,STU0323,MT301,Statistics,Fall,2024,2.9,4
5483,STU0323,MT401,Discrete Math,Spring,2024,4.0,4
5484,STU0323,MT301,Statistics,Spring,2024,3.59,3
5485,STU0323,MT101,Calculus I,Spring,2024,4.0,4
5486,STU0323,MT301,Statistics,Fall,2025,3.86,3
5487,STU0323,MT201,Linear Algebra,Fall,2025,2.71,3
5488,STU0323,MT201,Linear Algebra,Spring,2025,3.34,3
5489,STU0323,MT101,Calculus I,Spring,2025,4.0,4
5490,STU0323,MT401,Discrete Math,Spring,2025,3.33,3
5491,STU0324,EN101,Engineering Drawing,Fall,2023,1.12,4
5492,STU0324,EN201,Circuit Analysis,Fall,2023,1.85,3
5493,STU0324,EN301,Control Systems,Fall,2023,2.49,3
5494,STU0324,EN301,Control Systems,Spring,2023,2.06,3
5495,STU0324,EN101,Engineering Drawing,Spring,2023,1.62,3
5496,STU0324,EN201,Circuit Analysis,Spring,2023,1.81,4
5497,STU0324,EN201,Circuit Analysis,Fall,2024,2.51,3
5498,STU0324,EN301,Control Systems,Fall,2024,1.43,3
5499,STU0324,EN101,Engineering Drawing,Fall,2024,2.52,4
5500,STU0324,EN301,Control Systems,Spring,2024,2.25,4
5501,STU0324,EN201,Circuit Analysis,Spring,2024,1.75,3
5502,STU0324,EN101,Engineering Drawing,Spring,2024,2.05,3
5503,STU0324,EN101,Engineering Drawing,Fall,2025,1.05,3
5504,STU0324,EN201,Circuit Analysis,Fall,2025,2.28,4
5505,STU0324,EN301,Control Systems,Fall,2025,1.79,4
5506,STU0324,EN101,Engineering Drawing,Spring,2025,1.49,4
5507,STU0324,EN301,Control Systems,Spring,2025,2.29,4
5508,STU0324,EN201,Circuit Analysis,Spring,2025,1.08,4
5509,STU0325,MT401,Discrete Math,Fall,2023,1.44,4
5510,STU0325,MT301,Statistics,Fall,2023,2.47,4
5511,STU0325,MT101,Calculus I,Fall,2023,2.55,4
5512,STU0325,MT201,Linear Algebra,Fall,2023,1.46,4
5513,STU0325,MT201,Linear Algebra,Spring,2023,2.48,3
5514,STU0325,MT101,Calculus I,Spring,2023,2.43,3
5515,STU0325,MT401,Discrete Math,Spring,2023,2.27,4
5516,STU0325,MT301,Statistics,Spring,2023,2.44,3
5517,STU0325,MT201,Linear Algebra,Fall,2024,2.57,4
5518,STU0325,MT401,Discrete Math,Fall,2024,1.57,3
5519,STU0325,MT101,Calculus I,Fall,2024,1.74,4
5520,STU0325,MT301,Statistics,Fall,2024,2.0,3
5521,STU0325,MT101,Calculus I,Spring,2024,2.06,4
5522,STU0325,MT301,Statistics,Spring,2024,1.85,3
5523,STU0325,MT201,Linear Algebra,Spring,2024,1.76,3
5524,STU0325,MT401,Discrete Math,Spring,2024,2.51,3
5525,STU0325,MT101,Calculus I,Fall,2025,2.5,4
5526,STU0325,MT401,Discrete Math,Fall,2025,1.7,4
5527,STU0325,MT201,Linear Algebra,Spring,2025,2.58,3
5528,STU0325,MT101,Calculus I,Spring,2025,2.33,3
5529,STU0326,CS501,Big Data,Fall,2023,4.0,3
5530,STU0326,CS401,Machine Learning,Fall,2023,3.74,3
5531,STU0326,CS101,Intro to Programming,Fall,2023,4.0,4
5532,STU0326,CS101,Intro to Programming,Spring,2023,3.21,3
5533,STU0326,CS201,Data Structures,Spring,2023,3.12,4
5534,STU0326,CS501,Big Data,Fall,2024,4.0,3
5535,STU0326,CS101,Intro to Programming,Fall,2024,4.0,3
5536,STU0326,CS401,Machine Learning,Fall,2024,3.43,4
5537,STU0326,CS301,Databases,Fall,2024,4.0,3
5538,STU0326,CS401,Machine Learning,Spring,2024,3.89,4
5539,STU0326,CS101,Intro to Programming,Spring,2024,4.0,4
5540,STU0326,CS101,Intro to Programming,Fall,2025,4.0,3
5541,STU0326,CS401,Machine Learning,Fall,2025,4.0,4
5542,STU0326,CS501,Big Data,Spring,2025,3.11,4
5543,STU0326,CS101,Intro to Programming,Spring,2025,4.0,4
5544,STU0326,CS301,Databases,Spring,2025,4.0,4
5545,STU0326,CS201,Data Structures,Spring,2025,4.0,3
5546,STU0327,CS101,Intro to Programming,Fall,2023,2.12,4
5547,STU0327,CS501,Big Data,Fall,2023,2.42,3
5548,STU0327,CS401,Machine Learning,Fall,2023,1.61,3
5549,STU0327,CS201,Data Structures,Fall,2023,2.46,4
5550,STU0327,CS101,Intro to Programming,Spring,2023,2.53,3
5551,STU0327,CS401,Machine Learning,Spring,2023,2.71,4
5552,STU0327,CS501,Big Data,Spring,2023,1.75,4
5553,STU0327,CS201,Data Structures,Spring,2023,1.74,3
5554,STU0327,CS501,Big Data,Fall,2024,3.13,3
5555,STU0327,CS101,Intro to Programming,Fall,2024,1.78,3
5556,STU0327,CS301,Databases,Fall,2024,2.65,4
5557,STU0327,CS201,Data Structures,Fall,2024,1.97,4
5558,STU0327,CS501,Big Data,Spring,2024,2.35,3
5559,STU0327,CS201,Data Structures,Spring,2024,1.63,4
5560,STU0327,CS101,Intro to Programming,Fall,2025,2.45,4
5561,STU0327,CS501,Big Data,Fall,2025,2.83,4
5562,STU0327,CS401,Machine Learning,Fall,2025,2.96,3
5563,STU0327,CS201,Data Structures,Fall,2025,1.59,4
5564,STU0327,CS301,Databases,Spring,2025,2.97,3
5565,STU0327,CS201,Data Structures,Spring,2025,1.83,3
5566,STU0327,CS101,Intro to Programming,Spring,2025,2.2,3
5567,STU0327,CS501,Big Data,Spring,2025,2.83,4
5568,STU0328,EN301,Control Systems,Fall,2023,4.0,4
5569,STU0328,EN201,Circuit Analysis,Fall,2023,3.47,4
5570,STU0328,EN101,Engineering Drawing,Fall,2023,2.86,4
5571,STU0328,EN301,Control Systems,Spring,2023,3.53,3
5572,STU0328,EN201,Circuit Analysis,Spring,2023,3.22,4
5573,STU0328,EN101,Engineering Drawing,Spring,2023,3.95,3
5574,STU0328,EN201,Circuit Analysis,Fall,2024,4.0,4
5575,STU0328,EN101,Engineering Drawing,Fall,2024,4.0,3
5576,STU0328,EN101,Engineering Drawing,Spring,2024,4.0,3
5577,STU0328,EN301,Control Systems,Spring,2024,3.15,3
5578,STU0328,EN201,Circuit Analysis,Spring,2024,4.0,4
5579,STU0328,EN201,Circuit Analysis,Fall,2025,3.95,3
5580,STU0328,EN101,Engineering Drawing,Fall,2025,3.82,3
5581,STU0328,EN101,Engineering Drawing,Spring,2025,3.64,3
5582,STU0328,EN201,Circuit Analysis,Spring,2025,2.87,4
5583,STU0328,EN301,Control Systems,Spring,2025,4.0,4
5584,STU0329,PH101,Mechanics,Fall,2023,4.0,3
5585,STU0329,PH301,Thermodynamics,Fall,2023,3.4,4
5586,STU0329,PH201,Electromagnetism,Fall,2023,4.0,4
5587,STU0329,PH301,Thermodynamics,Spring,2023,4.0,4
5588,STU0329,PH201,Electromagnetism,Spring,2023,4.0,3
5589,STU0329,PH101,Mechanics,Spring,2023,3.53,4
5590,STU0329,PH201,Electromagnetism,Fall,2024,3.31,4
5591,STU0329,PH101,Mechanics,Fall,2024,3.19,3
5592,STU0329,PH201,Electromagnetism,Spring,2024,4.0,3
5593,STU0329,PH301,Thermodynamics,Spring,2024,3.94,4
5594,STU0329,PH101,Mechanics,Spring,2024,4.0,3
5595,STU0329,PH201,Electromagnetism,Fall,2025,3.67,3
5596,STU0329,PH101,Mechanics,Fall,2025,3.38,3
5597,STU0329,PH301,Thermodynamics,Fall,2025,4.0,4
5598,STU0329,PH101,Mechanics,Spring,2025,4.0,4
5599,STU0329,PH301,Thermodynamics,Spring,2025,3.97,4
5600,STU0329,PH201,Electromagnetism,Spring,2025,3.74,3
5601,STU0330,MT101,Calculus I,Fall,2023,1.86,4
5602,STU0330,MT301,Statistics,Fall,2023,1.63,4
5603,STU0330,MT201,Linear Algebra,Fall,2023,2.86,4
5604,STU0330,MT301,Statistics,Spring,2023,2.35,3
5605,STU0330,MT201,Linear Algebra,Spring,2023,2.17,4
5606,STU0330,MT401,Discrete Math,Spring,2023,1.76,4
5607,STU0330,MT101,Calculus I,Spring,2023,1.93,4
5608,STU0330,MT301,Statistics,Fall,2024,2.89,4
5609,STU0330,MT201,Linear Algebra,Fall,2024,2.45,3
5610,STU0330,MT101,Calculus I,Spring,2024,2.38,4
5611,STU0330,MT401,Discrete Math,Spring,2024,3.17,3
5612,STU0330,MT301,Statistics,Spring,2024,2.84,4
5613,STU0330,MT101,Calculus I,Fall,2025,2.73,3
5614,STU0330,MT201,Linear Algebra,Fall,2025,2.21,3
5615,STU0330,MT301,Statistics,Fall,2025,2.5,4
5616,STU0330,MT401,Discrete Math,Spring,2025,3.17,4
5617,STU0330,MT301,Statistics,Spring,2025,1.9,4
5618,STU0330,MT201,Linear Algebra,Spring,2025,3.2,4
5619,STU0331,BU401,Management,Fall,2023,2.93,4
5620,STU0331,BU201,Marketing,Fall,2023,4.0,3
5621,STU0331,BU101,Accounting,Fall,2023,3.68,3
5622,STU0331,BU201,Marketing,Spring,2023,3.67,3
5623,STU0331,BU401,Management,Spring,2023,3.48,3
5624,STU0331,BU101,Accounting,Spring,2023,3.26,4
5625,STU0331,BU301,Finance,Spring,2023,4.0,4
5626,STU0331,BU101,Accounting,Fall,2024,3.74,4
5627,STU0331,BU201,Marketing,Fall,2024,3.86,3
5628,STU0331,BU401,Management,Fall,2024,3.19,4
5629,STU0331,BU301,Finance,Fall,2024,4.0,3
5630,STU0331,BU101,Accounting,Spring,2024,4.0,3
5631,STU0331,BU201,Marketing,Spring,2024,3.67,4
5632,STU0331,BU401,Management,Spring,2024,4.0,4
5633,STU0331,BU401,Management,Fall,2025,3.41,4
5634,STU0331,BU201,Marketing,Fall,2025,3.57,3
5635,STU0331,BU301,Finance,Fall,2025,4.0,4
5636,STU0331,BU101,Accounting,Fall,2025,3.71,4
5637,STU0331,BU301,Finance,Spring,2025,4.0,3
5638,STU0331,BU101,Accounting,Spring,2025,3.3,4
5639,STU0331,BU201,Marketing,Spring,2025,3.15,3
5640,STU0332,PH101,Mechanics,Fall,2023,2.74,3
5641,STU0332,PH201,Electromagnetism,Fall,2023,2.3,3
5642,STU0332,PH301,Thermodynamics,Fall,2023,2.29,3
5643,STU0332,PH101,Mechanics,Spring,2023,3.35,4
5644,STU0332,PH301,Thermodynamics,Spring,2023,3.05,4
5645,STU0332,PH201,Electromagnetism,Spring,2023,2.69,3
5646,STU0332,PH101,Mechanics,Fall,2024,2.1,4
5647,STU0332,PH201,Electromagnetism,Fall,2024,2.26,4
5648,STU0332,PH301,Thermodynamics,Fall,2024,2.19,4
5649,STU0332,PH201,Electromagnetism,Spring,2024,2.61,3
5650,STU0332,PH101,Mechanics,Spring,2024,3.35,3
5651,STU0332,PH301,Thermodynamics,Spring,2024,2.34,3
5652,STU0332,PH101,Mechanics,Fall,2025,3.21,3
5653,STU0332,PH301,Thermodynamics,Fall,2025,2.16,4
5654,STU0332,PH301,Thermodynamics,Spring,2025,2.44,3
5655,STU0332,PH201,Electromagnetism,Spring,2025,2.11,3
5656,STU0333,EN201,Circuit Analysis,Fall,2023,4.0,3
5657,STU0333,EN301,Control Systems,Fall,2023,4.0,3
5658,STU0333,EN101,Engineering Drawing,Spring,2023,4.0,3
5659,STU0333,EN201,Circuit Analysis,Spring,2023,4.0,4
5660,STU0333,EN301,Control Systems,Spring,2023,4.0,3
5661,STU0333,EN201,Circuit Analysis,Fall,2024,3.42,4
5662,STU0333,EN301,Control Systems,Fall,2024,3.73,3
5663,STU0333,EN201,Circuit Analysis,Spring,2024,4.0,4
5664,STU0333,EN101,Engineering Drawing,Spring,2024,3.82,3
5665,STU0333,EN101,Engineering Drawing,Fall,2025,4.0,4
5666,STU0333,EN301,Control Systems,Fall,2025,3.55,3
5667,STU0333,EN201,Circuit Analysis,Fall,2025,4.0,4
5668,STU0333,EN301,Control Systems,Spring,2025,4.0,3
5669,STU0333,EN101,Engineering Drawing,Spring,2025,3.33,3
5670,STU0334,BU201,Marketing,Fall,2023,2.25,3
5671,STU0334,BU301,Finance,Fall,2023,3.31,3
5672,STU0334,BU101,Accounting,Fall,2023,2.55,3
5673,STU0334,BU401,Management,Spring,2023,3.32,4
5674,STU0334,BU101,Accounting,Spring,2023,2.71,4
5675,STU0334,BU301,Finance,Spring,2023,3.31,4
5676,STU0334,BU301,Finance,Fall,2024,3.55,4
5677,STU0334,BU201,Marketing,Fall,2024,2.41,4
5678,STU0334,BU401,Management,Spring,2024,1.99,4
5679,STU0334,BU301,Finance,Spring,2024,2.47,3
5680,STU0334,BU401,Management,Fall,2025,3.34,3
5681,STU0334,BU201,Marketing,Fall,2025,2.26,3
5682,STU0334,BU301,Finance,Fall,2025,3.05,3
5683,STU0334,BU201,Marketing,Spring,2025,2.29,3
5684,STU0334,BU301,Finance,Spring,2025,3.44,4
5685,STU0334,BU101,Accounting,Spring,2025,3.4,3
5686,STU0334,BU401,Management,Spring,2025,2.98,4
5687,STU0335,EN301,Control Systems,Fall,2023,2.06,3
5688,STU0335,EN101,Engineering Drawing,Fall,2023,2.34,3
5689,STU0335,EN201,Circuit Analysis,Fall,2023,2.18,3
5690,STU0335,EN101,Engineering Drawing,Spring,2023,2.35,3
5691,STU0335,EN301,Control Systems,Spring,2023,2.03,4
5692,STU0335,EN201,Circuit Analysis,Fall,2024,1.96,3
5693,STU0335,EN301,Control Systems,Fall,2024,3.36,4
5694,STU0335,EN101,Engineering Drawing,Fall,2024,2.31,3
5695,STU0335,EN201,Circuit Analysis,Spring,2024,2.89,3
5696,STU0335,EN301,Control Systems,Spring,2024,2.78,3
5697,STU0335,EN101,Engineering Drawing,Fall,2025,3.14,4
5698,STU0335,EN201,Circuit Analysis,Fall,2025,3.25,4
5699,STU0335,EN101,Engineering Drawing,Spring,2025,2.33,3
5700,STU0335,EN301,Control Systems,Spring,2025,1.98,4
5701,STU0336,CS101,Intro to Programming,Fall,2023,1.2,4
5702,STU0336,CS201,Data Structures,Fall,2023,2.31,4
5703,STU0336,CS301,Databases,Fall,2023,1.61,3
5704,STU0336,CS101,Intro to Programming,Spring,2023,1.5,4
5705,STU0336,CS201,Data Structures,Spring,2023,1.75,3
5706,STU0336,CS401,Machine Learning,Fall,2024,1.7,3
5707,STU0336,CS301,Databases,Fall,2024,1.21,3
5708,STU0336,CS501,Big Data,Fall,2024,1.72,4
5709,STU0336,CS101,Intro to Programming,Spring,2024,2.11,3
5710,STU0336,CS201,Data Structures,Spring,2024,2.05,3
5711,STU0336,CS401,Machine Learning,Spring,2024,1.74,3
5712,STU0336,CS301,Databases,Spring,2024,2.23,3
5713,STU0336,CS301,Databases,Fall,2025,1.75,4
5714,STU0336,CS201,Data Structures,Fall,2025,2.48,4
5715,STU0336,CS501,Big Data,Fall,2025,1.87,3
5716,STU0336,CS501,Big Data,Spring,2025,1.27,3
5717,STU0336,CS401,Machine Learning,Spring,2025,2.23,4
5718,STU0336,CS201,Data Structures,Spring,2025,1.3,3
5719,STU0336,CS301,Databases,Spring,2025,1.15,3
5720,STU0337,PH301,Thermodynamics,Fall,2023,2.73,4
5721,STU0337,PH201,Electromagnetism,Fall,2023,1.43,3
5722,STU0337,PH101,Mechanics,Fall,2023,2.46,3
5723,STU0337,PH301,Thermodynamics,Spring,2023,1.9,4
5724,STU0337,PH101,Mechanics,Spring,2023,1.48,3
5725,STU0337,PH201,Electromagnetism,Spring,2023,2.48,3
5726,STU0337,PH301,Thermodynamics,Fall,2024,1.81,3
5727,STU0337,PH101,Mechanics,Fall,2024,2.16,4
5728,STU0337,PH301,Thermodynamics,Spring,2024,1.75,3
5729,STU0337,PH201,Electromagnetism,Spring,2024,1.93,4
5730,STU0337,PH101,Mechanics,Spring,2024,2.71,3
5731,STU0337,PH301,Thermodynamics,Fall,2025,2.46,4
5732,STU0337,PH101,Mechanics,Fall,2025,2.34,4
5733,STU0337,PH301,Thermodynamics,Spring,2025,2.51,3
5734,STU0337,PH101,Mechanics,Spring,2025,1.81,4
5735,STU0337,PH201,Electromagnetism,Spring,2025,2.12,4
5736,STU0338,MT401,Discrete Math,Fall,2023,3.57,3
5737,STU0338,MT301,Statistics,Fall,2023,3.24,4
5738,STU0338,MT101,Calculus I,Fall,2023,2.6,4
5739,STU0338,MT101,Calculus I,Spring,2023,3.18,4
5740,STU0338,MT401,Discrete Math,Spring,2023,3.57,4
5741,STU0338,MT201,Linear Algebra,Spring,2023,2.12,4
5742,STU0338,MT301,Statistics,Spring,2023,3.05,4
5743,STU0338,MT201,Linear Algebra,Fall,2024,3.15,4
5744,STU0338,MT301,Statistics,Fall,2024,2.25,3
5745,STU0338,MT101,Calculus I,Fall,2024,2.06,4
5746,STU0338,MT401,Discrete Math,Fall,2024,2.67,3
5747,STU0338,MT201,Linear Algebra,Spring,2024,3.41,4
5748,STU0338,MT401,Discrete Math,Spring,2024,3.21,3
5749,STU0338,MT301,Statistics,Spring,2024,3.29,4
5750,STU0338,MT101,Calculus I,Spring,2024,2.3,3
5751,STU0338,MT201,Linear Algebra,Fall,2025,2.04,3
5752,STU0338,MT401,Discrete Math,Fall,2025,2.88,4
5753,STU0338,MT401,Discrete Math,Spring,2025,2.31,4
5754,STU0338,MT101,Calculus I,Spring,2025,2.33,4
5755,STU0338,MT201,Linear Algebra,Spring,2025,3.44,3
5756,STU0338,MT301,Statistics,Spring,2025,2.18,3
5757,STU0339,EN101,Engineering Drawing,Fall,2023,2.49,3
5758,STU0339,EN201,Circuit Analysis,Fall,2023,3.3,3
5759,STU0339,EN301,Control Systems,Spring,2023,2.62,4
5760,STU0339,EN201,Circuit Analysis,Spring,2023,2.41,4
5761,STU0339,EN101,Engineering Drawing,Spring,2023,2.99,4
5762,STU0339,EN101,Engineering Drawing,Fall,2024,2.66,3
5763,STU0339,EN201,Circuit Analysis,Fall,2024,3.11,4
5764,STU0339,EN301,Control Systems,Fall,2024,3.39,3
5765,STU0339,EN101,Engineering Drawing,Spring,2024,3.53,3
5766,STU0339,EN301,Control Systems,Spring,2024,3.27,3
5767,STU0339,EN201,Circuit Analysis,Spring,2024,2.94,3
5768,STU0339,EN301,Control Systems,Fall,2025,2.61,4
5769,STU0339,EN101,Engineering Drawing,Fall,2025,2.5,3
5770,STU0339,EN201,Circuit Analysis,Fall,2025,2.96,3
5771,STU0339,EN101,Engineering Drawing,Spring,2025,3.84,3
5772,STU0339,EN201,Circuit Analysis,Spring,2025,3.09,3
5773,STU0339,EN301,Control Systems,Spring,2025,2.86,4
5774,STU0340,EN101,Engineering Drawing,Fall,2023,1.66,4
5775,STU0340,EN201,Circuit Analysis,Fall,2023,2.29,4
5776,STU0340,EN301,Control Systems,Fall,2023,1.35,4
5777,STU0340,EN101,Engineering Drawing,Spring,2023,1.27,3
5778,STU0340,EN201,Circuit Analysis,Spring,2023,1.22,4
5779,STU0340,EN201,Circuit Analysis,Fall,2024,1.95,3
5780,STU0340,EN301,Control Systems,Fall,2024,1.98,3
5781,STU0340,EN201,Circuit Analysis,Spring,2024,0.92,4
5782,STU0340,EN101,Engineering Drawing,Spring,2024,1.35,3
5783,STU0340,EN201,Circuit Analysis,Fall,2025,2.04,4
5784,STU0340,EN101,Engineering Drawing,Fall,2025,1.46,4
5785,STU0340,EN301,Control Systems,Fall,2025,1.09,3
5786,STU0340,EN101,Engineering Drawing,Spring,2025,1.95,4
5787,STU0340,EN201,Circuit Analysis,Spring,2025,1.74,4
5788,STU0340,EN301,Control Systems,Spring,2025,2.42,3
5789,STU0341,MT201,Linear Algebra,Fall,2023,2.59,3
5790,STU0341,MT401,Discrete Math,Fall,2023,3.61,4
5791,STU0341,MT301,Statistics,Fall,2023,3.59,4
5792,STU0341,MT301,Statistics,Spring,2023,2.33,3
5793,STU0341,MT101,Calculus I,Spring,2023,3.64,4
5794,STU0341,MT201,Linear Algebra,Spring,2023,3.29,3
5795,STU0341,MT301,Statistics,Fall,2024,2.59,3
5796,STU0341,MT401,Discrete Math,Fall,2024,2.76,3
5797,STU0341,MT301,Statistics,Spring,2024,2.42,4
5798,STU0341,MT201,Linear Algebra,Spring,2024,2.57,4
5799,STU0341,MT401,Discrete Math,Spring,2024,2.85,4
5800,STU0341,MT401,Discrete Math,Fall,2025,2.71,3
5801,STU0341,MT301,Statistics,Fall,2025,2.56,4
5802,STU0341,MT301,Statistics,Spring,2025,3.65,3
5803,STU0341,MT401,Discrete Math,Spring,2025,2.97,3
5804,STU0341,MT101,Calculus I,Spring,2025,2.75,4
5805,STU0341,MT201,Linear Algebra,Spring,2025,2.58,4
5806,STU0342,EN301,Control Systems,Fall,2023,4.0,3
5807,STU0342,EN201,Circuit Analysis,Fall,2023,4.0,3
5808,STU0342,EN101,Engineering Drawing,Fall,2023,3.89,4
5809,STU0342,EN201,Circuit Analysis,Spring,2023,3.37,4
5810,STU0342,EN301,Control Systems,Spring,2023,4.0,3
5811,STU0342,EN101,Engineering Drawing,Spring,2023,3.6,3
5812,STU0342,EN301,Control Systems,Fall,2024,3.85,3
5813,STU0342,EN101,Engineering Drawing,Fall,2024,3.51,4
5814,STU0342,EN201,Circuit Analysis,Spring,2024,4.0,4
5815,STU0342,EN301,Control Systems,Spring,2024,4.0,4
5816,STU0342,EN201,Circuit Analysis,Fall,2025,3.53,4
5817,STU0342,EN301,Control Systems,Fall,2025,3.17,4
5818,STU0342,EN301,Control Systems,Spring,2025,4.0,4
5819,STU0342,EN201,Circuit Analysis,Spring,2025,4.0,4
5820,STU0343,MT401,Discrete Math,Fall,2023,3.04,4
5821,STU0343,MT101,Calculus I,Fall,2023,2.72,3
5822,STU0343,MT201,Linear Algebra,Fall,2023,2.42,4
5823,STU0343,MT101,Calculus I,Spring,2023,3.33,3
5824,STU0343,MT301,Statistics,Spring,2023,2.55,3
5825,STU0343,MT201,Linear Algebra,Spring,2023,2.75,3
5826,STU0343,MT401,Discrete Math,Spring,2023,1.85,4
5827,STU0343,MT101,Calculus I,Fall,2024,2.87,4
5828,STU0343,MT301,Statistics,Fall,2024,1.86,3
5829,STU0343,MT201,Linear Algebra,Fall,2024,2.41,4
5830,STU0343,MT301,Statistics,Spring,2024,2.19,3
5831,STU0343,MT101,Calculus I,Spring,2024,2.54,4
5832,STU0343,MT201,Linear Algebra,Fall,2025,2.6,4
5833,STU0343,MT101,Calculus I,Fall,2025,2.9,3
5834,STU0343,MT301,Statistics,Fall,2025,3.14,4
5835,STU0343,MT401,Discrete Math,Fall,2025,2.95,3
5836,STU0343,MT201,Linear Algebra,Spring,2025,2.49,4
5837,STU0343,MT101,Calculus I,Spring,2025,3.29,4
5838,STU0343,MT301,Statistics,Spring,2025,3.07,3
5839,STU0343,MT401,Discrete Math,Spring,2025,3.06,4
5840,STU0344,MT401,Discrete Math,Fall,2023,2.99,3
5841,STU0344,MT201,Linear Algebra,Fall,2023,2.53,3
5842,STU0344,MT101,Calculus I,Fall,2023,2.83,3
5843,STU0344,MT301,Statistics,Fall,2023,2.4,3
5844,STU0344,MT401,Discrete Math,Spring,2023,3.19,4
5845,STU0344,MT201,Linear Algebra,Spring,2023,3.27,4
5846,STU0344,MT101,Calculus I,Spring,2023,2.82,3
5847,STU0344,MT301,Statistics,Spring,2023,3.24,4
5848,STU0344,MT301,Statistics,Fall,2024,3.28,4
5849,STU0344,MT401,Discrete Math,Fall,2024,3.13,3
5850,STU0344,MT401,Discrete Math,Spring,2024,2.56,3
5851,STU0344,MT301,Statistics,Spring,2024,2.21,3
5852,STU0344,MT201,Linear Algebra,Spring,2024,3.13,4
5853,STU0344,MT101,Calculus I,Spring,2024,3.13,3
5854,STU0344,MT201,Linear Algebra,Fall,2025,3.14,3
5855,STU0344,MT301,Statistics,Fall,2025,2.99,3
5856,STU0344,MT101,Calculus I,Fall,2025,2.69,3
5857,STU0344,MT301,Statistics,Spring,2025,2.65,4
5858,STU0344,MT101,Calculus I,Spring,2025,3.09,3
5859,STU0344,MT401,Discrete Math,Spring,2025,2.76,4
5860,STU0345,PH201,Electromagnetism,Fall,2023,3.79,3
5861,STU0345,PH101,Mechanics,Fall,2023,2.9,3
5862,STU0345,PH301,Thermodynamics,Fall,2023,4.0,3
5863,STU0345,PH101,Mechanics,Spring,2023,3.95,3
5864,STU0345,PH201,Electromagnetism,Spring,2023,3.03,4
5865,STU0345,PH301,Thermodynamics,Spring,2023,4.0,4
5866,STU0345,PH101,Mechanics,Fall,2024,2.95,4
5867,STU0345,PH201,Electromagnetism,Fall,2024,4.0,4
5868,STU0345,PH301,Thermodynamics,Fall,2024,3.15,4
5869,STU0345,PH301,Thermodynamics,Spring,2024,3.22,4
5870,STU0345,PH101,Mechanics,Spring,2024,3.9,3
5871,STU0345,PH201,Electromagnetism,Spring,2024,4.0,3
5872,STU0345,PH301,Thermodynamics,Fall,2025,4.0,3
5873,STU0345,PH101,Mechanics,Fall,2025,3.51,3
5874,STU0345,PH201,Electromagnetism,Fall,2025,3.47,4
5875,STU0345,PH201,Electromagnetism,Spring,2025,3.4,3
5876,STU0345,PH101,Mechanics,Spring,2025,3.01,4
5877,STU0345,PH301,Thermodynamics,Spring,2025,4.0,3
5878,STU0346,PH301,Thermodynamics,Fall,2023,2.6,4
5879,STU0346,PH101,Mechanics,Fall,2023,3.84,3
5880,STU0346,PH201,Electromagnetism,Fall,2023,3.36,3
5881,STU0346,PH301,Thermodynamics,Spring,2023,3.31,3
5882,STU0346,PH201,Electromagnetism,Spring,2023,2.93,3
5883,STU0346,PH101,Mechanics,Spring,2023,3.43,3
5884,STU0346,PH101,Mechanics,Fall,2024,3.45,4
5885,STU0346,PH201,Electromagnetism,Fall,2024,3.48,4
5886,STU0346,PH301,Thermodynamics,Fall,2024,3.93,4
5887,STU0346,PH301,Thermodynamics,Spring,2024,3.33,4
5888,STU0346,PH101,Mechanics,Spring,2024,4.0,3
5889,STU0346,PH301,Thermodynamics,Fall,2025,2.74,4
5890,STU0346,PH201,Electromagnetism,Fall,2025,3.46,4
5891,STU0346,PH101,Mechanics,Fall,2025,4.0,3
5892,STU0346,PH301,Thermodynamics,Spring,2025,2.87,4
5893,STU0346,PH201,Electromagnetism,Spring,2025,3.25,3
5894,STU0346,PH101,Mechanics,Spring,2025,2.62,3
5895,STU0347,PH101,Mechanics,Fall,2023,2.01,4
5896,STU0347,PH301,Thermodynamics,Fall,2023,1.1,3
5897,STU0347,PH201,Electromagnetism,Fall,2023,2.6,4
5898,STU0347,PH301,Thermodynamics,Spring,2023,1.46,3
5899,STU0347,PH201,Electromagnetism,Spring,2023,1.53,4
5900,STU0347,PH301,Thermodynamics,Fall,2024,1.54,4
5901,STU0347,PH101,Mechanics,Fall,2024,2.45,3
5902,STU0347,PH201,Electromagnetism,Fall,2024,1.3,4
5903,STU0347,PH301,Thermodynamics,Spring,2024,1.27,4
5904,STU0347,PH101,Mechanics,Spring,2024,1.35,3
5905,STU0347,PH201,Electromagnetism,Spring,2024,1.95,3
5906,STU0347,PH201,Electromagnetism,Fall,2025,1.41,3
5907,STU0347,PH301,Thermodynamics,Fall,2025,1.89,4
5908,STU0347,PH201,Electromagnetism,Spring,2025,1.41,4
5909,STU0347,PH301,Thermodynamics,Spring,2025,2.05,4
5910,STU0347,PH101,Mechanics,Spring,2025,1.01,4
5911,STU0348,CS401,Machine Learning,Fall,2023,3.27,4
5912,STU0348,CS301,Databases,Fall,2023,3.13,4
5913,STU0348,CS401,Machine Learning,Spring,2023,3.86,3
5914,STU0348,CS301,Databases,Spring,2023,4.0,4
5915,STU0348,CS301,Databases,Fall,2024,4.0,4
5916,STU0348,CS101,Intro to Programming,Fall,2024,4.0,3
5917,STU0348,CS401,Machine Learning,Fall,2024,3.25,4
5918,STU0348,CS201,Data Structures,Spring,2024,4.0,4
5919,STU0348,CS301,Databases,Spring,2024,3.72,3
5920,STU0348,CS501,Big Data,Spring,2024,4.0,3
5921,STU0348,CS101,Intro to Programming,Fall,2025,4.0,4
5922,STU0348,CS401,Machine Learning,Fall,2025,3.51,3
5923,STU0348,CS201,Data Structures,Fall,2025,3.27,4
5924,STU0348,CS401,Machine Learning,Spring,2025,4.0,3
5925,STU0348,CS201,Data Structures,Spring,2025,4.0,4
5926,STU0348,CS101,Intro to Programming,Spring,2025,3.36,4
5927,STU0348,CS301,Databases,Spring,2025,3.96,3
5928,STU0349,MT401,Discrete Math,Fall,2023,3.67,4
5929,STU0349,MT201,Linear Algebra,Fall,2023,4.0,4
5930,STU0349,MT201,Linear Algebra,Spring,2023,3.63,3
5931,STU0349,MT401,Discrete Math,Spring,2023,3.97,3
5932,STU0349,MT301,Statistics,Fall,2024,4.0,4
5933,STU0349,MT401,Discrete Math,Fall,2024,3.92,4
5934,STU0349,MT401,Discrete Math,Spring,2024,4.0,4
5935,STU0349,MT201,Linear Algebra,Spring,2024,3.05,3
5936,STU0349,MT101,Calculus I,Spring,2024,3.43,3
5937,STU0349,MT301,Statistics,Spring,2024,3.11,4
5938,STU0349,MT201,Linear Algebra,Fall,2025,3.99,3
5939,STU0349,MT101,Calculus I,Fall,2025,4.0,3
5940,STU0349,MT401,Discrete Math,Fall,2025,3.28,3
5941,STU0349,MT301,Statistics,Fall,2025,3.67,3
5942,STU0349,MT101,Calculus I,Spring,2025,3.51,4
5943,STU0349,MT201,Linear Algebra,Spring,2025,4.0,3
5944,STU0350,MT101,Calculus I,Fall,2023,4.0,3
5945,STU0350,MT201,Linear Algebra,Fall,2023,3.54,3
5946,STU0350,MT401,Discrete Math,Fall,2023,3.22,4
5947,STU0350,MT301,Statistics,Fall,2023,3.7,4
5948,STU0350,MT101,Calculus I,Spring,2023,4.0,4
5949,STU0350,MT301,Statistics,Spring,2023,4.0,4
5950,STU0350,MT201,Linear Algebra,Fall,2024,3.66,3
5951,STU0350,MT301,Statistics,Fall,2024,3.72,3
5952,STU0350,MT101,Calculus I,Fall,2024,3.28,3
5953,STU0350,MT301,Statistics,Spring,2024,3.24,4
5954,STU0350,MT101,Calculus I,Spring,2024,4.0,4
5955,STU0350,MT101,Calculus I,Fall,2025,3.39,3
5956,STU0350,MT301,Statistics,Fall,2025,4.0,4
5957,STU0350,MT201,Linear Algebra,Fall,2025,3.83,3
5958,STU0350,MT401,Discrete Math,Fall,2025,4.0,3
5959,STU0350,MT301,Statistics,Spring,2025,3.91,4
5960,STU0350,MT101,Calculus I,Spring,2025,3.84,4
5961,STU0350,MT401,Discrete Math,Spring,2025,4.0,4
5962,STU0351,BU301,Finance,Fall,2023,1.26,4
5963,STU0351,BU101,Accounting,Fall,2023,1.55,3
5964,STU0351,BU201,Marketing,Spring,2023,1.81,4
5965,STU0351,BU401,Management,Spring,2023,1.82,4
5966,STU0351,BU101,Accounting,Spring,2023,2.12,3
5967,STU0351,BU301,Finance,Spring,2023,0.78,4
5968,STU0351,BU401,Management,Fall,2024,0.88,4
5969,STU0351,BU101,Accounting,Fall,2024,0.86,4
5970,STU0351,BU301,Finance,Fall,2024,0.9,3
5971,STU0351,BU201,Marketing,Spring,2024,1.29,3
5972,STU0351,BU301,Finance,Spring,2024,1.71,4
5973,STU0351,BU201,Marketing,Fall,2025,0.82,4
5974,STU0351,BU401,Management,Fall,2025,1.93,4
5975,STU0351,BU301,Finance,Spring,2025,1.64,3
5976,STU0351,BU201,Marketing,Spring,2025,2.01,4
5977,STU0351,BU401,Management,Spring,2025,1.45,4
5978,STU0352,MT401,Discrete Math,Fall,2023,3.16,3
5979,STU0352,MT101,Calculus I,Fall,2023,2.69,4
5980,STU0352,MT301,Statistics,Fall,2023,2.24,3
5981,STU0352,MT201,Linear Algebra,Fall,2023,2.82,3
5982,STU0352,MT101,Calculus I,Spring,2023,1.72,3
5983,STU0352,MT301,Statistics,Spring,2023,3.12,3
5984,STU0352,MT201,Linear Algebra,Spring,2023,2.96,4
5985,STU0352,MT301,Statistics,Fall,2024,2.19,4
5986,STU0352,MT201,Linear Algebra,Fall,2024,1.64,3
5987,STU0352,MT301,Statistics,Spring,2024,2.13,3
5988,STU0352,MT401,Discrete Math,Spring,2024,2.75,3
5989,STU0352,MT101,Calculus I,Spring,2024,2.09,4
5990,STU0352,MT201,Linear Algebra,Spring,2024,2.0,4
5991,STU0352,MT301,Statistics,Fall,2025,1.66,4
5992,STU0352,MT101,Calculus I,Fall,2025,2.89,3
5993,STU0352,MT401,Discrete Math,Fall,2025,1.66,3
5994,STU0352,MT201,Linear Algebra,Fall,2025,2.52,3
5995,STU0352,MT301,Statistics,Spring,2025,2.44,3
5996,STU0352,MT201,Linear Algebra,Spring,2025,3.17,3
5997,STU0352,MT401,Discrete Math,Spring,2025,2.55,3
5998,STU0352,MT101,Calculus I,Spring,2025,1.87,3
5999,STU0353,PH101,Mechanics,Fall,2023,4.0,3
6000,STU0353,PH201,Electromagnetism,Fall,2023,3.29,4
6001,STU0353,PH301,Thermodynamics,Fall,2023,4.0,4
6002,STU0353,PH201,Electromagnetism,Spring,2023,3.76,3
6003,STU0353,PH101,Mechanics,Spring,2023,3.15,4
6004,STU0353,PH301,Thermodynamics,Spring,2023,3.16,4
6005,STU0353,PH201,Electromagnetism,Fall,2024,4.0,3
6006,STU0353,PH301,Thermodynamics,Fall,2024,4.0,3
6007,STU0353,PH301,Thermodynamics,Spring,2024,3.23,3
6008,STU0353,PH201,Electromagnetism,Spring,2024,3.88,4
6009,STU0353,PH101,Mechanics,Spring,2024,3.39,3
6010,STU0353,PH301,Thermodynamics,Fall,2025,3.69,4
6011,STU0353,PH101,Mechanics,Fall,2025,4.0,3
6012,STU0353,PH201,Electromagnetism,Fall,2025,3.86,3
6013,STU0353,PH301,Thermodynamics,Spring,2025,3.78,4
6014,STU0353,PH101,Mechanics,Spring,2025,4.0,3
6015,STU0353,PH201,Electromagnetism,Spring,2025,3.06,3
6016,STU0354,PH201,Electromagnetism,Fall,2023,2.32,4
6017,STU0354,PH101,Mechanics,Fall,2023,2.67,3
6018,STU0354,PH301,Thermodynamics,Fall,2023,2.33,4
6019,STU0354,PH101,Mechanics,Spring,2023,1.96,4
6020,STU0354,PH301,Thermodynamics,Spring,2023,1.83,4
6021,STU0354,PH301,Thermodynamics,Fall,2024,1.81,3
6022,STU0354,PH101,Mechanics,Fall,2024,2.74,4
6023,STU0354,PH201,Electromagnetism,Fall,2024,2.86,4
6024,STU0354,PH201,Electromagnetism,Spring,2024,2.25,3
6025,STU0354,PH301,Thermodynamics,Spring,2024,3.16,3
6026,STU0354,PH101,Mechanics,Spring,2024,3.25,3
6027,STU0354,PH201,Electromagnetism,Fall,2025,2.24,3
6028,STU0354,PH101,Mechanics,Fall,2025,3.1,4
6029,STU0354,PH101,Mechanics,Spring,2025,3.18,4
6030,STU0354,PH201,Electromagnetism,Spring,2025,3.07,4
6031,STU0354,PH301,Thermodynamics,Spring,2025,1.99,4
6032,STU0355,PH101,Mechanics,Fall,2023,1.93,4
6033,STU0355,PH201,Electromagnetism,Fall,2023,2.29,4
6034,STU0355,PH101,Mechanics,Spring,2023,2.01,3
6035,STU0355,PH301,Thermodynamics,Spring,2023,1.99,4
6036,STU0355,PH101,Mechanics,Fall,2024,1.59,4
6037,STU0355,PH201,Electromagnetism,Fall,2024,0.82,4
6038,STU0355,PH201,Electromagnetism,Spring,2024,2.3,3
6039,STU0355,PH101,Mechanics,Spring,2024,1.44,3
6040,STU0355,PH301,Thermodynamics,Spring,2024,1.44,3
6041,STU0355,PH101,Mechanics,Fall,2025,1.02,3
6042,STU0355,PH201,Electromagnetism,Fall,2025,1.85,4
6043,STU0355,PH301,Thermodynamics,Fall,2025,1.24,3
6044,STU0355,PH301,Thermodynamics,Spring,2025,2.19,3
6045,STU0355,PH101,Mechanics,Spring,2025,1.76,3
6046,STU0355,PH201,Electromagnetism,Spring,2025,0.9,3
6047,STU0356,PH101,Mechanics,Fall,2023,1.89,4
6048,STU0356,PH301,Thermodynamics,Fall,2023,2.21,3
6049,STU0356,PH201,Electromagnetism,Fall,2023,2.9,4
6050,STU0356,PH301,Thermodynamics,Spring,2023,2.04,3
6051,STU0356,PH201,Electromagnetism,Spring,2023,2.59,3
6052,STU0356,PH101,Mechanics,Spring,2023,3.22,3
6053,STU0356,PH301,Thermodynamics,Fall,2024,1.74,4
6054,STU0356,PH201,Electromagnetism,Fall,2024,2.23,4
6055,STU0356,PH301,Thermodynamics,Spring,2024,2.97,3
6056,STU0356,PH201,Electromagnetism,Spring,2024,1.74,4
6057,STU0356,PH101,Mechanics,Spring,2024,2.87,4
6058,STU0356,PH201,Electromagnetism,Fall,2025,2.49,3
6059,STU0356,PH301,Thermodynamics,Fall,2025,2.56,3
6060,STU0356,PH101,Mechanics,Fall,2025,2.82,4
6061,STU0356,PH301,Thermodynamics,Spring,2025,2.12,4
6062,STU0356,PH201,Electromagnetism,Spring,2025,2.89,4
6063,STU0356,PH101,Mechanics,Spring,2025,3.24,3
6064,STU0357,EN301,Control Systems,Fall,2023,2.64,4
6065,STU0357,EN201,Circuit Analysis,Fall,2023,3.39,3
6066,STU0357,EN301,Control Systems,Spring,2023,2.42,4
6067,STU0357,EN201,Circuit Analysis,Spring,2023,2.56,4
6068,STU0357,EN101,Engineering Drawing,Spring,2023,3.74,4
6069,STU0357,EN201,Circuit Analysis,Fall,2024,2.42,4
6070,STU0357,EN101,Engineering Drawing,Fall,2024,3.78,3
6071,STU0357,EN301,Control Systems,Fall,2024,3.61,4
6072,STU0357,EN101,Engineering Drawing,Spring,2024,2.97,3
6073,STU0357,EN301,Control Systems,Spring,2024,2.99,4
6074,STU0357,EN101,Engineering Drawing,Fall,2025,3.93,3
6075,STU0357,EN201,Circuit Analysis,Fall,2025,2.51,3
6076,STU0357,EN301,Control Systems,Spring,2025,3.2,3
6077,STU0357,EN101,Engineering Drawing,Spring,2025,2.91,3
6078,STU0357,EN201,Circuit Analysis,Spring,2025,2.95,4
6079,STU0358,MT101,Calculus I,Fall,2023,2.04,3
6080,STU0358,MT201,Linear Algebra,Fall,2023,1.96,4
6081,STU0358,MT401,Discrete Math,Fall,2023,2.12,4
6082,STU0358,MT301,Statistics,Fall,2023,1.72,4
6083,STU0358,MT301,Statistics,Spring,2023,2.72,4
6084,STU0358,MT101,Calculus I,Spring,2023,2.74,4
6085,STU0358,MT401,Discrete Math,Spring,2023,2.56,4
6086,STU0358,MT401,Discrete Math,Fall,2024,2.33,4
6087,STU0358,MT101,Calculus I,Fall,2024,2.99,4
6088,STU0358,MT301,Statistics,Fall,2024,2.56,4
6089,STU0358,MT201,Linear Algebra,Fall,2024,2.16,3
6090,STU0358,MT201,Linear Algebra,Spring,2024,2.05,4
6091,STU0358,MT101,Calculus I,Spring,2024,2.26,3
6092,STU0358,MT401,Discrete Math,Spring,2024,2.23,4
6093,STU0358,MT301,Statistics,Spring,2024,1.71,3
6094,STU0358,MT401,Discrete Math,Fall,2025,2.91,3
6095,STU0358,MT201,Linear Algebra,Fall,2025,2.5,3
6096,STU0358,MT101,Calculus I,Spring,2025,1.93,3
6097,STU0358,MT301,Statistics,Spring,2025,2.6,4
6098,STU0359,EN101,Engineering Drawing,Fall,2023,2.56,3
6099,STU0359,EN301,Control Systems,Fall,2023,2.3,4
6100,STU0359,EN201,Circuit Analysis,Fall,2023,1.54,3
6101,STU0359,EN301,Control Systems,Spring,2023,1.66,3
6102,STU0359,EN201,Circuit Analysis,Spring,2023,1.5,3
6103,STU0359,EN101,Engineering Drawing,Fall,2024,2.7,4
6104,STU0359,EN301,Control Systems,Fall,2024,1.8,3
6105,STU0359,EN201,Circuit Analysis,Fall,2024,1.61,4
6106,STU0359,EN101,Engineering Drawing,Spring,2024,2.35,4
6107,STU0359,EN301,Control Systems,Spring,2024,2.24,3
6108,STU0359,EN201,Circuit Analysis,Spring,2024,1.42,3
6109,STU0359,EN301,Control Systems,Fall,2025,1.6,3
6110,STU0359,EN101,Engineering Drawing,Fall,2025,1.3,3
6111,STU0359,EN101,Engineering Drawing,Spring,2025,1.67,3
6112,STU0359,EN201,Circuit Analysis,Spring,2025,2.74,4
6113,STU0360,EN101,Engineering Drawing,Fall,2023,2.08,4
6114,STU0360,EN301,Control Systems,Fall,2023,1.33,4
6115,STU0360,EN201,Circuit Analysis,Fall,2023,2.18,4
6116,STU0360,EN301,Control Systems,Spring,2023,2.23,3
6117,STU0360,EN201,Circuit Analysis,Spring,2023,2.26,4
6118,STU0360,EN101,Engineering Drawing,Spring,2023,1.32,3
6119,STU0360,EN301,Control Systems,Fall,2024,1.0,3
6120,STU0360,EN101,Engineering Drawing,Fall,2024,1.95,4
6121,STU0360,EN101,Engineering Drawing,Spring,2024,1.09,4
6122,STU0360,EN301,Control Systems,Spring,2024,2.39,3
6123,STU0360,EN201,Circuit Analysis,Spring,2024,2.26,4
6124,STU0360,EN201,Circuit Analysis,Fall,2025,1.13,3
6125,STU0360,EN301,Control Systems,Fall,2025,1.46,3
6126,STU0360,EN101,Engineering Drawing,Fall,2025,2.33,4
6127,STU0360,EN301,Control Systems,Spring,2025,2.28,4
6128,STU0360,EN201,Circuit Analysis,Spring,2025,0.81,4
6129,STU0360,EN101,Engineering Drawing,Spring,2025,0.88,4
6130,STU0361,EN201,Circuit Analysis,Fall,2023,2.49,4
6131,STU0361,EN301,Control Systems,Fall,2023,2.44,4
6132,STU0361,EN301,Control Systems,Spring,2023,3.24,4
6133,STU0361,EN101,Engineering Drawing,Spring,2023,3.38,3
6134,STU0361,EN201,Circuit Analysis,Fall,2024,2.98,4
6135,STU0361,EN101,Engineering Drawing,Fall,2024,3.03,4
6136,STU0361,EN301,Control Systems,Fall,2024,2.95,3
6137,STU0361,EN301,Control Systems,Spring,2024,3.55,3
6138,STU0361,EN101,Engineering Drawing,Spring,2024,3.57,3
6139,STU0361,EN201,Circuit Analysis,Spring,2024,3.35,3
6140,STU0361,EN301,Control Systems,Fall,2025,3.63,4
6141,STU0361,EN201,Circuit Analysis,Fall,2025,3.73,3
6142,STU0361,EN101,Engineering Drawing,Fall,2025,2.67,4
6143,STU0361,EN201,Circuit Analysis,Spring,2025,2.39,3
6144,STU0361,EN301,Control Systems,Spring,2025,3.79,4
6145,STU0361,EN101,Engineering Drawing,Spring,2025,3.42,4
6146,STU0362,PH101,Mechanics,Fall,2023,1.74,4
6147,STU0362,PH201,Electromagnetism,Fall,2023,2.98,3
6148,STU0362,PH301,Thermodynamics,Fall,2023,3.07,3
6149,STU0362,PH201,Electromagnetism,Spring,2023,2.15,3
6150,STU0362,PH301,Thermodynamics,Spring,2023,1.89,3
6151,STU0362,PH201,Electromagnetism,Fall,2024,1.89,3
6152,STU0362,PH301,Thermodynamics,Fall,2024,2.83,3
6153,STU0362,PH101,Mechanics,Fall,2024,2.74,3
6154,STU0362,PH301,Thermodynamics,Spring,2024,2.04,3
6155,STU0362,PH201,Electromagnetism,Spring,2024,1.69,3
6156,STU0362,PH101,Mechanics,Spring,2024,1.97,4
6157,STU0362,PH301,Thermodynamics,Fall,2025,3.14,4
6158,STU0362,PH101,Mechanics,Fall,2025,3.18,4
6159,STU0362,PH201,Electromagnetism,Fall,2025,1.96,3
6160,STU0362,PH201,Electromagnetism,Spring,2025,1.78,3
6161,STU0362,PH301,Thermodynamics,Spring,2025,3.13,3
6162,STU0362,PH101,Mechanics,Spring,2025,2.01,4
6163,STU0363,EN201,Circuit Analysis,Fall,2023,2.88,3
6164,STU0363,EN301,Control Systems,Fall,2023,3.39,3
6165,STU0363,EN101,Engineering Drawing,Spring,2023,3.41,4
6166,STU0363,EN201,Circuit Analysis,Spring,2023,3.97,4
6167,STU0363,EN301,Control Systems,Spring,2023,3.4,4
6168,STU0363,EN201,Circuit Analysis,Fall,2024,3.68,4
6169,STU0363,EN301,Control Systems,Fall,2024,3.08,3
6170,STU0363,EN101,Engineering Drawing,Fall,2024,4.0,4
6171,STU0363,EN101,Engineering Drawing,Spring,2024,4.0,3
6172,STU0363,EN201,Circuit Analysis,Spring,2024,4.0,3
6173,STU0363,EN101,Engineering Drawing,Fall,2025,3.38,3
6174,STU0363,EN201,Circuit Analysis,Fall,2025,2.78,4
6175,STU0363,EN301,Control Systems,Fall,2025,3.29,4
6176,STU0363,EN201,Circuit Analysis,Spring,2025,3.3,4
6177,STU0363,EN301,Control Systems,Spring,2025,3.29,4
6178,STU0363,EN101,Engineering Drawing,Spring,2025,4.0,4
6179,STU0364,EN101,Engineering Drawing,Fall,2023,3.49,4
6180,STU0364,EN201,Circuit Analysis,Fall,2023,2.75,3
6181,STU0364,EN301,Control Systems,Spring,2023,3.57,4
6182,STU0364,EN201,Circuit Analysis,Spring,2023,4.0,3
6183,STU0364,EN101,Engineering Drawing,Spring,2023,3.21,3
6184,STU0364,EN101,Engineering Drawing,Fall,2024,3.3,4
6185,STU0364,EN201,Circuit Analysis,Fall,2024,2.91,3
6186,STU0364,EN301,Control Systems,Fall,2024,4.0,4
6187,STU0364,EN101,Engineering Drawing,Spring,2024,2.75,3
6188,STU0364,EN201,Circuit Analysis,Spring,2024,3.06,4
6189,STU0364,EN301,Control Systems,Spring,2024,4.0,4
6190,STU0364,EN301,Control Systems,Fall,2025,4.0,4
6191,STU0364,EN101,Engineering Drawing,Fall,2025,4.0,3
6192,STU0364,EN101,Engineering Drawing,Spring,2025,3.05,4
6193,STU0364,EN301,Control Systems,Spring,2025,4.0,4
6194,STU0364,EN201,Circuit Analysis,Spring,2025,2.99,3
6195,STU0365,PH301,Thermodynamics,Fall,2023,2.44,4
6196,STU0365,PH201,Electromagnetism,Fall,2023,3.33,3
6197,STU0365,PH101,Mechanics,Fall,2023,2.21,4
6198,STU0365,PH101,Mechanics,Spring,2023,3.23,3
6199,STU0365,PH301,Thermodynamics,Spring,2023,3.09,4
6200,STU0365,PH201,Electromagnetism,Spring,2023,3.18,4
6201,STU0365,PH201,Electromagnetism,Fall,2024,3.51,4
6202,STU0365,PH301,Thermodynamics,Fall,2024,3.74,4
6203,STU0365,PH101,Mechanics,Fall,2024,2.34,4
6204,STU0365,PH301,Thermodynamics,Spring,2024,2.64,3
6205,STU0365,PH201,Electromagnetism,Spring,2024,2.9,4
6206,STU0365,PH101,Mechanics,Spring,2024,3.37,4
6207,STU0365,PH201,Electromagnetism,Fall,2025,3.08,4
6208,STU0365,PH301,Thermodynamics,Fall,2025,3.18,3
6209,STU0365,PH101,Mechanics,Fall,2025,3.08,3
6210,STU0365,PH301,Thermodynamics,Spring,2025,3.21,4
6211,STU0365,PH101,Mechanics,Spring,2025,2.16,4
6212,STU0365,PH201,Electromagnetism,Spring,2025,2.59,3
6213,STU0366,EN101,Engineering Drawing,Fall,2023,4.0,3
6214,STU0366,EN201,Circuit Analysis,Fall,2023,3.65,4
6215,STU0366,EN101,Engineering Drawing,Spring,2023,4.0,3
6216,STU0366,EN201,Circuit Analysis,Spring,2023,3.19,3
6217,STU0366,EN301,Control Systems,Spring,2023,4.0,4
6218,STU0366,EN201,Circuit Analysis,Fall,2024,3.97,4
6219,STU0366,EN301,Control Systems,Fall,2024,3.7,4
6220,STU0366,EN101,Engineering Drawing,Fall,2024,4.0,3
6221,STU0366,EN201,Circuit Analysis,Spring,2024,4.0,3
6222,STU0366,EN101,Engineering Drawing,Spring,2024,3.44,3
6223,STU0366,EN301,Control Systems,Spring,2024,4.0,4
6224,STU0366,EN301,Control Systems,Fall,2025,3.29,4
6225,STU0366,EN201,Circuit Analysis,Fall,2025,3.37,3
6226,STU0366,EN101,Engineering Drawing,Fall,2025,3.39,4
6227,STU0366,EN301,Control Systems,Spring,2025,4.0,4
6228,STU0366,EN201,Circuit Analysis,Spring,2025,4.0,4
6229,STU0367,CS401,Machine Learning,Fall,2023,3.35,4
6230,STU0367,CS501,Big Data,Fall,2023,3.49,3
6231,STU0367,CS401,Machine Learning,Spring,2023,3.13,4
6232,STU0367,CS201,Data Structures,Spring,2023,2.65,3
6233,STU0367,CS101,Intro to Programming,Fall,2024,2.76,3
6234,STU0367,CS301,Databases,Fall,2024,2.48,3
6235,STU0367,CS501,Big Data,Fall,2024,3.43,4
6236,STU0367,CS401,Machine Learning,Fall,2024,3.32,4
6237,STU0367,CS501,Big Data,Spring,2024,3.49,3
6238,STU0367,CS101,Intro to Programming,Spring,2024,2.22,3
6239,STU0367,CS201,Data Structures,Spring,2024,2.36,4
6240,STU0367,CS401,Machine Learning,Fall,2025,3.58,3
6241,STU0367,CS101,Intro to Programming,Fall,2025,2.37,3
6242,STU0367,CS401,Machine Learning,Spring,2025,3.33,4
6243,STU0367,CS301,Databases,Spring,2025,2.1,4
6244,STU0368,MT401,Discrete Math,Fall,2023,3.26,3
6245,STU0368,MT301,Statistics,Fall,2023,3.13,4
6246,STU0368,MT201,Linear Algebra,Fall,2023,2.8,4
6247,STU0368,MT201,Linear Algebra,Spring,2023,3.71,3
6248,STU0368,MT301,Statistics,Spring,2023,3.48,3
6249,STU0368,MT101,Calculus I,Spring,2023,2.87,3
6250,STU0368,MT101,Calculus I,Fall,2024,3.09,4
6251,STU0368,MT201,Linear Algebra,Fall,2024,2.72,4
6252,STU0368,MT301,Statistics,Fall,2024,2.4,3
6253,STU0368,MT301,Statistics,Spring,2024,2.46,3
6254,STU0368,MT401,Discrete Math,Spring,2024,3.51,3
6255,STU0368,MT201,Linear Algebra,Spring,2024,3.23,4
6256,STU0368,MT101,Calculus I,Spring,2024,2.26,3
6257,STU0368,MT401,Discrete Math,Fall,2025,2.31,3
6258,STU0368,MT301,Statistics,Fall,2025,3.14,4
6259,STU0368,MT101,Calculus I,Fall,2025,3.31,3
6260,STU0368,MT201,Linear Algebra,Fall,2025,2.38,4
6261,STU0368,MT101,Calculus I,Spring,2025,3.17,4
6262,STU0368,MT301,Statistics,Spring,2025,2.14,4
6263,STU0368,MT401,Discrete Math,Spring,2025,2.75,3
6264,STU0368,MT201,Linear Algebra,Spring,2025,3.53,3
6265,STU0369,MT201,Linear Algebra,Fall,2023,2.73,3
6266,STU0369,MT101,Calculus I,Fall,2023,2.1,3
6267,STU0369,MT401,Discrete Math,Fall,2023,1.84,4
6268,STU0369,MT301,Statistics,Spring,2023,1.87,4
6269,STU0369,MT401,Discrete Math,Spring,2023,1.55,4
6270,STU0369,MT201,Linear Algebra,Spring,2023,2.0,4
6271,STU0369,MT101,Calculus I,Spring,2023,2.86,3
6272,STU0369,MT301,Statistics,Fall,2024,2.58,3
6273,STU0369,MT201,Linear Algebra,Fall,2024,2.76,4
6274,STU0369,MT101,Calculus I,Spring,2024,2.82,3
6275,STU0369,MT401,Discrete Math,Spring,2024,1.64,4
6276,STU0369,MT101,Calculus I,Fall,2025,2.18,3
6277,STU0369,MT301,Statistics,Fall,2025,2.05,3
6278,STU0369,MT201,Linear Algebra,Fall,2025,2.32,3
6279,STU0369,MT301,Statistics,Spring,2025,1.55,4
6280,STU0369,MT401,Discrete Math,Spring,2025,3.05,3
6281,STU0369,MT201,Linear Algebra,Spring,2025,1.65,3
6282,STU0369,MT101,Calculus I,Spring,2025,1.98,4
6283,STU0370,BU101,Accounting,Fall,2023,3.15,3
6284,STU0370,BU301,Finance,Fall,2023,3.51,4
6285,STU0370,BU401,Management,Fall,2023,3.31,3
6286,STU0370,BU401,Management,Spring,2023,2.95,4
6287,STU0370,BU101,Accounting,Spring,2023,3.26,3
6288,STU0370,BU201,Marketing,Spring,2023,3.14,4
6289,STU0370,BU401,Management,Fall,2024,3.35,3
6290,STU0370,BU301,Finance,Fall,2024,2.32,4
6291,STU0370,BU101,Accounting,Fall,2024,3.24,4
6292,STU0370,BU401,Management,Spring,2024,2.37,4
6293,STU0370,BU301,Finance,Spring,2024,2.87,4
6294,STU0370,BU201,Marketing,Spring,2024,1.99,3
6295,STU0370,BU401,Management,Fall,2025,2.06,3
6296,STU0370,BU201,Marketing,Fall,2025,3.45,4
6297,STU0370,BU101,Accounting,Fall,2025,2.72,4
6298,STU0370,BU201,Marketing,Spring,2025,2.54,3
6299,STU0370,BU101,Accounting,Spring,2025,2.91,3
6300,STU0370,BU401,Management,Spring,2025,3.01,3
6301,STU0370,BU301,Finance,Spring,2025,2.12,4
6302,STU0371,CS201,Data Structures,Fall,2023,1.75,4
6303,STU0371,CS101,Intro to Programming,Fall,2023,2.69,4
6304,STU0371,CS401,Machine Learning,Fall,2023,2.25,3
6305,STU0371,CS301,Databases,Fall,2023,1.58,4
6306,STU0371,CS401,Machine Learning,Spring,2023,1.33,4
6307,STU0371,CS301,Databases,Spring,2023,2.22,4
6308,STU0371,CS201,Data Structures,Fall,2024,2.73,3
6309,STU0371,CS401,Machine Learning,Fall,2024,1.7,4
6310,STU0371,CS501,Big Data,Fall,2024,2.57,4
6311,STU0371,CS101,Intro to Programming,Fall,2024,1.84,3
6312,STU0371,CS501,Big Data,Spring,2024,1.67,3
6313,STU0371,CS301,Databases,Spring,2024,2.69,4
6314,STU0371,CS401,Machine Learning,Spring,2024,1.65,3
6315,STU0371,CS101,Intro to Programming,Fall,2025,1.76,3
6316,STU0371,CS401,Machine Learning,Fall,2025,2.66,3
6317,STU0371,CS501,Big Data,Fall,2025,2.04,3
6318,STU0371,CS501,Big Data,Spring,2025,2.55,4
6319,STU0371,CS101,Intro to Programming,Spring,2025,2.65,3
6320,STU0371,CS301,Databases,Spring,2025,1.58,4
6321,STU0372,BU401,Management,Fall,2023,4.0,4
6322,STU0372,BU201,Marketing,Fall,2023,4.0,3
6323,STU0372,BU101,Accounting,Fall,2023,4.0,4
6324,STU0372,BU101,Accounting,Spring,2023,4.0,3
6325,STU0372,BU301,Finance,Spring,2023,3.95,4
6326,STU0372,BU401,Management,Spring,2023,4.0,3
6327,STU0372,BU101,Accounting,Fall,2024,3.77,4
6328,STU0372,BU401,Management,Fall,2024,4.0,3
6329,STU0372,BU401,Management,Spring,2024,3.98,3
6330,STU0372,BU301,Finance,Spring,2024,3.75,4
6331,STU0372,BU101,Accounting,Spring,2024,3.83,4
6332,STU0372,BU201,Marketing,Spring,2024,4.0,4
6333,STU0372,BU101,Accounting,Fall,2025,4.0,4
6334,STU0372,BU401,Management,Fall,2025,4.0,4
6335,STU0372,BU301,Finance,Fall,2025,3.37,3
6336,STU0372,BU201,Marketing,Spring,2025,4.0,3
6337,STU0372,BU101,Accounting,Spring,2025,3.52,3
6338,STU0373,EN101,Engineering Drawing,Fall,2023,3.15,3
6339,STU0373,EN201,Circuit Analysis,Fall,2023,3.02,4
6340,STU0373,EN301,Control Systems,Spring,2023,2.35,4
6341,STU0373,EN101,Engineering Drawing,Spring,2023,2.57,4
6342,STU0373,EN201,Circuit Analysis,Spring,2023,1.83,4
6343,STU0373,EN201,Circuit Analysis,Fall,2024,2.06,3
6344,STU0373,EN101,Engineering Drawing,Fall,2024,1.93,4
6345,STU0373,EN301,Control Systems,Fall,2024,1.69,4
6346,STU0373,EN201,Circuit Analysis,Spring,2024,1.81,4
6347,STU0373,EN301,Control Systems,Spring,2024,2.89,3
6348,STU0373,EN101,Engineering Drawing,Spring,2024,2.47,3
6349,STU0373,EN101,Engineering Drawing,Fall,2025,1.7,4
6350,STU0373,EN201,Circuit Analysis,Fall,2025,2.77,4
6351,STU0373,EN301,Control Systems,Fall,2025,3.02,4
6352,STU0373,EN301,Control Systems,Spring,2025,2.37,4
6353,STU0373,EN101,Engineering Drawing,Spring,2025,2.19,4
6354,STU0373,EN201,Circuit Analysis,Spring,2025,2.89,4
6355,STU0374,EN101,Engineering Drawing,Fall,2023,4.0,4
6356,STU0374,EN301,Control Systems,Fall,2023,3.09,3
6357,STU0374,EN201,Circuit Analysis,Fall,2023,4.0,4
6358,STU0374,EN101,Engineering Drawing,Spring,2023,4.0,4
6359,STU0374,EN301,Control Systems,Spring,2023,4.0,4
6360,STU0374,EN201,Circuit Analysis,Spring,2023,3.86,3
6361,STU0374,EN301,Control Systems,Fall,2024,3.57,3
6362,STU0374,EN101,Engineering Drawing,Fall,2024,4.0,3
6363,STU0374,EN201,Circuit Analysis,Fall,2024,3.49,4
6364,STU0374,EN201,Circuit Analysis,Spring,2024,4.0,4
6365,STU0374,EN101,Engineering Drawing,Spring,2024,4.0,3
6366,STU0374,EN301,Control Systems,Spring,2024,3.33,3
6367,STU0374,EN201,Circuit Analysis,Fall,2025,3.93,4
6368,STU0374,EN301,Control Systems,Fall,2025,4.0,4
6369,STU0374,EN101,Engineering Drawing,Spring,2025,4.0,3
6370,STU0374,EN301,Control Systems,Spring,2025,3.55,4
6371,STU0375,EN101,Engineering Drawing,Fall,2023,4.0,4
6372,STU0375,EN201,Circuit Analysis,Fall,2023,3.2,3
6373,STU0375,EN301,Control Systems,Fall,2023,3.13,4
6374,STU0375,EN101,Engineering Drawing,Spring,2023,4.0,4
6375,STU0375,EN301,Control Systems,Spring,2023,4.0,3
6376,STU0375,EN201,Circuit Analysis,Spring,2023,3.55,3
6377,STU0375,EN101,Engineering Drawing,Fall,2024,3.42,4
6378,STU0375,EN301,Control Systems,Fall,2024,3.91,3
6379,STU0375,EN201,Circuit Analysis,Fall,2024,4.0,3
6380,STU0375,EN301,Control Systems,Spring,2024,3.21,4
6381,STU0375,EN101,Engineering Drawing,Spring,2024,4.0,4
6382,STU0375,EN201,Circuit Analysis,Spring,2024,3.73,3
6383,STU0375,EN201,Circuit Analysis,Fall,2025,4.0,3
6384,STU0375,EN101,Engineering Drawing,Fall,2025,3.28,4
6385,STU0375,EN301,Control Systems,Fall,2025,4.0,3
6386,STU0375,EN301,Control Systems,Spring,2025,3.65,4
6387,STU0375,EN101,Engineering Drawing,Spring,2025,3.34,3
6388,STU0376,PH201,Electromagnetism,Fall,2023,1.57,3
6389,STU0376,PH101,Mechanics,Fall,2023,1.58,4
6390,STU0376,PH301,Thermodynamics,Spring,2023,2.57,3
6391,STU0376,PH201,Electromagnetism,Spring,2023,1.76,3
6392,STU0376,PH101,Mechanics,Spring,2023,1.64,3
6393,STU0376,PH201,Electromagnetism,Fall,2024,2.26,3
6394,STU0376,PH301,Thermodynamics,Fall,2024,1.99,4
6395,STU0376,PH301,Thermodynamics,Spring,2024,1.64,4
6396,STU0376,PH101,Mechanics,Spring,2024,2.17,3
6397,STU0376,PH201,Electromagnetism,Spring,2024,1.82,3
6398,STU0376,PH101,Mechanics,Fall,2025,1.93,3
6399,STU0376,PH301,Thermodynamics,Fall,2025,3.08,3
6400,STU0376,PH101,Mechanics,Spring,2025,1.57,4
6401,STU0376,PH301,Thermodynamics,Spring,2025,1.71,3
6402,STU0376,PH201,Electromagnetism,Spring,2025,1.64,3
6403,STU0377,EN101,Engineering Drawing,Fall,2023,1.41,4
6404,STU0377,EN301,Control Systems,Fall,2023,1.33,3
6405,STU0377,EN101,Engineering Drawing,Spring,2023,1.58,4
6406,STU0377,EN301,Control Systems,Spring,2023,2.53,3
6407,STU0377,EN101,Engineering Drawing,Fall,2024,2.17,4
6408,STU0377,EN301,Control Systems,Fall,2024,1.54,4
6409,STU0377,EN201,Circuit Analysis,Spring,2024,1.35,3
6410,STU0377,EN301,Control Systems,Spring,2024,1.8,4
6411,STU0377,EN101,Engineering Drawing,Spring,2024,2.24,4
6412,STU0377,EN201,Circuit Analysis,Fall,2025,1.28,4
6413,STU0377,EN301,Control Systems,Fall,2025,1.69,4
6414,STU0377,EN101,Engineering Drawing,Fall,2025,1.28,3
6415,STU0377,EN301,Control Systems,Spring,2025,1.7,4
6416,STU0377,EN201,Circuit Analysis,Spring,2025,2.02,4
6417,STU0377,EN101,Engineering Drawing,Spring,2025,2.0,3
6418,STU0378,BU301,Finance,Fall,2023,2.76,4
6419,STU0378,BU101,Accounting,Fall,2023,2.08,3
6420,STU0378,BU201,Marketing,Fall,2023,1.97,3
6421,STU0378,BU401,Management,Spring,2023,2.33,3
6422,STU0378,BU201,Marketing,Spring,2023,1.86,4
6423,STU0378,BU301,Finance,Spring,2023,2.97,4
6424,STU0378,BU101,Accounting,Fall,2024,2.9,4
6425,STU0378,BU301,Finance,Fall,2024,1.91,4
6426,STU0378,BU301,Finance,Spring,2024,2.08,4
6427,STU0378,BU101,Accounting,Spring,2024,1.68,4
6428,STU0378,BU401,Management,Spring,2024,2.67,4
6429,STU0378,BU401,Management,Fall,2025,2.5,4
6430,STU0378,BU301,Finance,Fall,2025,1.76,4
6431,STU0378,BU201,Marketing,Fall,2025,1.63,4
6432,STU0378,BU201,Marketing,Spring,2025,2.83,4
6433,STU0378,BU101,Accounting,Spring,2025,2.22,3
6434,STU0378,BU401,Management,Spring,2025,1.91,4
6435,STU0378,BU301,Finance,Spring,2025,2.19,3
6436,STU0379,CS401,Machine Learning,Fall,2023,2.86,3
6437,STU0379,CS501,Big Data,Fall,2023,3.84,4
6438,STU0379,CS101,Intro to Programming,Fall,2023,3.0,4
6439,STU0379,CS301,Databases,Fall,2023,3.14,4
6440,STU0379,CS501,Big Data,Spring,2023,3.0,3
6441,STU0379,CS101,Intro to Programming,Spring,2023,2.97,3
6442,STU0379,CS501,Big Data,Fall,2024,3.36,3
6443,STU0379,CS401,Machine Learning,Fall,2024,3.0,4
6444,STU0379,CS301,Databases,Fall,2024,3.72,3
6445,STU0379,CS401,Machine Learning,Spring,2024,3.45,3
6446,STU0379,CS201,Data Structures,Spring,2024,2.39,3
6447,STU0379,CS201,Data Structures,Fall,2025,2.95,4
6448,STU0379,CS401,Machine Learning,Fall,2025,3.45,3
6449,STU0379,CS101,Intro to Programming,Fall,2025,3.85,4
6450,STU0379,CS501,Big Data,Spring,2025,3.23,3
6451,STU0379,CS401,Machine Learning,Spring,2025,2.96,4
6452,STU0379,CS201,Data Structures,Spring,2025,3.26,3
6453,STU0379,CS101,Intro to Programming,Spring,2025,2.55,3
6454,STU0380,MT401,Discrete Math,Fall,2023,2.63,4
6455,STU0380,MT101,Calculus I,Fall,2023,2.01,4
6456,STU0380,MT201,Linear Algebra,Fall,2023,2.41,3
6457,STU0380,MT201,Linear Algebra,Spring,2023,2.58,3
6458,STU0380,MT401,Discrete Math,Spring,2023,2.85,3
6459,STU0380,MT301,Statistics,Spring,2023,2.34,4
6460,STU0380,MT101,Calculus I,Spring,2023,1.6,4
6461,STU0380,MT201,Linear Algebra,Fall,2024,2.69,4
6462,STU0380,MT401,Discrete Math,Fall,2024,2.19,3
6463,STU0380,MT101,Calculus I,Spring,2024,2.53,4
6464,STU0380,MT401,Discrete Math,Spring,2024,1.52,4
6465,STU0380,MT201,Linear Algebra,Spring,2024,2.1,3
6466,STU0380,MT301,Statistics,Spring,2024,2.04,3
6467,STU0380,MT301,Statistics,Fall,2025,2.34,3
6468,STU0380,MT101,Calculus I,Fall,2025,1.55,4
6469,STU0380,MT201,Linear Algebra,Spring,2025,2.64,3
6470,STU0380,MT401,Discrete Math,Spring,2025,1.56,3
6471,STU0381,MT301,Statistics,Fall,2023,2.86,3
6472,STU0381,MT401,Discrete Math,Fall,2023,2.99,4
6473,STU0381,MT101,Calculus I,Fall,2023,2.89,4
6474,STU0381,MT201,Linear Algebra,Fall,2023,3.88,3
6475,STU0381,MT301,Statistics,Spring,2023,2.62,4
6476,STU0381,MT401,Discrete Math,Spring,2023,2.69,3
6477,STU0381,MT101,Calculus I,Spring,2023,4.0,4
6478,STU0381,MT201,Linear Algebra,Spring,2023,3.34,3
6479,STU0381,MT101,Calculus I,Fall,2024,4.0,3
6480,STU0381,MT201,Linear Algebra,Fall,2024,2.72,3
6481,STU0381,MT101,Calculus I,Spring,2024,3.91,3
6482,STU0381,MT401,Discrete Math,Spring,2024,3.98,3
6483,STU0381,MT301,Statistics,Spring,2024,2.79,4
6484,STU0381,MT101,Calculus I,Fall,2025,3.75,3
6485,STU0381,MT201,Linear Algebra,Fall,2025,3.95,3
6486,STU0381,MT401,Discrete Math,Fall,2025,2.94,3
6487,STU0381,MT201,Linear Algebra,Spring,2025,3.35,4
6488,STU0381,MT401,Discrete Math,Spring,2025,3.03,4
6489,STU0382,MT101,Calculus I,Fall,2023,3.47,3
6490,STU0382,MT401,Discrete Math,Fall,2023,3.64,4
6491,STU0382,MT101,Calculus I,Spring,2023,4.0,4
6492,STU0382,MT201,Linear Algebra,Spring,2023,3.05,4
6493,STU0382,MT401,Discrete Math,Spring,2023,4.0,3
6494,STU0382,MT301,Statistics,Spring,2023,4.0,3
6495,STU0382,MT101,Calculus I,Fall,2024,4.0,3
6496,STU0382,MT401,Discrete Math,Fall,2024,3.89,4
6497,STU0382,MT301,Statistics,Fall,2024,4.0,3
6498,STU0382,MT301,Statistics,Spring,2024,4.0,3
6499,STU0382,MT201,Linear Algebra,Spring,2024,3.22,3
6500,STU0382,MT101,Calculus I,Fall,2025,4.0,4
6501,STU0382,MT401,Discrete Math,Fall,2025,4.0,4
6502,STU0382,MT301,Statistics,Fall,2025,3.47,4
6503,STU0382,MT101,Calculus I,Spring,2025,3.72,4
6504,STU0382,MT301,Statistics,Spring,2025,3.75,4
6505,STU0382,MT401,Discrete Math,Spring,2025,4.0,3
6506,STU0382,MT201,Linear Algebra,Spring,2025,3.93,3
6507,STU0383,MT101,Calculus I,Fall,2023,2.71,3
6508,STU0383,MT401,Discrete Math,Fall,2023,2.78,4
6509,STU0383,MT201,Linear Algebra,Fall,2023,1.93,4
6510,STU0383,MT301,Statistics,Fall,2023,2.0,3
6511,STU0383,MT301,Statistics,Spring,2023,3.13,3
6512,STU0383,MT201,Linear Algebra,Spring,2023,2.87,3
6513,STU0383,MT201,Linear Algebra,Fall,2024,2.39,4
6514,STU0383,MT401,Discrete Math,Fall,2024,3.28,3
6515,STU0383,MT101,Calculus I,Fall,2024,2.35,4
6516,STU0383,MT301,Statistics,Spring,2024,3.33,3
6517,STU0383,MT201,Linear Algebra,Spring,2024,2.94,4
6518,STU0383,MT401,Discrete Math,Spring,2024,2.91,3
6519,STU0383,MT101,Calculus I,Spring,2024,1.73,4
6520,STU0383,MT401,Discrete Math,Fall,2025,3.22,4
6521,STU0383,MT301,Statistics,Fall,2025,2.66,4
6522,STU0383,MT101,Calculus I,Fall,2025,2.56,4
6523,STU0383,MT401,Discrete Math,Spring,2025,2.54,3
6524,STU0383,MT301,Statistics,Spring,2025,3.3,3
6525,STU0383,MT201,Linear Algebra,Spring,2025,2.32,4
6526,STU0384,CS401,Machine Learning,Fall,2023,4.0,3
6527,STU0384,CS301,Databases,Fall,2023,3.69,4
6528,STU0384,CS501,Big Data,Fall,2023,4.0,3
6529,STU0384,CS101,Intro to Programming,Spring,2023,3.73,3
6530,STU0384,CS401,Machine Learning,Spring,2023,4.0,4
6531,STU0384,CS501,Big Data,Spring,2023,3.76,3
6532,STU0384,CS401,Machine Learning,Fall,2024,3.15,3
6533,STU0384,CS101,Intro to Programming,Fall,2024,3.24,4
6534,STU0384,CS201,Data Structures,Fall,2024,3.29,3
6535,STU0384,CS401,Machine Learning,Spring,2024,4.0,4
6536,STU0384,CS501,Big Data,Spring,2024,3.17,4
6537,STU0384,CS101,Intro to Programming,Fall,2025,4.0,4
6538,STU0384,CS501,Big Data,Fall,2025,3.76,3
6539,STU0384,CS301,Databases,Spring,2025,3.97,3
6540,STU0384,CS101,Intro to Programming,Spring,2025,3.86,3
6541,STU0384,CS201,Data Structures,Spring,2025,3.42,3
6542,STU0384,CS401,Machine Learning,Spring,2025,3.3,3
6543,STU0385,BU201,Marketing,Fall,2023,3.21,3
6544,STU0385,BU101,Accounting,Fall,2023,2.61,3
6545,STU0385,BU101,Accounting,Spring,2023,3.08,3
6546,STU0385,BU301,Finance,Spring,2023,3.17,4
6547,STU0385,BU201,Marketing,Spring,2023,3.93,4
6548,STU0385,BU101,Accounting,Fall,2024,2.48,4
6549,STU0385,BU201,Marketing,Fall,2024,3.05,3
6550,STU0385,BU301,Finance,Spring,2024,3.46,3
6551,STU0385,BU101,Accounting,Spring,2024,2.89,3
6552,STU0385,BU201,Marketing,Fall,2025,3.81,3
6553,STU0385,BU401,Management,Fall,2025,3.56,3
6554,STU0385,BU301,Finance,Fall,2025,3.81,3
6555,STU0385,BU301,Finance,Spring,2025,3.86,3
6556,STU0385,BU101,Accounting,Spring,2025,3.29,4
6557,STU0385,BU201,Marketing,Spring,2025,3.17,3
6558,STU0386,PH301,Thermodynamics,Fall,2023,2.21,3
6559,STU0386,PH101,Mechanics,Fall,2023,2.28,3
6560,STU0386,PH201,Electromagnetism,Spring,2023,1.33,4
6561,STU0386,PH301,Thermodynamics,Spring,2023,2.24,3
6562,STU0386,PH101,Mechanics,Spring,2023,2.11,3
6563,STU0386,PH201,Electromagnetism,Fall,2024,1.74,4
6564,STU0386,PH301,Thermodynamics,Fall,2024,1.31,3
6565,STU0386,PH101,Mechanics,Fall,2024,1.73,3
6566,STU0386,PH301,Thermodynamics,Spring,2024,0.89,3
6567,STU0386,PH101,Mechanics,Spring,2024,2.06,4
6568,STU0386,PH301,Thermodynamics,Fall,2025,1.59,3
6569,STU0386,PH101,Mechanics,Fall,2025,1.92,3
6570,STU0386,PH201,Electromagnetism,Fall,2025,1.21,4
6571,STU0386,PH101,Mechanics,Spring,2025,1.36,4
6572,STU0386,PH201,Electromagnetism,Spring,2025,1.73,4
6573,STU0386,PH301,Thermodynamics,Spring,2025,2.31,4
6574,STU0387,EN301,Control Systems,Fall,2023,2.61,4
6575,STU0387,EN201,Circuit Analysis,Fall,2023,2.04,3
6576,STU0387,EN101,Engineering Drawing,Fall,2023,3.07,4
6577,STU0387,EN301,Control Systems,Spring,2023,2.31,3
6578,STU0387,EN101,Engineering Drawing,Spring,2023,2.57,4
6579,STU0387,EN201,Circuit Analysis,Spring,2023,1.76,3
6580,STU0387,EN101,Engineering Drawing,Fall,2024,2.41,3
6581,STU0387,EN201,Circuit Analysis,Fall,2024,2.11,4
6582,STU0387,EN301,Control Systems,Fall,2024,2.33,3
6583,STU0387,EN201,Circuit Analysis,Spring,2024,1.97,4
6584,STU0387,EN301,Control Systems,Spring,2024,1.89,3
6585,STU0387,EN301,Control Systems,Fall,2025,2.68,3
6586,STU0387,EN101,Engineering Drawing,Fall,2025,1.96,3
6587,STU0387,EN201,Circuit Analysis,Fall,2025,2.76,4
6588,STU0387,EN201,Circuit Analysis,Spring,2025,2.73,3
6589,STU0387,EN301,Control Systems,Spring,2025,2.76,4
6590,STU0388,CS301,Databases,Fall,2023,2.41,4
6591,STU0388,CS501,Big Data,Fall,2023,2.55,3
6592,STU0388,CS201,Data Structures,Fall,2023,1.69,3
6593,STU0388,CS301,Databases,Spring,2023,2.61,3
6594,STU0388,CS201,Data Structures,Spring,2023,1.51,3
6595,STU0388,CS101,Intro to Programming,Spring,2023,2.4,4
6596,STU0388,CS501,Big Data,Spring,2023,1.3,3
6597,STU0388,CS101,Intro to Programming,Fall,2024,1.56,4
6598,STU0388,CS301,Databases,Fall,2024,2.13,4
6599,STU0388,CS201,Data Structures,Fall,2024,2.03,4
6600,STU0388,CS301,Databases,Spring,2024,1.45,4
6601,STU0388,CS101,Intro to Programming,Spring,2024,2.07,4
6602,STU0388,CS201,Data Structures,Spring,2024,1.19,4
6603,STU0388,CS301,Databases,Fall,2025,1.27,3
6604,STU0388,CS401,Machine Learning,Fall,2025,1.52,3
6605,STU0388,CS301,Databases,Spring,2025,2.66,3
6606,STU0388,CS501,Big Data,Spring,2025,1.69,3
6607,STU0388,CS201,Data Structures,Spring,2025,2.01,3
6608,STU0388,CS101,Intro to Programming,Spring,2025,1.24,3
6609,STU0389,CS501,Big Data,Fall,2023,2.75,3
6610,STU0389,CS401,Machine Learning,Fall,2023,2.83,3
6611,STU0389,CS301,Databases,Spring,2023,2.34,3
6612,STU0389,CS201,Data Structures,Spring,2023,2.16,3
6613,STU0389,CS501,Big Data,Spring,2023,2.77,3
6614,STU0389,CS301,Databases,Fall,2024,3.06,4
6615,STU0389,CS201,Data Structures,Fall,2024,2.73,3
6616,STU0389,CS101,Intro to Programming,Spring,2024,3.7,4
6617,STU0389,CS401,Machine Learning,Spring,2024,3.32,3
6618,STU0389,CS501,Big Data,Spring,2024,2.31,3
6619,STU0389,CS201,Data Structures,Fall,2025,2.13,3
6620,STU0389,CS101,Intro to Programming,Fall,2025,2.19,3
6621,STU0389,CS501,Big Data,Fall,2025,3.19,3
6622,STU0389,CS301,Databases,Fall,2025,2.29,3
6623,STU0389,CS201,Data Structures,Spring,2025,2.9,4
6624,STU0389,CS501,Big Data,Spring,2025,2.26,3
6625,STU0389,CS401,Machine Learning,Spring,2025,2.12,3
6626,STU0389,CS101,Intro to Programming,Spring,2025,2.41,4
6627,STU0390,PH101,Mechanics,Fall,2023,3.46,4
6628,STU0390,PH201,Electromagnetism,Fall,2023,3.77,4
6629,STU0390,PH301,Thermodynamics,Fall,2023,4.0,3
6630,STU0390,PH301,Thermodynamics,Spring,2023,4.0,4
6631,STU0390,PH201,Electromagnetism,Spring,2023,3.17,4
6632,STU0390,PH101,Mechanics,Spring,2023,4.0,3
6633,STU0390,PH101,Mechanics,Fall,2024,4.0,4
6634,STU0390,PH201,Electromagnetism,Fall,2024,4.0,3
6635,STU0390,PH301,Thermodynamics,Spring,2024,3.3,4
6636,STU0390,PH101,Mechanics,Spring,2024,4.0,4
6637,STU0390,PH301,Thermodynamics,Fall,2025,3.7,4
6638,STU0390,PH101,Mechanics,Fall,2025,3.88,4
6639,STU0390,PH201,Electromagnetism,Fall,2025,4.0,4
6640,STU0390,PH301,Thermodynamics,Spring,2025,4.0,4
6641,STU0390,PH101,Mechanics,Spring,2025,3.48,3
6642,STU0391,MT401,Discrete Math,Fall,2023,1.86,4
6643,STU0391,MT201,Linear Algebra,Fall,2023,2.32,4
6644,STU0391,MT301,Statistics,Spring,2023,2.23,4
6645,STU0391,MT101,Calculus I,Spring,2023,1.29,3
6646,STU0391,MT201,Linear Algebra,Fall,2024,1.94,3
6647,STU0391,MT301,Statistics,Fall,2024,1.83,3
6648,STU0391,MT101,Calculus I,Fall,2024,2.46,3
6649,STU0391,MT401,Discrete Math,Fall,2024,1.43,3
6650,STU0391,MT101,Calculus I,Spring,2024,1.95,4
6651,STU0391,MT201,Linear Algebra,Spring,2024,1.22,4
6652,STU0391,MT401,Discrete Math,Fall,2025,1.4,3
6653,STU0391,MT101,Calculus I,Fall,2025,2.27,3
6654,STU0391,MT201,Linear Algebra,Fall,2025,2.04,3
6655,STU0391,MT301,Statistics,Fall,2025,1.29,3
6656,STU0391,MT301,Statistics,Spring,2025,1.84,4
6657,STU0391,MT401,Discrete Math,Spring,2025,1.31,4
6658,STU0391,MT201,Linear Algebra,Spring,2025,2.53,4
6659,STU0392,BU101,Accounting,Fall,2023,0.79,3
6660,STU0392,BU401,Management,Fall,2023,1.47,4
6661,STU0392,BU201,Marketing,Spring,2023,1.86,3
6662,STU0392,BU101,Accounting,Spring,2023,1.07,4
6663,STU0392,BU301,Finance,Fall,2024,1.35,3
6664,STU0392,BU401,Management,Fall,2024,0.94,4
6665,STU0392,BU201,Marketing,Fall,2024,1.95,4
6666,STU0392,BU401,Management,Spring,2024,1.63,4
6667,STU0392,BU301,Finance,Spring,2024,1.4,3
6668,STU0392,BU201,Marketing,Fall,2025,0.81,3
6669,STU0392,BU301,Finance,Fall,2025,1.99,3
6670,STU0392,BU101,Accounting,Fall,2025,2.04,4
6671,STU0392,BU401,Management,Spring,2025,1.21,4
6672,STU0392,BU201,Marketing,Spring,2025,1.45,3
6673,STU0393,EN101,Engineering Drawing,Fall,2023,2.52,4
6674,STU0393,EN301,Control Systems,Fall,2023,2.74,4
6675,STU0393,EN201,Circuit Analysis,Fall,2023,2.58,3
6676,STU0393,EN201,Circuit Analysis,Spring,2023,3.72,4
6677,STU0393,EN301,Control Systems,Spring,2023,3.21,4
6678,STU0393,EN101,Engineering Drawing,Spring,2023,2.65,4
6679,STU0393,EN201,Circuit Analysis,Fall,2024,2.49,4
6680,STU0393,EN301,Control Systems,Fall,2024,3.36,3
6681,STU0393,EN101,Engineering Drawing,Fall,2024,2.26,4
6682,STU0393,EN101,Engineering Drawing,Spring,2024,3.76,3
6683,STU0393,EN201,Circuit Analysis,Spring,2024,3.78,4
6684,STU0393,EN301,Control Systems,Spring,2024,2.75,4
6685,STU0393,EN101,Engineering Drawing,Fall,2025,3.62,3
6686,STU0393,EN301,Control Systems,Fall,2025,3.43,4
6687,STU0393,EN201,Circuit Analysis,Spring,2025,3.41,3
6688,STU0393,EN101,Engineering Drawing,Spring,2025,3.21,3
6689,STU0393,EN301,Control Systems,Spring,2025,2.64,4
6690,STU0394,BU101,Accounting,Fall,2023,2.62,4
6691,STU0394,BU401,Management,Fall,2023,2.4,4
6692,STU0394,BU201,Marketing,Spring,2023,2.96,4
6693,STU0394,BU101,Accounting,Spring,2023,3.13,4
6694,STU0394,BU101,Accounting,Fall,2024,2.86,4
6695,STU0394,BU201,Marketing,Fall,2024,3.07,3
6696,STU0394,BU301,Finance,Fall,2024,2.3,4
6697,STU0394,BU401,Management,Fall,2024,2.82,3
6698,STU0394,BU101,Accounting,Spring,2024,2.74,3
6699,STU0394,BU401,Management,Spring,2024,1.85,4
6700,STU0394,BU301,Finance,Spring,2024,2.59,3
6701,STU0394,BU201,Marketing,Fall,2025,2.73,3
6702,STU0394,BU401,Management,Fall,2025,2.81,4
6703,STU0394,BU101,Accounting,Spring,2025,2.48,4
6704,STU0394,BU301,Finance,Spring,2025,1.72,3
6705,STU0394,BU201,Marketing,Spring,2025,2.35,3
6706,STU0395,MT201,Linear Algebra,Fall,2023,1.52,3
6707,STU0395,MT301,Statistics,Fall,2023,3.09,3
6708,STU0395,MT401,Discrete Math,Fall,2023,1.55,3
6709,STU0395,MT101,Calculus I,Fall,2023,2.94,4
6710,STU0395,MT301,Statistics,Spring,2023,2.75,3
6711,STU0395,MT101,Calculus I,Spring,2023,1.84,3
6712,STU0395,MT201,Linear Algebra,Spring,2023,2.19,4
6713,STU0395,MT401,Discrete Math,Spring,2023,2.59,4
6714,STU0395,MT201,Linear Algebra,Fall,2024,2.37,4
6715,STU0395,MT301,Statistics,Fall,2024,2.31,3
6716,STU0395,MT201,Linear Algebra,Spring,2024,2.53,4
6717,STU0395,MT401,Discrete Math,Spring,2024,2.48,4
6718,STU0395,MT101,Calculus I,Spring,2024,2.94,3
6719,STU0395,MT301,Statistics,Spring,2024,1.55,4
6720,STU0395,MT301,Statistics,Fall,2025,1.69,3
6721,STU0395,MT401,Discrete Math,Fall,2025,1.74,4
6722,STU0395,MT101,Calculus I,Fall,2025,2.73,3
6723,STU0395,MT201,Linear Algebra,Spring,2025,1.63,4
6724,STU0395,MT401,Discrete Math,Spring,2025,1.98,3
6725,STU0395,MT101,Calculus I,Spring,2025,2.27,3
6726,STU0395,MT301,Statistics,Spring,2025,2.38,3
6727,STU0396,CS501,Big Data,Fall,2023,1.75,3
6728,STU0396,CS101,Intro to Programming,Fall,2023,1.39,3
6729,STU0396,CS201,Data Structures,Spring,2023,1.94,4
6730,STU0396,CS101,Intro to Programming,Spring,2023,1.41,3
6731,STU0396,CS501,Big Data,Spring,2023,2.62,3
6732,STU0396,CS101,Intro to Programming,Fall,2024,2.05,4
6733,STU0396,CS301,Databases,Fall,2024,1.8,3
6734,STU0396,CS401,Machine Learning,Fall,2024,1.61,3
6735,STU0396,CS501,Big Data,Fall,2024,1.45,4
6736,STU0396,CS301,Databases,Spring,2024,1.47,4
6737,STU0396,CS401,Machine Learning,Spring,2024,2.17,3
6738,STU0396,CS201,Data Structures,Spring,2024,1.44,3
6739,STU0396,CS501,Big Data,Spring,2024,1.54,4
6740,STU0396,CS101,Intro to Programming,Fall,2025,2.06,3
6741,STU0396,CS401,Machine Learning,Fall,2025,1.99,3
6742,STU0396,CS301,Databases,Fall,2025,1.88,4
6743,STU0396,CS501,Big Data,Fall,2025,1.97,4
6744,STU0396,CS101,Intro to Programming,Spring,2025,2.61,4
6745,STU0396,CS401,Machine Learning,Spring,2025,1.99,3
6746,STU0397,PH101,Mechanics,Fall,2023,2.62,3
6747,STU0397,PH301,Thermodynamics,Fall,2023,3.66,3
6748,STU0397,PH201,Electromagnetism,Fall,2023,3.04,3
6749,STU0397,PH101,Mechanics,Spring,2023,3.54,3
6750,STU0397,PH201,Electromagnetism,Spring,2023,3.45,4
6751,STU0397,PH301,Thermodynamics,Spring,2023,3.03,3
6752,STU0397,PH201,Electromagnetism,Fall,2024,4.0,3
6753,STU0397,PH101,Mechanics,Fall,2024,3.44,3
6754,STU0397,PH301,Thermodynamics,Fall,2024,2.96,4
6755,STU0397,PH301,Thermodynamics,Spring,2024,3.26,4
6756,STU0397,PH101,Mechanics,Spring,2024,3.05,3
6757,STU0397,PH201,Electromagnetism,Spring,2024,2.62,4
6758,STU0397,PH201,Electromagnetism,Fall,2025,3.39,3
6759,STU0397,PH301,Thermodynamics,Fall,2025,2.52,3
6760,STU0397,PH101,Mechanics,Fall,2025,2.52,4
6761,STU0397,PH101,Mechanics,Spring,2025,2.8,4
6762,STU0397,PH201,Electromagnetism,Spring,2025,3.2,3
6763,STU0398,PH201,Electromagnetism,Fall,2023,2.16,3
6764,STU0398,PH101,Mechanics,Fall,2023,1.12,3
6765,STU0398,PH301,Thermodynamics,Fall,2023,2.26,4
6766,STU0398,PH201,Electromagnetism,Spring,2023,0.87,4
6767,STU0398,PH101,Mechanics,Spring,2023,2.17,3
6768,STU0398,PH301,Thermodynamics,Spring,2023,1.72,4
6769,STU0398,PH301,Thermodynamics,Fall,2024,1.88,3
6770,STU0398,PH101,Mechanics,Fall,2024,1.75,3
6771,STU0398,PH201,Electromagnetism,Spring,2024,2.33,3
6772,STU0398,PH301,Thermodynamics,Spring,2024,1.05,4
6773,STU0398,PH101,Mechanics,Spring,2024,1.08,3
6774,STU0398,PH301,Thermodynamics,Fall,2025,1.18,3
6775,STU0398,PH201,Electromagnetism,Fall,2025,0.87,3
6776,STU0398,PH101,Mechanics,Fall,2025,1.09,3
6777,STU0398,PH301,Thermodynamics,Spring,2025,1.09,4
6778,STU0398,PH201,Electromagnetism,Spring,2025,1.94,4
6779,STU0399,MT101,Calculus I,Fall,2023,3.14,4
6780,STU0399,MT201,Linear Algebra,Fall,2023,3.32,4
6781,STU0399,MT101,Calculus I,Spring,2023,3.46,4
6782,STU0399,MT301,Statistics,Spring,2023,2.13,4
6783,STU0399,MT201,Linear Algebra,Spring,2023,3.1,4
6784,STU0399,MT401,Discrete Math,Fall,2024,2.61,3
6785,STU0399,MT201,Linear Algebra,Fall,2024,2.93,4
6786,STU0399,MT301,Statistics,Fall,2024,2.8,3
6787,STU0399,MT301,Statistics,Spring,2024,1.99,4
6788,STU0399,MT201,Linear Algebra,Spring,2024,2.2,4
6789,STU0399,MT401,Discrete Math,Fall,2025,3.1,3
6790,STU0399,MT301,Statistics,Fall,2025,3.21,3
6791,STU0399,MT201,Linear Algebra,Spring,2025,3.18,3
6792,STU0399,MT101,Calculus I,Spring,2025,3.53,3
6793,STU0399,MT301,Statistics,Spring,2025,2.69,4
6794,STU0399,MT401,Discrete Math,Spring,2025,3.07,4
6795,STU0400,CS201,Data Structures,Fall,2023,2.78,3
6796,STU0400,CS401,Machine Learning,Fall,2023,2.37,4
6797,STU0400,CS101,Intro to Programming,Fall,2023,2.3,3
6798,STU0400,CS301,Databases,Fall,2023,2.31,4
6799,STU0400,CS201,Data Structures,Spring,2023,3.05,3
6800,STU0400,CS401,Machine Learning,Spring,2023,2.88,3
6801,STU0400,CS101,Intro to Programming,Spring,2023,3.31,4
6802,STU0400,CS301,Databases,Spring,2023,3.7,4
6803,STU0400,CS201,Data Structures,Fall,2024,3.05,3
6804,STU0400,CS501,Big Data,Fall,2024,2.81,3
6805,STU0400,CS401,Machine Learning,Fall,2024,3.2,3
6806,STU0400,CS301,Databases,Fall,2024,2.69,4
6807,STU0400,CS501,Big Data,Spring,2024,2.86,4
6808,STU0400,CS101,Intro to Programming,Spring,2024,3.82,4
6809,STU0400,CS201,Data Structures,Spring,2024,3.6,3
6810,STU0400,CS101,Intro to Programming,Fall,2025,2.39,4
6811,STU0400,CS201,Data Structures,Fall,2025,3.35,4
6812,STU0400,CS301,Databases,Spring,2025,2.47,4
6813,STU0400,CS201,Data Structures,Spring,2025,3.1,4
6814,STU0400,CS501,Big Data,Spring,2025,3.61,3
6815,STU0401,MT401,Discrete Math,Fall,2023,1.84,3
6816,STU0401,MT301,Statistics,Fall,2023,2.94,3
6817,STU0401,MT101,Calculus I,Fall,2023,1.87,4
6818,STU0401,MT201,Linear Algebra,Fall,2023,2.9,3
6819,STU0401,MT401,Discrete Math,Spring,2023,1.98,3
6820,STU0401,MT101,Calculus I,Spring,2023,2.74,4
6821,STU0401,MT201,Linear Algebra,Spring,2023,2.29,3
6822,STU0401,MT101,Calculus I,Fall,2024,3.01,3
6823,STU0401,MT201,Linear Algebra,Fall,2024,3.42,4
6824,STU0401,MT401,Discrete Math,Fall,2024,3.28,3
6825,STU0401,MT201,Linear Algebra,Spring,2024,3.29,3
6826,STU0401,MT101,Calculus I,Spring,2024,3.0,3
6827,STU0401,MT301,Statistics,Spring,2024,2.68,3
6828,STU0401,MT401,Discrete Math,Fall,2025,2.02,3
6829,STU0401,MT301,Statistics,Fall,2025,3.14,4
6830,STU0401,MT101,Calculus I,Spring,2025,2.96,4
6831,STU0401,MT401,Discrete Math,Spring,2025,1.94,3
6832,STU0401,MT301,Statistics,Spring,2025,2.84,3
6833,STU0401,MT201,Linear Algebra,Spring,2025,2.83,3
6834,STU0402,BU301,Finance,Fall,2023,3.05,4
6835,STU0402,BU401,Management,Fall,2023,3.37,3
6836,STU0402,BU401,Management,Spring,2023,2.97,3
6837,STU0402,BU201,Marketing,Spring,2023,3.52,3
6838,STU0402,BU201,Marketing,Fall,2024,3.72,3
6839,STU0402,BU301,Finance,Fall,2024,3.26,4
6840,STU0402,BU301,Finance,Spring,2024,4.0,3
6841,STU0402,BU201,Marketing,Spring,2024,2.82,3
6842,STU0402,BU101,Accounting,Spring,2024,2.76,4
6843,STU0402,BU201,Marketing,Fall,2025,4.0,4
6844,STU0402,BU301,Finance,Fall,2025,3.5,3
6845,STU0402,BU101,Accounting,Fall,2025,3.67,4
6846,STU0402,BU401,Management,Fall,2025,4.0,3
6847,STU0402,BU101,Accounting,Spring,2025,3.77,3
6848,STU0402,BU301,Finance,Spring,2025,3.46,4
6849,STU0402,BU201,Marketing,Spring,2025,3.87,4
6850,STU0402,BU401,Management,Spring,2025,3.74,3
6851,STU0403,MT401,Discrete Math,Fall,2023,2.92,3
6852,STU0403,MT201,Linear Algebra,Fall,2023,2.63,4
6853,STU0403,MT301,Statistics,Fall,2023,2.46,3
6854,STU0403,MT201,Linear Algebra,Spring,2023,2.69,4
6855,STU0403,MT401,Discrete Math,Spring,2023,1.86,4
6856,STU0403,MT101,Calculus I,Spring,2023,3.23,3
6857,STU0403,MT301,Statistics,Spring,2023,2.56,4
6858,STU0403,MT201,Linear Algebra,Fall,2024,2.5,4
6859,STU0403,MT101,Calculus I,Fall,2024,2.53,3
6860,STU0403,MT201,Linear Algebra,Spring,2024,3.34,4
6861,STU0403,MT401,Discrete Math,Spring,2024,2.09,3
6862,STU0403,MT301,Statistics,Spring,2024,2.56,3
6863,STU0403,MT101,Calculus I,Spring,2024,3.11,3
6864,STU0403,MT301,Statistics,Fall,2025,2.82,4
6865,STU0403,MT201,Linear Algebra,Fall,2025,2.56,4
6866,STU0403,MT401,Discrete Math,Spring,2025,1.86,3
6867,STU0403,MT201,Linear Algebra,Spring,2025,3.28,4
6868,STU0403,MT301,Statistics,Spring,2025,3.36,3
6869,STU0404,CS101,Intro to Programming,Fall,2023,4.0,4
6870,STU0404,CS501,Big Data,Fall,2023,2.97,4
6871,STU0404,CS301,Databases,Fall,2023,2.94,4
6872,STU0404,CS401,Machine Learning,Spring,2023,2.88,3
6873,STU0404,CS201,Data Structures,Spring,2023,3.71,4
6874,STU0404,CS301,Databases,Spring,2023,4.0,4
6875,STU0404,CS501,Big Data,Fall,2024,2.9,3
6876,STU0404,CS401,Machine Learning,Fall,2024,4.0,4
6877,STU0404,CS401,Machine Learning,Spring,2024,4.0,3
6878,STU0404,CS101,Intro to Programming,Spring,2024,3.92,3
6879,STU0404,CS501,Big Data,Spring,2024,3.19,3
6880,STU0404,CS201,Data Structures,Spring,2024,3.61,4
6881,STU0404,CS401,Machine Learning,Fall,2025,4.0,3
6882,STU0404,CS301,Databases,Fall,2025,3.8,3
6883,STU0404,CS501,Big Data,Fall,2025,3.71,3
6884,STU0404,CS201,Data Structures,Fall,2025,2.97,3
6885,STU0404,CS101,Intro to Programming,Spring,2025,3.58,3
6886,STU0404,CS501,Big Data,Spring,2025,3.56,3
6887,STU0404,CS301,Databases,Spring,2025,3.68,3
6888,STU0405,EN301,Control Systems,Fall,2023,3.11,3
6889,STU0405,EN201,Circuit Analysis,Fall,2023,1.88,3
6890,STU0405,EN101,Engineering Drawing,Fall,2023,2.17,3
6891,STU0405,EN301,Control Systems,Spring,2023,2.14,3
6892,STU0405,EN101,Engineering Drawing,Spring,2023,1.54,4
6893,STU0405,EN101,Engineering Drawing,Fall,2024,2.82,3
6894,STU0405,EN301,Control Systems,Fall,2024,2.97,4
6895,STU0405,EN201,Circuit Analysis,Fall,2024,1.74,4
6896,STU0405,EN101,Engineering Drawing,Spring,2024,3.11,4
6897,STU0405,EN201,Circuit Analysis,Spring,2024,2.31,3
6898,STU0405,EN301,Control Systems,Spring,2024,2.81,4
6899,STU0405,EN201,Circuit Analysis,Fall,2025,2.61,4
6900,STU0405,EN301,Control Systems,Fall,2025,1.93,4
6901,STU0405,EN101,Engineering Drawing,Fall,2025,2.39,4
6902,STU0405,EN201,Circuit Analysis,Spring,2025,1.93,4
6903,STU0405,EN301,Control Systems,Spring,2025,1.87,4
6904,STU0406,CS101,Intro to Programming,Fall,2023,3.35,4
6905,STU0406,CS301,Databases,Fall,2023,2.49,3
6906,STU0406,CS201,Data Structures,Fall,2023,2.99,4
6907,STU0406,CS401,Machine Learning,Fall,2023,2.73,4
6908,STU0406,CS201,Data Structures,Spring,2023,2.93,4
6909,STU0406,CS301,Databases,Spring,2023,3.25,3
6910,STU0406,CS401,Machine Learning,Spring,2023,2.61,4
6911,STU0406,CS501,Big Data,Spring,2023,3.25,4
6912,STU0406,CS201,Data Structures,Fall,2024,3.3,4
6913,STU0406,CS101,Intro to Programming,Fall,2024,2.68,4
6914,STU0406,CS501,Big Data,Spring,2024,2.31,4
6915,STU0406,CS301,Databases,Spring,2024,3.15,3
6916,STU0406,CS301,Databases,Fall,2025,3.51,4
6917,STU0406,CS501,Big Data,Fall,2025,3.31,3
6918,STU0406,CS101,Intro to Programming,Fall,2025,2.49,4
6919,STU0406,CS201,Data Structures,Fall,2025,2.43,3
6920,STU0406,CS101,Intro to Programming,Spring,2025,2.35,4
6921,STU0406,CS201,Data Structures,Spring,2025,2.18,3
6922,STU0406,CS301,Databases,Spring,2025,2.0,3
6923,STU0407,CS201,Data Structures,Fall,2023,2.05,4
6924,STU0407,CS501,Big Data,Fall,2023,2.69,4
6925,STU0407,CS301,Databases,Fall,2023,3.43,4
6926,STU0407,CS301,Databases,Spring,2023,2.88,3
6927,STU0407,CS101,Intro to Programming,Spring,2023,2.08,3
6928,STU0407,CS401,Machine Learning,Spring,2023,2.52,4
6929,STU0407,CS301,Databases,Fall,2024,3.06,3
6930,STU0407,CS101,Intro to Programming,Fall,2024,2.46,4
6931,STU0407,CS201,Data Structures,Spring,2024,2.48,4
6932,STU0407,CS101,Intro to Programming,Spring,2024,2.34,3
6933,STU0407,CS401,Machine Learning,Fall,2025,3.21,3
6934,STU0407,CS301,Databases,Fall,2025,3.3,4
6935,STU0407,CS301,Databases,Spring,2025,2.16,3
6936,STU0407,CS201,Data Structures,Spring,2025,3.03,3
6937,STU0407,CS101,Intro to Programming,Spring,2025,2.42,3
6938,STU0407,CS501,Big Data,Spring,2025,2.62,3
6939,STU0408,EN201,Circuit Analysis,Fall,2023,3.2,4
6940,STU0408,EN101,Engineering Drawing,Fall,2023,3.31,4
6941,STU0408,EN301,Control Systems,Fall,2023,2.04,3
6942,STU0408,EN201,Circuit Analysis,Spring,2023,2.71,4
6943,STU0408,EN301,Control Systems,Spring,2023,2.42,4
6944,STU0408,EN101,Engineering Drawing,Spring,2023,3.39,4
6945,STU0408,EN201,Circuit Analysis,Fall,2024,2.8,4
6946,STU0408,EN101,Engineering Drawing,Fall,2024,2.01,4
6947,STU0408,EN301,Control Systems,Fall,2024,2.92,4
6948,STU0408,EN201,Circuit Analysis,Spring,2024,2.96,3
6949,STU0408,EN301,Control Systems,Spring,2024,3.34,4
6950,STU0408,EN101,Engineering Drawing,Spring,2024,2.08,3
6951,STU0408,EN101,Engineering Drawing,Fall,2025,2.18,4
6952,STU0408,EN201,Circuit Analysis,Fall,2025,2.26,3
6953,STU0408,EN301,Control Systems,Fall,2025,3.46,3
6954,STU0408,EN301,Control Systems,Spring,2025,3.19,4
6955,STU0408,EN201,Circuit Analysis,Spring,2025,3.4,3
6956,STU0409,CS301,Databases,Fall,2023,3.95,3
6957,STU0409,CS101,Intro to Programming,Fall,2023,3.56,3
6958,STU0409,CS401,Machine Learning,Fall,2023,3.56,4
6959,STU0409,CS201,Data Structures,Spring,2023,3.73,3
6960,STU0409,CS101,Intro to Programming,Spring,2023,3.42,3
6961,STU0409,CS301,Databases,Spring,2023,2.87,4
6962,STU0409,CS101,Intro to Programming,Fall,2024,4.0,4
6963,STU0409,CS201,Data Structures,Fall,2024,4.0,4
6964,STU0409,CS401,Machine Learning,Spring,2024,2.79,4
6965,STU0409,CS101,Intro to Programming,Spring,2024,3.89,3
6966,STU0409,CS201,Data Structures,Spring,2024,4.0,3
6967,STU0409,CS301,Databases,Spring,2024,4.0,4
6968,STU0409,CS201,Data Structures,Fall,2025,4.0,3
6969,STU0409,CS101,Intro to Programming,Fall,2025,3.19,3
6970,STU0409,CS401,Machine Learning,Fall,2025,4.0,3
6971,STU0409,CS501,Big Data,Spring,2025,3.79,3
6972,STU0409,CS301,Databases,Spring,2025,2.83,4
6973,STU0409,CS101,Intro to Programming,Spring,2025,3.71,3
6974,STU0410,EN201,Circuit Analysis,Fall,2023,3.13,3
6975,STU0410,EN301,Control Systems,Fall,2023,2.64,3
6976,STU0410,EN101,Engineering Drawing,Fall,2023,1.93,4
6977,STU0410,EN201,Circuit Analysis,Spring,2023,2.99,4
6978,STU0410,EN301,Control Systems,Spring,2023,2.37,3
6979,STU0410,EN301,Control Systems,Fall,2024,2.91,4
6980,STU0410,EN101,Engineering Drawing,Fall,2024,2.7,4
6981,STU0410,EN201,Circuit Analysis,Fall,2024,2.77,3
6982,STU0410,EN301,Control Systems,Spring,2024,2.8,3
6983,STU0410,EN101,Engineering Drawing,Spring,2024,2.46,4
6984,STU0410,EN101,Engineering Drawing,Fall,2025,2.86,3
6985,STU0410,EN301,Control Systems,Fall,2025,2.82,4
6986,STU0410,EN101,Engineering Drawing,Spring,2025,1.79,3
6987,STU0410,EN301,Control Systems,Spring,2025,2.85,3
6988,STU0410,EN201,Circuit Analysis,Spring,2025,3.28,4
6989,STU0411,EN101,Engineering Drawing,Fall,2023,4.0,4
6990,STU0411,EN201,Circuit Analysis,Fall,2023,3.51,3
6991,STU0411,EN301,Control Systems,Fall,2023,3.98,4
6992,STU0411,EN301,Control Systems,Spring,2023,4.0,4
6993,STU0411,EN101,Engineering Drawing,Spring,2023,3.54,3
6994,STU0411,EN101,Engineering Drawing,Fall,2024,3.81,3
6995,STU0411,EN301,Control Systems,Fall,2024,4.0,4
6996,STU0411,EN301,Control Systems,Spring,2024,3.87,4
6997,STU0411,EN201,Circuit Analysis,Spring,2024,3.35,3
6998,STU0411,EN101,Engineering Drawing,Fall,2025,3.17,4
6999,STU0411,EN201,Circuit Analysis,Fall,2025,3.72,3
7000,STU0411,EN301,Control Systems,Fall,2025,3.77,3
7001,STU0411,EN201,Circuit Analysis,Spring,2025,3.68,3
7002,STU0411,EN301,Control Systems,Spring,2025,4.0,3
7003,STU0412,CS201,Data Structures,Fall,2023,2.34,3
7004,STU0412,CS401,Machine Learning,Fall,2023,2.05,3
7005,STU0412,CS301,Databases,Spring,2023,2.56,3
7006,STU0412,CS501,Big Data,Spring,2023,2.1,4
7007,STU0412,CS401,Machine Learning,Fall,2024,2.19,3
7008,STU0412,CS101,Intro to Programming,Fall,2024,1.59,3
7009,STU0412,CS501,Big Data,Fall,2024,1.59,4
7010,STU0412,CS301,Databases,Spring,2024,2.01,3
7011,STU0412,CS501,Big Data,Spring,2024,1.53,4
7012,STU0412,CS401,Machine Learning,Spring,2024,2.02,3
7013,STU0412,CS101,Intro to Programming,Spring,2024,1.22,3
7014,STU0412,CS201,Data Structures,Fall,2025,1.23,4
7015,STU0412,CS401,Machine Learning,Fall,2025,1.31,3
7016,STU0412,CS101,Intro to Programming,Fall,2025,1.6,3
7017,STU0412,CS301,Databases,Fall,2025,1.31,4
7018,STU0412,CS201,Data Structures,Spring,2025,1.31,3
7019,STU0412,CS101,Intro to Programming,Spring,2025,1.73,3
7020,STU0413,PH101,Mechanics,Fall,2023,3.97,3
7021,STU0413,PH301,Thermodynamics,Fall,2023,4.0,4
7022,STU0413,PH101,Mechanics,Spring,2023,3.53,3
7023,STU0413,PH201,Electromagnetism,Spring,2023,3.25,3
7024,STU0413,PH301,Thermodynamics,Spring,2023,3.91,4
7025,STU0413,PH301,Thermodynamics,Fall,2024,3.83,4
7026,STU0413,PH201,Electromagnetism,Fall,2024,4.0,4
7027,STU0413,PH201,Electromagnetism,Spring,2024,3.16,3
7028,STU0413,PH301,Thermodynamics,Spring,2024,2.91,3
7029,STU0413,PH101,Mechanics,Spring,2024,3.0,3
7030,STU0413,PH201,Electromagnetism,Fall,2025,3.6,4
7031,STU0413,PH101,Mechanics,Fall,2025,3.26,4
7032,STU0413,PH301,Thermodynamics,Spring,2025,3.04,3
7033,STU0413,PH201,Electromagnetism,Spring,2025,3.6,4
7034,STU0414,BU101,Accounting,Fall,2023,4.0,4
7035,STU0414,BU301,Finance,Fall,2023,4.0,4
7036,STU0414,BU301,Finance,Spring,2023,4.0,3
7037,STU0414,BU201,Marketing,Spring,2023,4.0,4
7038,STU0414,BU401,Management,Spring,2023,3.65,3
7039,STU0414,BU201,Marketing,Fall,2024,3.24,4
7040,STU0414,BU401,Management,Fall,2024,3.82,3
7041,STU0414,BU301,Finance,Fall,2024,4.0,4
7042,STU0414,BU101,Accounting,Fall,2024,4.0,4
7043,STU0414,BU301,Finance,Spring,2024,3.28,4
7044,STU0414,BU201,Marketing,Spring,2024,4.0,4
7045,STU0414,BU201,Marketing,Fall,2025,3.69,3
7046,STU0414,BU101,Accounting,Fall,2025,3.84,3
7047,STU0414,BU401,Management,Fall,2025,3.98,4
7048,STU0414,BU301,Finance,Spring,2025,3.46,4
7049,STU0414,BU101,Accounting,Spring,2025,4.0,3
7050,STU0414,BU401,Management,Spring,2025,3.59,4
7051,STU0414,BU201,Marketing,Spring,2025,4.0,3
7052,STU0415,PH201,Electromagnetism,Fall,2023,3.18,3
7053,STU0415,PH101,Mechanics,Fall,2023,3.29,4
7054,STU0415,PH301,Thermodynamics,Fall,2023,3.85,3
7055,STU0415,PH201,Electromagnetism,Spring,2023,3.78,4
7056,STU0415,PH101,Mechanics,Spring,2023,4.0,3
7057,STU0415,PH301,Thermodynamics,Spring,2023,4.0,4
7058,STU0415,PH201,Electromagnetism,Fall,2024,3.95,4
7059,STU0415,PH301,Thermodynamics,Fall,2024,3.8,4
7060,STU0415,PH301,Thermodynamics,Spring,2024,4.0,3
7061,STU0415,PH201,Electromagnetism,Spring,2024,3.78,3
7062,STU0415,PH101,Mechanics,Spring,2024,3.18,4
7063,STU0415,PH101,Mechanics,Fall,2025,3.82,3
7064,STU0415,PH201,Electromagnetism,Fall,2025,4.0,3
7065,STU0415,PH301,Thermodynamics,Fall,2025,4.0,3
7066,STU0415,PH101,Mechanics,Spring,2025,3.95,3
7067,STU0415,PH301,Thermodynamics,Spring,2025,3.79,3
7068,STU0415,PH201,Electromagnetism,Spring,2025,3.63,3
7069,STU0416,EN101,Engineering Drawing,Fall,2023,3.72,3
7070,STU0416,EN201,Circuit Analysis,Fall,2023,3.66,3
7071,STU0416,EN301,Control Systems,Fall,2023,3.0,3
7072,STU0416,EN201,Circuit Analysis,Spring,2023,2.82,3
7073,STU0416,EN101,Engineering Drawing,Spring,2023,3.5,4
7074,STU0416,EN301,Control Systems,Spring,2023,3.83,4
7075,STU0416,EN301,Control Systems,Fall,2024,4.0,4
7076,STU0416,EN201,Circuit Analysis,Fall,2024,4.0,4
7077,STU0416,EN101,Engineering Drawing,Fall,2024,3.79,3
7078,STU0416,EN101,Engineering Drawing,Spring,2024,3.57,3
7079,STU0416,EN301,Control Systems,Spring,2024,3.24,4
7080,STU0416,EN201,Circuit Analysis,Spring,2024,4.0,4
7081,STU0416,EN301,Control Systems,Fall,2025,4.0,3
7082,STU0416,EN101,Engineering Drawing,Fall,2025,3.48,4
7083,STU0416,EN201,Circuit Analysis,Fall,2025,3.13,4
7084,STU0416,EN101,Engineering Drawing,Spring,2025,3.11,3
7085,STU0416,EN301,Control Systems,Spring,2025,3.06,4
7086,STU0416,EN201,Circuit Analysis,Spring,2025,4.0,4
7087,STU0417,PH201,Electromagnetism,Fall,2023,2.67,4
7088,STU0417,PH101,Mechanics,Fall,2023,3.47,3
7089,STU0417,PH301,Thermodynamics,Fall,2023,3.28,3
7090,STU0417,PH301,Thermodynamics,Spring,2023,3.34,3
7091,STU0417,PH101,Mechanics,Spring,2023,3.13,3
7092,STU0417,PH101,Mechanics,Fall,2024,3.53,3
7093,STU0417,PH301,Thermodynamics,Fall,2024,3.3,4
7094,STU0417,PH201,Electromagnetism,Fall,2024,4.0,4
7095,STU0417,PH301,Thermodynamics,Spring,2024,2.68,3
7096,STU0417,PH101,Mechanics,Spring,2024,3.78,3
7097,STU0417,PH101,Mechanics,Fall,2025,3.25,4
7098,STU0417,PH301,Thermodynamics,Fall,2025,2.93,3
7099,STU0417,PH201,Electromagnetism,Fall,2025,3.71,3
7100,STU0417,PH301,Thermodynamics,Spring,2025,3.26,3
7101,STU0417,PH101,Mechanics,Spring,2025,3.46,4
7102,STU0417,PH201,Electromagnetism,Spring,2025,3.09,4
7103,STU0418,EN101,Engineering Drawing,Fall,2023,2.77,3
7104,STU0418,EN201,Circuit Analysis,Fall,2023,2.41,3
7105,STU0418,EN301,Control Systems,Fall,2023,1.57,4
7106,STU0418,EN101,Engineering Drawing,Spring,2023,2.78,4
7107,STU0418,EN301,Control Systems,Spring,2023,1.49,4
7108,STU0418,EN201,Circuit Analysis,Spring,2023,1.43,3
7109,STU0418,EN301,Control Systems,Fall,2024,2.65,4
7110,STU0418,EN101,Engineering Drawing,Fall,2024,2.76,3
7111,STU0418,EN201,Circuit Analysis,Fall,2024,2.63,3
7112,STU0418,EN101,Engineering Drawing,Spring,2024,1.51,4
7113,STU0418,EN201,Circuit Analysis,Spring,2024,1.69,4
7114,STU0418,EN301,Control Systems,Spring,2024,1.89,3
7115,STU0418,EN301,Control Systems,Fall,2025,1.83,3
7116,STU0418,EN201,Circuit Analysis,Fall,2025,1.82,3
7117,STU0418,EN301,Control Systems,Spring,2025,1.33,4
7118,STU0418,EN101,Engineering Drawing,Spring,2025,2.28,4
7119,STU0419,MT101,Calculus I,Fall,2023,3.62,4
7120,STU0419,MT301,Statistics,Fall,2023,3.26,4
7121,STU0419,MT201,Linear Algebra,Fall,2023,4.0,3
7122,STU0419,MT401,Discrete Math,Fall,2023,3.94,3
7123,STU0419,MT101,Calculus I,Spring,2023,3.57,3
7124,STU0419,MT201,Linear Algebra,Spring,2023,3.71,3
7125,STU0419,MT301,Statistics,Spring,2023,3.15,3
7126,STU0419,MT401,Discrete Math,Spring,2023,3.39,4
7127,STU0419,MT401,Discrete Math,Fall,2024,3.09,3
7128,STU0419,MT201,Linear Algebra,Fall,2024,3.23,3
7129,STU0419,MT301,Statistics,Spring,2024,3.25,3
7130,STU0419,MT101,Calculus I,Spring,2024,4.0,4
7131,STU0419,MT401,Discrete Math,Spring,2024,3.19,3
7132,STU0419,MT201,Linear Algebra,Spring,2024,4.0,3
7133,STU0419,MT201,Linear Algebra,Fall,2025,3.73,4
7134,STU0419,MT101,Calculus I,Fall,2025,4.0,3
7135,STU0419,MT301,Statistics,Fall,2025,4.0,3
7136,STU0419,MT301,Statistics,Spring,2025,3.51,4
7137,STU0419,MT201,Linear Algebra,Spring,2025,3.29,3
7138,STU0419,MT401,Discrete Math,Spring,2025,3.29,4
7139,STU0419,MT101,Calculus I,Spring,2025,3.43,4
7140,STU0420,CS501,Big Data,Fall,2023,3.32,4
7141,STU0420,CS301,Databases,Fall,2023,3.74,3
7142,STU0420,CS501,Big Data,Spring,2023,3.67,4
7143,STU0420,CS401,Machine Learning,Spring,2023,3.29,4
7144,STU0420,CS501,Big Data,Fall,2024,2.78,4
7145,STU0420,CS301,Databases,Fall,2024,3.18,3
7146,STU0420,CS401,Machine Learning,Spring,2024,3.13,3
7147,STU0420,CS101,Intro to Programming,Spring,2024,3.1,4
7148,STU0420,CS501,Big Data,Fall,2025,3.43,3
7149,STU0420,CS101,Intro to Programming,Fall,2025,3.24,3
7150,STU0420,CS101,Intro to Programming,Spring,2025,3.13,4
7151,STU0420,CS501,Big Data,Spring,2025,3.61,3
7152,STU0420,CS301,Databases,Spring,2025,3.82,3
7153,STU0420,CS401,Machine Learning,Spring,2025,2.68,3
7154,STU0421,MT401,Discrete Math,Fall,2023,2.09,4
7155,STU0421,MT201,Linear Algebra,Fall,2023,1.88,4
7156,STU0421,MT201,Linear Algebra,Spring,2023,1.32,4
7157,STU0421,MT101,Calculus I,Spring,2023,1.1,4
7158,STU0421,MT401,Discrete Math,Spring,2023,1.1,3
7159,STU0421,MT301,Statistics,Spring,2023,1.95,3
7160,STU0421,MT101,Calculus I,Fall,2024,1.15,3
7161,STU0421,MT301,Statistics,Fall,2024,1.42,4
7162,STU0421,MT401,Discrete Math,Fall,2024,1.63,3
7163,STU0421,MT201,Linear Algebra,Fall,2024,1.77,3
7164,STU0421,MT401,Discrete Math,Spring,2024,2.24,3
7165,STU0421,MT101,Calculus I,Spring,2024,2.47,4
7166,STU0421,MT301,Statistics,Spring,2024,1.28,4
7167,STU0421,MT401,Discrete Math,Fall,2025,2.39,4
7168,STU0421,MT201,Linear Algebra,Fall,2025,2.12,4
7169,STU0421,MT301,Statistics,Spring,2025,1.35,3
7170,STU0421,MT101,Calculus I,Spring,2025,1.56,3
7171,STU0421,MT201,Linear Algebra,Spring,2025,1.84,4
7172,STU0422,MT401,Discrete Math,Fall,2023,2.13,3
7173,STU0422,MT201,Linear Algebra,Fall,2023,2.72,4
7174,STU0422,MT301,Statistics,Spring,2023,2.24,4
7175,STU0422,MT401,Discrete Math,Spring,2023,3.15,3
7176,STU0422,MT401,Discrete Math,Fall,2024,3.2,4
7177,STU0422,MT301,Statistics,Fall,2024,2.25,3
7178,STU0422,MT101,Calculus I,Spring,2024,2.33,4
7179,STU0422,MT201,Linear Algebra,Spring,2024,2.53,3
7180,STU0422,MT301,Statistics,Spring,2024,1.81,4
7181,STU0422,MT201,Linear Algebra,Fall,2025,2.14,4
7182,STU0422,MT301,Statistics,Fall,2025,3.38,4
7183,STU0422,MT401,Discrete Math,Fall,2025,2.87,4
7184,STU0422,MT401,Discrete Math,Spring,2025,2.53,4
7185,STU0422,MT301,Statistics,Spring,2025,2.92,4
7186,STU0422,MT201,Linear Algebra,Spring,2025,2.92,3
7187,STU0423,CS501,Big Data,Fall,2023,4.0,4
7188,STU0423,CS101,Intro to Programming,Fall,2023,4.0,3
7189,STU0423,CS401,Machine Learning,Fall,2023,3.22,3
7190,STU0423,CS301,Databases,Spring,2023,3.81,4
7191,STU0423,CS401,Machine Learning,Spring,2023,3.85,4
7192,STU0423,CS101,Intro to Programming,Spring,2023,3.18,4
7193,STU0423,CS201,Data Structures,Spring,2023,3.3,4
7194,STU0423,CS101,Intro to Programming,Fall,2024,3.97,4
7195,STU0423,CS401,Machine Learning,Fall,2024,3.6,3
7196,STU0423,CS301,Databases,Spring,2024,4.0,4
7197,STU0423,CS201,Data Structures,Spring,2024,4.0,4
7198,STU0423,CS501,Big Data,Fall,2025,3.7,3
7199,STU0423,CS301,Databases,Fall,2025,4.0,4
7200,STU0423,CS101,Intro to Programming,Fall,2025,3.83,3
7201,STU0423,CS201,Data Structures,Fall,2025,3.96,4
7202,STU0423,CS201,Data Structures,Spring,2025,4.0,4
7203,STU0423,CS301,Databases,Spring,2025,3.3,3
7204,STU0424,EN201,Circuit Analysis,Fall,2023,3.72,3
7205,STU0424,EN101,Engineering Drawing,Fall,2023,2.72,3
7206,STU0424,EN301,Control Systems,Fall,2023,3.05,4
7207,STU0424,EN301,Control Systems,Spring,2023,3.59,4
7208,STU0424,EN101,Engineering Drawing,Spring,2023,3.01,3
7209,STU0424,EN201,Circuit Analysis,Spring,2023,3.2,3
7210,STU0424,EN301,Control Systems,Fall,2024,3.4,4
7211,STU0424,EN201,Circuit Analysis,Fall,2024,3.57,3
7212,STU0424,EN101,Engineering Drawing,Fall,2024,3.26,3
7213,STU0424,EN301,Control Systems,Spring,2024,2.22,3
7214,STU0424,EN201,Circuit Analysis,Spring,2024,2.22,3
7215,STU0424,EN101,Engineering Drawing,Spring,2024,3.55,3
7216,STU0424,EN301,Control Systems,Fall,2025,2.32,3
7217,STU0424,EN201,Circuit Analysis,Fall,2025,2.19,4
7218,STU0424,EN101,Engineering Drawing,Fall,2025,3.22,4
7219,STU0424,EN301,Control Systems,Spring,2025,2.93,4
7220,STU0424,EN201,Circuit Analysis,Spring,2025,3.4,3
7221,STU0425,MT401,Discrete Math,Fall,2023,3.82,3
7222,STU0425,MT201,Linear Algebra,Fall,2023,4.0,4
7223,STU0425,MT301,Statistics,Spring,2023,4.0,3
7224,STU0425,MT201,Linear Algebra,Spring,2023,4.0,4
7225,STU0425,MT401,Discrete Math,Fall,2024,3.53,3
7226,STU0425,MT301,Statistics,Fall,2024,4.0,3
7227,STU0425,MT101,Calculus I,Fall,2024,3.47,4
7228,STU0425,MT401,Discrete Math,Spring,2024,4.0,3
7229,STU0425,MT101,Calculus I,Spring,2024,3.88,3
7230,STU0425,MT201,Linear Algebra,Spring,2024,4.0,4
7231,STU0425,MT301,Statistics,Fall,2025,3.9,4
7232,STU0425,MT201,Linear Algebra,Fall,2025,3.44,4
7233,STU0425,MT401,Discrete Math,Fall,2025,4.0,4
7234,STU0425,MT401,Discrete Math,Spring,2025,4.0,3
7235,STU0425,MT201,Linear Algebra,Spring,2025,3.98,4
7236,STU0426,BU301,Finance,Fall,2023,1.83,4
7237,STU0426,BU201,Marketing,Fall,2023,1.89,4
7238,STU0426,BU401,Management,Fall,2023,2.19,4
7239,STU0426,BU301,Finance,Spring,2023,1.56,4
7240,STU0426,BU101,Accounting,Spring,2023,2.11,3
7241,STU0426,BU401,Management,Fall,2024,1.6,4
7242,STU0426,BU201,Marketing,Fall,2024,1.3,4
7243,STU0426,BU101,Accounting,Spring,2024,1.52,4
7244,STU0426,BU201,Marketing,Spring,2024,0.98,4
7245,STU0426,BU201,Marketing,Fall,2025,0.97,4
7246,STU0426,BU401,Management,Fall,2025,2.08,3
7247,STU0426,BU101,Accounting,Fall,2025,0.95,3
7248,STU0426,BU101,Accounting,Spring,2025,2.21,3
7249,STU0426,BU301,Finance,Spring,2025,2.12,4
7250,STU0427,BU301,Finance,Fall,2023,3.52,4
7251,STU0427,BU401,Management,Fall,2023,4.0,4
7252,STU0427,BU101,Accounting,Fall,2023,3.52,4
7253,STU0427,BU401,Management,Spring,2023,4.0,3
7254,STU0427,BU201,Marketing,Spring,2023,4.0,3
7255,STU0427,BU101,Accounting,Spring,2023,4.0,4
7256,STU0427,BU301,Finance,Spring,2023,4.0,3
7257,STU0427,BU301,Finance,Fall,2024,3.18,3
7258,STU0427,BU201,Marketing,Fall,2024,3.24,3
7259,STU0427,BU301,Finance,Spring,2024,3.26,4
7260,STU0427,BU201,Marketing,Spring,2024,4.0,3
7261,STU0427,BU101,Accounting,Spring,2024,3.27,3
7262,STU0427,BU301,Finance,Fall,2025,4.0,4
7263,STU0427,BU401,Management,Fall,2025,3.77,3
7264,STU0427,BU101,Accounting,Fall,2025,3.63,4
7265,STU0427,BU201,Marketing,Fall,2025,3.88,4
7266,STU0427,BU401,Management,Spring,2025,3.91,3
7267,STU0427,BU301,Finance,Spring,2025,3.58,4
7268,STU0428,EN301,Control Systems,Fall,2023,2.79,4
7269,STU0428,EN201,Circuit Analysis,Fall,2023,2.6,3
7270,STU0428,EN101,Engineering Drawing,Fall,2023,2.85,3
7271,STU0428,EN201,Circuit Analysis,Spring,2023,2.37,4
7272,STU0428,EN101,Engineering Drawing,Spring,2023,1.75,3
7273,STU0428,EN301,Control Systems,Spring,2023,2.16,3
7274,STU0428,EN101,Engineering Drawing,Fall,2024,2.89,3
7275,STU0428,EN301,Control Systems,Fall,2024,2.51,4
7276,STU0428,EN201,Circuit Analysis,Fall,2024,3.09,4
7277,STU0428,EN201,Circuit Analysis,Spring,2024,2.0,3
7278,STU0428,EN101,Engineering Drawing,Spring,2024,1.83,3
7279,STU0428,EN301,Control Systems,Spring,2024,2.29,3
7280,STU0428,EN301,Control Systems,Fall,2025,2.32,4
7281,STU0428,EN201,Circuit Analysis,Fall,2025,2.5,4
7282,STU0428,EN101,Engineering Drawing,Spring,2025,2.13,4
7283,STU0428,EN301,Control Systems,Spring,2025,1.99,4
7284,STU0429,BU301,Finance,Fall,2023,2.18,4
7285,STU0429,BU101,Accounting,Fall,2023,2.33,3
7286,STU0429,BU401,Management,Fall,2023,3.37,3
7287,STU0429,BU201,Marketing,Spring,2023,3.22,3
7288,STU0429,BU301,Finance,Spring,2023,2.74,4
7289,STU0429,BU401,Management,Spring,2023,2.54,4
7290,STU0429,BU101,Accounting,Spring,2023,2.65,3
7291,STU0429,BU101,Accounting,Fall,2024,3.35,3
7292,STU0429,BU401,Management,Fall,2024,2.69,3
7293,STU0429,BU201,Marketing,Spring,2024,2.7,3
7294,STU0429,BU401,Management,Spring,2024,2.31,4
7295,STU0429,BU101,Accounting,Fall,2025,3.4,4
7296,STU0429,BU201,Marketing,Fall,2025,2.9,3
7297,STU0429,BU401,Management,Fall,2025,2.66,4
7298,STU0429,BU101,Accounting,Spring,2025,3.01,3
7299,STU0429,BU301,Finance,Spring,2025,3.35,4
7300,STU0429,BU201,Marketing,Spring,2025,2.41,3
7301,STU0430,PH201,Electromagnetism,Fall,2023,3.33,3
7302,STU0430,PH301,Thermodynamics,Fall,2023,4.0,3
7303,STU0430,PH101,Mechanics,Fall,2023,3.93,4
7304,STU0430,PH301,Thermodynamics,Spring,2023,4.0,3
7305,STU0430,PH101,Mechanics,Spring,2023,4.0,3
7306,STU0430,PH201,Electromagnetism,Spring,2023,4.0,4
7307,STU0430,PH201,Electromagnetism,Fall,2024,4.0,3
7308,STU0430,PH101,Mechanics,Fall,2024,3.49,3
7309,STU0430,PH301,Thermodynamics,Spring,2024,3.91,3
7310,STU0430,PH201,Electromagnetism,Spring,2024,4.0,3
7311,STU0430,PH301,Thermodynamics,Fall,2025,3.09,4
7312,STU0430,PH101,Mechanics,Fall,2025,3.24,3
7313,STU0430,PH201,Electromagnetism,Fall,2025,3.46,3
7314,STU0430,PH301,Thermodynamics,Spring,2025,3.3,3
7315,STU0430,PH201,Electromagnetism,Spring,2025,3.52,4
7316,STU0430,PH101,Mechanics,Spring,2025,3.57,3
7317,STU0431,BU301,Finance,Fall,2023,1.37,3
7318,STU0431,BU101,Accounting,Fall,2023,2.6,4
7319,STU0431,BU401,Management,Spring,2023,2.16,3
7320,STU0431,BU201,Marketing,Spring,2023,2.74,4
7321,STU0431,BU301,Finance,Fall,2024,1.82,4
7322,STU0431,BU401,Management,Fall,2024,2.5,4
7323,STU0431,BU201,Marketing,Fall,2024,1.69,4
7324,STU0431,BU301,Finance,Spring,2024,2.27,3
7325,STU0431,BU101,Accounting,Spring,2024,1.54,4
7326,STU0431,BU401,Management,Spring,2024,1.86,3
7327,STU0431,BU301,Finance,Fall,2025,2.81,3
7328,STU0431,BU401,Management,Fall,2025,1.35,3
7329,STU0431,BU101,Accounting,Fall,2025,2.78,4
7330,STU0431,BU401,Management,Spring,2025,1.4,3
7331,STU0431,BU301,Finance,Spring,2025,1.57,4
7332,STU0431,BU101,Accounting,Spring,2025,1.52,3
7333,STU0431,BU201,Marketing,Spring,2025,1.96,3
7334,STU0432,PH301,Thermodynamics,Fall,2023,3.92,4
7335,STU0432,PH101,Mechanics,Fall,2023,3.39,4
7336,STU0432,PH201,Electromagnetism,Fall,2023,3.09,4
7337,STU0432,PH301,Thermodynamics,Spring,2023,2.87,3
7338,STU0432,PH201,Electromagnetism,Spring,2023,3.83,4
7339,STU0432,PH101,Mechanics,Spring,2023,3.74,3
7340,STU0432,PH101,Mechanics,Fall,2024,3.73,3
7341,STU0432,PH301,Thermodynamics,Fall,2024,3.88,4
7342,STU0432,PH201,Electromagnetism,Fall,2024,3.61,3
7343,STU0432,PH301,Thermodynamics,Spring,2024,3.95,3
7344,STU0432,PH201,Electromagnetism,Spring,2024,3.05,3
7345,STU0432,PH101,Mechanics,Spring,2024,4.0,4
7346,STU0432,PH301,Thermodynamics,Fall,2025,4.0,4
7347,STU0432,PH201,Electromagnetism,Fall,2025,4.0,4
7348,STU0432,PH101,Mechanics,Fall,2025,4.0,3
7349,STU0432,PH201,Electromagnetism,Spring,2025,3.36,3
7350,STU0432,PH101,Mechanics,Spring,2025,3.35,3
7351,STU0432,PH301,Thermodynamics,Spring,2025,3.95,3
7352,STU0433,EN301,Control Systems,Fall,2023,2.66,3
7353,STU0433,EN201,Circuit Analysis,Fall,2023,1.83,3
7354,STU0433,EN101,Engineering Drawing,Fall,2023,1.65,3
7355,STU0433,EN101,Engineering Drawing,Spring,2023,2.73,4
7356,STU0433,EN201,Circuit Analysis,Spring,2023,1.79,4
7357,STU0433,EN301,Control Systems,Spring,2023,2.48,4
7358,STU0433,EN301,Control Systems,Fall,2024,1.78,3
7359,STU0433,EN101,Engineering Drawing,Fall,2024,2.39,4
7360,STU0433,EN201,Circuit Analysis,Spring,2024,1.43,4
7361,STU0433,EN301,Control Systems,Spring,2024,1.9,4
7362,STU0433,EN101,Engineering Drawing,Spring,2024,2.06,3
7363,STU0433,EN301,Control Systems,Fall,2025,2.22,4
7364,STU0433,EN201,Circuit Analysis,Fall,2025,2.53,4
7365,STU0433,EN201,Circuit Analysis,Spring,2025,1.7,3
7366,STU0433,EN101,Engineering Drawing,Spring,2025,2.04,3
7367,STU0433,EN301,Control Systems,Spring,2025,2.79,3
7368,STU0434,CS101,Intro to Programming,Fall,2023,3.4,3
7369,STU0434,CS501,Big Data,Fall,2023,3.99,4
7370,STU0434,CS401,Machine Learning,Fall,2023,3.84,4
7371,STU0434,CS301,Databases,Fall,2023,3.57,4
7372,STU0434,CS501,Big Data,Spring,2023,2.85,3
7373,STU0434,CS101,Intro to Programming,Spring,2023,2.84,3
7374,STU0434,CS301,Databases,Fall,2024,3.41,4
7375,STU0434,CS501,Big Data,Fall,2024,3.0,3
7376,STU0434,CS401,Machine Learning,Fall,2024,2.93,3
7377,STU0434,CS101,Intro to Programming,Fall,2024,4.0,3
7378,STU0434,CS401,Machine Learning,Spring,2024,2.89,4
7379,STU0434,CS201,Data Structures,Spring,2024,3.92,4
7380,STU0434,CS301,Databases,Spring,2024,3.27,3
7381,STU0434,CS301,Databases,Fall,2025,3.3,4
7382,STU0434,CS201,Data Structures,Fall,2025,3.89,4
7383,STU0434,CS101,Intro to Programming,Fall,2025,3.81,4
7384,STU0434,CS401,Machine Learning,Fall,2025,3.85,4
7385,STU0434,CS201,Data Structures,Spring,2025,3.75,3
7386,STU0434,CS501,Big Data,Spring,2025,3.91,3
7387,STU0434,CS401,Machine Learning,Spring,2025,3.35,3
7388,STU0435,BU101,Accounting,Fall,2023,1.85,3
7389,STU0435,BU401,Management,Fall,2023,1.53,4
7390,STU0435,BU301,Finance,Fall,2023,2.14,4
7391,STU0435,BU201,Marketing,Fall,2023,2.55,4
7392,STU0435,BU401,Management,Spring,2023,2.26,4
7393,STU0435,BU301,Finance,Spring,2023,1.91,3
7394,STU0435,BU201,Marketing,Spring,2023,2.23,4
7395,STU0435,BU301,Finance,Fall,2024,2.0,3
7396,STU0435,BU401,Management,Fall,2024,1.83,3
7397,STU0435,BU201,Marketing,Fall,2024,1.59,4
7398,STU0435,BU101,Accounting,Fall,2024,1.98,4
7399,STU0435,BU301,Finance,Spring,2024,1.9,4
7400,STU0435,BU401,Management,Spring,2024,3.0,3
7401,STU0435,BU101,Accounting,Spring,2024,3.01,3
7402,STU0435,BU201,Marketing,Spring,2024,2.59,4
7403,STU0435,BU401,Management,Fall,2025,2.17,3
7404,STU0435,BU301,Finance,Fall,2025,2.8,3
7405,STU0435,BU101,Accounting,Fall,2025,2.72,4
7406,STU0435,BU201,Marketing,Fall,2025,2.14,4
7407,STU0435,BU301,Finance,Spring,2025,2.11,4
7408,STU0435,BU401,Management,Spring,2025,1.58,4
7409,STU0436,MT401,Discrete Math,Fall,2023,3.27,4
7410,STU0436,MT201,Linear Algebra,Fall,2023,2.95,3
7411,STU0436,MT101,Calculus I,Fall,2023,4.0,3
7412,STU0436,MT301,Statistics,Fall,2023,3.48,3
7413,STU0436,MT201,Linear Algebra,Spring,2023,3.2,3
7414,STU0436,MT101,Calculus I,Spring,2023,3.91,3
7415,STU0436,MT301,Statistics,Spring,2023,3.78,4
7416,STU0436,MT401,Discrete Math,Fall,2024,4.0,3
7417,STU0436,MT301,Statistics,Fall,2024,2.77,4
7418,STU0436,MT101,Calculus I,Fall,2024,3.78,3
7419,STU0436,MT201,Linear Algebra,Fall,2024,3.06,3
7420,STU0436,MT401,Discrete Math,Spring,2024,3.48,4
7421,STU0436,MT201,Linear Algebra,Spring,2024,3.27,3
7422,STU0436,MT101,Calculus I,Spring,2024,4.0,3
7423,STU0436,MT101,Calculus I,Fall,2025,4.0,3
7424,STU0436,MT401,Discrete Math,Fall,2025,2.69,4
7425,STU0436,MT301,Statistics,Fall,2025,3.96,4
7426,STU0436,MT201,Linear Algebra,Spring,2025,4.0,4
7427,STU0436,MT401,Discrete Math,Spring,2025,2.74,4
7428,STU0436,MT301,Statistics,Spring,2025,3.09,4
7429,STU0436,MT101,Calculus I,Spring,2025,3.24,3
7430,STU0437,MT201,Linear Algebra,Fall,2023,4.0,3
7431,STU0437,MT301,Statistics,Fall,2023,3.97,4
7432,STU0437,MT101,Calculus I,Fall,2023,3.77,4
7433,STU0437,MT401,Discrete Math,Spring,2023,3.21,4
7434,STU0437,MT301,Statistics,Spring,2023,4.0,4
7435,STU0437,MT101,Calculus I,Spring,2023,4.0,4
7436,STU0437,MT201,Linear Algebra,Spring,2023,3.99,3
7437,STU0437,MT201,Linear Algebra,Fall,2024,3.84,4
7438,STU0437,MT301,Statistics,Fall,2024,3.64,3
7439,STU0437,MT301,Statistics,Spring,2024,4.0,4
7440,STU0437,MT401,Discrete Math,Spring,2024,4.0,3
7441,STU0437,MT101,Calculus I,Spring,2024,3.88,3
7442,STU0437,MT201,Linear Algebra,Spring,2024,4.0,4
7443,STU0437,MT301,Statistics,Fall,2025,3.13,3
7444,STU0437,MT401,Discrete Math,Fall,2025,3.61,4
7445,STU0437,MT101,Calculus I,Fall,2025,3.41,4
7446,STU0437,MT401,Discrete Math,Spring,2025,3.45,4
7447,STU0437,MT301,Statistics,Spring,2025,2.99,3
7448,STU0437,MT201,Linear Algebra,Spring,2025,4.0,4
7449,STU0438,PH301,Thermodynamics,Fall,2023,3.0,3
7450,STU0438,PH101,Mechanics,Fall,2023,2.76,4
7451,STU0438,PH101,Mechanics,Spring,2023,2.51,4
7452,STU0438,PH301,Thermodynamics,Spring,2023,3.0,3
7453,STU0438,PH201,Electromagnetism,Spring,2023,2.57,3
7454,STU0438,PH201,Electromagnetism,Fall,2024,2.86,4
7455,STU0438,PH101,Mechanics,Fall,2024,3.09,4
7456,STU0438,PH301,Thermodynamics,Fall,2024,2.47,4
7457,STU0438,PH201,Electromagnetism,Spring,2024,2.96,3
7458,STU0438,PH301,Thermodynamics,Spring,2024,2.8,4
7459,STU0438,PH101,Mechanics,Spring,2024,2.55,4
7460,STU0438,PH301,Thermodynamics,Fall,2025,2.39,4
7461,STU0438,PH101,Mechanics,Fall,2025,2.89,4
7462,STU0438,PH201,Electromagnetism,Fall,2025,2.19,4
7463,STU0438,PH101,Mechanics,Spring,2025,3.36,4
7464,STU0438,PH301,Thermodynamics,Spring,2025,3.26,3
7465,STU0438,PH201,Electromagnetism,Spring,2025,2.81,3
7466,STU0439,PH101,Mechanics,Fall,2023,2.56,4
7467,STU0439,PH201,Electromagnetism,Fall,2023,2.73,3
7468,STU0439,PH301,Thermodynamics,Fall,2023,3.04,3
7469,STU0439,PH201,Electromagnetism,Spring,2023,2.72,3
7470,STU0439,PH301,Thermodynamics,Spring,2023,3.21,4
7471,STU0439,PH301,Thermodynamics,Fall,2024,3.29,4
7472,STU0439,PH101,Mechanics,Fall,2024,3.09,4
7473,STU0439,PH101,Mechanics,Spring,2024,3.49,4
7474,STU0439,PH201,Electromagnetism,Spring,2024,3.52,4
7475,STU0439,PH201,Electromagnetism,Fall,2025,2.53,4
7476,STU0439,PH101,Mechanics,Fall,2025,2.47,4
7477,STU0439,PH301,Thermodynamics,Fall,2025,2.83,4
7478,STU0439,PH101,Mechanics,Spring,2025,2.36,3
7479,STU0439,PH201,Electromagnetism,Spring,2025,2.84,4
7480,STU0439,PH301,Thermodynamics,Spring,2025,2.54,3
7481,STU0440,BU301,Finance,Fall,2023,3.18,3
7482,STU0440,BU201,Marketing,Fall,2023,3.65,4
7483,STU0440,BU401,Management,Fall,2023,2.67,4
7484,STU0440,BU101,Accounting,Fall,2023,3.6,3
7485,STU0440,BU401,Management,Spring,2023,2.98,4
7486,STU0440,BU101,Accounting,Spring,2023,3.31,4
7487,STU0440,BU401,Management,Fall,2024,3.0,4
7488,STU0440,BU101,Accounting,Fall,2024,3.61,3
7489,STU0440,BU401,Management,Spring,2024,3.75,3
7490,STU0440,BU301,Finance,Spring,2024,4.0,3
7491,STU0440,BU201,Marketing,Spring,2024,3.49,4
7492,STU0440,BU301,Finance,Fall,2025,4.0,4
7493,STU0440,BU101,Accounting,Fall,2025,3.74,4
7494,STU0440,BU401,Management,Fall,2025,2.66,4
7495,STU0440,BU201,Marketing,Fall,2025,2.64,4
7496,STU0440,BU101,Accounting,Spring,2025,3.34,3
7497,STU0440,BU401,Management,Spring,2025,3.65,3
7498,STU0441,MT401,Discrete Math,Fall,2023,1.79,4
7499,STU0441,MT301,Statistics,Fall,2023,2.47,4
7500,STU0441,MT101,Calculus I,Spring,2023,3.24,4
7501,STU0441,MT201,Linear Algebra,Spring,2023,2.23,3
7502,STU0441,MT301,Statistics,Spring,2023,2.37,3
7503,STU0441,MT401,Discrete Math,Spring,2023,1.91,4
7504,STU0441,MT201,Linear Algebra,Fall,2024,2.37,3
7505,STU0441,MT301,Statistics,Fall,2024,2.29,3
7506,STU0441,MT401,Discrete Math,Fall,2024,2.99,4
7507,STU0441,MT101,Calculus I,Fall,2024,3.33,4
7508,STU0441,MT301,Statistics,Spring,2024,2.51,4
7509,STU0441,MT401,Discrete Math,Spring,2024,1.93,3
7510,STU0441,MT201,Linear Algebra,Spring,2024,2.16,3
7511,STU0441,MT101,Calculus I,Spring,2024,3.28,3
7512,STU0441,MT101,Calculus I,Fall,2025,1.85,3
7513,STU0441,MT401,Discrete Math,Fall,2025,1.81,4
7514,STU0441,MT301,Statistics,Fall,2025,3.19,4
7515,STU0441,MT401,Discrete Math,Spring,2025,2.23,3
7516,STU0441,MT301,Statistics,Spring,2025,2.42,3
7517,STU0442,MT401,Discrete Math,Fall,2023,2.79,3
7518,STU0442,MT301,Statistics,Fall,2023,3.6,4
7519,STU0442,MT201,Linear Algebra,Fall,2023,2.91,3
7520,STU0442,MT101,Calculus I,Spring,2023,2.16,4
7521,STU0442,MT301,Statistics,Spring,2023,3.16,3
7522,STU0442,MT401,Discrete Math,Fall,2024,2.7,3
7523,STU0442,MT201,Linear Algebra,Fall,2024,2.9,4
7524,STU0442,MT101,Calculus I,Fall,2024,2.37,4
7525,STU0442,MT401,Discrete Math,Spring,2024,3.59,3
7526,STU0442,MT301,Statistics,Spring,2024,2.31,4
7527,STU0442,MT101,Calculus I,Fall,2025,3.16,3
7528,STU0442,MT401,Discrete Math,Fall,2025,3.35,3
7529,STU0442,MT301,Statistics,Fall,2025,2.2,3
7530,STU0442,MT201,Linear Algebra,Spring,2025,3.56,4
7531,STU0442,MT401,Discrete Math,Spring,2025,3.34,3
7532,STU0442,MT101,Calculus I,Spring,2025,3.43,4
7533,STU0443,PH201,Electromagnetism,Fall,2023,2.53,4
7534,STU0443,PH301,Thermodynamics,Fall,2023,2.12,4
7535,STU0443,PH101,Mechanics,Fall,2023,2.64,3
7536,STU0443,PH301,Thermodynamics,Spring,2023,1.98,3
7537,STU0443,PH201,Electromagnetism,Spring,2023,1.7,3
7538,STU0443,PH101,Mechanics,Spring,2023,2.8,4
7539,STU0443,PH101,Mechanics,Fall,2024,2.99,3
7540,STU0443,PH201,Electromagnetism,Fall,2024,2.34,3
7541,STU0443,PH201,Electromagnetism,Spring,2024,1.85,3
7542,STU0443,PH101,Mechanics,Spring,2024,2.62,3
7543,STU0443,PH301,Thermodynamics,Spring,2024,2.23,4
7544,STU0443,PH201,Electromagnetism,Fall,2025,2.9,3
7545,STU0443,PH101,Mechanics,Fall,2025,1.94,3
7546,STU0443,PH301,Thermodynamics,Fall,2025,1.79,3
7547,STU0443,PH301,Thermodynamics,Spring,2025,1.91,4
7548,STU0443,PH101,Mechanics,Spring,2025,3.08,3
7549,STU0443,PH201,Electromagnetism,Spring,2025,1.7,4
7550,STU0444,EN301,Control Systems,Fall,2023,3.54,3
7551,STU0444,EN101,Engineering Drawing,Fall,2023,2.39,4
7552,STU0444,EN201,Circuit Analysis,Spring,2023,2.15,3
7553,STU0444,EN301,Control Systems,Spring,2023,3.67,4
7554,STU0444,EN101,Engineering Drawing,Spring,2023,2.78,3
7555,STU0444,EN201,Circuit Analysis,Fall,2024,2.08,4
7556,STU0444,EN101,Engineering Drawing,Fall,2024,3.13,3
7557,STU0444,EN301,Control Systems,Fall,2024,3.1,3
7558,STU0444,EN201,Circuit Analysis,Spring,2024,2.15,4
7559,STU0444,EN101,Engineering Drawing,Spring,2024,2.98,4
7560,STU0444,EN301,Control Systems,Fall,2025,3.38,3
7561,STU0444,EN201,Circuit Analysis,Fall,2025,2.15,3
7562,STU0444,EN201,Circuit Analysis,Spring,2025,2.49,4
7563,STU0444,EN301,Control Systems,Spring,2025,2.83,3
7564,STU0444,EN101,Engineering Drawing,Spring,2025,3.02,3
7565,STU0445,PH101,Mechanics,Fall,2023,3.52,3
7566,STU0445,PH201,Electromagnetism,Fall,2023,3.17,4
7567,STU0445,PH301,Thermodynamics,Fall,2023,3.82,3
7568,STU0445,PH301,Thermodynamics,Spring,2023,2.92,3
7569,STU0445,PH201,Electromagnetism,Spring,2023,3.09,3
7570,STU0445,PH101,Mechanics,Spring,2023,3.68,4
7571,STU0445,PH101,Mechanics,Fall,2024,3.73,4
7572,STU0445,PH301,Thermodynamics,Fall,2024,3.44,3
7573,STU0445,PH201,Electromagnetism,Fall,2024,2.85,3
7574,STU0445,PH201,Electromagnetism,Spring,2024,3.29,3
7575,STU0445,PH301,Thermodynamics,Spring,2024,2.74,4
7576,STU0445,PH101,Mechanics,Spring,2024,4.0,3
7577,STU0445,PH101,Mechanics,Fall,2025,3.8,4
7578,STU0445,PH201,Electromagnetism,Fall,2025,4.0,4
7579,STU0445,PH301,Thermodynamics,Fall,2025,3.82,3
7580,STU0445,PH101,Mechanics,Spring,2025,3.46,3
7581,STU0445,PH201,Electromagnetism,Spring,2025,3.43,4
7582,STU0446,MT301,Statistics,Fall,2023,1.28,3
7583,STU0446,MT401,Discrete Math,Fall,2023,1.37,4
7584,STU0446,MT101,Calculus I,Fall,2023,1.92,4
7585,STU0446,MT101,Calculus I,Spring,2023,1.7,4
7586,STU0446,MT401,Discrete Math,Spring,2023,1.43,4
7587,STU0446,MT401,Discrete Math,Fall,2024,1.59,4
7588,STU0446,MT201,Linear Algebra,Fall,2024,1.65,3
7589,STU0446,MT301,Statistics,Spring,2024,2.23,4
7590,STU0446,MT101,Calculus I,Spring,2024,1.13,3
7591,STU0446,MT401,Discrete Math,Spring,2024,1.29,3
7592,STU0446,MT201,Linear Algebra,Spring,2024,1.35,4
7593,STU0446,MT401,Discrete Math,Fall,2025,2.54,4
7594,STU0446,MT301,Statistics,Fall,2025,2.34,4
7595,STU0446,MT101,Calculus I,Fall,2025,1.21,4
7596,STU0446,MT401,Discrete Math,Spring,2025,1.09,3
7597,STU0446,MT301,Statistics,Spring,2025,1.6,4
7598,STU0447,EN301,Control Systems,Fall,2023,0.9,4
7599,STU0447,EN201,Circuit Analysis,Fall,2023,2.24,4
7600,STU0447,EN201,Circuit Analysis,Spring,2023,2.32,4
7601,STU0447,EN101,Engineering Drawing,Spring,2023,1.65,3
7602,STU0447,EN301,Control Systems,Fall,2024,1.16,4
7603,STU0447,EN201,Circuit Analysis,Fall,2024,1.67,3
7604,STU0447,EN101,Engineering Drawing,Fall,2024,1.99,4
7605,STU0447,EN201,Circuit Analysis,Spring,2024,2.15,3
7606,STU0447,EN301,Control Systems,Spring,2024,1.4,3
7607,STU0447,EN101,Engineering Drawing,Spring,2024,1.28,4
7608,STU0447,EN301,Control Systems,Fall,2025,1.8,4
7609,STU0447,EN101,Engineering Drawing,Fall,2025,2.0,3
7610,STU0447,EN201,Circuit Analysis,Fall,2025,1.14,3
7611,STU0447,EN301,Control Systems,Spring,2025,1.31,4
7612,STU0447,EN201,Circuit Analysis,Spring,2025,2.21,4
7613,STU0447,EN101,Engineering Drawing,Spring,2025,2.37,4
7614,STU0448,CS101,Intro to Programming,Fall,2023,3.68,3
7615,STU0448,CS301,Databases,Fall,2023,3.75,4
7616,STU0448,CS201,Data Structures,Spring,2023,4.0,4
7617,STU0448,CS101,Intro to Programming,Spring,2023,2.84,4
7618,STU0448,CS301,Databases,Spring,2023,4.0,3
7619,STU0448,CS401,Machine Learning,Spring,2023,3.58,4
7620,STU0448,CS501,Big Data,Fall,2024,4.0,4
7621,STU0448,CS301,Databases,Fall,2024,4.0,3
7622,STU0448,CS401,Machine Learning,Fall,2024,2.98,4
7623,STU0448,CS201,Data Structures,Fall,2024,4.0,4
7624,STU0448,CS301,Databases,Spring,2024,3.27,4
7625,STU0448,CS401,Machine Learning,Spring,2024,3.48,4
7626,STU0448,CS201,Data Structures,Spring,2024,3.05,4
7627,STU0448,CS201,Data Structures,Fall,2025,3.9,3
7628,STU0448,CS401,Machine Learning,Fall,2025,3.28,4
7629,STU0448,CS101,Intro to Programming,Spring,2025,2.83,4
7630,STU0448,CS201,Data Structures,Spring,2025,4.0,4
7631,STU0448,CS301,Databases,Spring,2025,3.66,4
7632,STU0449,CS401,Machine Learning,Fall,2023,2.41,3
7633,STU0449,CS101,Intro to Programming,Fall,2023,2.73,4
7634,STU0449,CS201,Data Structures,Fall,2023,1.36,3
7635,STU0449,CS301,Databases,Fall,2023,2.74,4
7636,STU0449,CS501,Big Data,Spring,2023,2.66,4
7637,STU0449,CS401,Machine Learning,Spring,2023,1.95,4
7638,STU0449,CS101,Intro to Programming,Fall,2024,2.15,4
7639,STU0449,CS201,Data Structures,Fall,2024,1.48,3
7640,STU0449,CS301,Databases,Fall,2024,2.05,3
7641,STU0449,CS401,Machine Learning,Spring,2024,1.34,4
7642,STU0449,CS101,Intro to Programming,Spring,2024,2.46,4
7643,STU0449,CS301,Databases,Spring,2024,1.45,4
7644,STU0449,CS501,Big Data,Spring,2024,1.53,3
7645,STU0449,CS501,Big Data,Fall,2025,1.57,3
7646,STU0449,CS201,Data Structures,Fall,2025,1.56,3
7647,STU0449,CS401,Machine Learning,Fall,2025,1.33,3
7648,STU0449,CS501,Big Data,Spring,2025,1.65,4
7649,STU0449,CS201,Data Structures,Spring,2025,1.29,4
7650,STU0450,PH101,Mechanics,Fall,2023,3.42,3
7651,STU0450,PH201,Electromagnetism,Fall,2023,2.93,4
7652,STU0450,PH301,Thermodynamics,Fall,2023,3.34,3
7653,STU0450,PH201,Electromagnetism,Spring,2023,3.54,4
7654,STU0450,PH301,Thermodynamics,Spring,2023,2.43,4
7655,STU0450,PH101,Mechanics,Spring,2023,2.68,3
7656,STU0450,PH201,Electromagnetism,Fall,2024,2.7,4
7657,STU0450,PH301,Thermodynamics,Fall,2024,2.75,4
7658,STU0450,PH101,Mechanics,Spring,2024,3.83,3
7659,STU0450,PH301,Thermodynamics,Spring,2024,2.7,4
7660,STU0450,PH201,Electromagnetism,Spring,2024,2.85,4
7661,STU0450,PH301,Thermodynamics,Fall,2025,2.81,4
7662,STU0450,PH101,Mechanics,Fall,2025,2.95,4
7663,STU0450,PH201,Electromagnetism,Spring,2025,3.57,4
7664,STU0450,PH301,Thermodynamics,Spring,2025,3.18,4
7665,STU0451,BU401,Management,Fall,2023,3.12,3
7666,STU0451,BU301,Finance,Fall,2023,2.4,3
7667,STU0451,BU201,Marketing,Fall,2023,2.3,3
7668,STU0451,BU101,Accounting,Fall,2023,3.45,4
7669,STU0451,BU101,Accounting,Spring,2023,3.58,4
7670,STU0451,BU301,Finance,Spring,2023,2.93,4
7671,STU0451,BU201,Marketing,Fall,2024,3.33,4
7672,STU0451,BU301,Finance,Fall,2024,2.29,4
7673,STU0451,BU101,Accounting,Spring,2024,3.31,4
7674,STU0451,BU201,Marketing,Spring,2024,2.94,4
7675,STU0451,BU101,Accounting,Fall,2025,3.5,4
7676,STU0451,BU201,Marketing,Fall,2025,2.53,3
7677,STU0451,BU101,Accounting,Spring,2025,3.25,3
7678,STU0451,BU401,Management,Spring,2025,2.78,3
7679,STU0451,BU301,Finance,Spring,2025,2.55,3
7680,STU0452,CS501,Big Data,Fall,2023,3.01,3
7681,STU0452,CS401,Machine Learning,Fall,2023,2.75,3
7682,STU0452,CS201,Data Structures,Spring,2023,2.64,4
7683,STU0452,CS101,Intro to Programming,Spring,2023,3.09,4
7684,STU0452,CS101,Intro to Programming,Fall,2024,3.36,3
7685,STU0452,CS401,Machine Learning,Fall,2024,3.56,3
7686,STU0452,CS201,Data Structures,Fall,2024,2.6,4
7687,STU0452,CS401,Machine Learning,Spring,2024,3.02,3
7688,STU0452,CS201,Data Structures,Spring,2024,3.76,4
7689,STU0452,CS501,Big Data,Spring,2024,2.78,4
7690,STU0452,CS301,Databases,Fall,2025,2.88,4
7691,STU0452,CS201,Data Structures,Fall,2025,2.6,4
7692,STU0452,CS101,Intro to Programming,Fall,2025,2.98,3
7693,STU0452,CS101,Intro to Programming,Spring,2025,3.32,4
7694,STU0452,CS301,Databases,Spring,2025,2.74,3
7695,STU0453,CS501,Big Data,Fall,2023,1.65,3
7696,STU0453,CS201,Data Structures,Fall,2023,2.35,4
7697,STU0453,CS401,Machine Learning,Fall,2023,1.68,3
7698,STU0453,CS101,Intro to Programming,Fall,2023,1.34,4
7699,STU0453,CS101,Intro to Programming,Spring,2023,2.03,4
7700,STU0453,CS301,Databases,Spring,2023,1.77,3
7701,STU0453,CS401,Machine Learning,Spring,2023,1.96,4
7702,STU0453,CS101,Intro to Programming,Fall,2024,1.04,3
7703,STU0453,CS301,Databases,Fall,2024,1.87,4
7704,STU0453,CS401,Machine Learning,Spring,2024,1.53,3
7705,STU0453,CS201,Data Structures,Spring,2024,1.04,3
7706,STU0453,CS101,Intro to Programming,Spring,2024,1.85,4
7707,STU0453,CS301,Databases,Spring,2024,1.17,3
7708,STU0453,CS201,Data Structures,Fall,2025,1.89,3
7709,STU0453,CS401,Machine Learning,Fall,2025,2.18,4
7710,STU0453,CS101,Intro to Programming,Fall,2025,1.78,3
7711,STU0453,CS501,Big Data,Fall,2025,1.52,4
7712,STU0453,CS101,Intro to Programming,Spring,2025,2.32,4
7713,STU0453,CS501,Big Data,Spring,2025,1.1,3
7714,STU0453,CS201,Data Structures,Spring,2025,2.53,4
7715,STU0454,MT401,Discrete Math,Fall,2023,3.61,4
7716,STU0454,MT201,Linear Algebra,Fall,2023,3.48,4
7717,STU0454,MT101,Calculus I,Fall,2023,2.92,4
7718,STU0454,MT401,Discrete Math,Spring,2023,2.64,4
7719,STU0454,MT101,Calculus I,Spring,2023,2.98,3
7720,STU0454,MT101,Calculus I,Fall,2024,3.18,3
7721,STU0454,MT401,Discrete Math,Fall,2024,3.24,4
7722,STU0454,MT201,Linear Algebra,Fall,2024,3.15,4
7723,STU0454,MT301,Statistics,Fall,2024,2.79,4
7724,STU0454,MT201,Linear Algebra,Spring,2024,2.34,4
7725,STU0454,MT301,Statistics,Spring,2024,3.4,4
7726,STU0454,MT401,Discrete Math,Spring,2024,2.85,3
7727,STU0454,MT401,Discrete Math,Fall,2025,2.56,4
7728,STU0454,MT201,Linear Algebra,Fall,2025,3.22,4
7729,STU0454,MT301,Statistics,Fall,2025,2.38,3
7730,STU0454,MT101,Calculus I,Fall,2025,3.36,3
7731,STU0454,MT301,Statistics,Spring,2025,3.06,4
7732,STU0454,MT401,Discrete Math,Spring,2025,2.22,4
7733,STU0455,PH201,Electromagnetism,Fall,2023,2.78,4
7734,STU0455,PH101,Mechanics,Fall,2023,1.65,3
7735,STU0455,PH301,Thermodynamics,Fall,2023,2.3,4
7736,STU0455,PH101,Mechanics,Spring,2023,1.83,3
7737,STU0455,PH201,Electromagnetism,Spring,2023,2.28,3
7738,STU0455,PH301,Thermodynamics,Spring,2023,1.83,4
7739,STU0455,PH101,Mechanics,Fall,2024,2.29,3
7740,STU0455,PH301,Thermodynamics,Fall,2024,1.71,3
7741,STU0455,PH201,Electromagnetism,Fall,2024,2.78,4
7742,STU0455,PH101,Mechanics,Spring,2024,1.87,3
7743,STU0455,PH301,Thermodynamics,Spring,2024,1.8,3
7744,STU0455,PH201,Electromagnetism,Spring,2024,2.83,3
7745,STU0455,PH201,Electromagnetism,Fall,2025,3.09,4
7746,STU0455,PH301,Thermodynamics,Fall,2025,2.42,4
7747,STU0455,PH301,Thermodynamics,Spring,2025,2.64,4
7748,STU0455,PH101,Mechanics,Spring,2025,1.83,3
7749,STU0455,PH201,Electromagnetism,Spring,2025,1.98,4
7750,STU0456,BU301,Finance,Fall,2023,1.7,3
7751,STU0456,BU201,Marketing,Fall,2023,2.78,4
7752,STU0456,BU401,Management,Fall,2023,2.44,4
7753,STU0456,BU101,Accounting,Fall,2023,2.91,4
7754,STU0456,BU101,Accounting,Spring,2023,2.83,3
7755,STU0456,BU201,Marketing,Spring,2023,2.71,3
7756,STU0456,BU401,Management,Spring,2023,2.14,3
7757,STU0456,BU301,Finance,Fall,2024,1.97,3
7758,STU0456,BU201,Marketing,Fall,2024,2.6,3
7759,STU0456,BU101,Accounting,Fall,2024,2.42,3
7760,STU0456,BU401,Management,Fall,2024,2.37,3
7761,STU0456,BU301,Finance,Spring,2024,1.56,4
7762,STU0456,BU201,Marketing,Spring,2024,1.93,4
7763,STU0456,BU401,Management,Spring,2024,2.26,3
7764,STU0456,BU301,Finance,Fall,2025,2.59,4
7765,STU0456,BU201,Marketing,Fall,2025,1.73,3
7766,STU0456,BU401,Management,Fall,2025,1.65,4
7767,STU0456,BU101,Accounting,Fall,2025,2.41,3
7768,STU0456,BU401,Management,Spring,2025,2.96,3
7769,STU0456,BU201,Marketing,Spring,2025,2.45,4
7770,STU0456,BU301,Finance,Spring,2025,2.98,4
7771,STU0456,BU101,Accounting,Spring,2025,2.39,4
7772,STU0457,CS201,Data Structures,Fall,2023,2.2,4
7773,STU0457,CS501,Big Data,Fall,2023,2.54,3
7774,STU0457,CS301,Databases,Fall,2023,2.18,3
7775,STU0457,CS501,Big Data,Spring,2023,3.08,3
7776,STU0457,CS101,Intro to Programming,Spring,2023,1.68,4
7777,STU0457,CS301,Databases,Fall,2024,2.05,3
7778,STU0457,CS501,Big Data,Fall,2024,1.73,3
7779,STU0457,CS301,Databases,Spring,2024,1.89,4
7780,STU0457,CS101,Intro to Programming,Spring,2024,3.14,3
7781,STU0457,CS401,Machine Learning,Spring,2024,2.66,4
7782,STU0457,CS401,Machine Learning,Fall,2025,1.74,3
7783,STU0457,CS201,Data Structures,Fall,2025,2.2,4
7784,STU0457,CS401,Machine Learning,Spring,2025,1.85,3
7785,STU0457,CS101,Intro to Programming,Spring,2025,2.17,3
7786,STU0458,CS101,Intro to Programming,Fall,2023,1.43,4
7787,STU0458,CS301,Databases,Fall,2023,1.0,4
7788,STU0458,CS201,Data Structures,Fall,2023,1.92,3
7789,STU0458,CS201,Data Structures,Spring,2023,2.22,4
7790,STU0458,CS501,Big Data,Spring,2023,2.42,4
7791,STU0458,CS301,Databases,Spring,2023,1.4,3
7792,STU0458,CS501,Big Data,Fall,2024,2.28,3
7793,STU0458,CS201,Data Structures,Fall,2024,1.42,3
7794,STU0458,CS401,Machine Learning,Fall,2024,2.42,3
7795,STU0458,CS301,Databases,Fall,2024,1.85,3
7796,STU0458,CS301,Databases,Spring,2024,2.08,4
7797,STU0458,CS101,Intro to Programming,Spring,2024,1.89,4
7798,STU0458,CS201,Data Structures,Spring,2024,2.4,3
7799,STU0458,CS401,Machine Learning,Spring,2024,1.9,4
7800,STU0458,CS301,Databases,Fall,2025,2.28,4
7801,STU0458,CS401,Machine Learning,Fall,2025,1.48,3
7802,STU0458,CS401,Machine Learning,Spring,2025,2.44,3
7803,STU0458,CS201,Data Structures,Spring,2025,2.48,4
7804,STU0458,CS101,Intro to Programming,Spring,2025,1.3,4
7805,STU0459,EN301,Control Systems,Fall,2023,3.21,3
7806,STU0459,EN201,Circuit Analysis,Fall,2023,4.0,4
7807,STU0459,EN201,Circuit Analysis,Spring,2023,3.21,3
7808,STU0459,EN101,Engineering Drawing,Spring,2023,3.73,3
7809,STU0459,EN301,Control Systems,Spring,2023,3.5,4
7810,STU0459,EN101,Engineering Drawing,Fall,2024,3.97,4
7811,STU0459,EN201,Circuit Analysis,Fall,2024,3.8,4
7812,STU0459,EN301,Control Systems,Spring,2024,3.74,3
7813,STU0459,EN201,Circuit Analysis,Spring,2024,3.49,3
7814,STU0459,EN101,Engineering Drawing,Spring,2024,4.0,4
7815,STU0459,EN301,Control Systems,Fall,2025,4.0,3
7816,STU0459,EN101,Engineering Drawing,Fall,2025,3.17,3
7817,STU0459,EN201,Circuit Analysis,Spring,2025,4.0,3
7818,STU0459,EN101,Engineering Drawing,Spring,2025,3.78,3
7819,STU0459,EN301,Control Systems,Spring,2025,3.86,3
7820,STU0460,MT301,Statistics,Fall,2023,1.87,4
7821,STU0460,MT201,Linear Algebra,Fall,2023,2.32,3
7822,STU0460,MT401,Discrete Math,Spring,2023,0.96,4
7823,STU0460,MT301,Statistics,Spring,2023,2.31,3
7824,STU0460,MT201,Linear Algebra,Spring,2023,2.41,3
7825,STU0460,MT401,Discrete Math,Fall,2024,1.43,3
7826,STU0460,MT201,Linear Algebra,Fall,2024,1.66,3
7827,STU0460,MT301,Statistics,Fall,2024,1.59,3
7828,STU0460,MT101,Calculus I,Fall,2024,1.96,3
7829,STU0460,MT101,Calculus I,Spring,2024,1.89,4
7830,STU0460,MT301,Statistics,Spring,2024,1.54,3
7831,STU0460,MT201,Linear Algebra,Fall,2025,1.27,4
7832,STU0460,MT401,Discrete Math,Fall,2025,1.65,3
7833,STU0460,MT301,Statistics,Fall,2025,2.36,3
7834,STU0460,MT401,Discrete Math,Spring,2025,1.53,4
7835,STU0460,MT301,Statistics,Spring,2025,0.99,4
7836,STU0461,EN201,Circuit Analysis,Fall,2023,3.76,3
7837,STU0461,EN101,Engineering Drawing,Fall,2023,3.44,4
7838,STU0461,EN301,Control Systems,Fall,2023,3.44,3
7839,STU0461,EN201,Circuit Analysis,Spring,2023,3.62,4
7840,STU0461,EN301,Control Systems,Spring,2023,4.0,3
7841,STU0461,EN101,Engineering Drawing,Spring,2023,3.15,4
7842,STU0461,EN201,Circuit Analysis,Fall,2024,4.0,4
7843,STU0461,EN101,Engineering Drawing,Fall,2024,4.0,3
7844,STU0461,EN301,Control Systems,Fall,2024,4.0,3
7845,STU0461,EN301,Control Systems,Spring,2024,4.0,4
7846,STU0461,EN101,Engineering Drawing,Spring,2024,3.36,3
7847,STU0461,EN301,Control Systems,Fall,2025,3.24,4
7848,STU0461,EN101,Engineering Drawing,Fall,2025,3.71,3
7849,STU0461,EN201,Circuit Analysis,Spring,2025,3.79,3
7850,STU0461,EN301,Control Systems,Spring,2025,3.05,3
7851,STU0462,CS401,Machine Learning,Fall,2023,2.16,4
7852,STU0462,CS501,Big Data,Fall,2023,1.23,3
7853,STU0462,CS101,Intro to Programming,Spring,2023,1.94,3
7854,STU0462,CS301,Databases,Spring,2023,1.08,3
7855,STU0462,CS201,Data Structures,Spring,2023,1.29,3
7856,STU0462,CS301,Databases,Fall,2024,1.6,3
7857,STU0462,CS501,Big Data,Fall,2024,2.11,4
7858,STU0462,CS501,Big Data,Spring,2024,2.65,3
7859,STU0462,CS101,Intro to Programming,Spring,2024,2.13,3
7860,STU0462,CS301,Databases,Spring,2024,1.97,4
7861,STU0462,CS401,Machine Learning,Fall,2025,1.88,3
7862,STU0462,CS201,Data Structures,Fall,2025,1.56,3
7863,STU0462,CS301,Databases,Fall,2025,1.69,3
7864,STU0462,CS301,Databases,Spring,2025,1.9,3
7865,STU0462,CS201,Data Structures,Spring,2025,1.1,3
7866,STU0463,CS201,Data Structures,Fall,2023,3.09,3
7867,STU0463,CS301,Databases,Fall,2023,3.69,4
7868,STU0463,CS101,Intro to Programming,Fall,2023,3.22,4
7869,STU0463,CS401,Machine Learning,Spring,2023,2.61,4
7870,STU0463,CS501,Big Data,Spring,2023,2.77,4
7871,STU0463,CS501,Big Data,Fall,2024,3.22,4
7872,STU0463,CS401,Machine Learning,Fall,2024,2.27,4
7873,STU0463,CS201,Data Structures,Spring,2024,2.36,4
7874,STU0463,CS301,Databases,Spring,2024,3.12,3
7875,STU0463,CS201,Data Structures,Fall,2025,2.51,3
7876,STU0463,CS501,Big Data,Fall,2025,2.47,4
7877,STU0463,CS301,Databases,Spring,2025,3.3,4
7878,STU0463,CS401,Machine Learning,Spring,2025,3.47,3
7879,STU0464,EN201,Circuit Analysis,Fall,2023,3.64,3
7880,STU0464,EN101,Engineering Drawing,Fall,2023,3.91,3
7881,STU0464,EN301,Control Systems,Spring,2023,3.13,4
7882,STU0464,EN101,Engineering Drawing,Spring,2023,3.23,3
7883,STU0464,EN201,Circuit Analysis,Spring,2023,3.73,3
7884,STU0464,EN101,Engineering Drawing,Fall,2024,3.37,4
7885,STU0464,EN301,Control Systems,Fall,2024,3.82,4
7886,STU0464,EN301,Control Systems,Spring,2024,3.87,4
7887,STU0464,EN101,Engineering Drawing,Spring,2024,2.72,3
7888,STU0464,EN201,Circuit Analysis,Spring,2024,3.35,4
7889,STU0464,EN201,Circuit Analysis,Fall,2025,2.84,3
7890,STU0464,EN301,Control Systems,Fall,2025,2.85,4
7891,STU0464,EN101,Engineering Drawing,Fall,2025,3.7,3
7892,STU0464,EN301,Control Systems,Spring,2025,3.75,3
7893,STU0464,EN201,Circuit Analysis,Spring,2025,3.98,3
7894,STU0464,EN101,Engineering Drawing,Spring,2025,3.33,4
7895,STU0465,CS101,Intro to Programming,Fall,2023,2.28,3
7896,STU0465,CS201,Data Structures,Fall,2023,2.4,3
7897,STU0465,CS501,Big Data,Fall,2023,2.05,4
7898,STU0465,CS401,Machine Learning,Spring,2023,1.91,3
7899,STU0465,CS101,Intro to Programming,Spring,2023,2.01,4
7900,STU0465,CS201,Data Structures,Spring,2023,0.95,3
7901,STU0465,CS501,Big Data,Spring,2023,0.98,4
7902,STU0465,CS501,Big Data,Fall,2024,2.27,3
7903,STU0465,CS101,Intro to Programming,Fall,2024,2.11,4
7904,STU0465,CS501,Big Data,Spring,2024,1.59,3
7905,STU0465,CS201,Data Structures,Spring,2024,1.4,3
7906,STU0465,CS401,Machine Learning,Spring,2024,1.29,3
7907,STU0465,CS301,Databases,Spring,2024,1.39,3
7908,STU0465,CS501,Big Data,Fall,2025,1.12,3
7909,STU0465,CS101,Intro to Programming,Fall,2025,1.44,4
7910,STU0465,CS201,Data Structures,Spring,2025,1.44,3
7911,STU0465,CS501,Big Data,Spring,2025,1.65,3
7912,STU0466,PH201,Electromagnetism,Fall,2023,1.57,4
7913,STU0466,PH301,Thermodynamics,Fall,2023,0.77,4
7914,STU0466,PH101,Mechanics,Fall,2023,2.04,4
7915,STU0466,PH101,Mechanics,Spring,2023,1.61,3
7916,STU0466,PH201,Electromagnetism,Spring,2023,0.8,3
7917,STU0466,PH301,Thermodynamics,Spring,2023,1.19,4
7918,STU0466,PH201,Electromagnetism,Fall,2024,0.97,3
7919,STU0466,PH301,Thermodynamics,Fall,2024,1.5,4
7920,STU0466,PH101,Mechanics,Fall,2024,1.73,3
7921,STU0466,PH301,Thermodynamics,Spring,2024,1.13,4
7922,STU0466,PH201,Electromagnetism,Spring,2024,1.19,4
7923,STU0466,PH101,Mechanics,Spring,2024,0.78,3
7924,STU0466,PH301,Thermodynamics,Fall,2025,1.9,4
7925,STU0466,PH101,Mechanics,Fall,2025,1.97,4
7926,STU0466,PH101,Mechanics,Spring,2025,2.31,3
7927,STU0466,PH201,Electromagnetism,Spring,2025,0.78,4
7928,STU0467,BU201,Marketing,Fall,2023,2.76,4
7929,STU0467,BU101,Accounting,Fall,2023,2.64,3
7930,STU0467,BU101,Accounting,Spring,2023,2.47,3
7931,STU0467,BU201,Marketing,Spring,2023,2.21,4
7932,STU0467,BU301,Finance,Spring,2023,3.11,4
7933,STU0467,BU401,Management,Spring,2023,2.73,3
7934,STU0467,BU301,Finance,Fall,2024,2.71,4
7935,STU0467,BU101,Accounting,Fall,2024,3.57,3
7936,STU0467,BU301,Finance,Spring,2024,2.54,4
7937,STU0467,BU201,Marketing,Spring,2024,2.82,4
7938,STU0467,BU401,Management,Fall,2025,2.91,4
7939,STU0467,BU301,Finance,Fall,2025,2.1,3
7940,STU0467,BU201,Marketing,Fall,2025,2.73,3
7941,STU0467,BU101,Accounting,Fall,2025,2.12,3
7942,STU0467,BU401,Management,Spring,2025,2.79,3
7943,STU0467,BU101,Accounting,Spring,2025,3.13,4
7944,STU0467,BU301,Finance,Spring,2025,3.0,4
7945,STU0468,BU201,Marketing,Fall,2023,3.0,3
7946,STU0468,BU101,Accounting,Fall,2023,3.65,3
7947,STU0468,BU301,Finance,Fall,2023,2.87,4
7948,STU0468,BU401,Management,Fall,2023,3.49,3
7949,STU0468,BU101,Accounting,Spring,2023,2.59,4
7950,STU0468,BU401,Management,Spring,2023,2.3,4
7951,STU0468,BU301,Finance,Spring,2023,2.69,4
7952,STU0468,BU301,Finance,Fall,2024,2.53,4
7953,STU0468,BU101,Accounting,Fall,2024,3.22,4
7954,STU0468,BU401,Management,Fall,2024,3.74,4
7955,STU0468,BU201,Marketing,Spring,2024,2.93,3
7956,STU0468,BU101,Accounting,Spring,2024,3.47,3
7957,STU0468,BU301,Finance,Spring,2024,2.74,3
7958,STU0468,BU301,Finance,Fall,2025,3.27,3
7959,STU0468,BU401,Management,Fall,2025,2.78,4
7960,STU0468,BU201,Marketing,Spring,2025,3.31,4
7961,STU0468,BU301,Finance,Spring,2025,3.2,4
7962,STU0468,BU401,Management,Spring,2025,2.54,4
7963,STU0469,CS501,Big Data,Fall,2023,3.7,3
7964,STU0469,CS301,Databases,Fall,2023,2.92,4
7965,STU0469,CS201,Data Structures,Spring,2023,3.83,4
7966,STU0469,CS501,Big Data,Spring,2023,3.85,3
7967,STU0469,CS301,Databases,Spring,2023,3.82,3
7968,STU0469,CS401,Machine Learning,Spring,2023,3.87,4
7969,STU0469,CS401,Machine Learning,Fall,2024,4.0,3
7970,STU0469,CS101,Intro to Programming,Fall,2024,2.92,3
7971,STU0469,CS201,Data Structures,Fall,2024,3.75,4
7972,STU0469,CS501,Big Data,Fall,2024,3.95,4
7973,STU0469,CS101,Intro to Programming,Spring,2024,3.06,3
7974,STU0469,CS401,Machine Learning,Spring,2024,3.24,3
7975,STU0469,CS501,Big Data,Spring,2024,3.8,4
7976,STU0469,CS201,Data Structures,Fall,2025,3.1,4
7977,STU0469,CS101,Intro to Programming,Fall,2025,2.52,3
7978,STU0469,CS301,Databases,Fall,2025,3.98,4
7979,STU0469,CS401,Machine Learning,Fall,2025,3.68,4
7980,STU0469,CS401,Machine Learning,Spring,2025,3.34,4
7981,STU0469,CS201,Data Structures,Spring,2025,2.5,4
7982,STU0469,CS301,Databases,Spring,2025,3.54,4
7983,STU0470,PH201,Electromagnetism,Fall,2023,3.44,3
7984,STU0470,PH101,Mechanics,Fall,2023,2.88,3
7985,STU0470,PH301,Thermodynamics,Fall,2023,3.24,3
7986,STU0470,PH301,Thermodynamics,Spring,2023,4.0,3
7987,STU0470,PH201,Electromagnetism,Spring,2023,3.06,3
7988,STU0470,PH101,Mechanics,Spring,2023,3.45,3
7989,STU0470,PH101,Mechanics,Fall,2024,4.0,3
7990,STU0470,PH301,Thermodynamics,Fall,2024,2.56,3
7991,STU0470,PH201,Electromagnetism,Fall,2024,3.73,3
7992,STU0470,PH301,Thermodynamics,Spring,2024,3.79,4
7993,STU0470,PH101,Mechanics,Spring,2024,2.6,3
7994,STU0470,PH201,Electromagnetism,Spring,2024,3.83,4
7995,STU0470,PH301,Thermodynamics,Fall,2025,3.74,3
7996,STU0470,PH201,Electromagnetism,Fall,2025,2.7,3
7997,STU0470,PH101,Mechanics,Spring,2025,3.56,3
7998,STU0470,PH301,Thermodynamics,Spring,2025,3.53,3
7999,STU0471,BU301,Finance,Fall,2023,2.19,4
8000,STU0471,BU401,Management,Fall,2023,1.73,3
8001,STU0471,BU201,Marketing,Fall,2023,2.05,3
8002,STU0471,BU101,Accounting,Fall,2023,1.09,4
8003,STU0471,BU301,Finance,Spring,2023,2.05,4
8004,STU0471,BU401,Management,Spring,2023,2.49,3
8005,STU0471,BU101,Accounting,Spring,2023,1.98,4
8006,STU0471,BU201,Marketing,Spring,2023,2.34,4
8007,STU0471,BU401,Management,Fall,2024,1.17,3
8008,STU0471,BU101,Accounting,Fall,2024,2.21,3
8009,STU0471,BU301,Finance,Fall,2024,2.38,3
8010,STU0471,BU201,Marketing,Spring,2024,2.29,3
8011,STU0471,BU101,Accounting,Spring,2024,1.74,3
8012,STU0471,BU401,Management,Spring,2024,1.99,3
8013,STU0471,BU201,Marketing,Fall,2025,1.63,3
8014,STU0471,BU101,Accounting,Fall,2025,2.07,4
8015,STU0471,BU201,Marketing,Spring,2025,2.43,3
8016,STU0471,BU401,Management,Spring,2025,1.63,4
8017,STU0471,BU101,Accounting,Spring,2025,1.67,3
8018,STU0471,BU301,Finance,Spring,2025,2.31,3
8019,STU0472,BU101,Accounting,Fall,2023,1.87,3
8020,STU0472,BU301,Finance,Fall,2023,2.01,4
8021,STU0472,BU201,Marketing,Spring,2023,2.25,4
8022,STU0472,BU301,Finance,Spring,2023,2.42,3
8023,STU0472,BU201,Marketing,Fall,2024,1.93,4
8024,STU0472,BU401,Management,Fall,2024,2.31,3
8025,STU0472,BU301,Finance,Fall,2024,2.46,4
8026,STU0472,BU401,Management,Spring,2024,1.37,4
8027,STU0472,BU201,Marketing,Spring,2024,2.18,3
8028,STU0472,BU401,Management,Fall,2025,2.36,3
8029,STU0472,BU301,Finance,Fall,2025,1.08,3
8030,STU0472,BU201,Marketing,Fall,2025,1.31,4
8031,STU0472,BU101,Accounting,Fall,2025,1.37,3
8032,STU0472,BU401,Management,Spring,2025,2.31,4
8033,STU0472,BU201,Marketing,Spring,2025,2.08,3
8034,STU0472,BU101,Accounting,Spring,2025,2.19,4
8035,STU0473,BU201,Marketing,Fall,2023,1.04,4
8036,STU0473,BU401,Management,Fall,2023,1.69,3
8037,STU0473,BU301,Finance,Fall,2023,0.8,4
8038,STU0473,BU101,Accounting,Fall,2023,2.3,3
8039,STU0473,BU201,Marketing,Spring,2023,1.06,4
8040,STU0473,BU101,Accounting,Spring,2023,1.4,3
8041,STU0473,BU401,Management,Spring,2023,1.12,3
8042,STU0473,BU301,Finance,Fall,2024,1.05,4
8043,STU0473,BU101,Accounting,Fall,2024,1.32,4
8044,STU0473,BU401,Management,Fall,2024,1.52,3
8045,STU0473,BU401,Management,Spring,2024,2.33,4
8046,STU0473,BU301,Finance,Spring,2024,1.99,3
8047,STU0473,BU101,Accounting,Spring,2024,1.67,3
8048,STU0473,BU201,Marketing,Spring,2024,1.18,4
8049,STU0473,BU101,Accounting,Fall,2025,1.54,3
8050,STU0473,BU401,Management,Fall,2025,2.35,4
8051,STU0473,BU301,Finance,Fall,2025,0.79,4
8052,STU0473,BU301,Finance,Spring,2025,2.3,4
8053,STU0473,BU201,Marketing,Spring,2025,2.15,3
8054,STU0474,EN101,Engineering Drawing,Fall,2023,2.25,4
8055,STU0474,EN201,Circuit Analysis,Fall,2023,1.9,3
8056,STU0474,EN101,Engineering Drawing,Spring,2023,2.0,3
8057,STU0474,EN301,Control Systems,Spring,2023,1.31,3
8058,STU0474,EN301,Control Systems,Fall,2024,1.65,3
8059,STU0474,EN101,Engineering Drawing,Fall,2024,1.74,3
8060,STU0474,EN201,Circuit Analysis,Spring,2024,2.01,3
8061,STU0474,EN101,Engineering Drawing,Spring,2024,2.15,3
8062,STU0474,EN301,Control Systems,Spring,2024,0.86,4
8063,STU0474,EN301,Control Systems,Fall,2025,2.3,4
8064,STU0474,EN201,Circuit Analysis,Fall,2025,1.6,3
8065,STU0474,EN101,Engineering Drawing,Spring,2025,0.94,3
8066,STU0474,EN201,Circuit Analysis,Spring,2025,1.72,3
8067,STU0475,EN201,Circuit Analysis,Fall,2023,2.41,3
8068,STU0475,EN101,Engineering Drawing,Fall,2023,2.7,3
8069,STU0475,EN301,Control Systems,Fall,2023,2.78,4
8070,STU0475,EN301,Control Systems,Spring,2023,2.52,3
8071,STU0475,EN201,Circuit Analysis,Spring,2023,3.0,4
8072,STU0475,EN201,Circuit Analysis,Fall,2024,2.03,4
8073,STU0475,EN101,Engineering Drawing,Fall,2024,3.42,3
8074,STU0475,EN301,Control Systems,Fall,2024,2.82,4
8075,STU0475,EN301,Control Systems,Spring,2024,2.21,3
8076,STU0475,EN201,Circuit Analysis,Spring,2024,2.33,3
8077,STU0475,EN101,Engineering Drawing,Spring,2024,2.02,4
8078,STU0475,EN201,Circuit Analysis,Fall,2025,2.21,4
8079,STU0475,EN101,Engineering Drawing,Fall,2025,2.06,3
8080,STU0475,EN301,Control Systems,Spring,2025,3.07,3
8081,STU0475,EN101,Engineering Drawing,Spring,2025,3.4,4
8082,STU0476,MT401,Discrete Math,Fall,2023,2.74,3
8083,STU0476,MT201,Linear Algebra,Fall,2023,3.02,3
8084,STU0476,MT101,Calculus I,Spring,2023,2.59,3
8085,STU0476,MT301,Statistics,Spring,2023,1.65,4
8086,STU0476,MT401,Discrete Math,Spring,2023,2.43,4
8087,STU0476,MT201,Linear Algebra,Spring,2023,2.61,4
8088,STU0476,MT201,Linear Algebra,Fall,2024,2.82,4
8089,STU0476,MT101,Calculus I,Fall,2024,2.05,4
8090,STU0476,MT101,Calculus I,Spring,2024,1.61,4
8091,STU0476,MT201,Linear Algebra,Spring,2024,1.87,4
8092,STU0476,MT101,Calculus I,Fall,2025,2.32,4
8093,STU0476,MT301,Statistics,Fall,2025,2.71,4
8094,STU0476,MT101,Calculus I,Spring,2025,2.23,4
8095,STU0476,MT401,Discrete Math,Spring,2025,1.68,4
8096,STU0476,MT201,Linear Algebra,Spring,2025,2.78,3
8097,STU0476,MT301,Statistics,Spring,2025,2.28,3
8098,STU0477,MT101,Calculus I,Fall,2023,1.8,3
8099,STU0477,MT401,Discrete Math,Fall,2023,2.84,4
8100,STU0477,MT201,Linear Algebra,Fall,2023,2.77,4
8101,STU0477,MT201,Linear Algebra,Spring,2023,2.32,3
8102,STU0477,MT101,Calculus I,Spring,2023,2.92,4
8103,STU0477,MT201,Linear Algebra,Fall,2024,2.05,3
8104,STU0477,MT301,Statistics,Fall,2024,2.31,3
8105,STU0477,MT401,Discrete Math,Spring,2024,2.17,4
8106,STU0477,MT301,Statistics,Spring,2024,2.97,4
8107,STU0477,MT201,Linear Algebra,Spring,2024,2.59,4
8108,STU0477,MT301,Statistics,Fall,2025,3.18,3
8109,STU0477,MT401,Discrete Math,Fall,2025,2.74,3
8110,STU0477,MT101,Calculus I,Spring,2025,3.25,3
8111,STU0477,MT401,Discrete Math,Spring,2025,3.1,4
8112,STU0478,PH301,Thermodynamics,Fall,2023,2.34,3
8113,STU0478,PH201,Electromagnetism,Fall,2023,2.24,3
8114,STU0478,PH101,Mechanics,Fall,2023,1.73,4
8115,STU0478,PH301,Thermodynamics,Spring,2023,1.63,4
8116,STU0478,PH101,Mechanics,Spring,2023,2.88,3
8117,STU0478,PH201,Electromagnetism,Spring,2023,2.73,4
8118,STU0478,PH301,Thermodynamics,Fall,2024,1.71,4
8119,STU0478,PH201,Electromagnetism,Fall,2024,2.92,3
8120,STU0478,PH301,Thermodynamics,Spring,2024,2.19,4
8121,STU0478,PH101,Mechanics,Spring,2024,3.14,4
8122,STU0478,PH301,Thermodynamics,Fall,2025,1.67,4
8123,STU0478,PH201,Electromagnetism,Fall,2025,2.5,4
8124,STU0478,PH101,Mechanics,Fall,2025,2.11,4
8125,STU0478,PH301,Thermodynamics,Spring,2025,2.69,4
8126,STU0478,PH101,Mechanics,Spring,2025,3.18,3
8127,STU0478,PH201,Electromagnetism,Spring,2025,1.63,4
8128,STU0479,BU401,Management,Fall,2023,1.68,4
8129,STU0479,BU201,Marketing,Fall,2023,1.49,3
8130,STU0479,BU101,Accounting,Fall,2023,1.11,4
8131,STU0479,BU301,Finance,Spring,2023,1.88,3
8132,STU0479,BU401,Management,Spring,2023,2.25,3
8133,STU0479,BU201,Marketing,Fall,2024,2.21,3
8134,STU0479,BU101,Accounting,Fall,2024,1.58,4
8135,STU0479,BU301,Finance,Fall,2024,1.07,3
8136,STU0479,BU401,Management,Spring,2024,1.18,3
8137,STU0479,BU201,Marketing,Spring,2024,0.98,4
8138,STU0479,BU101,Accounting,Spring,2024,1.42,3
8139,STU0479,BU101,Accounting,Fall,2025,1.89,3
8140,STU0479,BU301,Finance,Fall,2025,1.72,4
8141,STU0479,BU401,Management,Fall,2025,2.08,3
8142,STU0479,BU201,Marketing,Fall,2025,2.43,3
8143,STU0479,BU401,Management,Spring,2025,1.84,4
8144,STU0479,BU301,Finance,Spring,2025,2.38,3
8145,STU0480,PH201,Electromagnetism,Fall,2023,2.67,4
8146,STU0480,PH301,Thermodynamics,Fall,2023,3.04,4
8147,STU0480,PH101,Mechanics,Fall,2023,2.43,3
8148,STU0480,PH301,Thermodynamics,Spring,2023,2.83,4
8149,STU0480,PH101,Mechanics,Spring,2023,2.18,4
8150,STU0480,PH301,Thermodynamics,Fall,2024,2.3,4
8151,STU0480,PH201,Electromagnetism,Fall,2024,3.19,4
8152,STU0480,PH101,Mechanics,Fall,2024,2.24,3
8153,STU0480,PH201,Electromagnetism,Spring,2024,2.02,4
8154,STU0480,PH101,Mechanics,Spring,2024,2.26,3
8155,STU0480,PH301,Thermodynamics,Spring,2024,2.28,4
8156,STU0480,PH301,Thermodynamics,Fall,2025,1.85,4
8157,STU0480,PH101,Mechanics,Fall,2025,2.2,3
8158,STU0480,PH201,Electromagnetism,Fall,2025,3.27,4
8159,STU0480,PH301,Thermodynamics,Spring,2025,3.1,4
8160,STU0480,PH101,Mechanics,Spring,2025,2.38,4
8161,STU0480,PH201,Electromagnetism,Spring,2025,2.52,3
8162,STU0481,EN201,Circuit Analysis,Fall,2023,2.57,3
8163,STU0481,EN301,Control Systems,Fall,2023,2.11,4
8164,STU0481,EN101,Engineering Drawing,Fall,2023,3.09,3
8165,STU0481,EN301,Control Systems,Spring,2023,2.85,3
8166,STU0481,EN101,Engineering Drawing,Spring,2023,1.59,4
8167,STU0481,EN201,Circuit Analysis,Spring,2023,2.54,3
8168,STU0481,EN201,Circuit Analysis,Fall,2024,1.65,3
8169,STU0481,EN301,Control Systems,Fall,2024,2.01,3
8170,STU0481,EN101,Engineering Drawing,Fall,2024,2.53,3
8171,STU0481,EN301,Control Systems,Spring,2024,2.43,3
8172,STU0481,EN101,Engineering Drawing,Spring,2024,1.81,4
8173,STU0481,EN201,Circuit Analysis,Spring,2024,1.95,3
8174,STU0481,EN201,Circuit Analysis,Fall,2025,1.71,4
8175,STU0481,EN301,Control Systems,Fall,2025,2.59,3
8176,STU0481,EN101,Engineering Drawing,Spring,2025,2.72,3
8177,STU0481,EN301,Control Systems,Spring,2025,2.99,4
8178,STU0481,EN201,Circuit Analysis,Spring,2025,2.0,3
8179,STU0482,BU201,Marketing,Fall,2023,4.0,4
8180,STU0482,BU401,Management,Fall,2023,4.0,3
8181,STU0482,BU301,Finance,Fall,2023,3.53,3
8182,STU0482,BU201,Marketing,Spring,2023,3.5,4
8183,STU0482,BU101,Accounting,Spring,2023,3.89,4
8184,STU0482,BU301,Finance,Fall,2024,4.0,4
8185,STU0482,BU101,Accounting,Fall,2024,3.7,4
8186,STU0482,BU401,Management,Fall,2024,4.0,3
8187,STU0482,BU101,Accounting,Spring,2024,3.77,4
8188,STU0482,BU401,Management,Spring,2024,3.51,3
8189,STU0482,BU301,Finance,Fall,2025,4.0,4
8190,STU0482,BU201,Marketing,Fall,2025,4.0,3
8191,STU0482,BU401,Management,Fall,2025,4.0,3
8192,STU0482,BU201,Marketing,Spring,2025,3.87,3
8193,STU0482,BU301,Finance,Spring,2025,4.0,4
8194,STU0482,BU101,Accounting,Spring,2025,3.16,4
8195,STU0482,BU401,Management,Spring,2025,3.28,3
8196,STU0483,PH101,Mechanics,Fall,2023,3.7,3
8197,STU0483,PH301,Thermodynamics,Fall,2023,3.23,4
8198,STU0483,PH201,Electromagnetism,Spring,2023,3.72,4
8199,STU0483,PH301,Thermodynamics,Spring,2023,3.24,4
8200,STU0483,PH101,Mechanics,Spring,2023,3.95,4
8201,STU0483,PH201,Electromagnetism,Fall,2024,4.0,3
8202,STU0483,PH101,Mechanics,Fall,2024,3.78,4
8203,STU0483,PH301,Thermodynamics,Fall,2024,2.66,4
8204,STU0483,PH301,Thermodynamics,Spring,2024,3.02,3
8205,STU0483,PH201,Electromagnetism,Spring,2024,3.43,3
8206,STU0483,PH101,Mechanics,Spring,2024,3.57,3
8207,STU0483,PH301,Thermodynamics,Fall,2025,2.7,3
8208,STU0483,PH201,Electromagnetism,Fall,2025,3.76,3
8209,STU0483,PH101,Mechanics,Fall,2025,3.29,4
8210,STU0483,PH301,Thermodynamics,Spring,2025,4.0,3
8211,STU0483,PH101,Mechanics,Spring,2025,2.94,3
8212,STU0483,PH201,Electromagnetism,Spring,2025,2.89,4
8213,STU0484,BU301,Finance,Fall,2023,2.25,4
8214,STU0484,BU401,Management,Fall,2023,2.85,3
8215,STU0484,BU101,Accounting,Fall,2023,2.3,4
8216,STU0484,BU101,Accounting,Spring,2023,2.7,3
8217,STU0484,BU201,Marketing,Spring,2023,1.67,3
8218,STU0484,BU201,Marketing,Fall,2024,2.34,4
8219,STU0484,BU401,Management,Fall,2024,3.04,3
8220,STU0484,BU301,Finance,Fall,2024,2.22,3
8221,STU0484,BU101,Accounting,Fall,2024,2.49,3
8222,STU0484,BU201,Marketing,Spring,2024,2.8,3
8223,STU0484,BU301,Finance,Spring,2024,2.53,4
8224,STU0484,BU101,Accounting,Spring,2024,2.86,3
8225,STU0484,BU401,Management,Spring,2024,1.79,4
8226,STU0484,BU101,Accounting,Fall,2025,1.75,3
8227,STU0484,BU201,Marketing,Fall,2025,3.08,3
8228,STU0484,BU201,Marketing,Spring,2025,2.43,4
8229,STU0484,BU101,Accounting,Spring,2025,2.32,4
8230,STU0485,EN201,Circuit Analysis,Fall,2023,3.12,4
8231,STU0485,EN101,Engineering Drawing,Fall,2023,3.41,4
8232,STU0485,EN301,Control Systems,Spring,2023,2.72,3
8233,STU0485,EN101,Engineering Drawing,Spring,2023,2.86,3
8234,STU0485,EN101,Engineering Drawing,Fall,2024,4.0,3
8235,STU0485,EN201,Circuit Analysis,Fall,2024,4.0,4
8236,STU0485,EN301,Control Systems,Spring,2024,3.43,4
8237,STU0485,EN201,Circuit Analysis,Spring,2024,2.84,4
8238,STU0485,EN101,Engineering Drawing,Spring,2024,3.41,3
8239,STU0485,EN201,Circuit Analysis,Fall,2025,4.0,4
8240,STU0485,EN101,Engineering Drawing,Fall,2025,3.32,4
8241,STU0485,EN301,Control Systems,Fall,2025,4.0,4
8242,STU0485,EN201,Circuit Analysis,Spring,2025,2.97,4
8243,STU0485,EN301,Control Systems,Spring,2025,3.73,4
8244,STU0486,BU301,Finance,Fall,2023,2.7,4
8245,STU0486,BU101,Accounting,Fall,2023,3.36,4
8246,STU0486,BU201,Marketing,Fall,2023,3.44,3
8247,STU0486,BU101,Accounting,Spring,2023,4.0,3
8248,STU0486,BU401,Management,Spring,2023,3.56,3
8249,STU0486,BU201,Marketing,Spring,2023,3.33,3
8250,STU0486,BU201,Marketing,Fall,2024,3.79,3
8251,STU0486,BU301,Finance,Fall,2024,3.82,4
8252,STU0486,BU101,Accounting,Fall,2024,3.1,4
8253,STU0486,BU401,Management,Fall,2024,2.73,4
8254,STU0486,BU401,Management,Spring,2024,3.72,4
8255,STU0486,BU101,Accounting,Spring,2024,2.74,4
8256,STU0486,BU401,Management,Fall,2025,2.81,4
8257,STU0486,BU301,Finance,Fall,2025,3.29,4
8258,STU0486,BU101,Accounting,Fall,2025,4.0,4
8259,STU0486,BU201,Marketing,Fall,2025,3.71,3
8260,STU0486,BU201,Marketing,Spring,2025,3.91,4
8261,STU0486,BU101,Accounting,Spring,2025,2.9,4
8262,STU0486,BU301,Finance,Spring,2025,3.07,4
8263,STU0487,BU301,Finance,Fall,2023,2.42,3
8264,STU0487,BU101,Accounting,Fall,2023,3.84,4
8265,STU0487,BU201,Marketing,Fall,2023,3.17,4
8266,STU0487,BU401,Management,Fall,2023,2.28,3
8267,STU0487,BU101,Accounting,Spring,2023,3.06,3
8268,STU0487,BU301,Finance,Spring,2023,2.87,3
8269,STU0487,BU201,Marketing,Spring,2023,3.05,3
8270,STU0487,BU101,Accounting,Fall,2024,2.74,3
8271,STU0487,BU201,Marketing,Fall,2024,2.96,4
8272,STU0487,BU301,Finance,Fall,2024,3.45,4
8273,STU0487,BU401,Management,Fall,2024,3.0,3
8274,STU0487,BU301,Finance,Spring,2024,2.8,3
8275,STU0487,BU201,Marketing,Spring,2024,2.43,3
8276,STU0487,BU101,Accounting,Spring,2024,2.36,4
8277,STU0487,BU401,Management,Spring,2024,2.36,3
8278,STU0487,BU301,Finance,Fall,2025,2.3,3
8279,STU0487,BU101,Accounting,Fall,2025,2.52,4
8280,STU0487,BU401,Management,Fall,2025,3.18,3
8281,STU0487,BU201,Marketing,Spring,2025,2.41,3
8282,STU0487,BU301,Finance,Spring,2025,3.27,4
8283,STU0487,BU101,Accounting,Spring,2025,2.86,4
8284,STU0487,BU401,Management,Spring,2025,2.71,4
8285,STU0488,PH301,Thermodynamics,Fall,2023,4.0,4
8286,STU0488,PH201,Electromagnetism,Fall,2023,3.18,4
8287,STU0488,PH101,Mechanics,Fall,2023,3.87,4
8288,STU0488,PH201,Electromagnetism,Spring,2023,3.28,4
8289,STU0488,PH101,Mechanics,Spring,2023,3.74,3
8290,STU0488,PH201,Electromagnetism,Fall,2024,3.32,3
8291,STU0488,PH101,Mechanics,Fall,2024,3.23,3
8292,STU0488,PH201,Electromagnetism,Spring,2024,2.82,3
8293,STU0488,PH101,Mechanics,Spring,2024,3.05,3
8294,STU0488,PH301,Thermodynamics,Spring,2024,4.0,4
8295,STU0488,PH301,Thermodynamics,Fall,2025,3.52,4
8296,STU0488,PH201,Electromagnetism,Fall,2025,3.9,3
8297,STU0488,PH101,Mechanics,Fall,2025,4.0,4
8298,STU0488,PH201,Electromagnetism,Spring,2025,3.15,3
8299,STU0488,PH101,Mechanics,Spring,2025,3.95,4
8300,STU0488,PH301,Thermodynamics,Spring,2025,3.65,4
8301,STU0489,BU101,Accounting,Fall,2023,2.52,3
8302,STU0489,BU201,Marketing,Fall,2023,3.23,4
8303,STU0489,BU301,Finance,Fall,2023,2.51,3
8304,STU0489,BU401,Management,Fall,2023,2.15,3
8305,STU0489,BU301,Finance,Spring,2023,2.23,4
8306,STU0489,BU201,Marketing,Spring,2023,2.03,4
8307,STU0489,BU401,Management,Spring,2023,2.3,3
8308,STU0489,BU101,Accounting,Spring,2023,2.21,4
8309,STU0489,BU101,Accounting,Fall,2024,2.81,3
8310,STU0489,BU401,Management,Fall,2024,3.16,4
8311,STU0489,BU301,Finance,Fall,2024,2.98,3
8312,STU0489,BU201,Marketing,Fall,2024,3.24,4
8313,STU0489,BU401,Management,Spring,2024,2.65,3
8314,STU0489,BU301,Finance,Spring,2024,1.82,4
8315,STU0489,BU201,Marketing,Spring,2024,3.02,4
8316,STU0489,BU201,Marketing,Fall,2025,3.01,4
8317,STU0489,BU101,Accounting,Fall,2025,2.86,3
8318,STU0489,BU301,Finance,Spring,2025,3.12,3
8319,STU0489,BU401,Management,Spring,2025,2.75,4
8320,STU0489,BU101,Accounting,Spring,2025,2.12,4
8321,STU0489,BU201,Marketing,Spring,2025,2.69,4
8322,STU0490,EN101,Engineering Drawing,Fall,2023,3.81,4
8323,STU0490,EN301,Control Systems,Fall,2023,3.32,3
8324,STU0490,EN201,Circuit Analysis,Fall,2023,3.77,4
8325,STU0490,EN101,Engineering Drawing,Spring,2023,3.82,4
8326,STU0490,EN301,Control Systems,Spring,2023,3.2,4
8327,STU0490,EN201,Circuit Analysis,Spring,2023,3.42,4
8328,STU0490,EN201,Circuit Analysis,Fall,2024,2.92,3
8329,STU0490,EN301,Control Systems,Fall,2024,3.95,3
8330,STU0490,EN101,Engineering Drawing,Fall,2024,3.22,4
8331,STU0490,EN201,Circuit Analysis,Spring,2024,2.87,3
8332,STU0490,EN101,Engineering Drawing,Spring,2024,3.18,4
8333,STU0490,EN301,Control Systems,Spring,2024,2.99,3
8334,STU0490,EN201,Circuit Analysis,Fall,2025,3.13,4
8335,STU0490,EN101,Engineering Drawing,Fall,2025,3.44,4
8336,STU0490,EN301,Control Systems,Fall,2025,3.39,4
8337,STU0490,EN201,Circuit Analysis,Spring,2025,2.98,4
8338,STU0490,EN301,Control Systems,Spring,2025,3.86,4
8339,STU0490,EN101,Engineering Drawing,Spring,2025,4.0,3
8340,STU0491,CS101,Intro to Programming,Fall,2023,3.84,3
8341,STU0491,CS501,Big Data,Fall,2023,3.52,3
8342,STU0491,CS301,Databases,Fall,2023,3.03,3
8343,STU0491,CS301,Databases,Spring,2023,2.89,3
8344,STU0491,CS401,Machine Learning,Spring,2023,3.94,3
8345,STU0491,CS101,Intro to Programming,Spring,2023,2.76,3
8346,STU0491,CS201,Data Structures,Spring,2023,3.19,3
8347,STU0491,CS201,Data Structures,Fall,2024,3.71,4
8348,STU0491,CS301,Databases,Fall,2024,3.62,4
8349,STU0491,CS201,Data Structures,Spring,2024,3.01,3
8350,STU0491,CS401,Machine Learning,Spring,2024,3.93,4
8351,STU0491,CS301,Databases,Spring,2024,3.25,4
8352,STU0491,CS501,Big Data,Spring,2024,2.58,3
8353,STU0491,CS201,Data Structures,Fall,2025,3.41,4
8354,STU0491,CS101,Intro to Programming,Fall,2025,3.34,3
8355,STU0491,CS501,Big Data,Fall,2025,3.75,3
8356,STU0491,CS401,Machine Learning,Fall,2025,2.52,3
8357,STU0491,CS201,Data Structures,Spring,2025,3.38,4
8358,STU0491,CS401,Machine Learning,Spring,2025,2.75,3
8359,STU0492,EN201,Circuit Analysis,Fall,2023,4.0,4
8360,STU0492,EN101,Engineering Drawing,Fall,2023,3.27,4
8361,STU0492,EN301,Control Systems,Spring,2023,3.64,4
8362,STU0492,EN101,Engineering Drawing,Spring,2023,3.83,3
8363,STU0492,EN201,Circuit Analysis,Spring,2023,4.0,3
8364,STU0492,EN301,Control Systems,Fall,2024,3.5,3
8365,STU0492,EN101,Engineering Drawing,Fall,2024,3.95,3
8366,STU0492,EN201,Circuit Analysis,Spring,2024,3.83,4
8367,STU0492,EN101,Engineering Drawing,Spring,2024,4.0,4
8368,STU0492,EN301,Control Systems,Spring,2024,3.71,4
8369,STU0492,EN201,Circuit Analysis,Fall,2025,3.73,4
8370,STU0492,EN301,Control Systems,Fall,2025,4.0,4
8371,STU0492,EN101,Engineering Drawing,Fall,2025,3.29,3
8372,STU0492,EN301,Control Systems,Spring,2025,3.7,3
8373,STU0492,EN101,Engineering Drawing,Spring,2025,4.0,4
8374,STU0493,PH301,Thermodynamics,Fall,2023,2.06,4
8375,STU0493,PH101,Mechanics,Fall,2023,1.35,4
8376,STU0493,PH201,Electromagnetism,Fall,2023,1.01,3
8377,STU0493,PH301,Thermodynamics,Spring,2023,2.14,4
8378,STU0493,PH201,Electromagnetism,Spring,2023,0.98,3
8379,STU0493,PH101,Mechanics,Spring,2023,0.86,3
8380,STU0493,PH101,Mechanics,Fall,2024,2.0,3
8381,STU0493,PH201,Electromagnetism,Fall,2024,1.07,3
8382,STU0493,PH301,Thermodynamics,Fall,2024,2.2,3
8383,STU0493,PH201,Electromagnetism,Spring,2024,0.93,4
8384,STU0493,PH301,Thermodynamics,Spring,2024,2.22,4
8385,STU0493,PH101,Mechanics,Spring,2024,1.6,3
8386,STU0493,PH301,Thermodynamics,Fall,2025,1.48,4
8387,STU0493,PH201,Electromagnetism,Fall,2025,1.91,3
8388,STU0493,PH101,Mechanics,Fall,2025,1.89,3
8389,STU0493,PH301,Thermodynamics,Spring,2025,1.45,3
8390,STU0493,PH201,Electromagnetism,Spring,2025,2.06,4
8391,STU0494,BU101,Accounting,Fall,2023,2.15,3
8392,STU0494,BU201,Marketing,Fall,2023,3.18,4
8393,STU0494,BU301,Finance,Spring,2023,2.25,4
8394,STU0494,BU401,Management,Spring,2023,2.14,3
8395,STU0494,BU201,Marketing,Spring,2023,3.23,4
8396,STU0494,BU101,Accounting,Spring,2023,2.66,3
8397,STU0494,BU301,Finance,Fall,2024,2.2,4
8398,STU0494,BU201,Marketing,Fall,2024,2.99,4
8399,STU0494,BU101,Accounting,Spring,2024,3.1,3
8400,STU0494,BU401,Management,Spring,2024,3.05,3
8401,STU0494,BU301,Finance,Fall,2025,3.34,3
8402,STU0494,BU201,Marketing,Fall,2025,2.36,3
8403,STU0494,BU101,Accounting,Spring,2025,2.39,4
8404,STU0494,BU301,Finance,Spring,2025,2.32,4
8405,STU0494,BU401,Management,Spring,2025,2.69,3
8406,STU0495,PH201,Electromagnetism,Fall,2023,1.43,3
8407,STU0495,PH301,Thermodynamics,Fall,2023,1.62,3
8408,STU0495,PH101,Mechanics,Fall,2023,1.54,4
8409,STU0495,PH201,Electromagnetism,Spring,2023,1.33,4
8410,STU0495,PH301,Thermodynamics,Spring,2023,2.31,4
8411,STU0495,PH101,Mechanics,Spring,2023,1.57,3
8412,STU0495,PH201,Electromagnetism,Fall,2024,1.76,3
8413,STU0495,PH301,Thermodynamics,Fall,2024,1.29,3
8414,STU0495,PH101,Mechanics,Fall,2024,1.96,3
8415,STU0495,PH101,Mechanics,Spring,2024,1.52,4
8416,STU0495,PH201,Electromagnetism,Spring,2024,2.43,4
8417,STU0495,PH301,Thermodynamics,Spring,2024,1.01,4
8418,STU0495,PH101,Mechanics,Fall,2025,2.46,4
8419,STU0495,PH201,Electromagnetism,Fall,2025,2.49,4
8420,STU0495,PH101,Mechanics,Spring,2025,1.0,4
8421,STU0495,PH201,Electromagnetism,Spring,2025,1.29,3
8422,STU0495,PH301,Thermodynamics,Spring,2025,1.17,3
8423,STU0496,CS201,Data Structures,Fall,2023,2.59,3
8424,STU0496,CS101,Intro to Programming,Fall,2023,2.63,4
8425,STU0496,CS401,Machine Learning,Spring,2023,2.35,3
8426,STU0496,CS201,Data Structures,Spring,2023,2.05,3
8427,STU0496,CS501,Big Data,Fall,2024,2.35,3
8428,STU0496,CS101,Intro to Programming,Fall,2024,2.99,4
8429,STU0496,CS401,Machine Learning,Fall,2024,2.79,3
8430,STU0496,CS301,Databases,Spring,2024,2.13,3
8431,STU0496,CS201,Data Structures,Spring,2024,1.69,4
8432,STU0496,CS401,Machine Learning,Spring,2024,2.27,4
8433,STU0496,CS301,Databases,Fall,2025,2.07,4
8434,STU0496,CS401,Machine Learning,Fall,2025,2.54,4
8435,STU0496,CS501,Big Data,Spring,2025,3.02,4
8436,STU0496,CS301,Databases,Spring,2025,2.39,4
8437,STU0496,CS201,Data Structures,Spring,2025,3.04,3
8438,STU0497,MT301,Statistics,Fall,2023,2.99,4
8439,STU0497,MT401,Discrete Math,Fall,2023,2.1,3
8440,STU0497,MT101,Calculus I,Fall,2023,2.6,4
8441,STU0497,MT301,Statistics,Spring,2023,2.89,3
8442,STU0497,MT201,Linear Algebra,Spring,2023,2.99,3
8443,STU0497,MT101,Calculus I,Spring,2023,3.07,4
8444,STU0497,MT401,Discrete Math,Spring,2023,2.12,3
8445,STU0497,MT201,Linear Algebra,Fall,2024,2.93,3
8446,STU0497,MT101,Calculus I,Fall,2024,3.29,3
8447,STU0497,MT401,Discrete Math,Fall,2024,2.04,4
8448,STU0497,MT301,Statistics,Spring,2024,2.4,3
8449,STU0497,MT401,Discrete Math,Spring,2024,3.18,3
8450,STU0497,MT201,Linear Algebra,Spring,2024,3.15,3
8451,STU0497,MT401,Discrete Math,Fall,2025,2.63,3
8452,STU0497,MT301,Statistics,Fall,2025,2.71,3
8453,STU0497,MT201,Linear Algebra,Fall,2025,2.37,3
8454,STU0497,MT301,Statistics,Spring,2025,3.26,3
8455,STU0497,MT401,Discrete Math,Spring,2025,3.05,3
8456,STU0498,BU301,Finance,Fall,2023,1.47,3
8457,STU0498,BU201,Marketing,Fall,2023,2.38,4
8458,STU0498,BU301,Finance,Spring,2023,2.79,3
8459,STU0498,BU401,Management,Spring,2023,2.37,3
8460,STU0498,BU101,Accounting,Fall,2024,2.89,4
8461,STU0498,BU301,Finance,Fall,2024,2.6,3
8462,STU0498,BU401,Management,Spring,2024,2.38,3
8463,STU0498,BU301,Finance,Spring,2024,2.58,4
8464,STU0498,BU201,Marketing,Spring,2024,2.93,4
8465,STU0498,BU301,Finance,Fall,2025,2.9,4
8466,STU0498,BU101,Accounting,Fall,2025,1.93,3
8467,STU0498,BU401,Management,Fall,2025,1.59,3
8468,STU0498,BU201,Marketing,Fall,2025,2.98,3
8469,STU0498,BU301,Finance,Spring,2025,2.99,3
8470,STU0498,BU401,Management,Spring,2025,1.87,4
8471,STU0499,CS101,Intro to Programming,Fall,2023,1.93,4
8472,STU0499,CS201,Data Structures,Fall,2023,2.08,4
8473,STU0499,CS501,Big Data,Fall,2023,1.65,4
8474,STU0499,CS201,Data Structures,Spring,2023,1.35,3
8475,STU0499,CS401,Machine Learning,Spring,2023,1.16,3
8476,STU0499,CS101,Intro to Programming,Fall,2024,1.96,3
8477,STU0499,CS201,Data Structures,Fall,2024,1.77,3
8478,STU0499,CS101,Intro to Programming,Spring,2024,1.92,4
8479,STU0499,CS301,Databases,Spring,2024,1.87,3
8480,STU0499,CS501,Big Data,Fall,2025,1.9,4
8481,STU0499,CS101,Intro to Programming,Fall,2025,1.45,4
8482,STU0499,CS301,Databases,Fall,2025,1.22,3
8483,STU0499,CS401,Machine Learning,Fall,2025,2.29,3
8484,STU0499,CS501,Big Data,Spring,2025,1.08,3
8485,STU0499,CS101,Intro to Programming,Spring,2025,1.28,4
8486,STU0499,CS301,Databases,Spring,2025,2.51,3
8487,STU0499,CS401,Machine Learning,Spring,2025,1.12,3
8488,STU0500,EN201,Circuit Analysis,Fall,2023,1.88,4
8489,STU0500,EN301,Control Systems,Fall,2023,2.66,3
8490,STU0500,EN101,Engineering Drawing,Spring,2023,2.21,3
8491,STU0500,EN301,Control Systems,Spring,2023,2.09,4
8492,STU0500,EN201,Circuit Analysis,Spring,2023,1.56,4
8493,STU0500,EN101,Engineering Drawing,Fall,2024,2.26,3
8494,STU0500,EN301,Control Systems,Fall,2024,1.14,3
8495,STU0500,EN201,Circuit Analysis,Spring,2024,1.14,4
8496,STU0500,EN301,Control Systems,Spring,2024,1.22,4
8497,STU0500,EN101,Engineering Drawing,Spring,2024,2.33,4
8498,STU0500,EN301,Control Systems,Fall,2025,1.83,3
8499,STU0500,EN201,Circuit Analysis,Fall,2025,1.67,4
8500,STU0500,EN101,Engineering Drawing,Spring,2025,2.42,3
8501,STU0500,EN301,Control Systems,Spring,2025,1.29,3
