student_id,course_id,date,status
STU0001,CS201,2025-01-01,present
STU0001,CS401,2025-01-03,late
STU0001,CS501,2025-01-07,absent
STU0001,CS101,2025-01-09,present
STU0001,CS101,2025-01-13,present
STU0001,CS101,2025-01-15,present
STU0001,CS301,2025-01-17,present
STU0001,CS401,2025-01-21,absent
STU0001,CS101,2025-01-23,present
STU0001,CS201,2025-01-27,present
STU0001,CS501,2025-01-29,present
STU0001,CS501,2025-01-31,late
STU0001,CS401,2025-02-04,absent
STU0001,CS201,2025-02-06,present
STU0001,CS101,2025-02-10,present
STU0001,CS401,2025-02-12,present
STU0001,CS401,2025-02-14,present
STU0001,CS401,2025-02-18,present
STU0001,CS101,2025-02-20,present
STU0001,CS101,2025-02-24,present
STU0001,CS301,2025-02-26,present
STU0001,CS501,2025-02-28,present
STU0001,CS501,2025-03-04,present
STU0001,CS301,2025-03-06,present
STU0001,CS401,2025-03-10,present
STU0001,CS501,2025-03-12,absent
STU0001,CS401,2025-03-14,present
STU0001,CS401,2025-03-18,present
STU0001,CS501,2025-03-20,present
STU0001,CS201,2025-03-24,present
STU0001,CS201,2025-03-26,present
STU0001,CS201,2025-03-28,present
STU0001,CS201,2025-04-01,present
STU0001,CS401,2025-04-03,late
STU0001,CS101,2025-04-07,late
STU0001,CS101,2025-04-09,absent
STU0001,CS401,2025-04-11,present
STU0001,CS101,2025-04-15,present
STU0001,CS301,2025-04-17,present
STU0001,CS501,2025-04-21,present
STU0001,CS101,2025-04-23,present
STU0001,CS101,2025-04-25,present
STU0001,CS501,2025-04-29,present
STU0002,CS401,2025-01-01,absent
STU0002,CS101,2025-01-03,present
STU0002,CS301,2025-01-07,present
STU0002,CS101,2025-01-09,present
STU0002,CS501,2025-01-13,present
STU0002,CS401,2025-01-15,present
STU0002,CS201,2025-01-17,present
STU0002,CS201,2025-01-21,late
STU0002,CS201,2025-01-23,absent
STU0002,CS201,2025-01-27,late
STU0002,CS301,2025-01-29,absent
STU0002,CS201,2025-01-31,present
STU0002,CS101,2025-02-04,absent
STU0002,CS401,2025-02-06,present
STU0002,CS301,2025-02-10,present
STU0002,CS501,2025-02-12,present
STU0002,CS401,2025-02-14,present
STU0002,CS301,2025-02-18,present
STU0002,CS301,2025-02-20,present
STU0002,CS501,2025-02-24,absent
STU0002,CS501,2025-02-26,present
STU0002,CS501,2025-02-28,present
STU0002,CS201,2025-03-04,present
STU0002,CS501,2025-03-06,present
STU0002,CS201,2025-03-10,absent
STU0002,CS201,2025-03-12,present
STU0002,CS401,2025-03-14,late
STU0002,CS301,2025-03-18,absent
STU0002,CS501,2025-03-20,present
STU0002,CS101,2025-03-24,present
STU0002,CS501,2025-03-26,absent
STU0002,CS401,2025-03-28,present
STU0002,CS201,2025-04-01,present
STU0002,CS201,2025-04-03,absent
STU0002,CS501,2025-04-07,present
STU0002,CS301,2025-04-09,present
STU0002,CS501,2025-04-11,present
STU0002,CS201,2025-04-15,absent
STU0002,CS301,2025-04-17,present
STU0002,CS501,2025-04-21,present
STU0002,CS301,2025-04-23,present
STU0002,CS301,2025-04-25,present
STU0002,CS301,2025-04-29,present
STU0003,CS301,2025-01-01,present
STU0003,CS101,2025-01-03,present
STU0003,CS201,2025-01-07,absent
STU0003,CS501,2025-01-09,present
STU0003,CS101,2025-01-13,present
STU0003,CS501,2025-01-15,present
STU0003,CS401,2025-01-17,present
STU0003,CS101,2025-01-21,present
STU0003,CS201,2025-01-23,present
STU0003,CS301,2025-01-27,present
STU0003,CS501,2025-01-29,present
STU0003,CS201,2025-01-31,present
STU0003,CS201,2025-02-04,present
STU0003,CS401,2025-02-06,present
STU0003,CS401,2025-02-10,present
STU0003,CS501,2025-02-12,present
STU0003,CS501,2025-02-14,present
STU0003,CS201,2025-02-18,present
STU0003,CS501,2025-02-20,absent
STU0003,CS401,2025-02-24,present
STU0003,CS201,2025-02-26,present
STU0003,CS401,2025-02-28,present
STU0003,CS501,2025-03-04,present
STU0003,CS201,2025-03-06,present
STU0003,CS201,2025-03-10,present
STU0003,CS201,2025-03-12,present
STU0003,CS501,2025-03-14,absent
STU0003,CS101,2025-03-18,absent
STU0003,CS101,2025-03-20,present
STU0003,CS301,2025-03-24,absent
STU0003,CS201,2025-03-26,absent
STU0003,CS401,2025-03-28,present
STU0003,CS301,2025-04-01,absent
STU0003,CS401,2025-04-03,present
STU0003,CS301,2025-04-07,absent
STU0003,CS501,2025-04-09,absent
STU0003,CS301,2025-04-11,present
STU0003,CS401,2025-04-15,present
STU0003,CS401,2025-04-17,present
STU0003,CS301,2025-04-21,present
STU0003,CS501,2025-04-23,absent
STU0003,CS401,2025-04-25,absent
STU0003,CS401,2025-04-29,present
STU0004,EN301,2025-01-01,present
STU0004,EN201,2025-01-03,present
STU0004,EN101,2025-01-07,present
STU0004,EN201,2025-01-09,present
STU0004,EN101,2025-01-13,present
STU0004,EN201,2025-01-15,absent
STU0004,EN101,2025-01-17,present
STU0004,EN101,2025-01-21,present
STU0004,EN101,2025-01-23,present
STU0004,EN201,2025-01-27,present
STU0004,EN101,2025-01-29,late
STU0004,EN101,2025-01-31,late
STU0004,EN201,2025-02-04,present
STU0004,EN201,2025-02-06,present
STU0004,EN201,2025-02-10,present
STU0004,EN101,2025-02-12,present
STU0004,EN301,2025-02-14,present
STU0004,EN201,2025-02-18,present
STU0004,EN201,2025-02-20,present
STU0004,EN201,2025-02-24,present
STU0004,EN101,2025-02-26,present
STU0004,EN101,2025-02-28,absent
STU0004,EN201,2025-03-04,present
STU0004,EN201,2025-03-06,present
STU0004,EN301,2025-03-10,present
STU0004,EN201,2025-03-12,late
STU0004,EN101,2025-03-14,present
STU0004,EN301,2025-03-18,present
STU0004,EN101,2025-03-20,present
STU0004,EN101,2025-03-24,present
STU0004,EN301,2025-03-26,present
STU0004,EN201,2025-03-28,present
STU0004,EN201,2025-04-01,present
STU0004,EN101,2025-04-03,present
STU0004,EN201,2025-04-07,present
STU0004,EN201,2025-04-09,present
STU0004,EN101,2025-04-11,absent
STU0004,EN301,2025-04-15,present
STU0004,EN101,2025-04-17,present
STU0004,EN301,2025-04-21,present
STU0004,EN201,2025-04-23,present
STU0004,EN301,2025-04-25,present
STU0004,EN101,2025-04-29,present
STU0005,MT401,2025-01-01,present
STU0005,MT101,2025-01-03,present
STU0005,MT101,2025-01-07,present
STU0005,MT401,2025-01-09,present
STU0005,MT401,2025-01-13,present
STU0005,MT101,2025-01-15,present
STU0005,MT101,2025-01-17,late
STU0005,MT301,2025-01-21,present
STU0005,MT401,2025-01-23,present
STU0005,MT101,2025-01-27,present
STU0005,MT201,2025-01-29,late
STU0005,MT401,2025-01-31,absent
STU0005,MT101,2025-02-04,present
STU0005,MT101,2025-02-06,present
STU0005,MT201,2025-02-10,absent
STU0005,MT401,2025-02-12,present
STU0005,MT101,2025-02-14,present
STU0005,MT301,2025-02-18,present
STU0005,MT301,2025-02-20,present
STU0005,MT301,2025-02-24,absent
STU0005,MT301,2025-02-26,absent
STU0005,MT401,2025-02-28,present
STU0005,MT301,2025-03-04,present
STU0005,MT301,2025-03-06,present
STU0005,MT201,2025-03-10,absent
STU0005,MT401,2025-03-12,absent
STU0005,MT201,2025-03-14,absent
STU0005,MT401,2025-03-18,absent
STU0005,MT301,2025-03-20,present
STU0005,MT201,2025-03-24,present
STU0005,MT401,2025-03-26,present
STU0005,MT401,2025-03-28,absent
STU0005,MT101,2025-04-01,present
STU0005,MT301,2025-04-03,present
STU0005,MT101,2025-04-07,present
STU0005,MT201,2025-04-09,present
STU0005,MT301,2025-04-11,present
STU0005,MT301,2025-04-15,present
STU0005,MT301,2025-04-17,present
STU0005,MT301,2025-04-21,present
STU0005,MT301,2025-04-23,present
STU0005,MT301,2025-04-25,present
STU0005,MT401,2025-04-29,present
STU0006,MT401,2025-01-01,present
STU0006,MT101,2025-01-03,present
STU0006,MT101,2025-01-07,absent
STU0006,MT201,2025-01-09,present
STU0006,MT101,2025-01-13,absent
STU0006,MT101,2025-01-15,present
STU0006,MT101,2025-01-17,present
STU0006,MT401,2025-01-21,present
STU0006,MT201,2025-01-23,present
STU0006,MT201,2025-01-27,present
STU0006,MT401,2025-01-29,present
STU0006,MT201,2025-01-31,late
STU0006,MT201,2025-02-04,present
STU0006,MT401,2025-02-06,absent
STU0006,MT401,2025-02-10,present
STU0006,MT301,2025-02-12,absent
STU0006,MT201,2025-02-14,present
STU0006,MT101,2025-02-18,present
STU0006,MT401,2025-02-20,present
STU0006,MT201,2025-02-24,present
STU0006,MT401,2025-02-26,absent
STU0006,MT201,2025-02-28,present
STU0006,MT301,2025-03-04,present
STU0006,MT101,2025-03-06,present
STU0006,MT301,2025-03-10,present
STU0006,MT401,2025-03-12,late
STU0006,MT101,2025-03-14,late
STU0006,MT201,2025-03-18,absent
STU0006,MT301,2025-03-20,present
STU0006,MT101,2025-03-24,present
STU0006,MT101,2025-03-26,late
STU0006,MT401,2025-03-28,present
STU0006,MT301,2025-04-01,late
STU0006,MT101,2025-04-03,late
STU0006,MT101,2025-04-07,absent
STU0006,MT101,2025-04-09,present
STU0006,MT201,2025-04-11,present
STU0006,MT401,2025-04-15,absent
STU0006,MT301,2025-04-17,present
STU0006,MT101,2025-04-21,present
STU0006,MT201,2025-04-23,present
STU0006,MT301,2025-04-25,late
STU0006,MT301,2025-04-29,present
STU0007,PH301,2025-01-01,present
STU0007,PH201,2025-01-03,present
STU0007,PH101,2025-01-07,present
STU0007,PH301,2025-01-09,late
STU0007,PH201,2025-01-13,present
STU0007,PH201,2025-01-15,present
STU0007,PH101,2025-01-17,absent
STU0007,PH101,2025-01-21,present
STU0007,PH301,2025-01-23,present
STU0007,PH201,2025-01-27,present
STU0007,PH101,2025-01-29,present
STU0007,PH201,2025-01-31,present
STU0007,PH301,2025-02-04,absent
STU0007,PH201,2025-02-06,absent
STU0007,PH301,2025-02-10,absent
STU0007,PH301,2025-02-12,absent
STU0007,PH301,2025-02-14,present
STU0007,PH201,2025-02-18,present
STU0007,PH301,2025-02-20,absent
STU0007,PH101,2025-02-24,present
STU0007,PH201,2025-02-26,present
STU0007,PH101,2025-02-28,absent
STU0007,PH301,2025-03-04,absent
STU0007,PH201,2025-03-06,present
STU0007,PH201,2025-03-10,present
STU0007,PH201,2025-03-12,present
STU0007,PH301,2025-03-14,present
STU0007,PH301,2025-03-18,present
STU0007,PH201,2025-03-20,present
STU0007,PH201,2025-03-24,present
STU0007,PH301,2025-03-26,present
STU0007,PH201,2025-03-28,present
STU0007,PH201,2025-04-01,present
STU0007,PH101,2025-04-03,present
STU0007,PH101,2025-04-07,absent
STU0007,PH301,2025-04-09,present
STU0007,PH301,2025-04-11,present
STU0007,PH201,2025-04-15,present
STU0007,PH301,2025-04-17,absent
STU0007,PH301,2025-04-21,present
STU0007,PH201,2025-04-23,present
STU0007,PH201,2025-04-25,present
STU0007,PH101,2025-04-29,present
STU0008,PH201,2025-01-01,present
STU0008,PH201,2025-01-03,present
STU0008,PH101,2025-01-07,present
STU0008,PH301,2025-01-09,present
STU0008,PH101,2025-01-13,late
STU0008,PH101,2025-01-15,present
STU0008,PH101,2025-01-17,present
STU0008,PH201,2025-01-21,present
STU0008,PH301,2025-01-23,present
STU0008,PH301,2025-01-27,present
STU0008,PH101,2025-01-29,present
STU0008,PH301,2025-01-31,present
STU0008,PH201,2025-02-04,late
STU0008,PH101,2025-02-06,absent
STU0008,PH201,2025-02-10,present
STU0008,PH201,2025-02-12,present
STU0008,PH201,2025-02-14,present
STU0008,PH301,2025-02-18,present
STU0008,PH301,2025-02-20,present
STU0008,PH201,2025-02-24,present
STU0008,PH301,2025-02-26,present
STU0008,PH201,2025-02-28,present
STU0008,PH301,2025-03-04,present
STU0008,PH101,2025-03-06,late
STU0008,PH101,2025-03-10,present
STU0008,PH201,2025-03-12,present
STU0008,PH301,2025-03-14,present
STU0008,PH101,2025-03-18,present
STU0008,PH201,2025-03-20,present
STU0008,PH301,2025-03-24,present
STU0008,PH101,2025-03-26,present
STU0008,PH301,2025-03-28,present
STU0008,PH101,2025-04-01,present
STU0008,PH101,2025-04-03,present
STU0008,PH201,2025-04-07,present
STU0008,PH201,2025-04-09,absent
STU0008,PH301,2025-04-11,present
STU0008,PH301,2025-04-15,present
STU0008,PH301,2025-04-17,present
STU0008,PH201,2025-04-21,present
STU0008,PH301,2025-04-23,present
STU0008,PH101,2025-04-25,present
STU0008,PH301,2025-04-29,present
STU0009,BU101,2025-01-01,present
STU0009,BU101,2025-01-03,present
STU0009,BU101,2025-01-07,present
STU0009,BU401,2025-01-09,present
STU0009,BU101,2025-01-13,present
STU0009,BU401,2025-01-15,present
STU0009,BU101,2025-01-17,present
STU0009,BU201,2025-01-21,absent
STU0009,BU301,2025-01-23,present
STU0009,BU301,2025-01-27,present
STU0009,BU401,2025-01-29,present
STU0009,BU401,2025-01-31,present
STU0009,BU101,2025-02-04,present
STU0009,BU201,2025-02-06,present
STU0009,BU101,2025-02-10,late
STU0009,BU301,2025-02-12,present
STU0009,BU301,2025-02-14,present
STU0009,BU301,2025-02-18,present
STU0009,BU101,2025-02-20,present
STU0009,BU301,2025-02-24,present
STU0009,BU201,2025-02-26,late
STU0009,BU201,2025-02-28,present
STU0009,BU301,2025-03-04,late
STU0009,BU301,2025-03-06,absent
STU0009,BU201,2025-03-10,present
STU0009,BU201,2025-03-12,present
STU0009,BU201,2025-03-14,present
STU0009,BU401,2025-03-18,present
STU0009,BU201,2025-03-20,present
STU0009,BU401,2025-03-24,present
STU0009,BU301,2025-03-26,present
STU0009,BU401,2025-03-28,present
STU0009,BU401,2025-04-01,absent
STU0009,BU101,2025-04-03,present
STU0009,BU201,2025-04-07,absent
STU0009,BU101,2025-04-09,present
STU0009,BU201,2025-04-11,present
STU0009,BU401,2025-04-15,present
STU0009,BU301,2025-04-17,present
STU0009,BU401,2025-04-21,absent
STU0009,BU301,2025-04-23,absent
STU0009,BU401,2025-04-25,absent
STU0009,BU401,2025-04-29,present
STU0010,EN101,2025-01-01,present
STU0010,EN101,2025-01-03,absent
STU0010,EN201,2025-01-07,absent
STU0010,EN301,2025-01-09,late
STU0010,EN301,2025-01-13,present
STU0010,EN101,2025-01-15,present
STU0010,EN301,2025-01-17,absent
STU0010,EN301,2025-01-21,present
STU0010,EN101,2025-01-23,late
STU0010,EN301,2025-01-27,absent
STU0010,EN201,2025-01-29,present
STU0010,EN101,2025-01-31,absent
STU0010,EN301,2025-02-04,absent
STU0010,EN301,2025-02-06,present
STU0010,EN301,2025-02-10,late
STU0010,EN201,2025-02-12,present
STU0010,EN101,2025-02-14,absent
STU0010,EN301,2025-02-18,present
STU0010,EN101,2025-02-20,absent
STU0010,EN201,2025-02-24,present
STU0010,EN301,2025-02-26,present
STU0010,EN301,2025-02-28,late
STU0010,EN101,2025-03-04,present
STU0010,EN101,2025-03-06,present
STU0010,EN201,2025-03-10,late
STU0010,EN101,2025-03-12,late
STU0010,EN101,2025-03-14,present
STU0010,EN201,2025-03-18,present
STU0010,EN201,2025-03-20,present
STU0010,EN201,2025-03-24,present
STU0010,EN201,2025-03-26,present
STU0010,EN201,2025-03-28,absent
STU0010,EN301,2025-04-01,absent
STU0010,EN301,2025-04-03,absent
STU0010,EN101,2025-04-07,absent
STU0010,EN101,2025-04-09,present
STU0010,EN301,2025-04-11,present
STU0010,EN301,2025-04-15,present
STU0010,EN101,2025-04-17,present
STU0010,EN101,2025-04-21,present
STU0010,EN301,2025-04-23,absent
STU0010,EN201,2025-04-25,present
STU0010,EN201,2025-04-29,present
STU0011,CS301,2025-01-01,present
STU0011,CS201,2025-01-03,absent
STU0011,CS301,2025-01-07,present
STU0011,CS401,2025-01-09,present
STU0011,CS201,2025-01-13,present
STU0011,CS501,2025-01-15,present
STU0011,CS501,2025-01-17,present
STU0011,CS301,2025-01-21,absent
STU0011,CS201,2025-01-23,present
STU0011,CS201,2025-01-27,present
STU0011,CS401,2025-01-29,present
STU0011,CS401,2025-01-31,late
STU0011,CS301,2025-02-04,present
STU0011,CS501,2025-02-06,present
STU0011,CS401,2025-02-10,absent
STU0011,CS401,2025-02-12,late
STU0011,CS101,2025-02-14,late
STU0011,CS101,2025-02-18,absent
STU0011,CS401,2025-02-20,present
STU0011,CS501,2025-02-24,present
STU0011,CS501,2025-02-26,absent
STU0011,CS101,2025-02-28,present
STU0011,CS201,2025-03-04,present
STU0011,CS301,2025-03-06,absent
STU0011,CS201,2025-03-10,present
STU0011,CS201,2025-03-12,present
STU0011,CS301,2025-03-14,present
STU0011,CS101,2025-03-18,present
STU0011,CS201,2025-03-20,present
STU0011,CS101,2025-03-24,present
STU0011,CS501,2025-03-26,present
STU0011,CS101,2025-03-28,present
STU0011,CS501,2025-04-01,absent
STU0011,CS201,2025-04-03,present
STU0011,CS201,2025-04-07,late
STU0011,CS401,2025-04-09,present
STU0011,CS401,2025-04-11,present
STU0011,CS501,2025-04-15,absent
STU0011,CS501,2025-04-17,present
STU0011,CS101,2025-04-21,late
STU0011,CS501,2025-04-23,present
STU0011,CS401,2025-04-25,late
STU0011,CS401,2025-04-29,present
STU0012,PH201,2025-01-01,absent
STU0012,PH301,2025-01-03,present
STU0012,PH101,2025-01-07,late
STU0012,PH101,2025-01-09,present
STU0012,PH301,2025-01-13,present
STU0012,PH201,2025-01-15,late
STU0012,PH201,2025-01-17,present
STU0012,PH301,2025-01-21,present
STU0012,PH101,2025-01-23,present
STU0012,PH301,2025-01-27,present
STU0012,PH101,2025-01-29,present
STU0012,PH301,2025-01-31,present
STU0012,PH301,2025-02-04,absent
STU0012,PH201,2025-02-06,present
STU0012,PH201,2025-02-10,present
STU0012,PH101,2025-02-12,late
STU0012,PH201,2025-02-14,absent
STU0012,PH201,2025-02-18,present
STU0012,PH201,2025-02-20,present
STU0012,PH301,2025-02-24,present
STU0012,PH301,2025-02-26,present
STU0012,PH101,2025-02-28,present
STU0012,PH101,2025-03-04,present
STU0012,PH301,2025-03-06,present
STU0012,PH101,2025-03-10,present
STU0012,PH101,2025-03-12,late
STU0012,PH101,2025-03-14,late
STU0012,PH301,2025-03-18,present
STU0012,PH301,2025-03-20,present
STU0012,PH201,2025-03-24,present
STU0012,PH101,2025-03-26,absent
STU0012,PH301,2025-03-28,present
STU0012,PH301,2025-04-01,present
STU0012,PH101,2025-04-03,absent
STU0012,PH201,2025-04-07,absent
STU0012,PH101,2025-04-09,late
STU0012,PH101,2025-04-11,present
STU0012,PH201,2025-04-15,present
STU0012,PH301,2025-04-17,present
STU0012,PH101,2025-04-21,late
STU0012,PH301,2025-04-23,absent
STU0012,PH301,2025-04-25,present
STU0012,PH301,2025-04-29,present
STU0013,CS401,2025-01-01,present
STU0013,CS401,2025-01-03,present
STU0013,CS501,2025-01-07,late
STU0013,CS201,2025-01-09,present
STU0013,CS201,2025-01-13,present
STU0013,CS101,2025-01-15,present
STU0013,CS401,2025-01-17,late
STU0013,CS101,2025-01-21,absent
STU0013,CS501,2025-01-23,absent
STU0013,CS501,2025-01-27,present
STU0013,CS201,2025-01-29,present
STU0013,CS301,2025-01-31,present
STU0013,CS501,2025-02-04,present
STU0013,CS301,2025-02-06,absent
STU0013,CS501,2025-02-10,present
STU0013,CS201,2025-02-12,late
STU0013,CS401,2025-02-14,late
STU0013,CS401,2025-02-18,present
STU0013,CS301,2025-02-20,present
STU0013,CS501,2025-02-24,absent
STU0013,CS401,2025-02-26,absent
STU0013,CS401,2025-02-28,present
STU0013,CS201,2025-03-04,present
STU0013,CS501,2025-03-06,present
STU0013,CS401,2025-03-10,late
STU0013,CS301,2025-03-12,present
STU0013,CS101,2025-03-14,present
STU0013,CS401,2025-03-18,present
STU0013,CS301,2025-03-20,present
STU0013,CS301,2025-03-24,present
STU0013,CS301,2025-03-26,present
STU0013,CS401,2025-03-28,present
STU0013,CS301,2025-04-01,present
STU0013,CS401,2025-04-03,present
STU0013,CS201,2025-04-07,present
STU0013,CS401,2025-04-09,absent
STU0013,CS401,2025-04-11,present
STU0013,CS401,2025-04-15,present
STU0013,CS301,2025-04-17,absent
STU0013,CS301,2025-04-21,present
STU0013,CS101,2025-04-23,present
STU0013,CS501,2025-04-25,present
STU0013,CS501,2025-04-29,present
STU0014,BU201,2025-01-01,present
STU0014,BU101,2025-01-03,present
STU0014,BU401,2025-01-07,present
STU0014,BU301,2025-01-09,present
STU0014,BU401,2025-01-13,present
STU0014,BU401,2025-01-15,present
STU0014,BU301,2025-01-17,present
STU0014,BU101,2025-01-21,present
STU0014,BU101,2025-01-23,present
STU0014,BU201,2025-01-27,absent
STU0014,BU301,2025-01-29,present
STU0014,BU301,2025-01-31,present
STU0014,BU201,2025-02-04,present
STU0014,BU201,2025-02-06,present
STU0014,BU101,2025-02-10,present
STU0014,BU201,2025-02-12,present
STU0014,BU401,2025-02-14,absent
STU0014,BU201,2025-02-18,present
STU0014,BU401,2025-02-20,absent
STU0014,BU201,2025-02-24,present
STU0014,BU101,2025-02-26,present
STU0014,BU201,2025-02-28,present
STU0014,BU201,2025-03-04,late
STU0014,BU401,2025-03-06,present
STU0014,BU301,2025-03-10,present
STU0014,BU301,2025-03-12,present
STU0014,BU201,2025-03-14,present
STU0014,BU301,2025-03-18,present
STU0014,BU401,2025-03-20,present
STU0014,BU201,2025-03-24,present
STU0014,BU201,2025-03-26,present
STU0014,BU101,2025-03-28,present
STU0014,BU101,2025-04-01,present
STU0014,BU401,2025-04-03,present
STU0014,BU301,2025-04-07,present
STU0014,BU101,2025-04-09,present
STU0014,BU401,2025-04-11,present
STU0014,BU201,2025-04-15,present
STU0014,BU301,2025-04-17,present
STU0014,BU101,2025-04-21,present
STU0014,BU401,2025-04-23,present
STU0014,BU301,2025-04-25,present
STU0014,BU201,2025-04-29,present
STU0015,PH301,2025-01-01,present
STU0015,PH101,2025-01-03,present
STU0015,PH201,2025-01-07,present
STU0015,PH201,2025-01-09,present
STU0015,PH201,2025-01-13,present
STU0015,PH301,2025-01-15,present
STU0015,PH201,2025-01-17,present
STU0015,PH201,2025-01-21,present
STU0015,PH101,2025-01-23,present
STU0015,PH101,2025-01-27,present
STU0015,PH201,2025-01-29,present
STU0015,PH301,2025-01-31,present
STU0015,PH301,2025-02-04,absent
STU0015,PH101,2025-02-06,absent
STU0015,PH201,2025-02-10,present
STU0015,PH301,2025-02-12,present
STU0015,PH301,2025-02-14,present
STU0015,PH301,2025-02-18,present
STU0015,PH101,2025-02-20,present
STU0015,PH101,2025-02-24,present
STU0015,PH301,2025-02-26,present
STU0015,PH201,2025-02-28,present
STU0015,PH101,2025-03-04,present
STU0015,PH201,2025-03-06,present
STU0015,PH301,2025-03-10,present
STU0015,PH201,2025-03-12,present
STU0015,PH301,2025-03-14,present
STU0015,PH101,2025-03-18,present
STU0015,PH101,2025-03-20,present
STU0015,PH101,2025-03-24,absent
STU0015,PH201,2025-03-26,present
STU0015,PH201,2025-03-28,present
STU0015,PH101,2025-04-01,present
STU0015,PH101,2025-04-03,present
STU0015,PH201,2025-04-07,present
STU0015,PH101,2025-04-09,present
STU0015,PH101,2025-04-11,present
STU0015,PH301,2025-04-15,present
STU0015,PH201,2025-04-17,present
STU0015,PH301,2025-04-21,present
STU0015,PH201,2025-04-23,present
STU0015,PH101,2025-04-25,present
STU0015,PH301,2025-04-29,present
STU0016,BU201,2025-01-01,absent
STU0016,BU401,2025-01-03,present
STU0016,BU201,2025-01-07,present
STU0016,BU201,2025-01-09,absent
STU0016,BU401,2025-01-13,present
STU0016,BU201,2025-01-15,present
STU0016,BU201,2025-01-17,present
STU0016,BU301,2025-01-21,present
STU0016,BU201,2025-01-23,absent
STU0016,BU101,2025-01-27,present
STU0016,BU101,2025-01-29,present
STU0016,BU201,2025-01-31,present
STU0016,BU201,2025-02-04,present
STU0016,BU401,2025-02-06,present
STU0016,BU101,2025-02-10,present
STU0016,BU101,2025-02-12,present
STU0016,BU301,2025-02-14,late
STU0016,BU201,2025-02-18,present
STU0016,BU201,2025-02-20,present
STU0016,BU301,2025-02-24,present
STU0016,BU101,2025-02-26,present
STU0016,BU201,2025-02-28,present
STU0016,BU401,2025-03-04,present
STU0016,BU101,2025-03-06,present
STU0016,BU301,2025-03-10,present
STU0016,BU201,2025-03-12,present
STU0016,BU201,2025-03-14,absent
STU0016,BU201,2025-03-18,present
STU0016,BU201,2025-03-20,present
STU0016,BU101,2025-03-24,present
STU0016,BU201,2025-03-26,late
STU0016,BU301,2025-03-28,present
STU0016,BU301,2025-04-01,present
STU0016,BU401,2025-04-03,late
STU0016,BU101,2025-04-07,absent
STU0016,BU201,2025-04-09,absent
STU0016,BU301,2025-04-11,present
STU0016,BU401,2025-04-15,present
STU0016,BU101,2025-04-17,present
STU0016,BU301,2025-04-21,late
STU0016,BU401,2025-04-23,present
STU0016,BU201,2025-04-25,present
STU0016,BU401,2025-04-29,present
STU0017,MT101,2025-01-01,present
STU0017,MT301,2025-01-03,present
STU0017,MT101,2025-01-07,present
STU0017,MT401,2025-01-09,present
STU0017,MT401,2025-01-13,present
STU0017,MT401,2025-01-15,present
STU0017,MT101,2025-01-17,present
STU0017,MT401,2025-01-21,present
STU0017,MT301,2025-01-23,present
STU0017,MT301,2025-01-27,present
STU0017,MT301,2025-01-29,present
STU0017,MT301,2025-01-31,present
STU0017,MT301,2025-02-04,present
STU0017,MT201,2025-02-06,present
STU0017,MT101,2025-02-10,present
STU0017,MT301,2025-02-12,present
STU0017,MT401,2025-02-14,present
STU0017,MT201,2025-02-18,late
STU0017,MT401,2025-02-20,present
STU0017,MT201,2025-02-24,present
STU0017,MT401,2025-02-26,present
STU0017,MT301,2025-02-28,present
STU0017,MT101,2025-03-04,present
STU0017,MT301,2025-03-06,present
STU0017,MT201,2025-03-10,present
STU0017,MT201,2025-03-12,present
STU0017,MT401,2025-03-14,present
STU0017,MT201,2025-03-18,absent
STU0017,MT401,2025-03-20,present
STU0017,MT301,2025-03-24,late
STU0017,MT201,2025-03-26,present
STU0017,MT301,2025-03-28,present
STU0017,MT201,2025-04-01,absent
STU0017,MT201,2025-04-03,present
STU0017,MT101,2025-04-07,present
STU0017,MT201,2025-04-09,present
STU0017,MT401,2025-04-11,present
STU0017,MT401,2025-04-15,present
STU0017,MT201,2025-04-17,present
STU0017,MT201,2025-04-21,present
STU0017,MT101,2025-04-23,present
STU0017,MT301,2025-04-25,present
STU0017,MT101,2025-04-29,present
STU0018,MT201,2025-01-01,absent
STU0018,MT201,2025-01-03,present
STU0018,MT101,2025-01-07,present
STU0018,MT301,2025-01-09,present
STU0018,MT401,2025-01-13,absent
STU0018,MT301,2025-01-15,present
STU0018,MT301,2025-01-17,absent
STU0018,MT101,2025-01-21,present
STU0018,MT101,2025-01-23,present
STU0018,MT201,2025-01-27,present
STU0018,MT301,2025-01-29,present
STU0018,MT101,2025-01-31,absent
STU0018,MT401,2025-02-04,present
STU0018,MT401,2025-02-06,present
STU0018,MT401,2025-02-10,absent
STU0018,MT401,2025-02-12,present
STU0018,MT101,2025-02-14,present
STU0018,MT401,2025-02-18,absent
STU0018,MT401,2025-02-20,present
STU0018,MT201,2025-02-24,present
STU0018,MT301,2025-02-26,late
STU0018,MT401,2025-02-28,present
STU0018,MT401,2025-03-04,present
STU0018,MT401,2025-03-06,present
STU0018,MT101,2025-03-10,absent
STU0018,MT301,2025-03-12,present
STU0018,MT401,2025-03-14,present
STU0018,MT201,2025-03-18,absent
STU0018,MT201,2025-03-20,absent
STU0018,MT301,2025-03-24,present
STU0018,MT101,2025-03-26,present
STU0018,MT101,2025-03-28,present
STU0018,MT201,2025-04-01,absent
STU0018,MT301,2025-04-03,present
STU0018,MT201,2025-04-07,present
STU0018,MT301,2025-04-09,absent
STU0018,MT201,2025-04-11,absent
STU0018,MT401,2025-04-15,present
STU0018,MT401,2025-04-17,absent
STU0018,MT201,2025-04-21,present
STU0018,MT201,2025-04-23,absent
STU0018,MT101,2025-04-25,present
STU0018,MT301,2025-04-29,present
STU0019,EN201,2025-01-01,absent
STU0019,EN301,2025-01-03,present
STU0019,EN201,2025-01-07,present
STU0019,EN101,2025-01-09,present
STU0019,EN301,2025-01-13,present
STU0019,EN201,2025-01-15,present
STU0019,EN201,2025-01-17,present
STU0019,EN101,2025-01-21,present
STU0019,EN301,2025-01-23,present
STU0019,EN301,2025-01-27,present
STU0019,EN201,2025-01-29,present
STU0019,EN101,2025-01-31,absent
STU0019,EN301,2025-02-04,present
STU0019,EN301,2025-02-06,present
STU0019,EN201,2025-02-10,present
STU0019,EN301,2025-02-12,late
STU0019,EN201,2025-02-14,present
STU0019,EN301,2025-02-18,present
STU0019,EN201,2025-02-20,present
STU0019,EN101,2025-02-24,present
STU0019,EN101,2025-02-26,present
STU0019,EN301,2025-02-28,absent
STU0019,EN301,2025-03-04,late
STU0019,EN201,2025-03-06,present
STU0019,EN201,2025-03-10,present
STU0019,EN301,2025-03-12,absent
STU0019,EN201,2025-03-14,present
STU0019,EN201,2025-03-18,present
STU0019,EN201,2025-03-20,present
STU0019,EN201,2025-03-24,present
STU0019,EN301,2025-03-26,present
STU0019,EN301,2025-03-28,present
STU0019,EN201,2025-04-01,late
STU0019,EN101,2025-04-03,late
STU0019,EN101,2025-04-07,present
STU0019,EN201,2025-04-09,present
STU0019,EN101,2025-04-11,late
STU0019,EN301,2025-04-15,absent
STU0019,EN201,2025-04-17,present
STU0019,EN101,2025-04-21,absent
STU0019,EN101,2025-04-23,absent
STU0019,EN101,2025-04-25,present
STU0019,EN101,2025-04-29,present
STU0020,MT101,2025-01-01,present
STU0020,MT101,2025-01-03,present
STU0020,MT201,2025-01-07,present
STU0020,MT401,2025-01-09,present
STU0020,MT201,2025-01-13,present
STU0020,MT401,2025-01-15,present
STU0020,MT401,2025-01-17,present
STU0020,MT201,2025-01-21,present
STU0020,MT201,2025-01-23,absent
STU0020,MT301,2025-01-27,present
STU0020,MT401,2025-01-29,present
STU0020,MT401,2025-01-31,present
STU0020,MT201,2025-02-04,present
STU0020,MT201,2025-02-06,present
STU0020,MT201,2025-02-10,present
STU0020,MT201,2025-02-12,present
STU0020,MT301,2025-02-14,present
STU0020,MT401,2025-02-18,present
STU0020,MT301,2025-02-20,present
STU0020,MT201,2025-02-24,absent
STU0020,MT101,2025-02-26,present
STU0020,MT401,2025-02-28,present
STU0020,MT401,2025-03-04,present
STU0020,MT101,2025-03-06,present
STU0020,MT101,2025-03-10,present
STU0020,MT101,2025-03-12,present
STU0020,MT101,2025-03-14,late
STU0020,MT101,2025-03-18,present
STU0020,MT301,2025-03-20,present
STU0020,MT401,2025-03-24,present
STU0020,MT401,2025-03-26,late
STU0020,MT101,2025-03-28,present
STU0020,MT401,2025-04-01,present
STU0020,MT201,2025-04-03,present
STU0020,MT201,2025-04-07,present
STU0020,MT401,2025-04-09,present
STU0020,MT301,2025-04-11,absent
STU0020,MT301,2025-04-15,present
STU0020,MT401,2025-04-17,present
STU0020,MT201,2025-04-21,present
STU0020,MT401,2025-04-23,present
STU0020,MT301,2025-04-25,present
STU0020,MT301,2025-04-29,present
STU0021,MT301,2025-01-01,absent
STU0021,MT101,2025-01-03,present
STU0021,MT401,2025-01-07,present
STU0021,MT401,2025-01-09,present
STU0021,MT101,2025-01-13,present
STU0021,MT101,2025-01-15,present
STU0021,MT201,2025-01-17,present
STU0021,MT401,2025-01-21,present
STU0021,MT101,2025-01-23,absent
STU0021,MT401,2025-01-27,late
STU0021,MT301,2025-01-29,present
STU0021,MT301,2025-01-31,present
STU0021,MT101,2025-02-04,present
STU0021,MT101,2025-02-06,present
STU0021,MT301,2025-02-10,present
STU0021,MT301,2025-02-12,present
STU0021,MT401,2025-02-14,present
STU0021,MT201,2025-02-18,present
STU0021,MT301,2025-02-20,present
STU0021,MT401,2025-02-24,present
STU0021,MT401,2025-02-26,present
STU0021,MT301,2025-02-28,present
STU0021,MT301,2025-03-04,present
STU0021,MT401,2025-03-06,present
STU0021,MT201,2025-03-10,absent
STU0021,MT201,2025-03-12,present
STU0021,MT401,2025-03-14,present
STU0021,MT101,2025-03-18,present
STU0021,MT301,2025-03-20,present
STU0021,MT201,2025-03-24,present
STU0021,MT101,2025-03-26,present
STU0021,MT301,2025-03-28,absent
STU0021,MT401,2025-04-01,absent
STU0021,MT401,2025-04-03,present
STU0021,MT301,2025-04-07,present
STU0021,MT101,2025-04-09,present
STU0021,MT201,2025-04-11,present
STU0021,MT401,2025-04-15,absent
STU0021,MT301,2025-04-17,present
STU0021,MT401,2025-04-21,present
STU0021,MT401,2025-04-23,present
STU0021,MT101,2025-04-25,present
STU0021,MT201,2025-04-29,present
STU0022,BU401,2025-01-01,present
STU0022,BU301,2025-01-03,present
STU0022,BU201,2025-01-07,present
STU0022,BU301,2025-01-09,present
STU0022,BU301,2025-01-13,present
STU0022,BU101,2025-01-15,present
STU0022,BU401,2025-01-17,present
STU0022,BU301,2025-01-21,present
STU0022,BU201,2025-01-23,present
STU0022,BU101,2025-01-27,present
STU0022,BU401,2025-01-29,present
STU0022,BU201,2025-01-31,present
STU0022,BU301,2025-02-04,present
STU0022,BU101,2025-02-06,present
STU0022,BU201,2025-02-10,absent
STU0022,BU201,2025-02-12,present
STU0022,BU101,2025-02-14,present
STU0022,BU401,2025-02-18,present
STU0022,BU301,2025-02-20,present
STU0022,BU401,2025-02-24,present
STU0022,BU201,2025-02-26,present
STU0022,BU301,2025-02-28,present
STU0022,BU201,2025-03-04,present
STU0022,BU301,2025-03-06,present
STU0022,BU201,2025-03-10,present
STU0022,BU301,2025-03-12,present
STU0022,BU301,2025-03-14,present
STU0022,BU401,2025-03-18,present
STU0022,BU301,2025-03-20,present
STU0022,BU201,2025-03-24,late
STU0022,BU101,2025-03-26,present
STU0022,BU201,2025-03-28,present
STU0022,BU101,2025-04-01,present
STU0022,BU301,2025-04-03,present
STU0022,BU401,2025-04-07,absent
STU0022,BU101,2025-04-09,present
STU0022,BU201,2025-04-11,present
STU0022,BU401,2025-04-15,present
STU0022,BU101,2025-04-17,present
STU0022,BU101,2025-04-21,present
STU0022,BU101,2025-04-23,present
STU0022,BU201,2025-04-25,present
STU0022,BU301,2025-04-29,present
STU0023,EN201,2025-01-01,present
STU0023,EN201,2025-01-03,absent
STU0023,EN301,2025-01-07,absent
STU0023,EN201,2025-01-09,present
STU0023,EN201,2025-01-13,present
STU0023,EN201,2025-01-15,present
STU0023,EN101,2025-01-17,present
STU0023,EN201,2025-01-21,absent
STU0023,EN301,2025-01-23,present
STU0023,EN101,2025-01-27,present
STU0023,EN101,2025-01-29,present
STU0023,EN201,2025-01-31,present
STU0023,EN201,2025-02-04,present
STU0023,EN201,2025-02-06,present
STU0023,EN201,2025-02-10,present
STU0023,EN201,2025-02-12,present
STU0023,EN201,2025-02-14,present
STU0023,EN201,2025-02-18,present
STU0023,EN301,2025-02-20,present
STU0023,EN301,2025-02-24,present
STU0023,EN101,2025-02-26,present
STU0023,EN301,2025-02-28,present
STU0023,EN301,2025-03-04,present
STU0023,EN101,2025-03-06,present
STU0023,EN201,2025-03-10,present
STU0023,EN101,2025-03-12,absent
STU0023,EN101,2025-03-14,present
STU0023,EN101,2025-03-18,present
STU0023,EN101,2025-03-20,present
STU0023,EN201,2025-03-24,present
STU0023,EN101,2025-03-26,present
STU0023,EN101,2025-03-28,present
STU0023,EN301,2025-04-01,present
STU0023,EN301,2025-04-03,present
STU0023,EN301,2025-04-07,present
STU0023,EN201,2025-04-09,present
STU0023,EN301,2025-04-11,present
STU0023,EN201,2025-04-15,present
STU0023,EN201,2025-04-17,present
STU0023,EN301,2025-04-21,present
STU0023,EN201,2025-04-23,present
STU0023,EN301,2025-04-25,present
STU0023,EN301,2025-04-29,present
STU0024,PH301,2025-01-01,absent
STU0024,PH301,2025-01-03,absent
STU0024,PH101,2025-01-07,present
STU0024,PH301,2025-01-09,present
STU0024,PH301,2025-01-13,present
STU0024,PH301,2025-01-15,present
STU0024,PH101,2025-01-17,present
STU0024,PH101,2025-01-21,absent
STU0024,PH201,2025-01-23,present
STU0024,PH101,2025-01-27,late
STU0024,PH201,2025-01-29,present
STU0024,PH301,2025-01-31,present
STU0024,PH301,2025-02-04,present
STU0024,PH101,2025-02-06,absent
STU0024,PH101,2025-02-10,present
STU0024,PH101,2025-02-12,absent
STU0024,PH201,2025-02-14,present
STU0024,PH101,2025-02-18,present
STU0024,PH301,2025-02-20,absent
STU0024,PH201,2025-02-24,present
STU0024,PH301,2025-02-26,present
STU0024,PH301,2025-02-28,present
STU0024,PH301,2025-03-04,late
STU0024,PH201,2025-03-06,late
STU0024,PH101,2025-03-10,present
STU0024,PH101,2025-03-12,present
STU0024,PH101,2025-03-14,absent
STU0024,PH301,2025-03-18,present
STU0024,PH201,2025-03-20,present
STU0024,PH201,2025-03-24,absent
STU0024,PH301,2025-03-26,present
STU0024,PH101,2025-03-28,present
STU0024,PH101,2025-04-01,present
STU0024,PH101,2025-04-03,absent
STU0024,PH301,2025-04-07,late
STU0024,PH201,2025-04-09,late
STU0024,PH201,2025-04-11,present
STU0024,PH101,2025-04-15,absent
STU0024,PH301,2025-04-17,absent
STU0024,PH101,2025-04-21,present
STU0024,PH101,2025-04-23,absent
STU0024,PH101,2025-04-25,present
STU0024,PH101,2025-04-29,present
STU0025,CS201,2025-01-01,present
STU0025,CS301,2025-01-03,present
STU0025,CS301,2025-01-07,present
STU0025,CS401,2025-01-09,present
STU0025,CS101,2025-01-13,present
STU0025,CS501,2025-01-15,present
STU0025,CS101,2025-01-17,present
STU0025,CS301,2025-01-21,present
STU0025,CS501,2025-01-23,present
STU0025,CS101,2025-01-27,present
STU0025,CS401,2025-01-29,present
STU0025,CS101,2025-01-31,present
STU0025,CS501,2025-02-04,absent
STU0025,CS301,2025-02-06,present
STU0025,CS501,2025-02-10,present
STU0025,CS501,2025-02-12,present
STU0025,CS501,2025-02-14,absent
STU0025,CS101,2025-02-18,present
STU0025,CS201,2025-02-20,absent
STU0025,CS401,2025-02-24,present
STU0025,CS301,2025-02-26,absent
STU0025,CS101,2025-02-28,present
STU0025,CS301,2025-03-04,late
STU0025,CS301,2025-03-06,present
STU0025,CS101,2025-03-10,present
STU0025,CS501,2025-03-12,present
STU0025,CS101,2025-03-14,present
STU0025,CS501,2025-03-18,present
STU0025,CS201,2025-03-20,absent
STU0025,CS501,2025-03-24,late
STU0025,CS401,2025-03-26,present
STU0025,CS501,2025-03-28,present
STU0025,CS401,2025-04-01,present
STU0025,CS101,2025-04-03,present
STU0025,CS501,2025-04-07,present
STU0025,CS401,2025-04-09,present
STU0025,CS401,2025-04-11,present
STU0025,CS101,2025-04-15,present
STU0025,CS401,2025-04-17,present
STU0025,CS101,2025-04-21,present
STU0025,CS501,2025-04-23,present
STU0025,CS101,2025-04-25,present
STU0025,CS301,2025-04-29,late
STU0026,PH301,2025-01-01,present
STU0026,PH101,2025-01-03,present
STU0026,PH301,2025-01-07,present
STU0026,PH101,2025-01-09,present
STU0026,PH301,2025-01-13,late
STU0026,PH101,2025-01-15,absent
STU0026,PH301,2025-01-17,present
STU0026,PH301,2025-01-21,present
STU0026,PH201,2025-01-23,absent
STU0026,PH101,2025-01-27,late
STU0026,PH201,2025-01-29,present
STU0026,PH301,2025-01-31,present
STU0026,PH101,2025-02-04,present
STU0026,PH301,2025-02-06,late
STU0026,PH201,2025-02-10,present
STU0026,PH101,2025-02-12,late
STU0026,PH101,2025-02-14,present
STU0026,PH301,2025-02-18,present
STU0026,PH101,2025-02-20,present
STU0026,PH101,2025-02-24,present
STU0026,PH101,2025-02-26,present
STU0026,PH101,2025-02-28,present
STU0026,PH101,2025-03-04,present
STU0026,PH201,2025-03-06,absent
STU0026,PH301,2025-03-10,present
STU0026,PH201,2025-03-12,present
STU0026,PH101,2025-03-14,late
STU0026,PH101,2025-03-18,absent
STU0026,PH101,2025-03-20,late
STU0026,PH301,2025-03-24,late
STU0026,PH201,2025-03-26,present
STU0026,PH101,2025-03-28,present
STU0026,PH301,2025-04-01,absent
STU0026,PH101,2025-04-03,present
STU0026,PH101,2025-04-07,present
STU0026,PH201,2025-04-09,absent
STU0026,PH301,2025-04-11,present
STU0026,PH101,2025-04-15,present
STU0026,PH201,2025-04-17,present
STU0026,PH201,2025-04-21,present
STU0026,PH201,2025-04-23,present
STU0026,PH301,2025-04-25,present
STU0026,PH301,2025-04-29,absent
STU0027,EN201,2025-01-01,present
STU0027,EN201,2025-01-03,present
STU0027,EN101,2025-01-07,absent
STU0027,EN301,2025-01-09,late
STU0027,EN201,2025-01-13,absent
STU0027,EN201,2025-01-15,absent
STU0027,EN301,2025-01-17,present
STU0027,EN101,2025-01-21,present
STU0027,EN201,2025-01-23,present
STU0027,EN201,2025-01-27,present
STU0027,EN101,2025-01-29,present
STU0027,EN101,2025-01-31,present
STU0027,EN301,2025-02-04,present
STU0027,EN101,2025-02-06,present
STU0027,EN201,2025-02-10,present
STU0027,EN301,2025-02-12,present
STU0027,EN101,2025-02-14,present
STU0027,EN301,2025-02-18,present
STU0027,EN101,2025-02-20,absent
STU0027,EN301,2025-02-24,present
STU0027,EN101,2025-02-26,present
STU0027,EN101,2025-02-28,present
STU0027,EN201,2025-03-04,absent
STU0027,EN301,2025-03-06,present
STU0027,EN201,2025-03-10,present
STU0027,EN101,2025-03-12,present
STU0027,EN201,2025-03-14,present
STU0027,EN201,2025-03-18,absent
STU0027,EN201,2025-03-20,absent
STU0027,EN301,2025-03-24,present
STU0027,EN101,2025-03-26,absent
STU0027,EN101,2025-03-28,absent
STU0027,EN101,2025-04-01,present
STU0027,EN101,2025-04-03,absent
STU0027,EN301,2025-04-07,present
STU0027,EN201,2025-04-09,present
STU0027,EN101,2025-04-11,present
STU0027,EN301,2025-04-15,absent
STU0027,EN101,2025-04-17,present
STU0027,EN301,2025-04-21,absent
STU0027,EN101,2025-04-23,absent
STU0027,EN101,2025-04-25,present
STU0027,EN301,2025-04-29,absent
STU0028,CS201,2025-01-01,present
STU0028,CS201,2025-01-03,present
STU0028,CS501,2025-01-07,absent
STU0028,CS501,2025-01-09,present
STU0028,CS201,2025-01-13,absent
STU0028,CS201,2025-01-15,absent
STU0028,CS101,2025-01-17,present
STU0028,CS201,2025-01-21,present
STU0028,CS301,2025-01-23,present
STU0028,CS301,2025-01-27,present
STU0028,CS501,2025-01-29,late
STU0028,CS501,2025-01-31,present
STU0028,CS401,2025-02-04,present
STU0028,CS501,2025-02-06,present
STU0028,CS201,2025-02-10,present
STU0028,CS101,2025-02-12,absent
STU0028,CS401,2025-02-14,present
STU0028,CS201,2025-02-18,absent
STU0028,CS201,2025-02-20,present
STU0028,CS101,2025-02-24,late
STU0028,CS301,2025-02-26,present
STU0028,CS301,2025-02-28,present
STU0028,CS501,2025-03-04,late
STU0028,CS401,2025-03-06,present
STU0028,CS501,2025-03-10,late
STU0028,CS501,2025-03-12,present
STU0028,CS501,2025-03-14,present
STU0028,CS101,2025-03-18,present
STU0028,CS101,2025-03-20,present
STU0028,CS501,2025-03-24,present
STU0028,CS401,2025-03-26,present
STU0028,CS101,2025-03-28,present
STU0028,CS501,2025-04-01,present
STU0028,CS401,2025-04-03,present
STU0028,CS501,2025-04-07,absent
STU0028,CS101,2025-04-09,late
STU0028,CS301,2025-04-11,late
STU0028,CS301,2025-04-15,absent
STU0028,CS101,2025-04-17,present
STU0028,CS301,2025-04-21,absent
STU0028,CS201,2025-04-23,present
STU0028,CS101,2025-04-25,present
STU0028,CS101,2025-04-29,present
STU0029,EN101,2025-01-01,present
STU0029,EN101,2025-01-03,present
STU0029,EN101,2025-01-07,present
STU0029,EN201,2025-01-09,present
STU0029,EN101,2025-01-13,present
STU0029,EN301,2025-01-15,late
STU0029,EN101,2025-01-17,present
STU0029,EN201,2025-01-21,present
STU0029,EN201,2025-01-23,present
STU0029,EN101,2025-01-27,present
STU0029,EN301,2025-01-29,present
STU0029,EN301,2025-01-31,present
STU0029,EN101,2025-02-04,present
STU0029,EN201,2025-02-06,present
STU0029,EN201,2025-02-10,present
STU0029,EN301,2025-02-12,present
STU0029,EN201,2025-02-14,late
STU0029,EN101,2025-02-18,present
STU0029,EN301,2025-02-20,present
STU0029,EN301,2025-02-24,absent
STU0029,EN101,2025-02-26,present
STU0029,EN301,2025-02-28,present
STU0029,EN301,2025-03-04,present
STU0029,EN201,2025-03-06,present
STU0029,EN101,2025-03-10,late
STU0029,EN201,2025-03-12,present
STU0029,EN101,2025-03-14,absent
STU0029,EN301,2025-03-18,present
STU0029,EN101,2025-03-20,present
STU0029,EN201,2025-03-24,present
STU0029,EN201,2025-03-26,present
STU0029,EN301,2025-03-28,present
STU0029,EN201,2025-04-01,absent
STU0029,EN201,2025-04-03,present
STU0029,EN201,2025-04-07,late
STU0029,EN301,2025-04-09,present
STU0029,EN201,2025-04-11,absent
STU0029,EN101,2025-04-15,present
STU0029,EN201,2025-04-17,present
STU0029,EN101,2025-04-21,absent
STU0029,EN301,2025-04-23,present
STU0029,EN301,2025-04-25,present
STU0029,EN301,2025-04-29,present
STU0030,EN201,2025-01-01,present
STU0030,EN301,2025-01-03,absent
STU0030,EN101,2025-01-07,present
STU0030,EN201,2025-01-09,present
STU0030,EN101,2025-01-13,present
STU0030,EN301,2025-01-15,present
STU0030,EN201,2025-01-17,present
STU0030,EN201,2025-01-21,present
STU0030,EN201,2025-01-23,present
STU0030,EN201,2025-01-27,present
STU0030,EN201,2025-01-29,present
STU0030,EN301,2025-01-31,present
STU0030,EN301,2025-02-04,present
STU0030,EN101,2025-02-06,present
STU0030,EN301,2025-02-10,present
STU0030,EN301,2025-02-12,present
STU0030,EN301,2025-02-14,present
STU0030,EN301,2025-02-18,present
STU0030,EN201,2025-02-20,present
STU0030,EN301,2025-02-24,present
STU0030,EN301,2025-02-26,present
STU0030,EN101,2025-02-28,present
STU0030,EN201,2025-03-04,present
STU0030,EN201,2025-03-06,present
STU0030,EN101,2025-03-10,absent
STU0030,EN301,2025-03-12,present
STU0030,EN201,2025-03-14,present
STU0030,EN101,2025-03-18,present
STU0030,EN201,2025-03-20,present
STU0030,EN101,2025-03-24,present
STU0030,EN301,2025-03-26,late
STU0030,EN301,2025-03-28,present
STU0030,EN301,2025-04-01,present
STU0030,EN101,2025-04-03,present
STU0030,EN201,2025-04-07,present
STU0030,EN301,2025-04-09,present
STU0030,EN201,2025-04-11,present
STU0030,EN201,2025-04-15,present
STU0030,EN301,2025-04-17,present
STU0030,EN201,2025-04-21,present
STU0030,EN201,2025-04-23,present
STU0030,EN101,2025-04-25,present
STU0030,EN201,2025-04-29,present
STU0031,PH101,2025-01-01,present
STU0031,PH301,2025-01-03,present
STU0031,PH301,2025-01-07,present
STU0031,PH301,2025-01-09,present
STU0031,PH201,2025-01-13,present
STU0031,PH201,2025-01-15,present
STU0031,PH201,2025-01-17,present
STU0031,PH201,2025-01-21,present
STU0031,PH301,2025-01-23,present
STU0031,PH101,2025-01-27,present
STU0031,PH301,2025-01-29,present
STU0031,PH201,2025-01-31,absent
STU0031,PH101,2025-02-04,present
STU0031,PH101,2025-02-06,present
STU0031,PH101,2025-02-10,present
STU0031,PH201,2025-02-12,present
STU0031,PH201,2025-02-14,present
STU0031,PH201,2025-02-18,present
STU0031,PH101,2025-02-20,present
STU0031,PH301,2025-02-24,present
STU0031,PH301,2025-02-26,present
STU0031,PH201,2025-02-28,absent
STU0031,PH101,2025-03-04,present
STU0031,PH201,2025-03-06,present
STU0031,PH201,2025-03-10,present
STU0031,PH301,2025-03-12,present
STU0031,PH301,2025-03-14,present
STU0031,PH201,2025-03-18,present
STU0031,PH301,2025-03-20,present
STU0031,PH201,2025-03-24,present
STU0031,PH301,2025-03-26,present
STU0031,PH101,2025-03-28,present
STU0031,PH101,2025-04-01,present
STU0031,PH301,2025-04-03,present
STU0031,PH201,2025-04-07,late
STU0031,PH101,2025-04-09,present
STU0031,PH301,2025-04-11,present
STU0031,PH201,2025-04-15,present
STU0031,PH201,2025-04-17,present
STU0031,PH101,2025-04-21,present
STU0031,PH101,2025-04-23,present
STU0031,PH201,2025-04-25,present
STU0031,PH201,2025-04-29,present
STU0032,PH101,2025-01-01,late
STU0032,PH301,2025-01-03,late
STU0032,PH301,2025-01-07,present
STU0032,PH201,2025-01-09,present
STU0032,PH201,2025-01-13,present
STU0032,PH101,2025-01-15,present
STU0032,PH101,2025-01-17,present
STU0032,PH201,2025-01-21,present
STU0032,PH301,2025-01-23,present
STU0032,PH301,2025-01-27,absent
STU0032,PH101,2025-01-29,present
STU0032,PH201,2025-01-31,present
STU0032,PH201,2025-02-04,present
STU0032,PH301,2025-02-06,present
STU0032,PH301,2025-02-10,present
STU0032,PH301,2025-02-12,late
STU0032,PH301,2025-02-14,present
STU0032,PH201,2025-02-18,absent
STU0032,PH201,2025-02-20,present
STU0032,PH301,2025-02-24,present
STU0032,PH101,2025-02-26,present
STU0032,PH101,2025-02-28,present
STU0032,PH201,2025-03-04,absent
STU0032,PH201,2025-03-06,absent
STU0032,PH201,2025-03-10,present
STU0032,PH101,2025-03-12,present
STU0032,PH201,2025-03-14,present
STU0032,PH301,2025-03-18,absent
STU0032,PH201,2025-03-20,present
STU0032,PH301,2025-03-24,present
STU0032,PH201,2025-03-26,present
STU0032,PH101,2025-03-28,present
STU0032,PH101,2025-04-01,present
STU0032,PH101,2025-04-03,present
STU0032,PH201,2025-04-07,absent
STU0032,PH201,2025-04-09,present
STU0032,PH101,2025-04-11,present
STU0032,PH101,2025-04-15,late
STU0032,PH101,2025-04-17,present
STU0032,PH301,2025-04-21,absent
STU0032,PH101,2025-04-23,present
STU0032,PH201,2025-04-25,present
STU0032,PH101,2025-04-29,absent
STU0033,EN201,2025-01-01,present
STU0033,EN101,2025-01-03,present
STU0033,EN101,2025-01-07,present
STU0033,EN201,2025-01-09,present
STU0033,EN101,2025-01-13,present
STU0033,EN201,2025-01-15,present
STU0033,EN301,2025-01-17,late
STU0033,EN201,2025-01-21,present
STU0033,EN101,2025-01-23,present
STU0033,EN101,2025-01-27,present
STU0033,EN301,2025-01-29,absent
STU0033,EN201,2025-01-31,present
STU0033,EN301,2025-02-04,late
STU0033,EN301,2025-02-06,present
STU0033,EN301,2025-02-10,present
STU0033,EN201,2025-02-12,present
STU0033,EN301,2025-02-14,present
STU0033,EN201,2025-02-18,present
STU0033,EN101,2025-02-20,present
STU0033,EN201,2025-02-24,absent
STU0033,EN101,2025-02-26,present
STU0033,EN101,2025-02-28,present
STU0033,EN201,2025-03-04,present
STU0033,EN101,2025-03-06,present
STU0033,EN201,2025-03-10,present
STU0033,EN101,2025-03-12,present
STU0033,EN101,2025-03-14,present
STU0033,EN301,2025-03-18,absent
STU0033,EN201,2025-03-20,present
STU0033,EN301,2025-03-24,present
STU0033,EN101,2025-03-26,absent
STU0033,EN201,2025-03-28,absent
STU0033,EN101,2025-04-01,present
STU0033,EN101,2025-04-03,absent
STU0033,EN101,2025-04-07,present
STU0033,EN301,2025-04-09,present
STU0033,EN101,2025-04-11,present
STU0033,EN301,2025-04-15,present
STU0033,EN201,2025-04-17,present
STU0033,EN201,2025-04-21,late
STU0033,EN201,2025-04-23,present
STU0033,EN101,2025-04-25,present
STU0033,EN201,2025-04-29,present
STU0034,PH301,2025-01-01,absent
STU0034,PH301,2025-01-03,present
STU0034,PH101,2025-01-07,present
STU0034,PH201,2025-01-09,present
STU0034,PH301,2025-01-13,present
STU0034,PH101,2025-01-15,late
STU0034,PH101,2025-01-17,late
STU0034,PH101,2025-01-21,present
STU0034,PH101,2025-01-23,late
STU0034,PH301,2025-01-27,present
STU0034,PH301,2025-01-29,absent
STU0034,PH301,2025-01-31,present
STU0034,PH101,2025-02-04,present
STU0034,PH101,2025-02-06,present
STU0034,PH301,2025-02-10,present
STU0034,PH101,2025-02-12,present
STU0034,PH101,2025-02-14,present
STU0034,PH301,2025-02-18,present
STU0034,PH201,2025-02-20,present
STU0034,PH201,2025-02-24,present
STU0034,PH301,2025-02-26,present
STU0034,PH101,2025-02-28,late
STU0034,PH301,2025-03-04,present
STU0034,PH101,2025-03-06,present
STU0034,PH201,2025-03-10,present
STU0034,PH301,2025-03-12,absent
STU0034,PH301,2025-03-14,present
STU0034,PH101,2025-03-18,present
STU0034,PH201,2025-03-20,absent
STU0034,PH101,2025-03-24,late
STU0034,PH301,2025-03-26,present
STU0034,PH201,2025-03-28,present
STU0034,PH301,2025-04-01,present
STU0034,PH101,2025-04-03,absent
STU0034,PH201,2025-04-07,present
STU0034,PH301,2025-04-09,present
STU0034,PH101,2025-04-11,absent
STU0034,PH301,2025-04-15,present
STU0034,PH301,2025-04-17,present
STU0034,PH201,2025-04-21,present
STU0034,PH201,2025-04-23,present
STU0034,PH301,2025-04-25,present
STU0034,PH301,2025-04-29,present
STU0035,CS201,2025-01-01,present
STU0035,CS301,2025-01-03,present
STU0035,CS101,2025-01-07,late
STU0035,CS201,2025-01-09,present
STU0035,CS101,2025-01-13,late
STU0035,CS101,2025-01-15,present
STU0035,CS401,2025-01-17,absent
STU0035,CS501,2025-01-21,absent
STU0035,CS201,2025-01-23,present
STU0035,CS201,2025-01-27,absent
STU0035,CS101,2025-01-29,absent
STU0035,CS201,2025-01-31,present
STU0035,CS401,2025-02-04,present
STU0035,CS501,2025-02-06,absent
STU0035,CS501,2025-02-10,absent
STU0035,CS501,2025-02-12,absent
STU0035,CS101,2025-02-14,absent
STU0035,CS501,2025-02-18,present
STU0035,CS101,2025-02-20,absent
STU0035,CS101,2025-02-24,present
STU0035,CS101,2025-02-26,present
STU0035,CS501,2025-02-28,present
STU0035,CS401,2025-03-04,present
STU0035,CS201,2025-03-06,present
STU0035,CS301,2025-03-10,present
STU0035,CS201,2025-03-12,absent
STU0035,CS401,2025-03-14,present
STU0035,CS301,2025-03-18,present
STU0035,CS401,2025-03-20,present
STU0035,CS501,2025-03-24,present
STU0035,CS501,2025-03-26,present
STU0035,CS401,2025-03-28,present
STU0035,CS201,2025-04-01,present
STU0035,CS301,2025-04-03,absent
STU0035,CS301,2025-04-07,present
STU0035,CS501,2025-04-09,present
STU0035,CS401,2025-04-11,present
STU0035,CS401,2025-04-15,absent
STU0035,CS301,2025-04-17,present
STU0035,CS301,2025-04-21,present
STU0035,CS201,2025-04-23,present
STU0035,CS401,2025-04-25,present
STU0035,CS201,2025-04-29,present
STU0036,PH301,2025-01-01,present
STU0036,PH201,2025-01-03,present
STU0036,PH301,2025-01-07,present
STU0036,PH301,2025-01-09,present
STU0036,PH301,2025-01-13,absent
STU0036,PH101,2025-01-15,absent
STU0036,PH101,2025-01-17,absent
STU0036,PH301,2025-01-21,late
STU0036,PH201,2025-01-23,present
STU0036,PH301,2025-01-27,present
STU0036,PH101,2025-01-29,present
STU0036,PH201,2025-01-31,present
STU0036,PH201,2025-02-04,absent
STU0036,PH201,2025-02-06,present
STU0036,PH301,2025-02-10,late
STU0036,PH101,2025-02-12,present
STU0036,PH101,2025-02-14,late
STU0036,PH301,2025-02-18,present
STU0036,PH201,2025-02-20,present
STU0036,PH101,2025-02-24,present
STU0036,PH201,2025-02-26,present
STU0036,PH101,2025-02-28,present
STU0036,PH101,2025-03-04,present
STU0036,PH201,2025-03-06,absent
STU0036,PH301,2025-03-10,present
STU0036,PH301,2025-03-12,present
STU0036,PH301,2025-03-14,present
STU0036,PH101,2025-03-18,absent
STU0036,PH301,2025-03-20,present
STU0036,PH101,2025-03-24,present
STU0036,PH201,2025-03-26,present
STU0036,PH101,2025-03-28,present
STU0036,PH101,2025-04-01,present
STU0036,PH201,2025-04-03,present
STU0036,PH201,2025-04-07,present
STU0036,PH201,2025-04-09,present
STU0036,PH101,2025-04-11,present
STU0036,PH301,2025-04-15,present
STU0036,PH301,2025-04-17,present
STU0036,PH301,2025-04-21,late
STU0036,PH101,2025-04-23,present
STU0036,PH301,2025-04-25,absent
STU0036,PH201,2025-04-29,present
STU0037,MT201,2025-01-01,present
STU0037,MT101,2025-01-03,present
STU0037,MT301,2025-01-07,late
STU0037,MT401,2025-01-09,present
STU0037,MT401,2025-01-13,absent
STU0037,MT401,2025-01-15,absent
STU0037,MT401,2025-01-17,present
STU0037,MT401,2025-01-21,present
STU0037,MT401,2025-01-23,present
STU0037,MT101,2025-01-27,present
STU0037,MT201,2025-01-29,absent
STU0037,MT401,2025-01-31,absent
STU0037,MT301,2025-02-04,present
STU0037,MT301,2025-02-06,present
STU0037,MT401,2025-02-10,present
STU0037,MT101,2025-02-12,present
STU0037,MT201,2025-02-14,absent
STU0037,MT101,2025-02-18,present
STU0037,MT401,2025-02-20,present
STU0037,MT301,2025-02-24,present
STU0037,MT201,2025-02-26,present
STU0037,MT101,2025-02-28,present
STU0037,MT201,2025-03-04,present
STU0037,MT401,2025-03-06,present
STU0037,MT301,2025-03-10,present
STU0037,MT201,2025-03-12,absent
STU0037,MT101,2025-03-14,present
STU0037,MT301,2025-03-18,present
STU0037,MT201,2025-03-20,present
STU0037,MT401,2025-03-24,present
STU0037,MT201,2025-03-26,present
STU0037,MT101,2025-03-28,present
STU0037,MT101,2025-04-01,present
STU0037,MT401,2025-04-03,present
STU0037,MT301,2025-04-07,present
STU0037,MT101,2025-04-09,present
STU0037,MT301,2025-04-11,late
STU0037,MT301,2025-04-15,present
STU0037,MT201,2025-04-17,present
STU0037,MT101,2025-04-21,present
STU0037,MT101,2025-04-23,present
STU0037,MT101,2025-04-25,present
STU0037,MT401,2025-04-29,present
STU0038,BU101,2025-01-01,late
STU0038,BU301,2025-01-03,present
STU0038,BU301,2025-01-07,present
STU0038,BU301,2025-01-09,absent
STU0038,BU201,2025-01-13,present
STU0038,BU401,2025-01-15,present
STU0038,BU301,2025-01-17,present
STU0038,BU301,2025-01-21,present
STU0038,BU401,2025-01-23,absent
STU0038,BU301,2025-01-27,present
STU0038,BU301,2025-01-29,present
STU0038,BU201,2025-01-31,present
STU0038,BU201,2025-02-04,present
STU0038,BU101,2025-02-06,present
STU0038,BU401,2025-02-10,present
STU0038,BU101,2025-02-12,present
STU0038,BU101,2025-02-14,absent
STU0038,BU301,2025-02-18,present
STU0038,BU201,2025-02-20,present
STU0038,BU201,2025-02-24,absent
STU0038,BU201,2025-02-26,present
STU0038,BU301,2025-02-28,present
STU0038,BU401,2025-03-04,present
STU0038,BU201,2025-03-06,present
STU0038,BU401,2025-03-10,present
STU0038,BU401,2025-03-12,late
STU0038,BU101,2025-03-14,present
STU0038,BU101,2025-03-18,present
STU0038,BU101,2025-03-20,absent
STU0038,BU101,2025-03-24,present
STU0038,BU201,2025-03-26,present
STU0038,BU301,2025-03-28,present
STU0038,BU201,2025-04-01,late
STU0038,BU301,2025-04-03,present
STU0038,BU301,2025-04-07,absent
STU0038,BU401,2025-04-09,present
STU0038,BU301,2025-04-11,present
STU0038,BU301,2025-04-15,present
STU0038,BU401,2025-04-17,present
STU0038,BU101,2025-04-21,absent
STU0038,BU101,2025-04-23,present
STU0038,BU401,2025-04-25,present
STU0038,BU401,2025-04-29,absent
STU0039,BU101,2025-01-01,absent
STU0039,BU201,2025-01-03,present
STU0039,BU101,2025-01-07,present
STU0039,BU301,2025-01-09,present
STU0039,BU201,2025-01-13,late
STU0039,BU401,2025-01-15,absent
STU0039,BU301,2025-01-17,present
STU0039,BU201,2025-01-21,present
STU0039,BU401,2025-01-23,present
STU0039,BU401,2025-01-27,present
STU0039,BU201,2025-01-29,present
STU0039,BU201,2025-01-31,present
STU0039,BU401,2025-02-04,present
STU0039,BU301,2025-02-06,present
STU0039,BU101,2025-02-10,present
STU0039,BU201,2025-02-12,present
STU0039,BU201,2025-02-14,present
STU0039,BU101,2025-02-18,present
STU0039,BU201,2025-02-20,present
STU0039,BU201,2025-02-24,present
STU0039,BU201,2025-02-26,present
STU0039,BU201,2025-02-28,absent
STU0039,BU301,2025-03-04,present
STU0039,BU301,2025-03-06,present
STU0039,BU101,2025-03-10,present
STU0039,BU401,2025-03-12,present
STU0039,BU101,2025-03-14,present
STU0039,BU301,2025-03-18,present
STU0039,BU401,2025-03-20,absent
STU0039,BU201,2025-03-24,present
STU0039,BU101,2025-03-26,late
STU0039,BU301,2025-03-28,present
STU0039,BU201,2025-04-01,present
STU0039,BU401,2025-04-03,absent
STU0039,BU401,2025-04-07,present
STU0039,BU301,2025-04-09,present
STU0039,BU401,2025-04-11,present
STU0039,BU401,2025-04-15,absent
STU0039,BU401,2025-04-17,absent
STU0039,BU301,2025-04-21,present
STU0039,BU101,2025-04-23,present
STU0039,BU401,2025-04-25,present
STU0039,BU101,2025-04-29,present
STU0040,CS201,2025-01-01,present
STU0040,CS401,2025-01-03,present
STU0040,CS401,2025-01-07,present
STU0040,CS401,2025-01-09,present
STU0040,CS301,2025-01-13,late
STU0040,CS401,2025-01-15,present
STU0040,CS101,2025-01-17,present
STU0040,CS101,2025-01-21,present
STU0040,CS401,2025-01-23,absent
STU0040,CS401,2025-01-27,absent
STU0040,CS201,2025-01-29,present
STU0040,CS201,2025-01-31,present
STU0040,CS501,2025-02-04,present
STU0040,CS201,2025-02-06,present
STU0040,CS101,2025-02-10,present
STU0040,CS201,2025-02-12,present
STU0040,CS501,2025-02-14,present
STU0040,CS201,2025-02-18,present
STU0040,CS101,2025-02-20,present
STU0040,CS501,2025-02-24,present
STU0040,CS201,2025-02-26,present
STU0040,CS501,2025-02-28,late
STU0040,CS401,2025-03-04,present
STU0040,CS501,2025-03-06,late
STU0040,CS201,2025-03-10,present
STU0040,CS401,2025-03-12,present
STU0040,CS501,2025-03-14,present
STU0040,CS301,2025-03-18,present
STU0040,CS401,2025-03-20,present
STU0040,CS201,2025-03-24,present
STU0040,CS401,2025-03-26,present
STU0040,CS301,2025-03-28,present
STU0040,CS201,2025-04-01,present
STU0040,CS501,2025-04-03,present
STU0040,CS201,2025-04-07,present
STU0040,CS201,2025-04-09,present
STU0040,CS101,2025-04-11,present
STU0040,CS301,2025-04-15,present
STU0040,CS301,2025-04-17,late
STU0040,CS501,2025-04-21,present
STU0040,CS401,2025-04-23,present
STU0040,CS501,2025-04-25,late
STU0040,CS201,2025-04-29,present
STU0041,MT101,2025-01-01,present
STU0041,MT401,2025-01-03,present
STU0041,MT401,2025-01-07,present
STU0041,MT401,2025-01-09,present
STU0041,MT101,2025-01-13,present
STU0041,MT301,2025-01-15,present
STU0041,MT301,2025-01-17,present
STU0041,MT201,2025-01-21,late
STU0041,MT101,2025-01-23,absent
STU0041,MT201,2025-01-27,present
STU0041,MT201,2025-01-29,present
STU0041,MT301,2025-01-31,present
STU0041,MT301,2025-02-04,present
STU0041,MT201,2025-02-06,present
STU0041,MT301,2025-02-10,present
STU0041,MT301,2025-02-12,absent
STU0041,MT101,2025-02-14,present
STU0041,MT101,2025-02-18,present
STU0041,MT301,2025-02-20,present
STU0041,MT401,2025-02-24,present
STU0041,MT301,2025-02-26,absent
STU0041,MT101,2025-02-28,present
STU0041,MT201,2025-03-04,present
STU0041,MT301,2025-03-06,present
STU0041,MT201,2025-03-10,present
STU0041,MT101,2025-03-12,present
STU0041,MT101,2025-03-14,present
STU0041,MT401,2025-03-18,present
STU0041,MT201,2025-03-20,present
STU0041,MT401,2025-03-24,present
STU0041,MT101,2025-03-26,present
STU0041,MT401,2025-03-28,present
STU0041,MT101,2025-04-01,present
STU0041,MT301,2025-04-03,present
STU0041,MT201,2025-04-07,late
STU0041,MT401,2025-04-09,absent
STU0041,MT301,2025-04-11,late
STU0041,MT101,2025-04-15,present
STU0041,MT101,2025-04-17,present
STU0041,MT401,2025-04-21,present
STU0041,MT301,2025-04-23,present
STU0041,MT301,2025-04-25,absent
STU0041,MT301,2025-04-29,present
STU0042,BU301,2025-01-01,present
STU0042,BU301,2025-01-03,present
STU0042,BU201,2025-01-07,present
STU0042,BU101,2025-01-09,present
STU0042,BU201,2025-01-13,present
STU0042,BU401,2025-01-15,present
STU0042,BU201,2025-01-17,present
STU0042,BU101,2025-01-21,present
STU0042,BU201,2025-01-23,absent
STU0042,BU401,2025-01-27,absent
STU0042,BU201,2025-01-29,late
STU0042,BU401,2025-01-31,absent
STU0042,BU301,2025-02-04,present
STU0042,BU401,2025-02-06,present
STU0042,BU201,2025-02-10,present
STU0042,BU401,2025-02-12,present
STU0042,BU401,2025-02-14,absent
STU0042,BU401,2025-02-18,present
STU0042,BU401,2025-02-20,absent
STU0042,BU401,2025-02-24,present
STU0042,BU401,2025-02-26,present
STU0042,BU401,2025-02-28,present
STU0042,BU301,2025-03-04,absent
STU0042,BU201,2025-03-06,present
STU0042,BU301,2025-03-10,present
STU0042,BU401,2025-03-12,present
STU0042,BU101,2025-03-14,present
STU0042,BU201,2025-03-18,present
STU0042,BU301,2025-03-20,present
STU0042,BU101,2025-03-24,present
STU0042,BU401,2025-03-26,present
STU0042,BU301,2025-03-28,present
STU0042,BU101,2025-04-01,present
STU0042,BU301,2025-04-03,present
STU0042,BU201,2025-04-07,present
STU0042,BU101,2025-04-09,present
STU0042,BU301,2025-04-11,present
STU0042,BU201,2025-04-15,late
STU0042,BU401,2025-04-17,present
STU0042,BU401,2025-04-21,present
STU0042,BU201,2025-04-23,present
STU0042,BU201,2025-04-25,present
STU0042,BU201,2025-04-29,absent
STU0043,BU101,2025-01-01,present
STU0043,BU401,2025-01-03,present
STU0043,BU401,2025-01-07,present
STU0043,BU101,2025-01-09,present
STU0043,BU301,2025-01-13,present
STU0043,BU101,2025-01-15,present
STU0043,BU101,2025-01-17,present
STU0043,BU101,2025-01-21,present
STU0043,BU101,2025-01-23,present
STU0043,BU101,2025-01-27,late
STU0043,BU201,2025-01-29,present
STU0043,BU101,2025-01-31,present
STU0043,BU301,2025-02-04,present
STU0043,BU301,2025-02-06,present
STU0043,BU101,2025-02-10,present
STU0043,BU301,2025-02-12,present
STU0043,BU301,2025-02-14,present
STU0043,BU201,2025-02-18,present
STU0043,BU201,2025-02-20,present
STU0043,BU401,2025-02-24,present
STU0043,BU301,2025-02-26,present
STU0043,BU401,2025-02-28,late
STU0043,BU201,2025-03-04,present
STU0043,BU101,2025-03-06,present
STU0043,BU301,2025-03-10,late
STU0043,BU101,2025-03-12,present
STU0043,BU101,2025-03-14,present
STU0043,BU101,2025-03-18,present
STU0043,BU401,2025-03-20,present
STU0043,BU101,2025-03-24,present
STU0043,BU401,2025-03-26,present
STU0043,BU301,2025-03-28,present
STU0043,BU401,2025-04-01,absent
STU0043,BU101,2025-04-03,present
STU0043,BU301,2025-04-07,present
STU0043,BU101,2025-04-09,present
STU0043,BU301,2025-04-11,present
STU0043,BU401,2025-04-15,present
STU0043,BU201,2025-04-17,absent
STU0043,BU101,2025-04-21,present
STU0043,BU401,2025-04-23,present
STU0043,BU401,2025-04-25,present
STU0043,BU401,2025-04-29,absent
STU0044,CS401,2025-01-01,present
STU0044,CS201,2025-01-03,present
STU0044,CS401,2025-01-07,absent
STU0044,CS401,2025-01-09,absent
STU0044,CS201,2025-01-13,absent
STU0044,CS101,2025-01-15,absent
STU0044,CS501,2025-01-17,present
STU0044,CS401,2025-01-21,absent
STU0044,CS101,2025-01-23,present
STU0044,CS101,2025-01-27,absent
STU0044,CS201,2025-01-29,present
STU0044,CS201,2025-01-31,absent
STU0044,CS401,2025-02-04,present
STU0044,CS201,2025-02-06,present
STU0044,CS401,2025-02-10,present
STU0044,CS301,2025-02-12,late
STU0044,CS201,2025-02-14,late
STU0044,CS201,2025-02-18,present
STU0044,CS101,2025-02-20,present
STU0044,CS301,2025-02-24,present
STU0044,CS501,2025-02-26,present
STU0044,CS401,2025-02-28,absent
STU0044,CS501,2025-03-04,present
STU0044,CS501,2025-03-06,present
STU0044,CS401,2025-03-10,absent
STU0044,CS201,2025-03-12,present
STU0044,CS301,2025-03-14,present
STU0044,CS301,2025-03-18,present
STU0044,CS501,2025-03-20,present
STU0044,CS401,2025-03-24,present
STU0044,CS101,2025-03-26,present
STU0044,CS301,2025-03-28,present
STU0044,CS301,2025-04-01,absent
STU0044,CS401,2025-04-03,present
STU0044,CS501,2025-04-07,absent
STU0044,CS201,2025-04-09,present
STU0044,CS201,2025-04-11,present
STU0044,CS401,2025-04-15,present
STU0044,CS401,2025-04-17,present
STU0044,CS101,2025-04-21,present
STU0044,CS101,2025-04-23,late
STU0044,CS101,2025-04-25,present
STU0044,CS301,2025-04-29,present
STU0045,MT301,2025-01-01,absent
STU0045,MT101,2025-01-03,present
STU0045,MT401,2025-01-07,present
STU0045,MT401,2025-01-09,absent
STU0045,MT201,2025-01-13,present
STU0045,MT201,2025-01-15,present
STU0045,MT401,2025-01-17,present
STU0045,MT101,2025-01-21,absent
STU0045,MT401,2025-01-23,present
STU0045,MT301,2025-01-27,present
STU0045,MT401,2025-01-29,absent
STU0045,MT401,2025-01-31,present
STU0045,MT101,2025-02-04,absent
STU0045,MT101,2025-02-06,present
STU0045,MT301,2025-02-10,late
STU0045,MT401,2025-02-12,present
STU0045,MT201,2025-02-14,present
STU0045,MT301,2025-02-18,present
STU0045,MT401,2025-02-20,present
STU0045,MT401,2025-02-24,absent
STU0045,MT301,2025-02-26,late
STU0045,MT201,2025-02-28,present
STU0045,MT201,2025-03-04,present
STU0045,MT401,2025-03-06,absent
STU0045,MT301,2025-03-10,absent
STU0045,MT301,2025-03-12,present
STU0045,MT401,2025-03-14,present
STU0045,MT101,2025-03-18,present
STU0045,MT201,2025-03-20,absent
STU0045,MT401,2025-03-24,present
STU0045,MT201,2025-03-26,present
STU0045,MT201,2025-03-28,present
STU0045,MT401,2025-04-01,absent
STU0045,MT401,2025-04-03,present
STU0045,MT401,2025-04-07,present
STU0045,MT401,2025-04-09,present
STU0045,MT301,2025-04-11,present
STU0045,MT401,2025-04-15,present
STU0045,MT301,2025-04-17,present
STU0045,MT301,2025-04-21,present
STU0045,MT401,2025-04-23,present
STU0045,MT401,2025-04-25,present
STU0045,MT401,2025-04-29,present
STU0046,PH301,2025-01-01,absent
STU0046,PH201,2025-01-03,present
STU0046,PH301,2025-01-07,absent
STU0046,PH301,2025-01-09,present
STU0046,PH201,2025-01-13,present
STU0046,PH201,2025-01-15,present
STU0046,PH301,2025-01-17,present
STU0046,PH101,2025-01-21,absent
STU0046,PH201,2025-01-23,present
STU0046,PH201,2025-01-27,absent
STU0046,PH301,2025-01-29,present
STU0046,PH301,2025-01-31,present
STU0046,PH101,2025-02-04,present
STU0046,PH201,2025-02-06,present
STU0046,PH201,2025-02-10,present
STU0046,PH201,2025-02-12,present
STU0046,PH201,2025-02-14,present
STU0046,PH301,2025-02-18,present
STU0046,PH101,2025-02-20,present
STU0046,PH301,2025-02-24,late
STU0046,PH301,2025-02-26,late
STU0046,PH101,2025-02-28,present
STU0046,PH201,2025-03-04,present
STU0046,PH101,2025-03-06,present
STU0046,PH201,2025-03-10,absent
STU0046,PH101,2025-03-12,present
STU0046,PH201,2025-03-14,present
STU0046,PH201,2025-03-18,absent
STU0046,PH101,2025-03-20,present
STU0046,PH301,2025-03-24,present
STU0046,PH301,2025-03-26,present
STU0046,PH101,2025-03-28,present
STU0046,PH301,2025-04-01,present
STU0046,PH301,2025-04-03,present
STU0046,PH201,2025-04-07,present
STU0046,PH301,2025-04-09,present
STU0046,PH301,2025-04-11,absent
STU0046,PH301,2025-04-15,present
STU0046,PH301,2025-04-17,present
STU0046,PH201,2025-04-21,present
STU0046,PH201,2025-04-23,late
STU0046,PH101,2025-04-25,present
STU0046,PH301,2025-04-29,present
STU0047,MT301,2025-01-01,absent
STU0047,MT301,2025-01-03,absent
STU0047,MT101,2025-01-07,present
STU0047,MT201,2025-01-09,absent
STU0047,MT401,2025-01-13,present
STU0047,MT301,2025-01-15,present
STU0047,MT301,2025-01-17,present
STU0047,MT101,2025-01-21,present
STU0047,MT401,2025-01-23,absent
STU0047,MT101,2025-01-27,present
STU0047,MT301,2025-01-29,present
STU0047,MT201,2025-01-31,absent
STU0047,MT201,2025-02-04,absent
STU0047,MT201,2025-02-06,present
STU0047,MT301,2025-02-10,present
STU0047,MT401,2025-02-12,present
STU0047,MT201,2025-02-14,absent
STU0047,MT201,2025-02-18,present
STU0047,MT101,2025-02-20,late
STU0047,MT201,2025-02-24,present
STU0047,MT401,2025-02-26,present
STU0047,MT401,2025-02-28,present
STU0047,MT301,2025-03-04,present
STU0047,MT101,2025-03-06,present
STU0047,MT301,2025-03-10,absent
STU0047,MT101,2025-03-12,present
STU0047,MT401,2025-03-14,present
STU0047,MT201,2025-03-18,absent
STU0047,MT401,2025-03-20,present
STU0047,MT201,2025-03-24,absent
STU0047,MT101,2025-03-26,present
STU0047,MT301,2025-03-28,present
STU0047,MT101,2025-04-01,present
STU0047,MT301,2025-04-03,present
STU0047,MT101,2025-04-07,absent
STU0047,MT401,2025-04-09,present
STU0047,MT201,2025-04-11,present
STU0047,MT201,2025-04-15,present
STU0047,MT301,2025-04-17,present
STU0047,MT101,2025-04-21,absent
STU0047,MT301,2025-04-23,present
STU0047,MT101,2025-04-25,present
STU0047,MT101,2025-04-29,late
STU0048,EN301,2025-01-01,present
STU0048,EN101,2025-01-03,late
STU0048,EN201,2025-01-07,present
STU0048,EN201,2025-01-09,present
STU0048,EN301,2025-01-13,present
STU0048,EN101,2025-01-15,absent
STU0048,EN301,2025-01-17,late
STU0048,EN201,2025-01-21,present
STU0048,EN301,2025-01-23,present
STU0048,EN301,2025-01-27,present
STU0048,EN201,2025-01-29,present
STU0048,EN101,2025-01-31,present
STU0048,EN101,2025-02-04,late
STU0048,EN201,2025-02-06,present
STU0048,EN201,2025-02-10,present
STU0048,EN201,2025-02-12,present
STU0048,EN201,2025-02-14,present
STU0048,EN301,2025-02-18,present
STU0048,EN201,2025-02-20,present
STU0048,EN201,2025-02-24,absent
STU0048,EN301,2025-02-26,present
STU0048,EN201,2025-02-28,present
STU0048,EN201,2025-03-04,present
STU0048,EN301,2025-03-06,absent
STU0048,EN101,2025-03-10,absent
STU0048,EN101,2025-03-12,present
STU0048,EN101,2025-03-14,absent
STU0048,EN101,2025-03-18,present
STU0048,EN201,2025-03-20,present
STU0048,EN101,2025-03-24,present
STU0048,EN301,2025-03-26,present
STU0048,EN301,2025-03-28,present
STU0048,EN201,2025-04-01,late
STU0048,EN201,2025-04-03,absent
STU0048,EN101,2025-04-07,absent
STU0048,EN201,2025-04-09,present
STU0048,EN301,2025-04-11,present
STU0048,EN101,2025-04-15,present
STU0048,EN101,2025-04-17,present
STU0048,EN301,2025-04-21,present
STU0048,EN301,2025-04-23,present
STU0048,EN201,2025-04-25,absent
STU0048,EN101,2025-04-29,present
STU0049,CS101,2025-01-01,present
STU0049,CS101,2025-01-03,absent
STU0049,CS101,2025-01-07,present
STU0049,CS201,2025-01-09,present
STU0049,CS401,2025-01-13,present
STU0049,CS401,2025-01-15,present
STU0049,CS101,2025-01-17,absent
STU0049,CS401,2025-01-21,present
STU0049,CS501,2025-01-23,present
STU0049,CS101,2025-01-27,absent
STU0049,CS501,2025-01-29,absent
STU0049,CS301,2025-01-31,absent
STU0049,CS101,2025-02-04,present
STU0049,CS401,2025-02-06,present
STU0049,CS301,2025-02-10,late
STU0049,CS501,2025-02-12,absent
STU0049,CS301,2025-02-14,present
STU0049,CS501,2025-02-18,present
STU0049,CS401,2025-02-20,present
STU0049,CS401,2025-02-24,late
STU0049,CS501,2025-02-26,present
STU0049,CS401,2025-02-28,present
STU0049,CS201,2025-03-04,present
STU0049,CS501,2025-03-06,present
STU0049,CS201,2025-03-10,absent
STU0049,CS201,2025-03-12,present
STU0049,CS101,2025-03-14,absent
STU0049,CS401,2025-03-18,late
STU0049,CS101,2025-03-20,present
STU0049,CS301,2025-03-24,present
STU0049,CS301,2025-03-26,present
STU0049,CS201,2025-03-28,absent
STU0049,CS301,2025-04-01,present
STU0049,CS401,2025-04-03,present
STU0049,CS301,2025-04-07,absent
STU0049,CS301,2025-04-09,present
STU0049,CS401,2025-04-11,late
STU0049,CS501,2025-04-15,present
STU0049,CS501,2025-04-17,present
STU0049,CS201,2025-04-21,absent
STU0049,CS301,2025-04-23,absent
STU0049,CS101,2025-04-25,present
STU0049,CS301,2025-04-29,absent
STU0050,BU201,2025-01-01,absent
STU0050,BU401,2025-01-03,present
STU0050,BU101,2025-01-07,late
STU0050,BU201,2025-01-09,present
STU0050,BU401,2025-01-13,present
STU0050,BU101,2025-01-15,present
STU0050,BU401,2025-01-17,absent
STU0050,BU401,2025-01-21,present
STU0050,BU301,2025-01-23,present
STU0050,BU401,2025-01-27,present
STU0050,BU401,2025-01-29,present
STU0050,BU101,2025-01-31,present
STU0050,BU401,2025-02-04,absent
STU0050,BU101,2025-02-06,absent
STU0050,BU101,2025-02-10,present
STU0050,BU201,2025-02-12,late
STU0050,BU201,2025-02-14,present
STU0050,BU201,2025-02-18,late
STU0050,BU401,2025-02-20,present
STU0050,BU101,2025-02-24,present
STU0050,BU201,2025-02-26,present
STU0050,BU101,2025-02-28,absent
STU0050,BU201,2025-03-04,present
STU0050,BU201,2025-03-06,present
STU0050,BU401,2025-03-10,present
STU0050,BU401,2025-03-12,present
STU0050,BU301,2025-03-14,present
STU0050,BU301,2025-03-18,absent
STU0050,BU301,2025-03-20,absent
STU0050,BU101,2025-03-24,present
STU0050,BU201,2025-03-26,absent
STU0050,BU201,2025-03-28,present
STU0050,BU401,2025-04-01,absent
STU0050,BU401,2025-04-03,absent
STU0050,BU401,2025-04-07,present
STU0050,BU101,2025-04-09,present
STU0050,BU301,2025-04-11,present
STU0050,BU101,2025-04-15,present
STU0050,BU401,2025-04-17,absent
STU0050,BU101,2025-04-21,present
STU0050,BU101,2025-04-23,present
STU0050,BU401,2025-04-25,present
STU0050,BU301,2025-04-29,absent
STU0051,EN101,2025-01-01,present
STU0051,EN101,2025-01-03,present
STU0051,EN201,2025-01-07,present
STU0051,EN201,2025-01-09,absent
STU0051,EN101,2025-01-13,present
STU0051,EN201,2025-01-15,present
STU0051,EN101,2025-01-17,present
STU0051,EN201,2025-01-21,present
STU0051,EN301,2025-01-23,present
STU0051,EN101,2025-01-27,present
STU0051,EN301,2025-01-29,present
STU0051,EN301,2025-01-31,present
STU0051,EN301,2025-02-04,present
STU0051,EN201,2025-02-06,absent
STU0051,EN201,2025-02-10,present
STU0051,EN301,2025-02-12,late
STU0051,EN301,2025-02-14,present
STU0051,EN201,2025-02-18,present
STU0051,EN301,2025-02-20,present
STU0051,EN101,2025-02-24,present
STU0051,EN101,2025-02-26,present
STU0051,EN101,2025-02-28,present
STU0051,EN201,2025-03-04,present
STU0051,EN301,2025-03-06,absent
STU0051,EN201,2025-03-10,present
STU0051,EN201,2025-03-12,absent
STU0051,EN101,2025-03-14,present
STU0051,EN201,2025-03-18,present
STU0051,EN201,2025-03-20,present
STU0051,EN301,2025-03-24,present
STU0051,EN201,2025-03-26,present
STU0051,EN301,2025-03-28,present
STU0051,EN301,2025-04-01,present
STU0051,EN101,2025-04-03,present
STU0051,EN201,2025-04-07,present
STU0051,EN201,2025-04-09,absent
STU0051,EN301,2025-04-11,absent
STU0051,EN101,2025-04-15,present
STU0051,EN201,2025-04-17,present
STU0051,EN101,2025-04-21,present
STU0051,EN301,2025-04-23,present
STU0051,EN101,2025-04-25,absent
STU0051,EN301,2025-04-29,present
STU0052,PH101,2025-01-01,present
STU0052,PH101,2025-01-03,present
STU0052,PH101,2025-01-07,present
STU0052,PH201,2025-01-09,present
STU0052,PH301,2025-01-13,absent
STU0052,PH301,2025-01-15,present
STU0052,PH101,2025-01-17,present
STU0052,PH301,2025-01-21,late
STU0052,PH201,2025-01-23,present
STU0052,PH201,2025-01-27,present
STU0052,PH101,2025-01-29,present
STU0052,PH301,2025-01-31,present
STU0052,PH101,2025-02-04,absent
STU0052,PH201,2025-02-06,present
STU0052,PH201,2025-02-10,absent
STU0052,PH301,2025-02-12,present
STU0052,PH301,2025-02-14,absent
STU0052,PH201,2025-02-18,present
STU0052,PH301,2025-02-20,present
STU0052,PH301,2025-02-24,present
STU0052,PH301,2025-02-26,late
STU0052,PH201,2025-02-28,present
STU0052,PH201,2025-03-04,present
STU0052,PH201,2025-03-06,absent
STU0052,PH101,2025-03-10,present
STU0052,PH301,2025-03-12,absent
STU0052,PH301,2025-03-14,present
STU0052,PH301,2025-03-18,present
STU0052,PH301,2025-03-20,present
STU0052,PH201,2025-03-24,present
STU0052,PH301,2025-03-26,present
STU0052,PH301,2025-03-28,present
STU0052,PH101,2025-04-01,present
STU0052,PH101,2025-04-03,present
STU0052,PH101,2025-04-07,present
STU0052,PH101,2025-04-09,present
STU0052,PH301,2025-04-11,present
STU0052,PH101,2025-04-15,present
STU0052,PH201,2025-04-17,present
STU0052,PH301,2025-04-21,absent
STU0052,PH201,2025-04-23,absent
STU0052,PH201,2025-04-25,present
STU0052,PH101,2025-04-29,present
STU0053,PH301,2025-01-01,absent
STU0053,PH201,2025-01-03,present
STU0053,PH101,2025-01-07,present
STU0053,PH201,2025-01-09,present
STU0053,PH301,2025-01-13,present
STU0053,PH301,2025-01-15,present
STU0053,PH101,2025-01-17,present
STU0053,PH101,2025-01-21,late
STU0053,PH301,2025-01-23,absent
STU0053,PH201,2025-01-27,present
STU0053,PH101,2025-01-29,present
STU0053,PH101,2025-01-31,absent
STU0053,PH301,2025-02-04,present
STU0053,PH101,2025-02-06,present
STU0053,PH101,2025-02-10,present
STU0053,PH301,2025-02-12,absent
STU0053,PH301,2025-02-14,present
STU0053,PH301,2025-02-18,absent
STU0053,PH301,2025-02-20,absent
STU0053,PH201,2025-02-24,present
STU0053,PH201,2025-02-26,present
STU0053,PH101,2025-02-28,present
STU0053,PH101,2025-03-04,present
STU0053,PH101,2025-03-06,present
STU0053,PH301,2025-03-10,present
STU0053,PH101,2025-03-12,present
STU0053,PH101,2025-03-14,absent
STU0053,PH201,2025-03-18,present
STU0053,PH201,2025-03-20,present
STU0053,PH201,2025-03-24,present
STU0053,PH201,2025-03-26,present
STU0053,PH101,2025-03-28,present
STU0053,PH101,2025-04-01,present
STU0053,PH101,2025-04-03,present
STU0053,PH201,2025-04-07,present
STU0053,PH301,2025-04-09,present
STU0053,PH301,2025-04-11,present
STU0053,PH301,2025-04-15,present
STU0053,PH101,2025-04-17,late
STU0053,PH201,2025-04-21,present
STU0053,PH201,2025-04-23,present
STU0053,PH101,2025-04-25,present
STU0053,PH101,2025-04-29,present
STU0054,BU401,2025-01-01,present
STU0054,BU201,2025-01-03,present
STU0054,BU201,2025-01-07,present
STU0054,BU101,2025-01-09,present
STU0054,BU101,2025-01-13,present
STU0054,BU201,2025-01-15,present
STU0054,BU301,2025-01-17,present
STU0054,BU201,2025-01-21,late
STU0054,BU101,2025-01-23,present
STU0054,BU301,2025-01-27,present
STU0054,BU101,2025-01-29,present
STU0054,BU101,2025-01-31,present
STU0054,BU301,2025-02-04,present
STU0054,BU201,2025-02-06,present
STU0054,BU201,2025-02-10,present
STU0054,BU101,2025-02-12,present
STU0054,BU201,2025-02-14,present
STU0054,BU101,2025-02-18,present
STU0054,BU401,2025-02-20,present
STU0054,BU201,2025-02-24,present
STU0054,BU101,2025-02-26,present
STU0054,BU301,2025-02-28,absent
STU0054,BU101,2025-03-04,present
STU0054,BU101,2025-03-06,present
STU0054,BU201,2025-03-10,present
STU0054,BU101,2025-03-12,late
STU0054,BU301,2025-03-14,present
STU0054,BU301,2025-03-18,present
STU0054,BU301,2025-03-20,present
STU0054,BU401,2025-03-24,present
STU0054,BU201,2025-03-26,present
STU0054,BU301,2025-03-28,present
STU0054,BU401,2025-04-01,absent
STU0054,BU401,2025-04-03,present
STU0054,BU401,2025-04-07,absent
STU0054,BU201,2025-04-09,late
STU0054,BU201,2025-04-11,present
STU0054,BU301,2025-04-15,present
STU0054,BU301,2025-04-17,present
STU0054,BU301,2025-04-21,present
STU0054,BU201,2025-04-23,present
STU0054,BU101,2025-04-25,late
STU0054,BU301,2025-04-29,absent
STU0055,CS101,2025-01-01,present
STU0055,CS501,2025-01-03,present
STU0055,CS201,2025-01-07,absent
STU0055,CS401,2025-01-09,late
STU0055,CS201,2025-01-13,absent
STU0055,CS201,2025-01-15,present
STU0055,CS501,2025-01-17,present
STU0055,CS201,2025-01-21,present
STU0055,CS401,2025-01-23,present
STU0055,CS301,2025-01-27,present
STU0055,CS201,2025-01-29,present
STU0055,CS501,2025-01-31,present
STU0055,CS301,2025-02-04,present
STU0055,CS101,2025-02-06,present
STU0055,CS501,2025-02-10,present
STU0055,CS301,2025-02-12,present
STU0055,CS201,2025-02-14,present
STU0055,CS301,2025-02-18,present
STU0055,CS301,2025-02-20,absent
STU0055,CS401,2025-02-24,present
STU0055,CS401,2025-02-26,present
STU0055,CS501,2025-02-28,present
STU0055,CS501,2025-03-04,late
STU0055,CS101,2025-03-06,present
STU0055,CS301,2025-03-10,present
STU0055,CS301,2025-03-12,present
STU0055,CS501,2025-03-14,present
STU0055,CS101,2025-03-18,present
STU0055,CS201,2025-03-20,present
STU0055,CS101,2025-03-24,absent
STU0055,CS501,2025-03-26,present
STU0055,CS101,2025-03-28,absent
STU0055,CS501,2025-04-01,absent
STU0055,CS401,2025-04-03,present
STU0055,CS501,2025-04-07,absent
STU0055,CS301,2025-04-09,present
STU0055,CS301,2025-04-11,present
STU0055,CS301,2025-04-15,present
STU0055,CS501,2025-04-17,present
STU0055,CS401,2025-04-21,present
STU0055,CS401,2025-04-23,present
STU0055,CS101,2025-04-25,present
STU0055,CS301,2025-04-29,present
STU0056,CS101,2025-01-01,present
STU0056,CS301,2025-01-03,present
STU0056,CS501,2025-01-07,present
STU0056,CS501,2025-01-09,present
STU0056,CS301,2025-01-13,absent
STU0056,CS501,2025-01-15,present
STU0056,CS101,2025-01-17,absent
STU0056,CS301,2025-01-21,present
STU0056,CS101,2025-01-23,present
STU0056,CS501,2025-01-27,present
STU0056,CS501,2025-01-29,present
STU0056,CS201,2025-01-31,present
STU0056,CS301,2025-02-04,absent
STU0056,CS301,2025-02-06,present
STU0056,CS401,2025-02-10,absent
STU0056,CS301,2025-02-12,absent
STU0056,CS101,2025-02-14,absent
STU0056,CS201,2025-02-18,late
STU0056,CS301,2025-02-20,present
STU0056,CS101,2025-02-24,present
STU0056,CS401,2025-02-26,present
STU0056,CS401,2025-02-28,present
STU0056,CS501,2025-03-04,present
STU0056,CS301,2025-03-06,present
STU0056,CS301,2025-03-10,present
STU0056,CS301,2025-03-12,present
STU0056,CS501,2025-03-14,present
STU0056,CS201,2025-03-18,present
STU0056,CS301,2025-03-20,present
STU0056,CS301,2025-03-24,absent
STU0056,CS501,2025-03-26,present
STU0056,CS501,2025-03-28,present
STU0056,CS101,2025-04-01,present
STU0056,CS101,2025-04-03,present
STU0056,CS501,2025-04-07,present
STU0056,CS201,2025-04-09,present
STU0056,CS201,2025-04-11,present
STU0056,CS401,2025-04-15,present
STU0056,CS401,2025-04-17,present
STU0056,CS301,2025-04-21,present
STU0056,CS301,2025-04-23,present
STU0056,CS401,2025-04-25,present
STU0056,CS401,2025-04-29,present
STU0057,EN301,2025-01-01,late
STU0057,EN201,2025-01-03,present
STU0057,EN201,2025-01-07,present
STU0057,EN201,2025-01-09,present
STU0057,EN201,2025-01-13,present
STU0057,EN301,2025-01-15,present
STU0057,EN101,2025-01-17,present
STU0057,EN201,2025-01-21,absent
STU0057,EN201,2025-01-23,present
STU0057,EN301,2025-01-27,present
STU0057,EN101,2025-01-29,present
STU0057,EN101,2025-01-31,present
STU0057,EN101,2025-02-04,present
STU0057,EN301,2025-02-06,present
STU0057,EN201,2025-02-10,present
STU0057,EN101,2025-02-12,present
STU0057,EN201,2025-02-14,present
STU0057,EN301,2025-02-18,absent
STU0057,EN301,2025-02-20,present
STU0057,EN101,2025-02-24,absent
STU0057,EN201,2025-02-26,present
STU0057,EN301,2025-02-28,present
STU0057,EN201,2025-03-04,present
STU0057,EN301,2025-03-06,present
STU0057,EN101,2025-03-10,late
STU0057,EN101,2025-03-12,present
STU0057,EN201,2025-03-14,absent
STU0057,EN101,2025-03-18,present
STU0057,EN301,2025-03-20,present
STU0057,EN201,2025-03-24,present
STU0057,EN201,2025-03-26,present
STU0057,EN201,2025-03-28,present
STU0057,EN301,2025-04-01,present
STU0057,EN201,2025-04-03,present
STU0057,EN301,2025-04-07,present
STU0057,EN201,2025-04-09,present
STU0057,EN301,2025-04-11,present
STU0057,EN301,2025-04-15,present
STU0057,EN301,2025-04-17,present
STU0057,EN201,2025-04-21,present
STU0057,EN201,2025-04-23,present
STU0057,EN201,2025-04-25,present
STU0057,EN301,2025-04-29,present
STU0058,EN101,2025-01-01,late
STU0058,EN201,2025-01-03,present
STU0058,EN201,2025-01-07,present
STU0058,EN101,2025-01-09,present
STU0058,EN101,2025-01-13,present
STU0058,EN301,2025-01-15,present
STU0058,EN301,2025-01-17,present
STU0058,EN201,2025-01-21,present
STU0058,EN201,2025-01-23,present
STU0058,EN301,2025-01-27,late
STU0058,EN201,2025-01-29,absent
STU0058,EN101,2025-01-31,present
STU0058,EN101,2025-02-04,present
STU0058,EN201,2025-02-06,present
STU0058,EN201,2025-02-10,present
STU0058,EN301,2025-02-12,present
STU0058,EN101,2025-02-14,present
STU0058,EN201,2025-02-18,present
STU0058,EN101,2025-02-20,present
STU0058,EN101,2025-02-24,present
STU0058,EN201,2025-02-26,late
STU0058,EN201,2025-02-28,late
STU0058,EN201,2025-03-04,absent
STU0058,EN201,2025-03-06,present
STU0058,EN301,2025-03-10,absent
STU0058,EN301,2025-03-12,present
STU0058,EN101,2025-03-14,absent
STU0058,EN201,2025-03-18,present
STU0058,EN201,2025-03-20,absent
STU0058,EN101,2025-03-24,present
STU0058,EN101,2025-03-26,absent
STU0058,EN101,2025-03-28,late
STU0058,EN201,2025-04-01,present
STU0058,EN101,2025-04-03,present
STU0058,EN301,2025-04-07,late
STU0058,EN201,2025-04-09,present
STU0058,EN201,2025-04-11,absent
STU0058,EN201,2025-04-15,present
STU0058,EN101,2025-04-17,present
STU0058,EN101,2025-04-21,present
STU0058,EN201,2025-04-23,present
STU0058,EN201,2025-04-25,absent
STU0058,EN101,2025-04-29,present
STU0059,CS201,2025-01-01,present
STU0059,CS301,2025-01-03,present
STU0059,CS101,2025-01-07,present
STU0059,CS401,2025-01-09,absent
STU0059,CS101,2025-01-13,late
STU0059,CS101,2025-01-15,present
STU0059,CS301,2025-01-17,absent
STU0059,CS301,2025-01-21,absent
STU0059,CS301,2025-01-23,present
STU0059,CS301,2025-01-27,late
STU0059,CS501,2025-01-29,present
STU0059,CS201,2025-01-31,present
STU0059,CS301,2025-02-04,absent
STU0059,CS301,2025-02-06,present
STU0059,CS301,2025-02-10,absent
STU0059,CS501,2025-02-12,absent
STU0059,CS301,2025-02-14,present
STU0059,CS301,2025-02-18,absent
STU0059,CS401,2025-02-20,present
STU0059,CS201,2025-02-24,present
STU0059,CS101,2025-02-26,present
STU0059,CS401,2025-02-28,late
STU0059,CS501,2025-03-04,present
STU0059,CS201,2025-03-06,present
STU0059,CS201,2025-03-10,present
STU0059,CS301,2025-03-12,absent
STU0059,CS401,2025-03-14,absent
STU0059,CS401,2025-03-18,present
STU0059,CS401,2025-03-20,present
STU0059,CS501,2025-03-24,present
STU0059,CS101,2025-03-26,absent
STU0059,CS501,2025-03-28,present
STU0059,CS501,2025-04-01,present
STU0059,CS301,2025-04-03,late
STU0059,CS101,2025-04-07,present
STU0059,CS301,2025-04-09,late
STU0059,CS501,2025-04-11,present
STU0059,CS101,2025-04-15,absent
STU0059,CS101,2025-04-17,present
STU0059,CS501,2025-04-21,present
STU0059,CS401,2025-04-23,absent
STU0059,CS101,2025-04-25,absent
STU0059,CS301,2025-04-29,absent
STU0060,PH101,2025-01-01,present
STU0060,PH101,2025-01-03,present
STU0060,PH201,2025-01-07,present
STU0060,PH101,2025-01-09,present
STU0060,PH201,2025-01-13,present
STU0060,PH201,2025-01-15,absent
STU0060,PH301,2025-01-17,present
STU0060,PH201,2025-01-21,present
STU0060,PH301,2025-01-23,present
STU0060,PH201,2025-01-27,present
STU0060,PH101,2025-01-29,present
STU0060,PH101,2025-01-31,present
STU0060,PH301,2025-02-04,present
STU0060,PH301,2025-02-06,present
STU0060,PH301,2025-02-10,present
STU0060,PH201,2025-02-12,present
STU0060,PH301,2025-02-14,late
STU0060,PH101,2025-02-18,present
STU0060,PH101,2025-02-20,late
STU0060,PH201,2025-02-24,present
STU0060,PH301,2025-02-26,present
STU0060,PH201,2025-02-28,present
STU0060,PH101,2025-03-04,present
STU0060,PH301,2025-03-06,present
STU0060,PH301,2025-03-10,present
STU0060,PH101,2025-03-12,present
STU0060,PH101,2025-03-14,present
STU0060,PH301,2025-03-18,present
STU0060,PH301,2025-03-20,present
STU0060,PH201,2025-03-24,present
STU0060,PH101,2025-03-26,present
STU0060,PH301,2025-03-28,present
STU0060,PH301,2025-04-01,absent
STU0060,PH301,2025-04-03,present
STU0060,PH301,2025-04-07,absent
STU0060,PH301,2025-04-09,present
STU0060,PH201,2025-04-11,present
STU0060,PH301,2025-04-15,present
STU0060,PH301,2025-04-17,present
STU0060,PH101,2025-04-21,late
STU0060,PH101,2025-04-23,present
STU0060,PH101,2025-04-25,present
STU0060,PH201,2025-04-29,present
STU0061,EN201,2025-01-01,present
STU0061,EN301,2025-01-03,absent
STU0061,EN101,2025-01-07,present
STU0061,EN301,2025-01-09,present
STU0061,EN101,2025-01-13,present
STU0061,EN101,2025-01-15,present
STU0061,EN101,2025-01-17,present
STU0061,EN201,2025-01-21,present
STU0061,EN101,2025-01-23,present
STU0061,EN101,2025-01-27,present
STU0061,EN101,2025-01-29,present
STU0061,EN101,2025-01-31,present
STU0061,EN201,2025-02-04,present
STU0061,EN201,2025-02-06,present
STU0061,EN101,2025-02-10,present
STU0061,EN101,2025-02-12,present
STU0061,EN301,2025-02-14,present
STU0061,EN301,2025-02-18,present
STU0061,EN101,2025-02-20,present
STU0061,EN301,2025-02-24,present
STU0061,EN301,2025-02-26,present
STU0061,EN301,2025-02-28,present
STU0061,EN101,2025-03-04,present
STU0061,EN301,2025-03-06,present
STU0061,EN101,2025-03-10,present
STU0061,EN301,2025-03-12,present
STU0061,EN201,2025-03-14,present
STU0061,EN101,2025-03-18,present
STU0061,EN201,2025-03-20,present
STU0061,EN301,2025-03-24,present
STU0061,EN101,2025-03-26,present
STU0061,EN101,2025-03-28,present
STU0061,EN101,2025-04-01,present
STU0061,EN301,2025-04-03,present
STU0061,EN301,2025-04-07,present
STU0061,EN101,2025-04-09,present
STU0061,EN301,2025-04-11,present
STU0061,EN301,2025-04-15,present
STU0061,EN301,2025-04-17,present
STU0061,EN201,2025-04-21,present
STU0061,EN301,2025-04-23,present
STU0061,EN101,2025-04-25,absent
STU0061,EN301,2025-04-29,present
STU0062,CS101,2025-01-01,late
STU0062,CS501,2025-01-03,present
STU0062,CS501,2025-01-07,late
STU0062,CS501,2025-01-09,present
STU0062,CS201,2025-01-13,absent
STU0062,CS501,2025-01-15,present
STU0062,CS301,2025-01-17,present
STU0062,CS301,2025-01-21,present
STU0062,CS401,2025-01-23,absent
STU0062,CS501,2025-01-27,present
STU0062,CS101,2025-01-29,present
STU0062,CS401,2025-01-31,absent
STU0062,CS401,2025-02-04,absent
STU0062,CS401,2025-02-06,late
STU0062,CS401,2025-02-10,absent
STU0062,CS201,2025-02-12,late
STU0062,CS301,2025-02-14,absent
STU0062,CS201,2025-02-18,present
STU0062,CS101,2025-02-20,present
STU0062,CS501,2025-02-24,absent
STU0062,CS201,2025-02-26,present
STU0062,CS301,2025-02-28,present
STU0062,CS501,2025-03-04,present
STU0062,CS101,2025-03-06,late
STU0062,CS201,2025-03-10,present
STU0062,CS301,2025-03-12,present
STU0062,CS201,2025-03-14,present
STU0062,CS401,2025-03-18,present
STU0062,CS401,2025-03-20,present
STU0062,CS301,2025-03-24,present
STU0062,CS401,2025-03-26,present
STU0062,CS301,2025-03-28,absent
STU0062,CS201,2025-04-01,present
STU0062,CS401,2025-04-03,absent
STU0062,CS301,2025-04-07,absent
STU0062,CS301,2025-04-09,present
STU0062,CS101,2025-04-11,present
STU0062,CS301,2025-04-15,present
STU0062,CS401,2025-04-17,absent
STU0062,CS501,2025-04-21,present
STU0062,CS201,2025-04-23,absent
STU0062,CS201,2025-04-25,present
STU0062,CS401,2025-04-29,present
STU0063,PH301,2025-01-01,present
STU0063,PH201,2025-01-03,present
STU0063,PH201,2025-01-07,present
STU0063,PH101,2025-01-09,present
STU0063,PH201,2025-01-13,present
STU0063,PH301,2025-01-15,present
STU0063,PH301,2025-01-17,present
STU0063,PH201,2025-01-21,present
STU0063,PH301,2025-01-23,absent
STU0063,PH101,2025-01-27,present
STU0063,PH301,2025-01-29,present
STU0063,PH301,2025-01-31,present
STU0063,PH301,2025-02-04,present
STU0063,PH201,2025-02-06,present
STU0063,PH201,2025-02-10,present
STU0063,PH201,2025-02-12,absent
STU0063,PH201,2025-02-14,present
STU0063,PH301,2025-02-18,present
STU0063,PH301,2025-02-20,present
STU0063,PH101,2025-02-24,present
STU0063,PH201,2025-02-26,present
STU0063,PH201,2025-02-28,present
STU0063,PH301,2025-03-04,present
STU0063,PH201,2025-03-06,present
STU0063,PH301,2025-03-10,present
STU0063,PH101,2025-03-12,present
STU0063,PH201,2025-03-14,present
STU0063,PH201,2025-03-18,present
STU0063,PH201,2025-03-20,late
STU0063,PH301,2025-03-24,present
STU0063,PH101,2025-03-26,present
STU0063,PH301,2025-03-28,present
STU0063,PH301,2025-04-01,present
STU0063,PH301,2025-04-03,present
STU0063,PH201,2025-04-07,present
STU0063,PH101,2025-04-09,late
STU0063,PH101,2025-04-11,present
STU0063,PH201,2025-04-15,present
STU0063,PH201,2025-04-17,present
STU0063,PH201,2025-04-21,absent
STU0063,PH201,2025-04-23,present
STU0063,PH201,2025-04-25,present
STU0063,PH301,2025-04-29,present
STU0064,EN101,2025-01-01,present
STU0064,EN101,2025-01-03,absent
STU0064,EN301,2025-01-07,present
STU0064,EN201,2025-01-09,present
STU0064,EN101,2025-01-13,present
STU0064,EN101,2025-01-15,present
STU0064,EN301,2025-01-17,present
STU0064,EN201,2025-01-21,present
STU0064,EN301,2025-01-23,late
STU0064,EN101,2025-01-27,absent
STU0064,EN301,2025-01-29,present
STU0064,EN301,2025-01-31,absent
STU0064,EN201,2025-02-04,absent
STU0064,EN201,2025-02-06,absent
STU0064,EN301,2025-02-10,present
STU0064,EN201,2025-02-12,present
STU0064,EN201,2025-02-14,present
STU0064,EN201,2025-02-18,present
STU0064,EN301,2025-02-20,present
STU0064,EN301,2025-02-24,present
STU0064,EN101,2025-02-26,present
STU0064,EN101,2025-02-28,absent
STU0064,EN301,2025-03-04,present
STU0064,EN301,2025-03-06,present
STU0064,EN101,2025-03-10,late
STU0064,EN101,2025-03-12,late
STU0064,EN301,2025-03-14,absent
STU0064,EN101,2025-03-18,late
STU0064,EN101,2025-03-20,present
STU0064,EN301,2025-03-24,late
STU0064,EN301,2025-03-26,present
STU0064,EN301,2025-03-28,present
STU0064,EN301,2025-04-01,present
STU0064,EN101,2025-04-03,present
STU0064,EN201,2025-04-07,present
STU0064,EN201,2025-04-09,present
STU0064,EN301,2025-04-11,absent
STU0064,EN201,2025-04-15,present
STU0064,EN101,2025-04-17,present
STU0064,EN101,2025-04-21,absent
STU0064,EN101,2025-04-23,present
STU0064,EN101,2025-04-25,present
STU0064,EN201,2025-04-29,absent
STU0065,EN101,2025-01-01,present
STU0065,EN101,2025-01-03,present
STU0065,EN201,2025-01-07,absent
STU0065,EN301,2025-01-09,present
STU0065,EN301,2025-01-13,present
STU0065,EN201,2025-01-15,absent
STU0065,EN101,2025-01-17,present
STU0065,EN201,2025-01-21,present
STU0065,EN301,2025-01-23,present
STU0065,EN301,2025-01-27,present
STU0065,EN101,2025-01-29,present
STU0065,EN101,2025-01-31,present
STU0065,EN301,2025-02-04,present
STU0065,EN201,2025-02-06,late
STU0065,EN201,2025-02-10,present
STU0065,EN201,2025-02-12,present
STU0065,EN301,2025-02-14,present
STU0065,EN301,2025-02-18,present
STU0065,EN201,2025-02-20,present
STU0065,EN201,2025-02-24,present
STU0065,EN301,2025-02-26,absent
STU0065,EN101,2025-02-28,present
STU0065,EN101,2025-03-04,present
STU0065,EN201,2025-03-06,present
STU0065,EN201,2025-03-10,present
STU0065,EN201,2025-03-12,present
STU0065,EN301,2025-03-14,present
STU0065,EN201,2025-03-18,present
STU0065,EN301,2025-03-20,present
STU0065,EN201,2025-03-24,absent
STU0065,EN301,2025-03-26,late
STU0065,EN201,2025-03-28,present
STU0065,EN301,2025-04-01,absent
STU0065,EN201,2025-04-03,present
STU0065,EN301,2025-04-07,late
STU0065,EN301,2025-04-09,present
STU0065,EN201,2025-04-11,late
STU0065,EN201,2025-04-15,late
STU0065,EN301,2025-04-17,present
STU0065,EN201,2025-04-21,late
STU0065,EN301,2025-04-23,present
STU0065,EN301,2025-04-25,present
STU0065,EN101,2025-04-29,present
STU0066,BU101,2025-01-01,present
STU0066,BU301,2025-01-03,present
STU0066,BU301,2025-01-07,present
STU0066,BU101,2025-01-09,late
STU0066,BU201,2025-01-13,present
STU0066,BU401,2025-01-15,absent
STU0066,BU401,2025-01-17,absent
STU0066,BU401,2025-01-21,late
STU0066,BU301,2025-01-23,late
STU0066,BU301,2025-01-27,present
STU0066,BU301,2025-01-29,late
STU0066,BU201,2025-01-31,absent
STU0066,BU401,2025-02-04,present
STU0066,BU201,2025-02-06,present
STU0066,BU201,2025-02-10,present
STU0066,BU401,2025-02-12,present
STU0066,BU101,2025-02-14,present
STU0066,BU301,2025-02-18,present
STU0066,BU401,2025-02-20,present
STU0066,BU101,2025-02-24,present
STU0066,BU301,2025-02-26,absent
STU0066,BU401,2025-02-28,present
STU0066,BU301,2025-03-04,present
STU0066,BU201,2025-03-06,present
STU0066,BU301,2025-03-10,present
STU0066,BU301,2025-03-12,late
STU0066,BU201,2025-03-14,present
STU0066,BU101,2025-03-18,present
STU0066,BU101,2025-03-20,present
STU0066,BU301,2025-03-24,present
STU0066,BU201,2025-03-26,absent
STU0066,BU101,2025-03-28,absent
STU0066,BU401,2025-04-01,present
STU0066,BU401,2025-04-03,present
STU0066,BU301,2025-04-07,present
STU0066,BU401,2025-04-09,present
STU0066,BU101,2025-04-11,present
STU0066,BU301,2025-04-15,present
STU0066,BU201,2025-04-17,present
STU0066,BU101,2025-04-21,present
STU0066,BU201,2025-04-23,late
STU0066,BU301,2025-04-25,late
STU0066,BU101,2025-04-29,present
STU0067,PH301,2025-01-01,absent
STU0067,PH301,2025-01-03,present
STU0067,PH101,2025-01-07,present
STU0067,PH301,2025-01-09,absent
STU0067,PH301,2025-01-13,late
STU0067,PH201,2025-01-15,late
STU0067,PH301,2025-01-17,present
STU0067,PH301,2025-01-21,present
STU0067,PH101,2025-01-23,absent
STU0067,PH201,2025-01-27,present
STU0067,PH201,2025-01-29,present
STU0067,PH201,2025-01-31,present
STU0067,PH301,2025-02-04,present
STU0067,PH101,2025-02-06,present
STU0067,PH101,2025-02-10,present
STU0067,PH101,2025-02-12,late
STU0067,PH201,2025-02-14,present
STU0067,PH301,2025-02-18,present
STU0067,PH201,2025-02-20,present
STU0067,PH101,2025-02-24,present
STU0067,PH301,2025-02-26,present
STU0067,PH101,2025-02-28,present
STU0067,PH301,2025-03-04,absent
STU0067,PH201,2025-03-06,present
STU0067,PH101,2025-03-10,late
STU0067,PH101,2025-03-12,present
STU0067,PH101,2025-03-14,present
STU0067,PH301,2025-03-18,present
STU0067,PH301,2025-03-20,present
STU0067,PH301,2025-03-24,absent
STU0067,PH201,2025-03-26,present
STU0067,PH201,2025-03-28,present
STU0067,PH201,2025-04-01,absent
STU0067,PH301,2025-04-03,late
STU0067,PH101,2025-04-07,absent
STU0067,PH101,2025-04-09,present
STU0067,PH201,2025-04-11,absent
STU0067,PH301,2025-04-15,present
STU0067,PH301,2025-04-17,present
STU0067,PH301,2025-04-21,present
STU0067,PH301,2025-04-23,present
STU0067,PH101,2025-04-25,present
STU0067,PH201,2025-04-29,present
STU0068,PH101,2025-01-01,absent
STU0068,PH101,2025-01-03,present
STU0068,PH101,2025-01-07,present
STU0068,PH301,2025-01-09,present
STU0068,PH101,2025-01-13,absent
STU0068,PH101,2025-01-15,present
STU0068,PH201,2025-01-17,present
STU0068,PH101,2025-01-21,present
STU0068,PH301,2025-01-23,present
STU0068,PH301,2025-01-27,present
STU0068,PH301,2025-01-29,present
STU0068,PH101,2025-01-31,present
STU0068,PH301,2025-02-04,present
STU0068,PH201,2025-02-06,present
STU0068,PH101,2025-02-10,absent
STU0068,PH101,2025-02-12,present
STU0068,PH201,2025-02-14,present
STU0068,PH101,2025-02-18,present
STU0068,PH101,2025-02-20,present
STU0068,PH301,2025-02-24,present
STU0068,PH101,2025-02-26,present
STU0068,PH301,2025-02-28,present
STU0068,PH201,2025-03-04,present
STU0068,PH201,2025-03-06,present
STU0068,PH201,2025-03-10,present
STU0068,PH301,2025-03-12,late
STU0068,PH201,2025-03-14,present
STU0068,PH301,2025-03-18,present
STU0068,PH201,2025-03-20,present
STU0068,PH201,2025-03-24,present
STU0068,PH301,2025-03-26,present
STU0068,PH301,2025-03-28,present
STU0068,PH101,2025-04-01,late
STU0068,PH201,2025-04-03,present
STU0068,PH101,2025-04-07,present
STU0068,PH201,2025-04-09,present
STU0068,PH101,2025-04-11,absent
STU0068,PH301,2025-04-15,present
STU0068,PH101,2025-04-17,present
STU0068,PH201,2025-04-21,present
STU0068,PH301,2025-04-23,present
STU0068,PH301,2025-04-25,present
STU0068,PH201,2025-04-29,present
STU0069,MT101,2025-01-01,present
STU0069,MT101,2025-01-03,late
STU0069,MT301,2025-01-07,absent
STU0069,MT201,2025-01-09,late
STU0069,MT301,2025-01-13,absent
STU0069,MT201,2025-01-15,present
STU0069,MT101,2025-01-17,present
STU0069,MT301,2025-01-21,absent
STU0069,MT101,2025-01-23,present
STU0069,MT401,2025-01-27,present
STU0069,MT401,2025-01-29,absent
STU0069,MT301,2025-01-31,present
STU0069,MT101,2025-02-04,absent
STU0069,MT201,2025-02-06,present
STU0069,MT101,2025-02-10,late
STU0069,MT401,2025-02-12,present
STU0069,MT101,2025-02-14,present
STU0069,MT101,2025-02-18,present
STU0069,MT201,2025-02-20,present
STU0069,MT201,2025-02-24,absent
STU0069,MT101,2025-02-26,absent
STU0069,MT401,2025-02-28,present
STU0069,MT401,2025-03-04,present
STU0069,MT301,2025-03-06,present
STU0069,MT301,2025-03-10,present
STU0069,MT201,2025-03-12,late
STU0069,MT401,2025-03-14,absent
STU0069,MT101,2025-03-18,absent
STU0069,MT301,2025-03-20,absent
STU0069,MT401,2025-03-24,present
STU0069,MT201,2025-03-26,late
STU0069,MT201,2025-03-28,absent
STU0069,MT101,2025-04-01,absent
STU0069,MT301,2025-04-03,absent
STU0069,MT201,2025-04-07,present
STU0069,MT101,2025-04-09,absent
STU0069,MT201,2025-04-11,present
STU0069,MT401,2025-04-15,present
STU0069,MT301,2025-04-17,present
STU0069,MT201,2025-04-21,late
STU0069,MT101,2025-04-23,absent
STU0069,MT201,2025-04-25,absent
STU0069,MT401,2025-04-29,absent
STU0070,BU401,2025-01-01,present
STU0070,BU401,2025-01-03,late
STU0070,BU301,2025-01-07,present
STU0070,BU401,2025-01-09,present
STU0070,BU101,2025-01-13,present
STU0070,BU201,2025-01-15,absent
STU0070,BU201,2025-01-17,absent
STU0070,BU201,2025-01-21,present
STU0070,BU401,2025-01-23,present
STU0070,BU101,2025-01-27,absent
STU0070,BU401,2025-01-29,present
STU0070,BU301,2025-01-31,absent
STU0070,BU301,2025-02-04,late
STU0070,BU101,2025-02-06,present
STU0070,BU401,2025-02-10,present
STU0070,BU201,2025-02-12,absent
STU0070,BU301,2025-02-14,absent
STU0070,BU401,2025-02-18,present
STU0070,BU301,2025-02-20,late
STU0070,BU301,2025-02-24,present
STU0070,BU301,2025-02-26,present
STU0070,BU201,2025-02-28,absent
STU0070,BU401,2025-03-04,absent
STU0070,BU401,2025-03-06,present
STU0070,BU201,2025-03-10,absent
STU0070,BU101,2025-03-12,present
STU0070,BU201,2025-03-14,present
STU0070,BU401,2025-03-18,present
STU0070,BU401,2025-03-20,absent
STU0070,BU101,2025-03-24,present
STU0070,BU201,2025-03-26,present
STU0070,BU401,2025-03-28,present
STU0070,BU301,2025-04-01,absent
STU0070,BU101,2025-04-03,present
STU0070,BU101,2025-04-07,absent
STU0070,BU101,2025-04-09,present
STU0070,BU301,2025-04-11,present
STU0070,BU401,2025-04-15,present
STU0070,BU401,2025-04-17,absent
STU0070,BU101,2025-04-21,absent
STU0070,BU401,2025-04-23,present
STU0070,BU101,2025-04-25,present
STU0070,BU301,2025-04-29,present
STU0071,CS401,2025-01-01,present
STU0071,CS101,2025-01-03,present
STU0071,CS101,2025-01-07,present
STU0071,CS201,2025-01-09,present
STU0071,CS101,2025-01-13,present
STU0071,CS501,2025-01-15,present
STU0071,CS101,2025-01-17,absent
STU0071,CS401,2025-01-21,present
STU0071,CS401,2025-01-23,present
STU0071,CS501,2025-01-27,absent
STU0071,CS201,2025-01-29,present
STU0071,CS201,2025-01-31,present
STU0071,CS201,2025-02-04,present
STU0071,CS301,2025-02-06,present
STU0071,CS201,2025-02-10,present
STU0071,CS501,2025-02-12,present
STU0071,CS201,2025-02-14,late
STU0071,CS201,2025-02-18,present
STU0071,CS101,2025-02-20,present
STU0071,CS301,2025-02-24,present
STU0071,CS301,2025-02-26,present
STU0071,CS501,2025-02-28,present
STU0071,CS301,2025-03-04,absent
STU0071,CS501,2025-03-06,present
STU0071,CS301,2025-03-10,present
STU0071,CS101,2025-03-12,present
STU0071,CS401,2025-03-14,present
STU0071,CS301,2025-03-18,late
STU0071,CS401,2025-03-20,present
STU0071,CS101,2025-03-24,present
STU0071,CS401,2025-03-26,present
STU0071,CS501,2025-03-28,late
STU0071,CS301,2025-04-01,present
STU0071,CS201,2025-04-03,present
STU0071,CS201,2025-04-07,absent
STU0071,CS101,2025-04-09,absent
STU0071,CS501,2025-04-11,present
STU0071,CS201,2025-04-15,present
STU0071,CS101,2025-04-17,present
STU0071,CS201,2025-04-21,present
STU0071,CS301,2025-04-23,present
STU0071,CS201,2025-04-25,present
STU0071,CS401,2025-04-29,present
STU0072,PH301,2025-01-01,present
STU0072,PH201,2025-01-03,present
STU0072,PH201,2025-01-07,late
STU0072,PH301,2025-01-09,present
STU0072,PH301,2025-01-13,present
STU0072,PH201,2025-01-15,present
STU0072,PH301,2025-01-17,late
STU0072,PH301,2025-01-21,present
STU0072,PH201,2025-01-23,present
STU0072,PH301,2025-01-27,present
STU0072,PH101,2025-01-29,present
STU0072,PH301,2025-01-31,present
STU0072,PH101,2025-02-04,present
STU0072,PH101,2025-02-06,present
STU0072,PH301,2025-02-10,late
STU0072,PH101,2025-02-12,present
STU0072,PH201,2025-02-14,present
STU0072,PH101,2025-02-18,absent
STU0072,PH301,2025-02-20,present
STU0072,PH101,2025-02-24,present
STU0072,PH201,2025-02-26,present
STU0072,PH301,2025-02-28,present
STU0072,PH201,2025-03-04,absent
STU0072,PH301,2025-03-06,late
STU0072,PH301,2025-03-10,present
STU0072,PH101,2025-03-12,present
STU0072,PH201,2025-03-14,late
STU0072,PH101,2025-03-18,absent
STU0072,PH101,2025-03-20,absent
STU0072,PH301,2025-03-24,present
STU0072,PH101,2025-03-26,present
STU0072,PH101,2025-03-28,present
STU0072,PH201,2025-04-01,present
STU0072,PH201,2025-04-03,present
STU0072,PH201,2025-04-07,present
STU0072,PH301,2025-04-09,present
STU0072,PH101,2025-04-11,present
STU0072,PH101,2025-04-15,present
STU0072,PH201,2025-04-17,late
STU0072,PH101,2025-04-21,present
STU0072,PH101,2025-04-23,absent
STU0072,PH101,2025-04-25,present
STU0072,PH201,2025-04-29,present
STU0073,BU401,2025-01-01,late
STU0073,BU301,2025-01-03,present
STU0073,BU301,2025-01-07,present
STU0073,BU201,2025-01-09,present
STU0073,BU401,2025-01-13,present
STU0073,BU101,2025-01-15,present
STU0073,BU101,2025-01-17,absent
STU0073,BU301,2025-01-21,present
STU0073,BU101,2025-01-23,present
STU0073,BU401,2025-01-27,present
STU0073,BU301,2025-01-29,present
STU0073,BU201,2025-01-31,present
STU0073,BU401,2025-02-04,present
STU0073,BU401,2025-02-06,present
STU0073,BU101,2025-02-10,present
STU0073,BU201,2025-02-12,present
STU0073,BU101,2025-02-14,present
STU0073,BU401,2025-02-18,present
STU0073,BU101,2025-02-20,present
STU0073,BU301,2025-02-24,absent
STU0073,BU401,2025-02-26,present
STU0073,BU101,2025-02-28,present
STU0073,BU101,2025-03-04,present
STU0073,BU201,2025-03-06,present
STU0073,BU301,2025-03-10,present
STU0073,BU201,2025-03-12,present
STU0073,BU201,2025-03-14,present
STU0073,BU201,2025-03-18,present
STU0073,BU401,2025-03-20,present
STU0073,BU101,2025-03-24,present
STU0073,BU401,2025-03-26,present
STU0073,BU301,2025-03-28,present
STU0073,BU401,2025-04-01,absent
STU0073,BU101,2025-04-03,present
STU0073,BU401,2025-04-07,present
STU0073,BU401,2025-04-09,present
STU0073,BU401,2025-04-11,absent
STU0073,BU301,2025-04-15,present
STU0073,BU101,2025-04-17,present
STU0073,BU301,2025-04-21,present
STU0073,BU101,2025-04-23,present
STU0073,BU401,2025-04-25,present
STU0073,BU201,2025-04-29,present
STU0074,PH301,2025-01-01,present
STU0074,PH301,2025-01-03,present
STU0074,PH101,2025-01-07,absent
STU0074,PH101,2025-01-09,present
STU0074,PH301,2025-01-13,present
STU0074,PH101,2025-01-15,present
STU0074,PH101,2025-01-17,present
STU0074,PH301,2025-01-21,absent
STU0074,PH201,2025-01-23,present
STU0074,PH301,2025-01-27,present
STU0074,PH201,2025-01-29,present
STU0074,PH301,2025-01-31,present
STU0074,PH101,2025-02-04,present
STU0074,PH201,2025-02-06,present
STU0074,PH301,2025-02-10,present
STU0074,PH301,2025-02-12,present
STU0074,PH101,2025-02-14,present
STU0074,PH101,2025-02-18,absent
STU0074,PH301,2025-02-20,present
STU0074,PH301,2025-02-24,present
STU0074,PH101,2025-02-26,present
STU0074,PH201,2025-02-28,present
STU0074,PH301,2025-03-04,present
STU0074,PH101,2025-03-06,present
STU0074,PH201,2025-03-10,present
STU0074,PH201,2025-03-12,present
STU0074,PH301,2025-03-14,present
STU0074,PH201,2025-03-18,absent
STU0074,PH101,2025-03-20,present
STU0074,PH301,2025-03-24,present
STU0074,PH301,2025-03-26,present
STU0074,PH301,2025-03-28,present
STU0074,PH201,2025-04-01,present
STU0074,PH301,2025-04-03,present
STU0074,PH201,2025-04-07,present
STU0074,PH101,2025-04-09,present
STU0074,PH201,2025-04-11,present
STU0074,PH201,2025-04-15,present
STU0074,PH301,2025-04-17,present
STU0074,PH301,2025-04-21,present
STU0074,PH301,2025-04-23,present
STU0074,PH201,2025-04-25,present
STU0074,PH201,2025-04-29,present
STU0075,CS201,2025-01-01,present
STU0075,CS301,2025-01-03,present
STU0075,CS501,2025-01-07,present
STU0075,CS201,2025-01-09,present
STU0075,CS301,2025-01-13,present
STU0075,CS401,2025-01-15,present
STU0075,CS101,2025-01-17,absent
STU0075,CS401,2025-01-21,absent
STU0075,CS401,2025-01-23,present
STU0075,CS301,2025-01-27,late
STU0075,CS101,2025-01-29,late
STU0075,CS501,2025-01-31,present
STU0075,CS301,2025-02-04,present
STU0075,CS401,2025-02-06,present
STU0075,CS201,2025-02-10,late
STU0075,CS101,2025-02-12,absent
STU0075,CS401,2025-02-14,present
STU0075,CS501,2025-02-18,present
STU0075,CS301,2025-02-20,present
STU0075,CS401,2025-02-24,present
STU0075,CS201,2025-02-26,present
STU0075,CS201,2025-02-28,absent
STU0075,CS401,2025-03-04,present
STU0075,CS101,2025-03-06,absent
STU0075,CS501,2025-03-10,absent
STU0075,CS201,2025-03-12,absent
STU0075,CS401,2025-03-14,present
STU0075,CS101,2025-03-18,present
STU0075,CS201,2025-03-20,present
STU0075,CS401,2025-03-24,present
STU0075,CS101,2025-03-26,present
STU0075,CS101,2025-03-28,present
STU0075,CS501,2025-04-01,present
STU0075,CS401,2025-04-03,present
STU0075,CS501,2025-04-07,present
STU0075,CS101,2025-04-09,present
STU0075,CS101,2025-04-11,absent
STU0075,CS101,2025-04-15,absent
STU0075,CS501,2025-04-17,present
STU0075,CS201,2025-04-21,present
STU0075,CS401,2025-04-23,present
STU0075,CS101,2025-04-25,present
STU0075,CS501,2025-04-29,present
STU0076,CS101,2025-01-01,absent
STU0076,CS501,2025-01-03,present
STU0076,CS301,2025-01-07,present
STU0076,CS501,2025-01-09,present
STU0076,CS101,2025-01-13,present
STU0076,CS501,2025-01-15,present
STU0076,CS101,2025-01-17,present
STU0076,CS401,2025-01-21,present
STU0076,CS101,2025-01-23,present
STU0076,CS101,2025-01-27,present
STU0076,CS201,2025-01-29,present
STU0076,CS201,2025-01-31,present
STU0076,CS401,2025-02-04,late
STU0076,CS401,2025-02-06,present
STU0076,CS201,2025-02-10,present
STU0076,CS501,2025-02-12,present
STU0076,CS101,2025-02-14,present
STU0076,CS301,2025-02-18,present
STU0076,CS501,2025-02-20,present
STU0076,CS401,2025-02-24,present
STU0076,CS401,2025-02-26,present
STU0076,CS401,2025-02-28,present
STU0076,CS401,2025-03-04,present
STU0076,CS101,2025-03-06,absent
STU0076,CS101,2025-03-10,present
STU0076,CS301,2025-03-12,present
STU0076,CS501,2025-03-14,present
STU0076,CS401,2025-03-18,present
STU0076,CS201,2025-03-20,present
STU0076,CS401,2025-03-24,present
STU0076,CS501,2025-03-26,present
STU0076,CS201,2025-03-28,present
STU0076,CS101,2025-04-01,present
STU0076,CS101,2025-04-03,present
STU0076,CS501,2025-04-07,absent
STU0076,CS301,2025-04-09,present
STU0076,CS401,2025-04-11,present
STU0076,CS501,2025-04-15,present
STU0076,CS401,2025-04-17,present
STU0076,CS301,2025-04-21,absent
STU0076,CS401,2025-04-23,present
STU0076,CS101,2025-04-25,present
STU0076,CS401,2025-04-29,present
STU0077,BU401,2025-01-01,present
STU0077,BU201,2025-01-03,present
STU0077,BU301,2025-01-07,present
STU0077,BU301,2025-01-09,present
STU0077,BU401,2025-01-13,present
STU0077,BU101,2025-01-15,present
STU0077,BU201,2025-01-17,present
STU0077,BU201,2025-01-21,present
STU0077,BU101,2025-01-23,present
STU0077,BU301,2025-01-27,present
STU0077,BU101,2025-01-29,present
STU0077,BU201,2025-01-31,present
STU0077,BU301,2025-02-04,present
STU0077,BU401,2025-02-06,present
STU0077,BU201,2025-02-10,present
STU0077,BU401,2025-02-12,absent
STU0077,BU301,2025-02-14,present
STU0077,BU201,2025-02-18,present
STU0077,BU301,2025-02-20,present
STU0077,BU101,2025-02-24,present
STU0077,BU101,2025-02-26,absent
STU0077,BU401,2025-02-28,present
STU0077,BU301,2025-03-04,present
STU0077,BU101,2025-03-06,absent
STU0077,BU401,2025-03-10,present
STU0077,BU401,2025-03-12,present
STU0077,BU301,2025-03-14,late
STU0077,BU401,2025-03-18,present
STU0077,BU401,2025-03-20,present
STU0077,BU201,2025-03-24,present
STU0077,BU301,2025-03-26,present
STU0077,BU101,2025-03-28,present
STU0077,BU201,2025-04-01,present
STU0077,BU101,2025-04-03,late
STU0077,BU401,2025-04-07,present
STU0077,BU401,2025-04-09,present
STU0077,BU301,2025-04-11,present
STU0077,BU401,2025-04-15,present
STU0077,BU301,2025-04-17,present
STU0077,BU401,2025-04-21,present
STU0077,BU401,2025-04-23,present
STU0077,BU201,2025-04-25,present
STU0077,BU301,2025-04-29,present
STU0078,PH301,2025-01-01,absent
STU0078,PH301,2025-01-03,absent
STU0078,PH301,2025-01-07,present
STU0078,PH301,2025-01-09,present
STU0078,PH201,2025-01-13,absent
STU0078,PH301,2025-01-15,present
STU0078,PH301,2025-01-17,present
STU0078,PH201,2025-01-21,absent
STU0078,PH101,2025-01-23,absent
STU0078,PH301,2025-01-27,present
STU0078,PH101,2025-01-29,present
STU0078,PH201,2025-01-31,absent
STU0078,PH201,2025-02-04,present
STU0078,PH301,2025-02-06,absent
STU0078,PH301,2025-02-10,absent
STU0078,PH301,2025-02-12,absent
STU0078,PH201,2025-02-14,present
STU0078,PH101,2025-02-18,present
STU0078,PH101,2025-02-20,absent
STU0078,PH201,2025-02-24,present
STU0078,PH101,2025-02-26,absent
STU0078,PH101,2025-02-28,present
STU0078,PH101,2025-03-04,present
STU0078,PH301,2025-03-06,absent
STU0078,PH101,2025-03-10,absent
STU0078,PH101,2025-03-12,late
STU0078,PH301,2025-03-14,absent
STU0078,PH201,2025-03-18,present
STU0078,PH201,2025-03-20,absent
STU0078,PH201,2025-03-24,absent
STU0078,PH301,2025-03-26,present
STU0078,PH301,2025-03-28,present
STU0078,PH101,2025-04-01,present
STU0078,PH101,2025-04-03,present
STU0078,PH201,2025-04-07,absent
STU0078,PH201,2025-04-09,present
STU0078,PH101,2025-04-11,present
STU0078,PH301,2025-04-15,present
STU0078,PH101,2025-04-17,present
STU0078,PH301,2025-04-21,present
STU0078,PH201,2025-04-23,present
STU0078,PH301,2025-04-25,late
STU0078,PH301,2025-04-29,present
STU0079,PH101,2025-01-01,present
STU0079,PH101,2025-01-03,present
STU0079,PH201,2025-01-07,present
STU0079,PH101,2025-01-09,present
STU0079,PH301,2025-01-13,present
STU0079,PH101,2025-01-15,present
STU0079,PH101,2025-01-17,present
STU0079,PH301,2025-01-21,present
STU0079,PH101,2025-01-23,present
STU0079,PH101,2025-01-27,present
STU0079,PH301,2025-01-29,absent
STU0079,PH201,2025-01-31,present
STU0079,PH301,2025-02-04,present
STU0079,PH101,2025-02-06,present
STU0079,PH101,2025-02-10,present
STU0079,PH201,2025-02-12,present
STU0079,PH301,2025-02-14,present
STU0079,PH201,2025-02-18,present
STU0079,PH301,2025-02-20,present
STU0079,PH101,2025-02-24,present
STU0079,PH301,2025-02-26,present
STU0079,PH301,2025-02-28,present
STU0079,PH301,2025-03-04,present
STU0079,PH201,2025-03-06,present
STU0079,PH201,2025-03-10,present
STU0079,PH101,2025-03-12,present
STU0079,PH101,2025-03-14,present
STU0079,PH201,2025-03-18,present
STU0079,PH201,2025-03-20,present
STU0079,PH101,2025-03-24,present
STU0079,PH201,2025-03-26,present
STU0079,PH301,2025-03-28,present
STU0079,PH101,2025-04-01,present
STU0079,PH101,2025-04-03,present
STU0079,PH101,2025-04-07,present
STU0079,PH301,2025-04-09,present
STU0079,PH301,2025-04-11,present
STU0079,PH201,2025-04-15,absent
STU0079,PH301,2025-04-17,absent
STU0079,PH201,2025-04-21,present
STU0079,PH201,2025-04-23,absent
STU0079,PH201,2025-04-25,late
STU0079,PH301,2025-04-29,present
STU0080,EN101,2025-01-01,present
STU0080,EN101,2025-01-03,present
STU0080,EN101,2025-01-07,present
STU0080,EN301,2025-01-09,present
STU0080,EN101,2025-01-13,present
STU0080,EN201,2025-01-15,late
STU0080,EN301,2025-01-17,present
STU0080,EN301,2025-01-21,present
STU0080,EN301,2025-01-23,present
STU0080,EN101,2025-01-27,present
STU0080,EN201,2025-01-29,late
STU0080,EN301,2025-01-31,present
STU0080,EN201,2025-02-04,present
STU0080,EN101,2025-02-06,present
STU0080,EN201,2025-02-10,present
STU0080,EN101,2025-02-12,present
STU0080,EN301,2025-02-14,present
STU0080,EN101,2025-02-18,present
STU0080,EN101,2025-02-20,present
STU0080,EN101,2025-02-24,present
STU0080,EN301,2025-02-26,present
STU0080,EN101,2025-02-28,present
STU0080,EN101,2025-03-04,present
STU0080,EN201,2025-03-06,present
STU0080,EN301,2025-03-10,present
STU0080,EN201,2025-03-12,present
STU0080,EN301,2025-03-14,present
STU0080,EN201,2025-03-18,present
STU0080,EN201,2025-03-20,present
STU0080,EN101,2025-03-24,present
STU0080,EN101,2025-03-26,present
STU0080,EN301,2025-03-28,absent
STU0080,EN301,2025-04-01,present
STU0080,EN201,2025-04-03,present
STU0080,EN301,2025-04-07,late
STU0080,EN301,2025-04-09,present
STU0080,EN201,2025-04-11,present
STU0080,EN201,2025-04-15,present
STU0080,EN301,2025-04-17,present
STU0080,EN301,2025-04-21,present
STU0080,EN101,2025-04-23,present
STU0080,EN201,2025-04-25,absent
STU0080,EN201,2025-04-29,absent
STU0081,EN201,2025-01-01,present
STU0081,EN301,2025-01-03,present
STU0081,EN301,2025-01-07,present
STU0081,EN201,2025-01-09,late
STU0081,EN301,2025-01-13,late
STU0081,EN201,2025-01-15,present
STU0081,EN301,2025-01-17,absent
STU0081,EN101,2025-01-21,present
STU0081,EN201,2025-01-23,present
STU0081,EN201,2025-01-27,present
STU0081,EN101,2025-01-29,present
STU0081,EN101,2025-01-31,present
STU0081,EN101,2025-02-04,present
STU0081,EN301,2025-02-06,present
STU0081,EN201,2025-02-10,late
STU0081,EN101,2025-02-12,present
STU0081,EN201,2025-02-14,present
STU0081,EN301,2025-02-18,present
STU0081,EN201,2025-02-20,present
STU0081,EN101,2025-02-24,present
STU0081,EN201,2025-02-26,present
STU0081,EN101,2025-02-28,present
STU0081,EN301,2025-03-04,present
STU0081,EN301,2025-03-06,present
STU0081,EN101,2025-03-10,present
STU0081,EN101,2025-03-12,present
STU0081,EN301,2025-03-14,present
STU0081,EN201,2025-03-18,present
STU0081,EN201,2025-03-20,absent
STU0081,EN201,2025-03-24,present
STU0081,EN101,2025-03-26,present
STU0081,EN301,2025-03-28,absent
STU0081,EN101,2025-04-01,present
STU0081,EN201,2025-04-03,present
STU0081,EN101,2025-04-07,absent
STU0081,EN101,2025-04-09,absent
STU0081,EN301,2025-04-11,late
STU0081,EN201,2025-04-15,present
STU0081,EN301,2025-04-17,present
STU0081,EN101,2025-04-21,present
STU0081,EN301,2025-04-23,present
STU0081,EN101,2025-04-25,present
STU0081,EN201,2025-04-29,present
STU0082,PH301,2025-01-01,absent
STU0082,PH301,2025-01-03,present
STU0082,PH201,2025-01-07,present
STU0082,PH201,2025-01-09,present
STU0082,PH301,2025-01-13,present
STU0082,PH201,2025-01-15,present
STU0082,PH201,2025-01-17,present
STU0082,PH101,2025-01-21,present
STU0082,PH301,2025-01-23,present
STU0082,PH201,2025-01-27,absent
STU0082,PH101,2025-01-29,absent
STU0082,PH101,2025-01-31,present
STU0082,PH301,2025-02-04,present
STU0082,PH101,2025-02-06,absent
STU0082,PH201,2025-02-10,absent
STU0082,PH301,2025-02-12,present
STU0082,PH201,2025-02-14,present
STU0082,PH201,2025-02-18,present
STU0082,PH101,2025-02-20,absent
STU0082,PH301,2025-02-24,late
STU0082,PH301,2025-02-26,present
STU0082,PH201,2025-02-28,absent
STU0082,PH201,2025-03-04,present
STU0082,PH101,2025-03-06,late
STU0082,PH201,2025-03-10,present
STU0082,PH301,2025-03-12,absent
STU0082,PH201,2025-03-14,present
STU0082,PH101,2025-03-18,present
STU0082,PH301,2025-03-20,present
STU0082,PH301,2025-03-24,late
STU0082,PH201,2025-03-26,absent
STU0082,PH201,2025-03-28,absent
STU0082,PH101,2025-04-01,late
STU0082,PH101,2025-04-03,present
STU0082,PH301,2025-04-07,present
STU0082,PH101,2025-04-09,present
STU0082,PH101,2025-04-11,present
STU0082,PH201,2025-04-15,present
STU0082,PH101,2025-04-17,present
STU0082,PH201,2025-04-21,present
STU0082,PH301,2025-04-23,present
STU0082,PH301,2025-04-25,present
STU0082,PH201,2025-04-29,present
STU0083,MT301,2025-01-01,late
STU0083,MT201,2025-01-03,present
STU0083,MT301,2025-01-07,late
STU0083,MT301,2025-01-09,present
STU0083,MT201,2025-01-13,present
STU0083,MT101,2025-01-15,absent
STU0083,MT101,2025-01-17,present
STU0083,MT101,2025-01-21,present
STU0083,MT101,2025-01-23,present
STU0083,MT401,2025-01-27,present
STU0083,MT101,2025-01-29,present
STU0083,MT201,2025-01-31,present
STU0083,MT201,2025-02-04,present
STU0083,MT201,2025-02-06,present
STU0083,MT301,2025-02-10,present
STU0083,MT401,2025-02-12,absent
STU0083,MT301,2025-02-14,present
STU0083,MT201,2025-02-18,present
STU0083,MT301,2025-02-20,absent
STU0083,MT101,2025-02-24,present
STU0083,MT101,2025-02-26,present
STU0083,MT101,2025-02-28,present
STU0083,MT301,2025-03-04,present
STU0083,MT401,2025-03-06,present
STU0083,MT101,2025-03-10,absent
STU0083,MT201,2025-03-12,present
STU0083,MT301,2025-03-14,present
STU0083,MT401,2025-03-18,present
STU0083,MT301,2025-03-20,present
STU0083,MT401,2025-03-24,present
STU0083,MT101,2025-03-26,present
STU0083,MT101,2025-03-28,present
STU0083,MT401,2025-04-01,present
STU0083,MT301,2025-04-03,present
STU0083,MT201,2025-04-07,present
STU0083,MT401,2025-04-09,absent
STU0083,MT201,2025-04-11,present
STU0083,MT301,2025-04-15,present
STU0083,MT301,2025-04-17,present
STU0083,MT301,2025-04-21,present
STU0083,MT301,2025-04-23,present
STU0083,MT401,2025-04-25,present
STU0083,MT201,2025-04-29,present
STU0084,PH101,2025-01-01,absent
STU0084,PH101,2025-01-03,present
STU0084,PH101,2025-01-07,present
STU0084,PH101,2025-01-09,absent
STU0084,PH201,2025-01-13,late
STU0084,PH301,2025-01-15,absent
STU0084,PH201,2025-01-17,present
STU0084,PH201,2025-01-21,present
STU0084,PH301,2025-01-23,present
STU0084,PH301,2025-01-27,present
STU0084,PH301,2025-01-29,present
STU0084,PH101,2025-01-31,present
STU0084,PH101,2025-02-04,absent
STU0084,PH301,2025-02-06,present
STU0084,PH101,2025-02-10,absent
STU0084,PH301,2025-02-12,present
STU0084,PH201,2025-02-14,present
STU0084,PH101,2025-02-18,present
STU0084,PH201,2025-02-20,absent
STU0084,PH101,2025-02-24,present
STU0084,PH201,2025-02-26,present
STU0084,PH101,2025-02-28,late
STU0084,PH301,2025-03-04,present
STU0084,PH201,2025-03-06,present
STU0084,PH101,2025-03-10,present
STU0084,PH201,2025-03-12,present
STU0084,PH201,2025-03-14,present
STU0084,PH201,2025-03-18,present
STU0084,PH101,2025-03-20,present
STU0084,PH301,2025-03-24,present
STU0084,PH201,2025-03-26,present
STU0084,PH201,2025-03-28,present
STU0084,PH201,2025-04-01,present
STU0084,PH301,2025-04-03,present
STU0084,PH101,2025-04-07,present
STU0084,PH301,2025-04-09,present
STU0084,PH301,2025-04-11,present
STU0084,PH101,2025-04-15,absent
STU0084,PH201,2025-04-17,present
STU0084,PH101,2025-04-21,late
STU0084,PH101,2025-04-23,late
STU0084,PH301,2025-04-25,present
STU0084,PH301,2025-04-29,present
STU0085,BU101,2025-01-01,present
STU0085,BU101,2025-01-03,present
STU0085,BU401,2025-01-07,present
STU0085,BU301,2025-01-09,present
STU0085,BU101,2025-01-13,present
STU0085,BU401,2025-01-15,absent
STU0085,BU201,2025-01-17,present
STU0085,BU301,2025-01-21,present
STU0085,BU201,2025-01-23,present
STU0085,BU101,2025-01-27,present
STU0085,BU301,2025-01-29,present
STU0085,BU101,2025-01-31,absent
STU0085,BU201,2025-02-04,present
STU0085,BU101,2025-02-06,present
STU0085,BU201,2025-02-10,present
STU0085,BU201,2025-02-12,absent
STU0085,BU301,2025-02-14,present
STU0085,BU101,2025-02-18,present
STU0085,BU401,2025-02-20,present
STU0085,BU301,2025-02-24,present
STU0085,BU401,2025-02-26,present
STU0085,BU101,2025-02-28,present
STU0085,BU401,2025-03-04,present
STU0085,BU101,2025-03-06,present
STU0085,BU301,2025-03-10,absent
STU0085,BU401,2025-03-12,present
STU0085,BU301,2025-03-14,present
STU0085,BU101,2025-03-18,present
STU0085,BU301,2025-03-20,present
STU0085,BU301,2025-03-24,absent
STU0085,BU101,2025-03-26,present
STU0085,BU201,2025-03-28,present
STU0085,BU201,2025-04-01,present
STU0085,BU201,2025-04-03,present
STU0085,BU401,2025-04-07,present
STU0085,BU401,2025-04-09,present
STU0085,BU301,2025-04-11,present
STU0085,BU101,2025-04-15,late
STU0085,BU201,2025-04-17,present
STU0085,BU301,2025-04-21,present
STU0085,BU101,2025-04-23,absent
STU0085,BU301,2025-04-25,present
STU0085,BU401,2025-04-29,present
STU0086,MT301,2025-01-01,present
STU0086,MT101,2025-01-03,present
STU0086,MT401,2025-01-07,present
STU0086,MT101,2025-01-09,present
STU0086,MT301,2025-01-13,absent
STU0086,MT401,2025-01-15,present
STU0086,MT201,2025-01-17,present
STU0086,MT101,2025-01-21,present
STU0086,MT301,2025-01-23,present
STU0086,MT201,2025-01-27,present
STU0086,MT301,2025-01-29,present
STU0086,MT201,2025-01-31,absent
STU0086,MT201,2025-02-04,present
STU0086,MT101,2025-02-06,present
STU0086,MT101,2025-02-10,present
STU0086,MT101,2025-02-12,present
STU0086,MT301,2025-02-14,present
STU0086,MT201,2025-02-18,present
STU0086,MT301,2025-02-20,present
STU0086,MT101,2025-02-24,present
STU0086,MT301,2025-02-26,present
STU0086,MT101,2025-02-28,present
STU0086,MT301,2025-03-04,present
STU0086,MT101,2025-03-06,absent
STU0086,MT101,2025-03-10,present
STU0086,MT201,2025-03-12,present
STU0086,MT301,2025-03-14,present
STU0086,MT401,2025-03-18,present
STU0086,MT201,2025-03-20,present
STU0086,MT101,2025-03-24,present
STU0086,MT301,2025-03-26,present
STU0086,MT201,2025-03-28,absent
STU0086,MT401,2025-04-01,present
STU0086,MT301,2025-04-03,present
STU0086,MT201,2025-04-07,present
STU0086,MT101,2025-04-09,absent
STU0086,MT101,2025-04-11,present
STU0086,MT201,2025-04-15,present
STU0086,MT101,2025-04-17,present
STU0086,MT101,2025-04-21,present
STU0086,MT401,2025-04-23,present
STU0086,MT301,2025-04-25,late
STU0086,MT101,2025-04-29,present
STU0087,CS201,2025-01-01,late
STU0087,CS101,2025-01-03,present
STU0087,CS501,2025-01-07,present
STU0087,CS501,2025-01-09,present
STU0087,CS301,2025-01-13,present
STU0087,CS301,2025-01-15,absent
STU0087,CS401,2025-01-17,late
STU0087,CS501,2025-01-21,absent
STU0087,CS501,2025-01-23,absent
STU0087,CS501,2025-01-27,present
STU0087,CS501,2025-01-29,present
STU0087,CS401,2025-01-31,late
STU0087,CS401,2025-02-04,present
STU0087,CS301,2025-02-06,present
STU0087,CS501,2025-02-10,present
STU0087,CS301,2025-02-12,present
STU0087,CS501,2025-02-14,late
STU0087,CS101,2025-02-18,present
STU0087,CS501,2025-02-20,present
STU0087,CS201,2025-02-24,present
STU0087,CS401,2025-02-26,present
STU0087,CS201,2025-02-28,present
STU0087,CS501,2025-03-04,present
STU0087,CS101,2025-03-06,absent
STU0087,CS201,2025-03-10,late
STU0087,CS401,2025-03-12,present
STU0087,CS401,2025-03-14,present
STU0087,CS301,2025-03-18,late
STU0087,CS501,2025-03-20,present
STU0087,CS101,2025-03-24,present
STU0087,CS401,2025-03-26,present
STU0087,CS301,2025-03-28,present
STU0087,CS301,2025-04-01,present
STU0087,CS501,2025-04-03,late
STU0087,CS101,2025-04-07,present
STU0087,CS301,2025-04-09,present
STU0087,CS201,2025-04-11,present
STU0087,CS201,2025-04-15,present
STU0087,CS101,2025-04-17,present
STU0087,CS501,2025-04-21,absent
STU0087,CS101,2025-04-23,absent
STU0087,CS101,2025-04-25,present
STU0087,CS101,2025-04-29,absent
STU0088,MT201,2025-01-01,absent
STU0088,MT101,2025-01-03,absent
STU0088,MT301,2025-01-07,present
STU0088,MT201,2025-01-09,present
STU0088,MT201,2025-01-13,present
STU0088,MT101,2025-01-15,present
STU0088,MT301,2025-01-17,present
STU0088,MT401,2025-01-21,present
STU0088,MT201,2025-01-23,absent
STU0088,MT201,2025-01-27,absent
STU0088,MT301,2025-01-29,absent
STU0088,MT201,2025-01-31,present
STU0088,MT301,2025-02-04,present
STU0088,MT101,2025-02-06,present
STU0088,MT201,2025-02-10,present
STU0088,MT201,2025-02-12,present
STU0088,MT301,2025-02-14,present
STU0088,MT401,2025-02-18,present
STU0088,MT201,2025-02-20,absent
STU0088,MT401,2025-02-24,present
STU0088,MT401,2025-02-26,absent
STU0088,MT101,2025-02-28,present
STU0088,MT201,2025-03-04,present
STU0088,MT201,2025-03-06,present
STU0088,MT101,2025-03-10,present
STU0088,MT201,2025-03-12,present
STU0088,MT301,2025-03-14,present
STU0088,MT201,2025-03-18,present
STU0088,MT301,2025-03-20,present
STU0088,MT201,2025-03-24,present
STU0088,MT201,2025-03-26,absent
STU0088,MT401,2025-03-28,present
STU0088,MT401,2025-04-01,absent
STU0088,MT101,2025-04-03,present
STU0088,MT401,2025-04-07,late
STU0088,MT401,2025-04-09,absent
STU0088,MT401,2025-04-11,present
STU0088,MT101,2025-04-15,present
STU0088,MT301,2025-04-17,absent
STU0088,MT201,2025-04-21,present
STU0088,MT201,2025-04-23,present
STU0088,MT401,2025-04-25,present
STU0088,MT401,2025-04-29,absent
STU0089,EN301,2025-01-01,absent
STU0089,EN201,2025-01-03,present
STU0089,EN201,2025-01-07,present
STU0089,EN201,2025-01-09,present
STU0089,EN101,2025-01-13,present
STU0089,EN301,2025-01-15,late
STU0089,EN301,2025-01-17,present
STU0089,EN201,2025-01-21,present
STU0089,EN201,2025-01-23,present
STU0089,EN101,2025-01-27,present
STU0089,EN101,2025-01-29,present
STU0089,EN101,2025-01-31,present
STU0089,EN201,2025-02-04,present
STU0089,EN301,2025-02-06,present
STU0089,EN201,2025-02-10,present
STU0089,EN101,2025-02-12,present
STU0089,EN201,2025-02-14,present
STU0089,EN301,2025-02-18,late
STU0089,EN101,2025-02-20,absent
STU0089,EN101,2025-02-24,late
STU0089,EN101,2025-02-26,present
STU0089,EN101,2025-02-28,late
STU0089,EN301,2025-03-04,present
STU0089,EN101,2025-03-06,present
STU0089,EN201,2025-03-10,present
STU0089,EN101,2025-03-12,present
STU0089,EN101,2025-03-14,present
STU0089,EN301,2025-03-18,present
STU0089,EN301,2025-03-20,present
STU0089,EN301,2025-03-24,present
STU0089,EN301,2025-03-26,present
STU0089,EN201,2025-03-28,present
STU0089,EN101,2025-04-01,present
STU0089,EN201,2025-04-03,absent
STU0089,EN201,2025-04-07,absent
STU0089,EN101,2025-04-09,present
STU0089,EN201,2025-04-11,present
STU0089,EN201,2025-04-15,present
STU0089,EN101,2025-04-17,absent
STU0089,EN201,2025-04-21,present
STU0089,EN201,2025-04-23,present
STU0089,EN201,2025-04-25,present
STU0089,EN101,2025-04-29,present
STU0090,BU401,2025-01-01,present
STU0090,BU201,2025-01-03,absent
STU0090,BU201,2025-01-07,present
STU0090,BU401,2025-01-09,present
STU0090,BU401,2025-01-13,absent
STU0090,BU201,2025-01-15,absent
STU0090,BU301,2025-01-17,present
STU0090,BU201,2025-01-21,present
STU0090,BU201,2025-01-23,present
STU0090,BU101,2025-01-27,late
STU0090,BU201,2025-01-29,present
STU0090,BU201,2025-01-31,late
STU0090,BU401,2025-02-04,present
STU0090,BU201,2025-02-06,present
STU0090,BU201,2025-02-10,present
STU0090,BU401,2025-02-12,present
STU0090,BU401,2025-02-14,present
STU0090,BU101,2025-02-18,present
STU0090,BU401,2025-02-20,present
STU0090,BU101,2025-02-24,late
STU0090,BU301,2025-02-26,present
STU0090,BU201,2025-02-28,absent
STU0090,BU201,2025-03-04,present
STU0090,BU301,2025-03-06,present
STU0090,BU401,2025-03-10,present
STU0090,BU201,2025-03-12,present
STU0090,BU101,2025-03-14,late
STU0090,BU301,2025-03-18,present
STU0090,BU201,2025-03-20,present
STU0090,BU101,2025-03-24,present
STU0090,BU101,2025-03-26,present
STU0090,BU401,2025-03-28,present
STU0090,BU201,2025-04-01,absent
STU0090,BU101,2025-04-03,absent
STU0090,BU201,2025-04-07,present
STU0090,BU301,2025-04-09,present
STU0090,BU201,2025-04-11,present
STU0090,BU301,2025-04-15,present
STU0090,BU401,2025-04-17,present
STU0090,BU101,2025-04-21,present
STU0090,BU301,2025-04-23,present
STU0090,BU101,2025-04-25,present
STU0090,BU401,2025-04-29,present
STU0091,CS101,2025-01-01,present
STU0091,CS401,2025-01-03,present
STU0091,CS401,2025-01-07,present
STU0091,CS301,2025-01-09,absent
STU0091,CS101,2025-01-13,present
STU0091,CS501,2025-01-15,present
STU0091,CS501,2025-01-17,present
STU0091,CS301,2025-01-21,absent
STU0091,CS501,2025-01-23,present
STU0091,CS301,2025-01-27,present
STU0091,CS501,2025-01-29,present
STU0091,CS501,2025-01-31,absent
STU0091,CS501,2025-02-04,late
STU0091,CS401,2025-02-06,present
STU0091,CS201,2025-02-10,absent
STU0091,CS301,2025-02-12,late
STU0091,CS401,2025-02-14,late
STU0091,CS401,2025-02-18,present
STU0091,CS501,2025-02-20,present
STU0091,CS401,2025-02-24,present
STU0091,CS401,2025-02-26,absent
STU0091,CS201,2025-02-28,present
STU0091,CS101,2025-03-04,present
STU0091,CS201,2025-03-06,present
STU0091,CS501,2025-03-10,absent
STU0091,CS101,2025-03-12,absent
STU0091,CS301,2025-03-14,present
STU0091,CS501,2025-03-18,absent
STU0091,CS301,2025-03-20,present
STU0091,CS101,2025-03-24,absent
STU0091,CS501,2025-03-26,present
STU0091,CS301,2025-03-28,present
STU0091,CS501,2025-04-01,late
STU0091,CS301,2025-04-03,present
STU0091,CS301,2025-04-07,absent
STU0091,CS301,2025-04-09,present
STU0091,CS201,2025-04-11,present
STU0091,CS201,2025-04-15,present
STU0091,CS301,2025-04-17,present
STU0091,CS501,2025-04-21,present
STU0091,CS301,2025-04-23,present
STU0091,CS301,2025-04-25,present
STU0091,CS101,2025-04-29,present
STU0092,CS201,2025-01-01,late
STU0092,CS201,2025-01-03,late
STU0092,CS101,2025-01-07,present
STU0092,CS301,2025-01-09,present
STU0092,CS501,2025-01-13,present
STU0092,CS101,2025-01-15,present
STU0092,CS301,2025-01-17,absent
STU0092,CS301,2025-01-21,late
STU0092,CS101,2025-01-23,present
STU0092,CS501,2025-01-27,absent
STU0092,CS401,2025-01-29,present
STU0092,CS201,2025-01-31,late
STU0092,CS301,2025-02-04,present
STU0092,CS101,2025-02-06,present
STU0092,CS101,2025-02-10,present
STU0092,CS101,2025-02-12,present
STU0092,CS501,2025-02-14,present
STU0092,CS401,2025-02-18,late
STU0092,CS401,2025-02-20,present
STU0092,CS301,2025-02-24,present
STU0092,CS301,2025-02-26,present
STU0092,CS101,2025-02-28,present
STU0092,CS201,2025-03-04,present
STU0092,CS401,2025-03-06,present
STU0092,CS201,2025-03-10,present
STU0092,CS401,2025-03-12,present
STU0092,CS301,2025-03-14,present
STU0092,CS501,2025-03-18,present
STU0092,CS101,2025-03-20,absent
STU0092,CS301,2025-03-24,present
STU0092,CS101,2025-03-26,present
STU0092,CS301,2025-03-28,present
STU0092,CS101,2025-04-01,present
STU0092,CS401,2025-04-03,present
STU0092,CS201,2025-04-07,present
STU0092,CS401,2025-04-09,present
STU0092,CS201,2025-04-11,present
STU0092,CS201,2025-04-15,present
STU0092,CS201,2025-04-17,absent
STU0092,CS301,2025-04-21,late
STU0092,CS201,2025-04-23,present
STU0092,CS401,2025-04-25,present
STU0092,CS401,2025-04-29,absent
STU0093,EN301,2025-01-01,absent
STU0093,EN201,2025-01-03,present
STU0093,EN101,2025-01-07,present
STU0093,EN301,2025-01-09,present
STU0093,EN101,2025-01-13,present
STU0093,EN301,2025-01-15,present
STU0093,EN101,2025-01-17,present
STU0093,EN101,2025-01-21,present
STU0093,EN301,2025-01-23,present
STU0093,EN301,2025-01-27,present
STU0093,EN101,2025-01-29,present
STU0093,EN101,2025-01-31,present
STU0093,EN301,2025-02-04,present
STU0093,EN101,2025-02-06,present
STU0093,EN201,2025-02-10,late
STU0093,EN101,2025-02-12,present
STU0093,EN301,2025-02-14,present
STU0093,EN301,2025-02-18,present
STU0093,EN301,2025-02-20,present
STU0093,EN301,2025-02-24,absent
STU0093,EN301,2025-02-26,present
STU0093,EN101,2025-02-28,present
STU0093,EN201,2025-03-04,present
STU0093,EN201,2025-03-06,present
STU0093,EN301,2025-03-10,absent
STU0093,EN201,2025-03-12,absent
STU0093,EN301,2025-03-14,present
STU0093,EN301,2025-03-18,present
STU0093,EN301,2025-03-20,absent
STU0093,EN201,2025-03-24,absent
STU0093,EN101,2025-03-26,present
STU0093,EN101,2025-03-28,present
STU0093,EN101,2025-04-01,present
STU0093,EN101,2025-04-03,absent
STU0093,EN201,2025-04-07,present
STU0093,EN301,2025-04-09,present
STU0093,EN201,2025-04-11,present
STU0093,EN301,2025-04-15,present
STU0093,EN201,2025-04-17,present
STU0093,EN101,2025-04-21,present
STU0093,EN201,2025-04-23,present
STU0093,EN101,2025-04-25,present
STU0093,EN101,2025-04-29,present
STU0094,EN101,2025-01-01,present
STU0094,EN201,2025-01-03,present
STU0094,EN301,2025-01-07,present
STU0094,EN101,2025-01-09,present
STU0094,EN101,2025-01-13,present
STU0094,EN101,2025-01-15,present
STU0094,EN101,2025-01-17,present
STU0094,EN301,2025-01-21,present
STU0094,EN301,2025-01-23,present
STU0094,EN201,2025-01-27,present
STU0094,EN101,2025-01-29,present
STU0094,EN101,2025-01-31,present
STU0094,EN101,2025-02-04,present
STU0094,EN201,2025-02-06,present
STU0094,EN301,2025-02-10,present
STU0094,EN201,2025-02-12,present
STU0094,EN301,2025-02-14,present
STU0094,EN201,2025-02-18,absent
STU0094,EN301,2025-02-20,absent
STU0094,EN101,2025-02-24,present
STU0094,EN101,2025-02-26,present
STU0094,EN101,2025-02-28,present
STU0094,EN301,2025-03-04,present
STU0094,EN101,2025-03-06,present
STU0094,EN301,2025-03-10,present
STU0094,EN101,2025-03-12,present
STU0094,EN101,2025-03-14,present
STU0094,EN301,2025-03-18,present
STU0094,EN201,2025-03-20,present
STU0094,EN201,2025-03-24,present
STU0094,EN301,2025-03-26,present
STU0094,EN201,2025-03-28,present
STU0094,EN301,2025-04-01,present
STU0094,EN101,2025-04-03,present
STU0094,EN301,2025-04-07,late
STU0094,EN101,2025-04-09,present
STU0094,EN101,2025-04-11,late
STU0094,EN101,2025-04-15,late
STU0094,EN101,2025-04-17,present
STU0094,EN301,2025-04-21,present
STU0094,EN101,2025-04-23,present
STU0094,EN201,2025-04-25,absent
STU0094,EN101,2025-04-29,present
STU0095,BU301,2025-01-01,present
STU0095,BU101,2025-01-03,present
STU0095,BU101,2025-01-07,present
STU0095,BU401,2025-01-09,present
STU0095,BU101,2025-01-13,present
STU0095,BU201,2025-01-15,present
STU0095,BU301,2025-01-17,present
STU0095,BU401,2025-01-21,present
STU0095,BU101,2025-01-23,absent
STU0095,BU401,2025-01-27,present
STU0095,BU401,2025-01-29,present
STU0095,BU401,2025-01-31,present
STU0095,BU201,2025-02-04,present
STU0095,BU201,2025-02-06,present
STU0095,BU101,2025-02-10,present
STU0095,BU301,2025-02-12,present
STU0095,BU401,2025-02-14,absent
STU0095,BU101,2025-02-18,late
STU0095,BU201,2025-02-20,present
STU0095,BU201,2025-02-24,present
STU0095,BU101,2025-02-26,present
STU0095,BU301,2025-02-28,present
STU0095,BU201,2025-03-04,absent
STU0095,BU301,2025-03-06,present
STU0095,BU401,2025-03-10,present
STU0095,BU301,2025-03-12,late
STU0095,BU201,2025-03-14,present
STU0095,BU201,2025-03-18,present
STU0095,BU301,2025-03-20,present
STU0095,BU301,2025-03-24,present
STU0095,BU201,2025-03-26,present
STU0095,BU101,2025-03-28,present
STU0095,BU101,2025-04-01,present
STU0095,BU401,2025-04-03,present
STU0095,BU301,2025-04-07,present
STU0095,BU101,2025-04-09,present
STU0095,BU101,2025-04-11,present
STU0095,BU101,2025-04-15,present
STU0095,BU301,2025-04-17,present
STU0095,BU401,2025-04-21,present
STU0095,BU101,2025-04-23,present
STU0095,BU101,2025-04-25,present
STU0095,BU101,2025-04-29,present
STU0096,EN301,2025-01-01,present
STU0096,EN201,2025-01-03,present
STU0096,EN101,2025-01-07,present
STU0096,EN101,2025-01-09,absent
STU0096,EN101,2025-01-13,present
STU0096,EN101,2025-01-15,absent
STU0096,EN201,2025-01-17,present
STU0096,EN201,2025-01-21,present
STU0096,EN201,2025-01-23,late
STU0096,EN301,2025-01-27,present
STU0096,EN201,2025-01-29,present
STU0096,EN301,2025-01-31,present
STU0096,EN201,2025-02-04,present
STU0096,EN101,2025-02-06,present
STU0096,EN101,2025-02-10,present
STU0096,EN301,2025-02-12,present
STU0096,EN201,2025-02-14,present
STU0096,EN101,2025-02-18,present
STU0096,EN301,2025-02-20,present
STU0096,EN301,2025-02-24,present
STU0096,EN101,2025-02-26,present
STU0096,EN301,2025-02-28,late
STU0096,EN101,2025-03-04,present
STU0096,EN301,2025-03-06,absent
STU0096,EN201,2025-03-10,present
STU0096,EN201,2025-03-12,present
STU0096,EN301,2025-03-14,present
STU0096,EN201,2025-03-18,present
STU0096,EN101,2025-03-20,present
STU0096,EN301,2025-03-24,present
STU0096,EN101,2025-03-26,present
STU0096,EN201,2025-03-28,late
STU0096,EN201,2025-04-01,present
STU0096,EN101,2025-04-03,present
STU0096,EN301,2025-04-07,absent
STU0096,EN301,2025-04-09,present
STU0096,EN301,2025-04-11,present
STU0096,EN301,2025-04-15,present
STU0096,EN301,2025-04-17,absent
STU0096,EN301,2025-04-21,absent
STU0096,EN201,2025-04-23,present
STU0096,EN301,2025-04-25,present
STU0096,EN301,2025-04-29,late
STU0097,CS401,2025-01-01,present
STU0097,CS401,2025-01-03,present
STU0097,CS401,2025-01-07,present
STU0097,CS401,2025-01-09,present
STU0097,CS401,2025-01-13,present
STU0097,CS301,2025-01-15,present
STU0097,CS101,2025-01-17,present
STU0097,CS201,2025-01-21,present
STU0097,CS501,2025-01-23,absent
STU0097,CS401,2025-01-27,present
STU0097,CS401,2025-01-29,present
STU0097,CS101,2025-01-31,present
STU0097,CS201,2025-02-04,present
STU0097,CS201,2025-02-06,present
STU0097,CS501,2025-02-10,present
STU0097,CS501,2025-02-12,absent
STU0097,CS101,2025-02-14,late
STU0097,CS501,2025-02-18,present
STU0097,CS501,2025-02-20,present
STU0097,CS201,2025-02-24,present
STU0097,CS501,2025-02-26,absent
STU0097,CS401,2025-02-28,absent
STU0097,CS201,2025-03-04,present
STU0097,CS101,2025-03-06,present
STU0097,CS301,2025-03-10,present
STU0097,CS501,2025-03-12,present
STU0097,CS401,2025-03-14,present
STU0097,CS201,2025-03-18,present
STU0097,CS101,2025-03-20,present
STU0097,CS301,2025-03-24,absent
STU0097,CS301,2025-03-26,late
STU0097,CS101,2025-03-28,present
STU0097,CS501,2025-04-01,present
STU0097,CS301,2025-04-03,present
STU0097,CS301,2025-04-07,present
STU0097,CS301,2025-04-09,present
STU0097,CS501,2025-04-11,present
STU0097,CS401,2025-04-15,present
STU0097,CS501,2025-04-17,present
STU0097,CS101,2025-04-21,present
STU0097,CS401,2025-04-23,present
STU0097,CS201,2025-04-25,present
STU0097,CS301,2025-04-29,present
STU0098,EN101,2025-01-01,late
STU0098,EN301,2025-01-03,present
STU0098,EN301,2025-01-07,present
STU0098,EN301,2025-01-09,absent
STU0098,EN101,2025-01-13,late
STU0098,EN201,2025-01-15,present
STU0098,EN301,2025-01-17,absent
STU0098,EN301,2025-01-21,present
STU0098,EN201,2025-01-23,present
STU0098,EN201,2025-01-27,present
STU0098,EN301,2025-01-29,present
STU0098,EN301,2025-01-31,present
STU0098,EN101,2025-02-04,present
STU0098,EN101,2025-02-06,present
STU0098,EN301,2025-02-10,present
STU0098,EN301,2025-02-12,present
STU0098,EN101,2025-02-14,present
STU0098,EN201,2025-02-18,absent
STU0098,EN201,2025-02-20,absent
STU0098,EN201,2025-02-24,absent
STU0098,EN301,2025-02-26,absent
STU0098,EN201,2025-02-28,present
STU0098,EN301,2025-03-04,absent
STU0098,EN101,2025-03-06,present
STU0098,EN301,2025-03-10,present
STU0098,EN101,2025-03-12,present
STU0098,EN301,2025-03-14,present
STU0098,EN301,2025-03-18,present
STU0098,EN201,2025-03-20,present
STU0098,EN101,2025-03-24,absent
STU0098,EN301,2025-03-26,present
STU0098,EN201,2025-03-28,present
STU0098,EN301,2025-04-01,late
STU0098,EN101,2025-04-03,present
STU0098,EN101,2025-04-07,present
STU0098,EN201,2025-04-09,present
STU0098,EN201,2025-04-11,present
STU0098,EN201,2025-04-15,present
STU0098,EN301,2025-04-17,present
STU0098,EN101,2025-04-21,present
STU0098,EN101,2025-04-23,present
STU0098,EN301,2025-04-25,present
STU0098,EN101,2025-04-29,present
STU0099,MT401,2025-01-01,present
STU0099,MT101,2025-01-03,absent
STU0099,MT301,2025-01-07,present
STU0099,MT301,2025-01-09,present
STU0099,MT101,2025-01-13,present
STU0099,MT401,2025-01-15,present
STU0099,MT201,2025-01-17,present
STU0099,MT301,2025-01-21,present
STU0099,MT401,2025-01-23,absent
STU0099,MT401,2025-01-27,absent
STU0099,MT101,2025-01-29,present
STU0099,MT201,2025-01-31,present
STU0099,MT101,2025-02-04,present
STU0099,MT401,2025-02-06,present
STU0099,MT101,2025-02-10,present
STU0099,MT301,2025-02-12,present
STU0099,MT201,2025-02-14,present
STU0099,MT401,2025-02-18,present
STU0099,MT301,2025-02-20,present
STU0099,MT201,2025-02-24,absent
STU0099,MT101,2025-02-26,present
STU0099,MT301,2025-02-28,present
STU0099,MT301,2025-03-04,present
STU0099,MT301,2025-03-06,absent
STU0099,MT301,2025-03-10,present
STU0099,MT201,2025-03-12,present
STU0099,MT301,2025-03-14,present
STU0099,MT301,2025-03-18,present
STU0099,MT301,2025-03-20,absent
STU0099,MT101,2025-03-24,present
STU0099,MT401,2025-03-26,present
STU0099,MT401,2025-03-28,late
STU0099,MT401,2025-04-01,present
STU0099,MT401,2025-04-03,present
STU0099,MT201,2025-04-07,present
STU0099,MT201,2025-04-09,late
STU0099,MT101,2025-04-11,present
STU0099,MT101,2025-04-15,present
STU0099,MT101,2025-04-17,present
STU0099,MT401,2025-04-21,present
STU0099,MT201,2025-04-23,present
STU0099,MT101,2025-04-25,present
STU0099,MT301,2025-04-29,late
STU0100,BU101,2025-01-01,present
STU0100,BU301,2025-01-03,present
STU0100,BU401,2025-01-07,present
STU0100,BU101,2025-01-09,present
STU0100,BU101,2025-01-13,absent
STU0100,BU201,2025-01-15,present
STU0100,BU301,2025-01-17,present
STU0100,BU401,2025-01-21,present
STU0100,BU101,2025-01-23,present
STU0100,BU401,2025-01-27,present
STU0100,BU301,2025-01-29,present
STU0100,BU401,2025-01-31,present
STU0100,BU101,2025-02-04,absent
STU0100,BU301,2025-02-06,present
STU0100,BU101,2025-02-10,absent
STU0100,BU101,2025-02-12,present
STU0100,BU301,2025-02-14,present
STU0100,BU401,2025-02-18,present
STU0100,BU401,2025-02-20,present
STU0100,BU401,2025-02-24,present
STU0100,BU101,2025-02-26,present
STU0100,BU401,2025-02-28,present
STU0100,BU301,2025-03-04,present
STU0100,BU301,2025-03-06,present
STU0100,BU201,2025-03-10,present
STU0100,BU401,2025-03-12,present
STU0100,BU201,2025-03-14,present
STU0100,BU301,2025-03-18,present
STU0100,BU301,2025-03-20,present
STU0100,BU401,2025-03-24,absent
STU0100,BU101,2025-03-26,present
STU0100,BU301,2025-03-28,present
STU0100,BU401,2025-04-01,present
STU0100,BU401,2025-04-03,present
STU0100,BU101,2025-04-07,present
STU0100,BU101,2025-04-09,present
STU0100,BU101,2025-04-11,absent
STU0100,BU101,2025-04-15,present
STU0100,BU401,2025-04-17,present
STU0100,BU401,2025-04-21,present
STU0100,BU101,2025-04-23,present
STU0100,BU201,2025-04-25,present
STU0100,BU201,2025-04-29,present
STU0101,EN101,2025-01-01,present
STU0101,EN201,2025-01-03,late
STU0101,EN201,2025-01-07,absent
STU0101,EN101,2025-01-09,present
STU0101,EN301,2025-01-13,absent
STU0101,EN201,2025-01-15,present
STU0101,EN301,2025-01-17,present
STU0101,EN201,2025-01-21,present
STU0101,EN101,2025-01-23,absent
STU0101,EN101,2025-01-27,absent
STU0101,EN201,2025-01-29,present
STU0101,EN101,2025-01-31,late
STU0101,EN101,2025-02-04,present
STU0101,EN201,2025-02-06,absent
STU0101,EN201,2025-02-10,late
STU0101,EN301,2025-02-12,present
STU0101,EN201,2025-02-14,present
STU0101,EN301,2025-02-18,present
STU0101,EN301,2025-02-20,present
STU0101,EN301,2025-02-24,present
STU0101,EN201,2025-02-26,present
STU0101,EN301,2025-02-28,late
STU0101,EN201,2025-03-04,present
STU0101,EN301,2025-03-06,present
STU0101,EN301,2025-03-10,absent
STU0101,EN101,2025-03-12,late
STU0101,EN101,2025-03-14,present
STU0101,EN301,2025-03-18,late
STU0101,EN101,2025-03-20,present
STU0101,EN201,2025-03-24,absent
STU0101,EN101,2025-03-26,present
STU0101,EN301,2025-03-28,present
STU0101,EN101,2025-04-01,present
STU0101,EN201,2025-04-03,present
STU0101,EN201,2025-04-07,present
STU0101,EN301,2025-04-09,present
STU0101,EN301,2025-04-11,present
STU0101,EN301,2025-04-15,absent
STU0101,EN301,2025-04-17,present
STU0101,EN301,2025-04-21,present
STU0101,EN301,2025-04-23,present
STU0101,EN101,2025-04-25,present
STU0101,EN201,2025-04-29,absent
STU0102,PH201,2025-01-01,present
STU0102,PH301,2025-01-03,present
STU0102,PH101,2025-01-07,present
STU0102,PH201,2025-01-09,present
STU0102,PH201,2025-01-13,present
STU0102,PH101,2025-01-15,present
STU0102,PH201,2025-01-17,present
STU0102,PH301,2025-01-21,present
STU0102,PH101,2025-01-23,present
STU0102,PH101,2025-01-27,present
STU0102,PH301,2025-01-29,absent
STU0102,PH101,2025-01-31,present
STU0102,PH101,2025-02-04,present
STU0102,PH101,2025-02-06,present
STU0102,PH301,2025-02-10,present
STU0102,PH201,2025-02-12,present
STU0102,PH201,2025-02-14,present
STU0102,PH101,2025-02-18,present
STU0102,PH101,2025-02-20,present
STU0102,PH101,2025-02-24,present
STU0102,PH101,2025-02-26,present
STU0102,PH201,2025-02-28,present
STU0102,PH201,2025-03-04,present
STU0102,PH301,2025-03-06,present
STU0102,PH201,2025-03-10,present
STU0102,PH201,2025-03-12,present
STU0102,PH101,2025-03-14,present
STU0102,PH301,2025-03-18,present
STU0102,PH101,2025-03-20,present
STU0102,PH101,2025-03-24,present
STU0102,PH201,2025-03-26,present
STU0102,PH201,2025-03-28,present
STU0102,PH301,2025-04-01,present
STU0102,PH101,2025-04-03,present
STU0102,PH201,2025-04-07,present
STU0102,PH101,2025-04-09,present
STU0102,PH101,2025-04-11,present
STU0102,PH101,2025-04-15,present
STU0102,PH201,2025-04-17,present
STU0102,PH101,2025-04-21,present
STU0102,PH201,2025-04-23,present
STU0102,PH201,2025-04-25,absent
STU0102,PH101,2025-04-29,present
STU0103,EN301,2025-01-01,late
STU0103,EN101,2025-01-03,present
STU0103,EN201,2025-01-07,present
STU0103,EN201,2025-01-09,present
STU0103,EN301,2025-01-13,present
STU0103,EN201,2025-01-15,present
STU0103,EN201,2025-01-17,present
STU0103,EN101,2025-01-21,present
STU0103,EN301,2025-01-23,late
STU0103,EN201,2025-01-27,absent
STU0103,EN101,2025-01-29,present
STU0103,EN201,2025-01-31,present
STU0103,EN101,2025-02-04,present
STU0103,EN201,2025-02-06,present
STU0103,EN101,2025-02-10,present
STU0103,EN301,2025-02-12,present
STU0103,EN301,2025-02-14,present
STU0103,EN101,2025-02-18,present
STU0103,EN101,2025-02-20,late
STU0103,EN101,2025-02-24,present
STU0103,EN101,2025-02-26,late
STU0103,EN201,2025-02-28,present
STU0103,EN201,2025-03-04,present
STU0103,EN101,2025-03-06,present
STU0103,EN301,2025-03-10,present
STU0103,EN101,2025-03-12,present
STU0103,EN101,2025-03-14,present
STU0103,EN301,2025-03-18,present
STU0103,EN101,2025-03-20,present
STU0103,EN301,2025-03-24,present
STU0103,EN101,2025-03-26,present
STU0103,EN101,2025-03-28,present
STU0103,EN201,2025-04-01,present
STU0103,EN101,2025-04-03,present
STU0103,EN201,2025-04-07,present
STU0103,EN101,2025-04-09,late
STU0103,EN101,2025-04-11,present
STU0103,EN301,2025-04-15,absent
STU0103,EN201,2025-04-17,present
STU0103,EN301,2025-04-21,present
STU0103,EN301,2025-04-23,present
STU0103,EN101,2025-04-25,present
STU0103,EN101,2025-04-29,present
STU0104,BU101,2025-01-01,absent
STU0104,BU301,2025-01-03,present
STU0104,BU201,2025-01-07,present
STU0104,BU201,2025-01-09,present
STU0104,BU101,2025-01-13,late
STU0104,BU301,2025-01-15,present
STU0104,BU301,2025-01-17,present
STU0104,BU201,2025-01-21,present
STU0104,BU401,2025-01-23,absent
STU0104,BU401,2025-01-27,late
STU0104,BU201,2025-01-29,present
STU0104,BU301,2025-01-31,absent
STU0104,BU201,2025-02-04,absent
STU0104,BU301,2025-02-06,present
STU0104,BU201,2025-02-10,present
STU0104,BU301,2025-02-12,present
STU0104,BU401,2025-02-14,late
STU0104,BU101,2025-02-18,present
STU0104,BU101,2025-02-20,absent
STU0104,BU401,2025-02-24,present
STU0104,BU101,2025-02-26,present
STU0104,BU301,2025-02-28,present
STU0104,BU301,2025-03-04,present
STU0104,BU301,2025-03-06,absent
STU0104,BU201,2025-03-10,absent
STU0104,BU401,2025-03-12,absent
STU0104,BU101,2025-03-14,present
STU0104,BU301,2025-03-18,present
STU0104,BU301,2025-03-20,present
STU0104,BU301,2025-03-24,present
STU0104,BU201,2025-03-26,present
STU0104,BU401,2025-03-28,present
STU0104,BU301,2025-04-01,present
STU0104,BU201,2025-04-03,late
STU0104,BU401,2025-04-07,present
STU0104,BU201,2025-04-09,present
STU0104,BU301,2025-04-11,present
STU0104,BU101,2025-04-15,present
STU0104,BU101,2025-04-17,present
STU0104,BU301,2025-04-21,late
STU0104,BU301,2025-04-23,absent
STU0104,BU101,2025-04-25,absent
STU0104,BU201,2025-04-29,late
STU0105,MT201,2025-01-01,present
STU0105,MT201,2025-01-03,present
STU0105,MT201,2025-01-07,present
STU0105,MT301,2025-01-09,present
STU0105,MT301,2025-01-13,present
STU0105,MT201,2025-01-15,present
STU0105,MT301,2025-01-17,present
STU0105,MT101,2025-01-21,present
STU0105,MT201,2025-01-23,present
STU0105,MT301,2025-01-27,present
STU0105,MT201,2025-01-29,present
STU0105,MT101,2025-01-31,present
STU0105,MT301,2025-02-04,present
STU0105,MT101,2025-02-06,present
STU0105,MT401,2025-02-10,present
STU0105,MT301,2025-02-12,present
STU0105,MT101,2025-02-14,present
STU0105,MT401,2025-02-18,present
STU0105,MT101,2025-02-20,present
STU0105,MT401,2025-02-24,present
STU0105,MT201,2025-02-26,present
STU0105,MT301,2025-02-28,present
STU0105,MT301,2025-03-04,present
STU0105,MT301,2025-03-06,present
STU0105,MT201,2025-03-10,present
STU0105,MT301,2025-03-12,present
STU0105,MT201,2025-03-14,present
STU0105,MT301,2025-03-18,present
STU0105,MT401,2025-03-20,present
STU0105,MT401,2025-03-24,present
STU0105,MT401,2025-03-26,present
STU0105,MT401,2025-03-28,present
STU0105,MT301,2025-04-01,present
STU0105,MT301,2025-04-03,present
STU0105,MT301,2025-04-07,present
STU0105,MT401,2025-04-09,present
STU0105,MT301,2025-04-11,present
STU0105,MT201,2025-04-15,absent
STU0105,MT101,2025-04-17,present
STU0105,MT301,2025-04-21,present
STU0105,MT401,2025-04-23,present
STU0105,MT301,2025-04-25,present
STU0105,MT101,2025-04-29,present
STU0106,BU101,2025-01-01,present
STU0106,BU401,2025-01-03,present
STU0106,BU101,2025-01-07,absent
STU0106,BU401,2025-01-09,present
STU0106,BU201,2025-01-13,present
STU0106,BU401,2025-01-15,absent
STU0106,BU301,2025-01-17,present
STU0106,BU401,2025-01-21,absent
STU0106,BU201,2025-01-23,present
STU0106,BU401,2025-01-27,present
STU0106,BU301,2025-01-29,present
STU0106,BU301,2025-01-31,present
STU0106,BU201,2025-02-04,absent
STU0106,BU401,2025-02-06,present
STU0106,BU401,2025-02-10,present
STU0106,BU201,2025-02-12,present
STU0106,BU301,2025-02-14,present
STU0106,BU301,2025-02-18,present
STU0106,BU401,2025-02-20,present
STU0106,BU101,2025-02-24,present
STU0106,BU101,2025-02-26,present
STU0106,BU201,2025-02-28,present
STU0106,BU101,2025-03-04,present
STU0106,BU101,2025-03-06,present
STU0106,BU301,2025-03-10,present
STU0106,BU101,2025-03-12,present
STU0106,BU401,2025-03-14,present
STU0106,BU201,2025-03-18,present
STU0106,BU301,2025-03-20,present
STU0106,BU301,2025-03-24,present
STU0106,BU301,2025-03-26,absent
STU0106,BU201,2025-03-28,present
STU0106,BU401,2025-04-01,present
STU0106,BU101,2025-04-03,present
STU0106,BU101,2025-04-07,present
STU0106,BU401,2025-04-09,absent
STU0106,BU101,2025-04-11,present
STU0106,BU201,2025-04-15,present
STU0106,BU201,2025-04-17,absent
STU0106,BU301,2025-04-21,present
STU0106,BU401,2025-04-23,present
STU0106,BU101,2025-04-25,present
STU0106,BU401,2025-04-29,present
STU0107,BU201,2025-01-01,late
STU0107,BU401,2025-01-03,late
STU0107,BU201,2025-01-07,absent
STU0107,BU301,2025-01-09,present
STU0107,BU101,2025-01-13,absent
STU0107,BU401,2025-01-15,present
STU0107,BU301,2025-01-17,present
STU0107,BU201,2025-01-21,absent
STU0107,BU101,2025-01-23,present
STU0107,BU401,2025-01-27,present
STU0107,BU101,2025-01-29,present
STU0107,BU201,2025-01-31,absent
STU0107,BU201,2025-02-04,present
STU0107,BU301,2025-02-06,present
STU0107,BU101,2025-02-10,present
STU0107,BU201,2025-02-12,absent
STU0107,BU301,2025-02-14,absent
STU0107,BU201,2025-02-18,present
STU0107,BU301,2025-02-20,present
STU0107,BU301,2025-02-24,present
STU0107,BU201,2025-02-26,late
STU0107,BU401,2025-02-28,present
STU0107,BU301,2025-03-04,late
STU0107,BU201,2025-03-06,present
STU0107,BU201,2025-03-10,absent
STU0107,BU401,2025-03-12,absent
STU0107,BU101,2025-03-14,present
STU0107,BU401,2025-03-18,late
STU0107,BU301,2025-03-20,present
STU0107,BU401,2025-03-24,present
STU0107,BU301,2025-03-26,present
STU0107,BU301,2025-03-28,absent
STU0107,BU301,2025-04-01,present
STU0107,BU301,2025-04-03,present
STU0107,BU301,2025-04-07,present
STU0107,BU401,2025-04-09,present
STU0107,BU101,2025-04-11,present
STU0107,BU201,2025-04-15,present
STU0107,BU401,2025-04-17,absent
STU0107,BU201,2025-04-21,present
STU0107,BU101,2025-04-23,present
STU0107,BU401,2025-04-25,present
STU0107,BU301,2025-04-29,present
STU0108,MT201,2025-01-01,absent
STU0108,MT401,2025-01-03,absent
STU0108,MT101,2025-01-07,present
STU0108,MT201,2025-01-09,absent
STU0108,MT201,2025-01-13,absent
STU0108,MT201,2025-01-15,absent
STU0108,MT301,2025-01-17,present
STU0108,MT101,2025-01-21,late
STU0108,MT201,2025-01-23,present
STU0108,MT201,2025-01-27,present
STU0108,MT201,2025-01-29,present
STU0108,MT401,2025-01-31,present
STU0108,MT201,2025-02-04,present
STU0108,MT401,2025-02-06,present
STU0108,MT401,2025-02-10,present
STU0108,MT101,2025-02-12,absent
STU0108,MT401,2025-02-14,absent
STU0108,MT401,2025-02-18,present
STU0108,MT301,2025-02-20,absent
STU0108,MT101,2025-02-24,absent
STU0108,MT301,2025-02-26,absent
STU0108,MT101,2025-02-28,present
STU0108,MT301,2025-03-04,present
STU0108,MT401,2025-03-06,late
STU0108,MT301,2025-03-10,present
STU0108,MT301,2025-03-12,present
STU0108,MT101,2025-03-14,present
STU0108,MT101,2025-03-18,present
STU0108,MT201,2025-03-20,present
STU0108,MT401,2025-03-24,present
STU0108,MT201,2025-03-26,present
STU0108,MT101,2025-03-28,absent
STU0108,MT101,2025-04-01,absent
STU0108,MT101,2025-04-03,present
STU0108,MT301,2025-04-07,late
STU0108,MT101,2025-04-09,present
STU0108,MT201,2025-04-11,present
STU0108,MT201,2025-04-15,absent
STU0108,MT201,2025-04-17,absent
STU0108,MT101,2025-04-21,late
STU0108,MT401,2025-04-23,present
STU0108,MT301,2025-04-25,absent
STU0108,MT301,2025-04-29,present
STU0109,PH301,2025-01-01,present
STU0109,PH201,2025-01-03,present
STU0109,PH101,2025-01-07,present
STU0109,PH301,2025-01-09,present
STU0109,PH301,2025-01-13,absent
STU0109,PH101,2025-01-15,present
STU0109,PH201,2025-01-17,present
STU0109,PH201,2025-01-21,present
STU0109,PH201,2025-01-23,present
STU0109,PH201,2025-01-27,present
STU0109,PH201,2025-01-29,present
STU0109,PH101,2025-01-31,present
STU0109,PH101,2025-02-04,present
STU0109,PH301,2025-02-06,present
STU0109,PH101,2025-02-10,present
STU0109,PH201,2025-02-12,present
STU0109,PH301,2025-02-14,present
STU0109,PH201,2025-02-18,present
STU0109,PH101,2025-02-20,present
STU0109,PH101,2025-02-24,present
STU0109,PH301,2025-02-26,present
STU0109,PH201,2025-02-28,present
STU0109,PH101,2025-03-04,present
STU0109,PH301,2025-03-06,present
STU0109,PH101,2025-03-10,present
STU0109,PH301,2025-03-12,present
STU0109,PH201,2025-03-14,present
STU0109,PH301,2025-03-18,absent
STU0109,PH101,2025-03-20,present
STU0109,PH301,2025-03-24,present
STU0109,PH201,2025-03-26,present
STU0109,PH301,2025-03-28,absent
STU0109,PH301,2025-04-01,present
STU0109,PH101,2025-04-03,late
STU0109,PH101,2025-04-07,present
STU0109,PH201,2025-04-09,present
STU0109,PH101,2025-04-11,present
STU0109,PH101,2025-04-15,present
STU0109,PH101,2025-04-17,absent
STU0109,PH101,2025-04-21,present
STU0109,PH201,2025-04-23,present
STU0109,PH101,2025-04-25,present
STU0109,PH201,2025-04-29,present
STU0110,CS401,2025-01-01,present
STU0110,CS201,2025-01-03,present
STU0110,CS101,2025-01-07,late
STU0110,CS301,2025-01-09,present
STU0110,CS201,2025-01-13,present
STU0110,CS301,2025-01-15,present
STU0110,CS501,2025-01-17,present
STU0110,CS401,2025-01-21,present
STU0110,CS501,2025-01-23,absent
STU0110,CS401,2025-01-27,present
STU0110,CS301,2025-01-29,present
STU0110,CS201,2025-01-31,present
STU0110,CS401,2025-02-04,late
STU0110,CS101,2025-02-06,present
STU0110,CS301,2025-02-10,present
STU0110,CS301,2025-02-12,present
STU0110,CS401,2025-02-14,present
STU0110,CS201,2025-02-18,present
STU0110,CS101,2025-02-20,present
STU0110,CS101,2025-02-24,absent
STU0110,CS301,2025-02-26,present
STU0110,CS201,2025-02-28,absent
STU0110,CS101,2025-03-04,present
STU0110,CS501,2025-03-06,present
STU0110,CS501,2025-03-10,present
STU0110,CS501,2025-03-12,present
STU0110,CS201,2025-03-14,absent
STU0110,CS101,2025-03-18,present
STU0110,CS501,2025-03-20,present
STU0110,CS401,2025-03-24,present
STU0110,CS201,2025-03-26,late
STU0110,CS101,2025-03-28,present
STU0110,CS501,2025-04-01,late
STU0110,CS301,2025-04-03,present
STU0110,CS101,2025-04-07,present
STU0110,CS401,2025-04-09,present
STU0110,CS501,2025-04-11,present
STU0110,CS201,2025-04-15,present
STU0110,CS201,2025-04-17,present
STU0110,CS401,2025-04-21,late
STU0110,CS401,2025-04-23,absent
STU0110,CS201,2025-04-25,absent
STU0110,CS101,2025-04-29,present
STU0111,CS201,2025-01-01,present
STU0111,CS501,2025-01-03,present
STU0111,CS401,2025-01-07,absent
STU0111,CS201,2025-01-09,late
STU0111,CS301,2025-01-13,present
STU0111,CS101,2025-01-15,present
STU0111,CS301,2025-01-17,present
STU0111,CS501,2025-01-21,present
STU0111,CS301,2025-01-23,present
STU0111,CS101,2025-01-27,present
STU0111,CS201,2025-01-29,absent
STU0111,CS401,2025-01-31,present
STU0111,CS301,2025-02-04,present
STU0111,CS501,2025-02-06,late
STU0111,CS101,2025-02-10,present
STU0111,CS501,2025-02-12,present
STU0111,CS201,2025-02-14,present
STU0111,CS401,2025-02-18,present
STU0111,CS501,2025-02-20,present
STU0111,CS101,2025-02-24,absent
STU0111,CS101,2025-02-26,present
STU0111,CS501,2025-02-28,present
STU0111,CS101,2025-03-04,present
STU0111,CS401,2025-03-06,present
STU0111,CS201,2025-03-10,absent
STU0111,CS201,2025-03-12,absent
STU0111,CS101,2025-03-14,present
STU0111,CS501,2025-03-18,absent
STU0111,CS401,2025-03-20,present
STU0111,CS101,2025-03-24,late
STU0111,CS201,2025-03-26,present
STU0111,CS101,2025-03-28,late
STU0111,CS501,2025-04-01,absent
STU0111,CS501,2025-04-03,present
STU0111,CS301,2025-04-07,present
STU0111,CS301,2025-04-09,late
STU0111,CS201,2025-04-11,absent
STU0111,CS201,2025-04-15,present
STU0111,CS501,2025-04-17,absent
STU0111,CS301,2025-04-21,present
STU0111,CS501,2025-04-23,present
STU0111,CS401,2025-04-25,present
STU0111,CS101,2025-04-29,present
STU0112,EN101,2025-01-01,absent
STU0112,EN101,2025-01-03,present
STU0112,EN101,2025-01-07,absent
STU0112,EN101,2025-01-09,present
STU0112,EN201,2025-01-13,present
STU0112,EN301,2025-01-15,present
STU0112,EN301,2025-01-17,present
STU0112,EN301,2025-01-21,present
STU0112,EN301,2025-01-23,present
STU0112,EN201,2025-01-27,present
STU0112,EN201,2025-01-29,present
STU0112,EN101,2025-01-31,present
STU0112,EN201,2025-02-04,present
STU0112,EN201,2025-02-06,absent
STU0112,EN201,2025-02-10,late
STU0112,EN301,2025-02-12,present
STU0112,EN101,2025-02-14,present
STU0112,EN101,2025-02-18,present
STU0112,EN101,2025-02-20,late
STU0112,EN101,2025-02-24,present
STU0112,EN101,2025-02-26,present
STU0112,EN301,2025-02-28,present
STU0112,EN301,2025-03-04,present
STU0112,EN301,2025-03-06,present
STU0112,EN101,2025-03-10,absent
STU0112,EN201,2025-03-12,present
STU0112,EN101,2025-03-14,present
STU0112,EN301,2025-03-18,present
STU0112,EN201,2025-03-20,present
STU0112,EN101,2025-03-24,late
STU0112,EN201,2025-03-26,present
STU0112,EN201,2025-03-28,absent
STU0112,EN101,2025-04-01,present
STU0112,EN101,2025-04-03,present
STU0112,EN301,2025-04-07,late
STU0112,EN201,2025-04-09,present
STU0112,EN101,2025-04-11,absent
STU0112,EN101,2025-04-15,present
STU0112,EN101,2025-04-17,absent
STU0112,EN101,2025-04-21,present
STU0112,EN201,2025-04-23,present
STU0112,EN301,2025-04-25,absent
STU0112,EN301,2025-04-29,late
STU0113,BU401,2025-01-01,late
STU0113,BU401,2025-01-03,absent
STU0113,BU301,2025-01-07,absent
STU0113,BU401,2025-01-09,present
STU0113,BU301,2025-01-13,present
STU0113,BU301,2025-01-15,present
STU0113,BU301,2025-01-17,present
STU0113,BU101,2025-01-21,present
STU0113,BU301,2025-01-23,present
STU0113,BU101,2025-01-27,present
STU0113,BU301,2025-01-29,present
STU0113,BU301,2025-01-31,present
STU0113,BU101,2025-02-04,present
STU0113,BU301,2025-02-06,present
STU0113,BU401,2025-02-10,absent
STU0113,BU201,2025-02-12,absent
STU0113,BU201,2025-02-14,present
STU0113,BU401,2025-02-18,present
STU0113,BU401,2025-02-20,present
STU0113,BU301,2025-02-24,present
STU0113,BU401,2025-02-26,present
STU0113,BU201,2025-02-28,present
STU0113,BU401,2025-03-04,present
STU0113,BU201,2025-03-06,present
STU0113,BU401,2025-03-10,late
STU0113,BU301,2025-03-12,late
STU0113,BU101,2025-03-14,present
STU0113,BU101,2025-03-18,present
STU0113,BU301,2025-03-20,present
STU0113,BU201,2025-03-24,present
STU0113,BU101,2025-03-26,late
STU0113,BU301,2025-03-28,present
STU0113,BU201,2025-04-01,absent
STU0113,BU301,2025-04-03,present
STU0113,BU301,2025-04-07,late
STU0113,BU101,2025-04-09,present
STU0113,BU301,2025-04-11,absent
STU0113,BU401,2025-04-15,present
STU0113,BU201,2025-04-17,present
STU0113,BU101,2025-04-21,present
STU0113,BU401,2025-04-23,present
STU0113,BU401,2025-04-25,late
STU0113,BU301,2025-04-29,late
STU0114,MT201,2025-01-01,absent
STU0114,MT301,2025-01-03,present
STU0114,MT201,2025-01-07,absent
STU0114,MT301,2025-01-09,present
STU0114,MT101,2025-01-13,present
STU0114,MT401,2025-01-15,present
STU0114,MT401,2025-01-17,present
STU0114,MT401,2025-01-21,present
STU0114,MT301,2025-01-23,present
STU0114,MT101,2025-01-27,present
STU0114,MT401,2025-01-29,absent
STU0114,MT401,2025-01-31,present
STU0114,MT301,2025-02-04,present
STU0114,MT301,2025-02-06,present
STU0114,MT401,2025-02-10,present
STU0114,MT301,2025-02-12,present
STU0114,MT101,2025-02-14,present
STU0114,MT101,2025-02-18,present
STU0114,MT101,2025-02-20,present
STU0114,MT401,2025-02-24,present
STU0114,MT401,2025-02-26,absent
STU0114,MT401,2025-02-28,present
STU0114,MT201,2025-03-04,present
STU0114,MT401,2025-03-06,absent
STU0114,MT301,2025-03-10,present
STU0114,MT101,2025-03-12,present
STU0114,MT401,2025-03-14,absent
STU0114,MT201,2025-03-18,present
STU0114,MT401,2025-03-20,present
STU0114,MT301,2025-03-24,present
STU0114,MT201,2025-03-26,present
STU0114,MT401,2025-03-28,present
STU0114,MT401,2025-04-01,present
STU0114,MT101,2025-04-03,present
STU0114,MT101,2025-04-07,present
STU0114,MT201,2025-04-09,present
STU0114,MT301,2025-04-11,present
STU0114,MT201,2025-04-15,present
STU0114,MT101,2025-04-17,present
STU0114,MT401,2025-04-21,present
STU0114,MT301,2025-04-23,absent
STU0114,MT301,2025-04-25,present
STU0114,MT201,2025-04-29,present
STU0115,EN201,2025-01-01,present
STU0115,EN101,2025-01-03,present
STU0115,EN201,2025-01-07,absent
STU0115,EN301,2025-01-09,present
STU0115,EN101,2025-01-13,late
STU0115,EN201,2025-01-15,present
STU0115,EN201,2025-01-17,present
STU0115,EN101,2025-01-21,present
STU0115,EN201,2025-01-23,present
STU0115,EN101,2025-01-27,present
STU0115,EN201,2025-01-29,present
STU0115,EN301,2025-01-31,present
STU0115,EN301,2025-02-04,present
STU0115,EN101,2025-02-06,absent
STU0115,EN201,2025-02-10,present
STU0115,EN201,2025-02-12,present
STU0115,EN101,2025-02-14,present
STU0115,EN301,2025-02-18,present
STU0115,EN201,2025-02-20,absent
STU0115,EN201,2025-02-24,present
STU0115,EN201,2025-02-26,present
STU0115,EN301,2025-02-28,present
STU0115,EN101,2025-03-04,present
STU0115,EN201,2025-03-06,present
STU0115,EN301,2025-03-10,present
STU0115,EN301,2025-03-12,present
STU0115,EN101,2025-03-14,present
STU0115,EN101,2025-03-18,absent
STU0115,EN101,2025-03-20,present
STU0115,EN301,2025-03-24,present
STU0115,EN301,2025-03-26,absent
STU0115,EN101,2025-03-28,present
STU0115,EN201,2025-04-01,present
STU0115,EN101,2025-04-03,present
STU0115,EN201,2025-04-07,absent
STU0115,EN201,2025-04-09,present
STU0115,EN101,2025-04-11,present
STU0115,EN101,2025-04-15,present
STU0115,EN201,2025-04-17,present
STU0115,EN201,2025-04-21,present
STU0115,EN201,2025-04-23,present
STU0115,EN101,2025-04-25,present
STU0115,EN101,2025-04-29,present
STU0116,CS201,2025-01-01,absent
STU0116,CS201,2025-01-03,present
STU0116,CS101,2025-01-07,present
STU0116,CS101,2025-01-09,present
STU0116,CS501,2025-01-13,absent
STU0116,CS301,2025-01-15,present
STU0116,CS401,2025-01-17,present
STU0116,CS501,2025-01-21,present
STU0116,CS501,2025-01-23,present
STU0116,CS301,2025-01-27,present
STU0116,CS501,2025-01-29,present
STU0116,CS101,2025-01-31,present
STU0116,CS301,2025-02-04,present
STU0116,CS201,2025-02-06,present
STU0116,CS201,2025-02-10,present
STU0116,CS301,2025-02-12,present
STU0116,CS201,2025-02-14,present
STU0116,CS301,2025-02-18,present
STU0116,CS401,2025-02-20,present
STU0116,CS401,2025-02-24,present
STU0116,CS101,2025-02-26,present
STU0116,CS101,2025-02-28,late
STU0116,CS501,2025-03-04,present
STU0116,CS501,2025-03-06,late
STU0116,CS101,2025-03-10,present
STU0116,CS301,2025-03-12,present
STU0116,CS401,2025-03-14,absent
STU0116,CS501,2025-03-18,present
STU0116,CS201,2025-03-20,present
STU0116,CS401,2025-03-24,present
STU0116,CS501,2025-03-26,present
STU0116,CS101,2025-03-28,present
STU0116,CS201,2025-04-01,present
STU0116,CS101,2025-04-03,present
STU0116,CS201,2025-04-07,present
STU0116,CS301,2025-04-09,late
STU0116,CS101,2025-04-11,present
STU0116,CS201,2025-04-15,present
STU0116,CS401,2025-04-17,absent
STU0116,CS301,2025-04-21,present
STU0116,CS201,2025-04-23,present
STU0116,CS201,2025-04-25,present
STU0116,CS501,2025-04-29,present
STU0117,EN301,2025-01-01,present
STU0117,EN201,2025-01-03,present
STU0117,EN201,2025-01-07,late
STU0117,EN301,2025-01-09,present
STU0117,EN301,2025-01-13,present
STU0117,EN201,2025-01-15,present
STU0117,EN301,2025-01-17,present
STU0117,EN301,2025-01-21,absent
STU0117,EN301,2025-01-23,present
STU0117,EN201,2025-01-27,present
STU0117,EN301,2025-01-29,present
STU0117,EN201,2025-01-31,present
STU0117,EN101,2025-02-04,present
STU0117,EN301,2025-02-06,present
STU0117,EN201,2025-02-10,absent
STU0117,EN101,2025-02-12,present
STU0117,EN201,2025-02-14,absent
STU0117,EN101,2025-02-18,present
STU0117,EN101,2025-02-20,present
STU0117,EN201,2025-02-24,absent
STU0117,EN201,2025-02-26,present
STU0117,EN201,2025-02-28,present
STU0117,EN101,2025-03-04,present
STU0117,EN201,2025-03-06,present
STU0117,EN101,2025-03-10,present
STU0117,EN101,2025-03-12,present
STU0117,EN201,2025-03-14,present
STU0117,EN101,2025-03-18,present
STU0117,EN101,2025-03-20,present
STU0117,EN201,2025-03-24,present
STU0117,EN301,2025-03-26,present
STU0117,EN301,2025-03-28,absent
STU0117,EN101,2025-04-01,present
STU0117,EN301,2025-04-03,present
STU0117,EN301,2025-04-07,absent
STU0117,EN201,2025-04-09,present
STU0117,EN201,2025-04-11,absent
STU0117,EN201,2025-04-15,present
STU0117,EN101,2025-04-17,present
STU0117,EN201,2025-04-21,present
STU0117,EN301,2025-04-23,present
STU0117,EN201,2025-04-25,present
STU0117,EN101,2025-04-29,present
STU0118,EN301,2025-01-01,present
STU0118,EN301,2025-01-03,present
STU0118,EN301,2025-01-07,present
STU0118,EN201,2025-01-09,present
STU0118,EN101,2025-01-13,present
STU0118,EN301,2025-01-15,present
STU0118,EN301,2025-01-17,late
STU0118,EN201,2025-01-21,present
STU0118,EN201,2025-01-23,absent
STU0118,EN101,2025-01-27,absent
STU0118,EN101,2025-01-29,present
STU0118,EN201,2025-01-31,present
STU0118,EN201,2025-02-04,present
STU0118,EN301,2025-02-06,present
STU0118,EN201,2025-02-10,present
STU0118,EN201,2025-02-12,present
STU0118,EN101,2025-02-14,present
STU0118,EN301,2025-02-18,present
STU0118,EN201,2025-02-20,present
STU0118,EN201,2025-02-24,present
STU0118,EN201,2025-02-26,absent
STU0118,EN301,2025-02-28,present
STU0118,EN201,2025-03-04,present
STU0118,EN201,2025-03-06,present
STU0118,EN101,2025-03-10,present
STU0118,EN301,2025-03-12,present
STU0118,EN101,2025-03-14,present
STU0118,EN201,2025-03-18,present
STU0118,EN301,2025-03-20,present
STU0118,EN301,2025-03-24,late
STU0118,EN201,2025-03-26,absent
STU0118,EN201,2025-03-28,present
STU0118,EN101,2025-04-01,present
STU0118,EN201,2025-04-03,present
STU0118,EN101,2025-04-07,present
STU0118,EN201,2025-04-09,present
STU0118,EN301,2025-04-11,present
STU0118,EN201,2025-04-15,absent
STU0118,EN101,2025-04-17,present
STU0118,EN301,2025-04-21,present
STU0118,EN101,2025-04-23,present
STU0118,EN201,2025-04-25,present
STU0118,EN101,2025-04-29,present
STU0119,CS501,2025-01-01,late
STU0119,CS501,2025-01-03,present
STU0119,CS501,2025-01-07,present
STU0119,CS401,2025-01-09,present
STU0119,CS201,2025-01-13,present
STU0119,CS401,2025-01-15,present
STU0119,CS201,2025-01-17,present
STU0119,CS301,2025-01-21,present
STU0119,CS501,2025-01-23,absent
STU0119,CS201,2025-01-27,present
STU0119,CS101,2025-01-29,present
STU0119,CS201,2025-01-31,present
STU0119,CS201,2025-02-04,absent
STU0119,CS201,2025-02-06,present
STU0119,CS201,2025-02-10,present
STU0119,CS501,2025-02-12,present
STU0119,CS501,2025-02-14,present
STU0119,CS501,2025-02-18,present
STU0119,CS201,2025-02-20,absent
STU0119,CS101,2025-02-24,present
STU0119,CS301,2025-02-26,present
STU0119,CS501,2025-02-28,present
STU0119,CS101,2025-03-04,absent
STU0119,CS101,2025-03-06,present
STU0119,CS401,2025-03-10,present
STU0119,CS101,2025-03-12,present
STU0119,CS201,2025-03-14,present
STU0119,CS201,2025-03-18,present
STU0119,CS101,2025-03-20,present
STU0119,CS301,2025-03-24,present
STU0119,CS301,2025-03-26,present
STU0119,CS501,2025-03-28,present
STU0119,CS301,2025-04-01,present
STU0119,CS301,2025-04-03,present
STU0119,CS401,2025-04-07,absent
STU0119,CS401,2025-04-09,late
STU0119,CS401,2025-04-11,late
STU0119,CS101,2025-04-15,absent
STU0119,CS301,2025-04-17,present
STU0119,CS301,2025-04-21,absent
STU0119,CS101,2025-04-23,present
STU0119,CS401,2025-04-25,present
STU0119,CS401,2025-04-29,present
STU0120,MT401,2025-01-01,present
STU0120,MT101,2025-01-03,present
STU0120,MT301,2025-01-07,present
STU0120,MT301,2025-01-09,present
STU0120,MT401,2025-01-13,absent
STU0120,MT201,2025-01-15,present
STU0120,MT101,2025-01-17,present
STU0120,MT101,2025-01-21,absent
STU0120,MT401,2025-01-23,present
STU0120,MT301,2025-01-27,present
STU0120,MT301,2025-01-29,present
STU0120,MT401,2025-01-31,present
STU0120,MT401,2025-02-04,absent
STU0120,MT401,2025-02-06,present
STU0120,MT401,2025-02-10,present
STU0120,MT401,2025-02-12,present
STU0120,MT301,2025-02-14,present
STU0120,MT401,2025-02-18,late
STU0120,MT401,2025-02-20,present
STU0120,MT401,2025-02-24,present
STU0120,MT401,2025-02-26,present
STU0120,MT301,2025-02-28,present
STU0120,MT401,2025-03-04,absent
STU0120,MT401,2025-03-06,present
STU0120,MT101,2025-03-10,present
STU0120,MT301,2025-03-12,present
STU0120,MT201,2025-03-14,present
STU0120,MT101,2025-03-18,present
STU0120,MT301,2025-03-20,absent
STU0120,MT201,2025-03-24,present
STU0120,MT401,2025-03-26,absent
STU0120,MT301,2025-03-28,present
STU0120,MT301,2025-04-01,present
STU0120,MT301,2025-04-03,present
STU0120,MT201,2025-04-07,present
STU0120,MT101,2025-04-09,absent
STU0120,MT401,2025-04-11,present
STU0120,MT301,2025-04-15,present
STU0120,MT101,2025-04-17,present
STU0120,MT301,2025-04-21,present
STU0120,MT401,2025-04-23,present
STU0120,MT201,2025-04-25,present
STU0120,MT401,2025-04-29,present
STU0121,EN101,2025-01-01,present
STU0121,EN201,2025-01-03,present
STU0121,EN201,2025-01-07,present
STU0121,EN201,2025-01-09,present
STU0121,EN301,2025-01-13,present
STU0121,EN201,2025-01-15,late
STU0121,EN101,2025-01-17,present
STU0121,EN101,2025-01-21,present
STU0121,EN101,2025-01-23,present
STU0121,EN201,2025-01-27,absent
STU0121,EN101,2025-01-29,present
STU0121,EN301,2025-01-31,present
STU0121,EN301,2025-02-04,present
STU0121,EN301,2025-02-06,present
STU0121,EN201,2025-02-10,present
STU0121,EN301,2025-02-12,absent
STU0121,EN101,2025-02-14,absent
STU0121,EN201,2025-02-18,present
STU0121,EN301,2025-02-20,present
STU0121,EN101,2025-02-24,absent
STU0121,EN301,2025-02-26,present
STU0121,EN301,2025-02-28,absent
STU0121,EN201,2025-03-04,present
STU0121,EN301,2025-03-06,late
STU0121,EN101,2025-03-10,present
STU0121,EN301,2025-03-12,late
STU0121,EN301,2025-03-14,present
STU0121,EN201,2025-03-18,present
STU0121,EN301,2025-03-20,late
STU0121,EN201,2025-03-24,present
STU0121,EN101,2025-03-26,present
STU0121,EN101,2025-03-28,present
STU0121,EN201,2025-04-01,absent
STU0121,EN201,2025-04-03,late
STU0121,EN101,2025-04-07,present
STU0121,EN201,2025-04-09,absent
STU0121,EN201,2025-04-11,present
STU0121,EN201,2025-04-15,present
STU0121,EN101,2025-04-17,present
STU0121,EN301,2025-04-21,present
STU0121,EN101,2025-04-23,present
STU0121,EN101,2025-04-25,late
STU0121,EN101,2025-04-29,present
STU0122,PH101,2025-01-01,present
STU0122,PH201,2025-01-03,late
STU0122,PH101,2025-01-07,present
STU0122,PH101,2025-01-09,absent
STU0122,PH101,2025-01-13,present
STU0122,PH101,2025-01-15,absent
STU0122,PH301,2025-01-17,present
STU0122,PH301,2025-01-21,late
STU0122,PH101,2025-01-23,present
STU0122,PH301,2025-01-27,present
STU0122,PH101,2025-01-29,absent
STU0122,PH101,2025-01-31,present
STU0122,PH101,2025-02-04,present
STU0122,PH101,2025-02-06,present
STU0122,PH101,2025-02-10,absent
STU0122,PH101,2025-02-12,present
STU0122,PH301,2025-02-14,present
STU0122,PH201,2025-02-18,present
STU0122,PH301,2025-02-20,present
STU0122,PH101,2025-02-24,present
STU0122,PH201,2025-02-26,present
STU0122,PH201,2025-02-28,present
STU0122,PH201,2025-03-04,present
STU0122,PH301,2025-03-06,present
STU0122,PH301,2025-03-10,absent
STU0122,PH201,2025-03-12,present
STU0122,PH201,2025-03-14,present
STU0122,PH301,2025-03-18,present
STU0122,PH201,2025-03-20,present
STU0122,PH201,2025-03-24,present
STU0122,PH201,2025-03-26,present
STU0122,PH101,2025-03-28,present
STU0122,PH301,2025-04-01,present
STU0122,PH201,2025-04-03,present
STU0122,PH201,2025-04-07,present
STU0122,PH101,2025-04-09,present
STU0122,PH301,2025-04-11,present
STU0122,PH201,2025-04-15,late
STU0122,PH101,2025-04-17,present
STU0122,PH201,2025-04-21,present
STU0122,PH101,2025-04-23,absent
STU0122,PH201,2025-04-25,present
STU0122,PH101,2025-04-29,present
STU0123,MT401,2025-01-01,present
STU0123,MT401,2025-01-03,absent
STU0123,MT301,2025-01-07,present
STU0123,MT301,2025-01-09,present
STU0123,MT401,2025-01-13,present
STU0123,MT201,2025-01-15,late
STU0123,MT301,2025-01-17,present
STU0123,MT101,2025-01-21,present
STU0123,MT401,2025-01-23,absent
STU0123,MT201,2025-01-27,present
STU0123,MT401,2025-01-29,present
STU0123,MT101,2025-01-31,present
STU0123,MT201,2025-02-04,present
STU0123,MT301,2025-02-06,absent
STU0123,MT301,2025-02-10,present
STU0123,MT401,2025-02-12,absent
STU0123,MT401,2025-02-14,present
STU0123,MT401,2025-02-18,present
STU0123,MT201,2025-02-20,late
STU0123,MT201,2025-02-24,present
STU0123,MT301,2025-02-26,present
STU0123,MT401,2025-02-28,present
STU0123,MT301,2025-03-04,absent
STU0123,MT101,2025-03-06,present
STU0123,MT401,2025-03-10,present
STU0123,MT201,2025-03-12,present
STU0123,MT301,2025-03-14,present
STU0123,MT401,2025-03-18,present
STU0123,MT101,2025-03-20,present
STU0123,MT101,2025-03-24,present
STU0123,MT101,2025-03-26,present
STU0123,MT401,2025-03-28,present
STU0123,MT201,2025-04-01,absent
STU0123,MT301,2025-04-03,present
STU0123,MT401,2025-04-07,late
STU0123,MT301,2025-04-09,present
STU0123,MT401,2025-04-11,present
STU0123,MT401,2025-04-15,absent
STU0123,MT201,2025-04-17,present
STU0123,MT201,2025-04-21,present
STU0123,MT401,2025-04-23,late
STU0123,MT301,2025-04-25,present
STU0123,MT201,2025-04-29,present
STU0124,PH201,2025-01-01,present
STU0124,PH301,2025-01-03,present
STU0124,PH201,2025-01-07,present
STU0124,PH101,2025-01-09,present
STU0124,PH201,2025-01-13,present
STU0124,PH301,2025-01-15,present
STU0124,PH201,2025-01-17,present
STU0124,PH101,2025-01-21,present
STU0124,PH201,2025-01-23,present
STU0124,PH201,2025-01-27,present
STU0124,PH301,2025-01-29,present
STU0124,PH301,2025-01-31,present
STU0124,PH301,2025-02-04,present
STU0124,PH101,2025-02-06,present
STU0124,PH101,2025-02-10,absent
STU0124,PH101,2025-02-12,present
STU0124,PH101,2025-02-14,present
STU0124,PH301,2025-02-18,present
STU0124,PH201,2025-02-20,present
STU0124,PH101,2025-02-24,absent
STU0124,PH301,2025-02-26,absent
STU0124,PH101,2025-02-28,present
STU0124,PH301,2025-03-04,present
STU0124,PH301,2025-03-06,absent
STU0124,PH201,2025-03-10,late
STU0124,PH301,2025-03-12,present
STU0124,PH301,2025-03-14,present
STU0124,PH301,2025-03-18,present
STU0124,PH101,2025-03-20,absent
STU0124,PH101,2025-03-24,present
STU0124,PH101,2025-03-26,present
STU0124,PH301,2025-03-28,present
STU0124,PH301,2025-04-01,present
STU0124,PH201,2025-04-03,present
STU0124,PH101,2025-04-07,late
STU0124,PH101,2025-04-09,present
STU0124,PH101,2025-04-11,present
STU0124,PH101,2025-04-15,present
STU0124,PH201,2025-04-17,present
STU0124,PH301,2025-04-21,present
STU0124,PH101,2025-04-23,present
STU0124,PH301,2025-04-25,present
STU0124,PH101,2025-04-29,present
STU0125,BU301,2025-01-01,present
STU0125,BU301,2025-01-03,present
STU0125,BU401,2025-01-07,late
STU0125,BU201,2025-01-09,absent
STU0125,BU301,2025-01-13,present
STU0125,BU301,2025-01-15,present
STU0125,BU401,2025-01-17,absent
STU0125,BU201,2025-01-21,present
STU0125,BU201,2025-01-23,present
STU0125,BU101,2025-01-27,absent
STU0125,BU101,2025-01-29,present
STU0125,BU401,2025-01-31,present
STU0125,BU301,2025-02-04,late
STU0125,BU401,2025-02-06,present
STU0125,BU401,2025-02-10,present
STU0125,BU201,2025-02-12,present
STU0125,BU201,2025-02-14,present
STU0125,BU201,2025-02-18,present
STU0125,BU301,2025-02-20,present
STU0125,BU101,2025-02-24,late
STU0125,BU201,2025-02-26,present
STU0125,BU301,2025-02-28,present
STU0125,BU201,2025-03-04,present
STU0125,BU201,2025-03-06,present
STU0125,BU401,2025-03-10,present
STU0125,BU201,2025-03-12,late
STU0125,BU301,2025-03-14,absent
STU0125,BU201,2025-03-18,present
STU0125,BU101,2025-03-20,present
STU0125,BU301,2025-03-24,present
STU0125,BU101,2025-03-26,present
STU0125,BU201,2025-03-28,present
STU0125,BU101,2025-04-01,present
STU0125,BU401,2025-04-03,late
STU0125,BU301,2025-04-07,present
STU0125,BU301,2025-04-09,present
STU0125,BU301,2025-04-11,present
STU0125,BU101,2025-04-15,present
STU0125,BU301,2025-04-17,present
STU0125,BU201,2025-04-21,present
STU0125,BU101,2025-04-23,present
STU0125,BU201,2025-04-25,present
STU0125,BU301,2025-04-29,present
STU0126,PH301,2025-01-01,absent
STU0126,PH201,2025-01-03,present
STU0126,PH101,2025-01-07,present
STU0126,PH201,2025-01-09,absent
STU0126,PH101,2025-01-13,present
STU0126,PH201,2025-01-15,present
STU0126,PH201,2025-01-17,present
STU0126,PH201,2025-01-21,present
STU0126,PH101,2025-01-23,present
STU0126,PH301,2025-01-27,present
STU0126,PH301,2025-01-29,present
STU0126,PH101,2025-01-31,present
STU0126,PH301,2025-02-04,late
STU0126,PH101,2025-02-06,present
STU0126,PH101,2025-02-10,absent
STU0126,PH301,2025-02-12,present
STU0126,PH101,2025-02-14,present
STU0126,PH301,2025-02-18,absent
STU0126,PH301,2025-02-20,present
STU0126,PH301,2025-02-24,absent
STU0126,PH301,2025-02-26,present
STU0126,PH201,2025-02-28,present
STU0126,PH101,2025-03-04,present
STU0126,PH101,2025-03-06,present
STU0126,PH201,2025-03-10,absent
STU0126,PH201,2025-03-12,present
STU0126,PH101,2025-03-14,late
STU0126,PH201,2025-03-18,late
STU0126,PH101,2025-03-20,present
STU0126,PH101,2025-03-24,present
STU0126,PH101,2025-03-26,absent
STU0126,PH301,2025-03-28,late
STU0126,PH101,2025-04-01,present
STU0126,PH201,2025-04-03,present
STU0126,PH201,2025-04-07,present
STU0126,PH101,2025-04-09,absent
STU0126,PH301,2025-04-11,present
STU0126,PH301,2025-04-15,absent
STU0126,PH101,2025-04-17,present
STU0126,PH101,2025-04-21,present
STU0126,PH301,2025-04-23,present
STU0126,PH201,2025-04-25,present
STU0126,PH301,2025-04-29,present
STU0127,MT201,2025-01-01,present
STU0127,MT201,2025-01-03,present
STU0127,MT401,2025-01-07,present
STU0127,MT401,2025-01-09,present
STU0127,MT201,2025-01-13,late
STU0127,MT401,2025-01-15,present
STU0127,MT401,2025-01-17,present
STU0127,MT301,2025-01-21,present
STU0127,MT301,2025-01-23,late
STU0127,MT301,2025-01-27,present
STU0127,MT401,2025-01-29,present
STU0127,MT401,2025-01-31,present
STU0127,MT101,2025-02-04,present
STU0127,MT401,2025-02-06,present
STU0127,MT201,2025-02-10,present
STU0127,MT401,2025-02-12,present
STU0127,MT301,2025-02-14,present
STU0127,MT401,2025-02-18,present
STU0127,MT201,2025-02-20,present
STU0127,MT301,2025-02-24,absent
STU0127,MT301,2025-02-26,present
STU0127,MT301,2025-02-28,absent
STU0127,MT101,2025-03-04,present
STU0127,MT301,2025-03-06,present
STU0127,MT401,2025-03-10,present
STU0127,MT101,2025-03-12,late
STU0127,MT201,2025-03-14,present
STU0127,MT401,2025-03-18,present
STU0127,MT401,2025-03-20,present
STU0127,MT401,2025-03-24,present
STU0127,MT101,2025-03-26,present
STU0127,MT301,2025-03-28,present
STU0127,MT201,2025-04-01,present
STU0127,MT201,2025-04-03,present
STU0127,MT201,2025-04-07,present
STU0127,MT301,2025-04-09,present
STU0127,MT201,2025-04-11,present
STU0127,MT401,2025-04-15,present
STU0127,MT101,2025-04-17,present
STU0127,MT201,2025-04-21,present
STU0127,MT101,2025-04-23,late
STU0127,MT301,2025-04-25,late
STU0127,MT101,2025-04-29,absent
STU0128,BU101,2025-01-01,present
STU0128,BU201,2025-01-03,present
STU0128,BU301,2025-01-07,present
STU0128,BU201,2025-01-09,present
STU0128,BU201,2025-01-13,present
STU0128,BU101,2025-01-15,present
STU0128,BU401,2025-01-17,absent
STU0128,BU201,2025-01-21,present
STU0128,BU401,2025-01-23,present
STU0128,BU301,2025-01-27,present
STU0128,BU201,2025-01-29,present
STU0128,BU301,2025-01-31,present
STU0128,BU401,2025-02-04,present
STU0128,BU401,2025-02-06,present
STU0128,BU201,2025-02-10,present
STU0128,BU201,2025-02-12,present
STU0128,BU101,2025-02-14,present
STU0128,BU201,2025-02-18,present
STU0128,BU101,2025-02-20,present
STU0128,BU201,2025-02-24,present
STU0128,BU401,2025-02-26,present
STU0128,BU101,2025-02-28,present
STU0128,BU101,2025-03-04,present
STU0128,BU201,2025-03-06,present
STU0128,BU401,2025-03-10,late
STU0128,BU301,2025-03-12,present
STU0128,BU201,2025-03-14,present
STU0128,BU301,2025-03-18,present
STU0128,BU301,2025-03-20,absent
STU0128,BU401,2025-03-24,present
STU0128,BU101,2025-03-26,present
STU0128,BU301,2025-03-28,present
STU0128,BU201,2025-04-01,present
STU0128,BU101,2025-04-03,present
STU0128,BU101,2025-04-07,present
STU0128,BU401,2025-04-09,present
STU0128,BU201,2025-04-11,absent
STU0128,BU201,2025-04-15,present
STU0128,BU101,2025-04-17,present
STU0128,BU401,2025-04-21,present
STU0128,BU301,2025-04-23,present
STU0128,BU101,2025-04-25,present
STU0128,BU101,2025-04-29,present
STU0129,PH101,2025-01-01,present
STU0129,PH301,2025-01-03,present
STU0129,PH201,2025-01-07,present
STU0129,PH201,2025-01-09,present
STU0129,PH101,2025-01-13,present
STU0129,PH201,2025-01-15,present
STU0129,PH201,2025-01-17,present
STU0129,PH101,2025-01-21,absent
STU0129,PH201,2025-01-23,absent
STU0129,PH201,2025-01-27,present
STU0129,PH201,2025-01-29,present
STU0129,PH201,2025-01-31,present
STU0129,PH101,2025-02-04,present
STU0129,PH101,2025-02-06,present
STU0129,PH301,2025-02-10,present
STU0129,PH301,2025-02-12,present
STU0129,PH201,2025-02-14,absent
STU0129,PH301,2025-02-18,present
STU0129,PH101,2025-02-20,present
STU0129,PH201,2025-02-24,present
STU0129,PH101,2025-02-26,present
STU0129,PH101,2025-02-28,present
STU0129,PH301,2025-03-04,present
STU0129,PH301,2025-03-06,present
STU0129,PH101,2025-03-10,present
STU0129,PH301,2025-03-12,present
STU0129,PH101,2025-03-14,present
STU0129,PH201,2025-03-18,present
STU0129,PH301,2025-03-20,present
STU0129,PH101,2025-03-24,present
STU0129,PH101,2025-03-26,present
STU0129,PH201,2025-03-28,present
STU0129,PH201,2025-04-01,present
STU0129,PH301,2025-04-03,absent
STU0129,PH301,2025-04-07,present
STU0129,PH101,2025-04-09,present
STU0129,PH201,2025-04-11,present
STU0129,PH101,2025-04-15,present
STU0129,PH201,2025-04-17,absent
STU0129,PH301,2025-04-21,absent
STU0129,PH101,2025-04-23,present
STU0129,PH301,2025-04-25,present
STU0129,PH301,2025-04-29,present
STU0130,EN201,2025-01-01,present
STU0130,EN301,2025-01-03,present
STU0130,EN201,2025-01-07,present
STU0130,EN301,2025-01-09,present
STU0130,EN201,2025-01-13,present
STU0130,EN101,2025-01-15,late
STU0130,EN101,2025-01-17,present
STU0130,EN301,2025-01-21,absent
STU0130,EN101,2025-01-23,present
STU0130,EN101,2025-01-27,present
STU0130,EN301,2025-01-29,present
STU0130,EN201,2025-01-31,present
STU0130,EN101,2025-02-04,present
STU0130,EN101,2025-02-06,present
STU0130,EN101,2025-02-10,late
STU0130,EN101,2025-02-12,present
STU0130,EN301,2025-02-14,present
STU0130,EN101,2025-02-18,absent
STU0130,EN101,2025-02-20,present
STU0130,EN301,2025-02-24,present
STU0130,EN201,2025-02-26,present
STU0130,EN101,2025-02-28,absent
STU0130,EN301,2025-03-04,late
STU0130,EN101,2025-03-06,late
STU0130,EN201,2025-03-10,present
STU0130,EN301,2025-03-12,absent
STU0130,EN301,2025-03-14,present
STU0130,EN201,2025-03-18,present
STU0130,EN301,2025-03-20,present
STU0130,EN201,2025-03-24,present
STU0130,EN201,2025-03-26,late
STU0130,EN201,2025-03-28,absent
STU0130,EN201,2025-04-01,present
STU0130,EN201,2025-04-03,present
STU0130,EN201,2025-04-07,present
STU0130,EN301,2025-04-09,absent
STU0130,EN201,2025-04-11,present
STU0130,EN101,2025-04-15,present
STU0130,EN201,2025-04-17,present
STU0130,EN101,2025-04-21,present
STU0130,EN301,2025-04-23,present
STU0130,EN301,2025-04-25,absent
STU0130,EN201,2025-04-29,present
STU0131,BU401,2025-01-01,present
STU0131,BU101,2025-01-03,present
STU0131,BU201,2025-01-07,present
STU0131,BU301,2025-01-09,late
STU0131,BU301,2025-01-13,present
STU0131,BU401,2025-01-15,present
STU0131,BU201,2025-01-17,present
STU0131,BU201,2025-01-21,present
STU0131,BU201,2025-01-23,present
STU0131,BU301,2025-01-27,present
STU0131,BU401,2025-01-29,present
STU0131,BU301,2025-01-31,present
STU0131,BU401,2025-02-04,present
STU0131,BU301,2025-02-06,present
STU0131,BU101,2025-02-10,present
STU0131,BU301,2025-02-12,present
STU0131,BU301,2025-02-14,absent
STU0131,BU401,2025-02-18,absent
STU0131,BU201,2025-02-20,present
STU0131,BU301,2025-02-24,present
STU0131,BU101,2025-02-26,present
STU0131,BU401,2025-02-28,present
STU0131,BU301,2025-03-04,present
STU0131,BU401,2025-03-06,present
STU0131,BU201,2025-03-10,present
STU0131,BU301,2025-03-12,absent
STU0131,BU101,2025-03-14,absent
STU0131,BU301,2025-03-18,present
STU0131,BU101,2025-03-20,present
STU0131,BU401,2025-03-24,present
STU0131,BU401,2025-03-26,present
STU0131,BU401,2025-03-28,absent
STU0131,BU301,2025-04-01,present
STU0131,BU301,2025-04-03,present
STU0131,BU401,2025-04-07,present
STU0131,BU301,2025-04-09,absent
STU0131,BU401,2025-04-11,present
STU0131,BU101,2025-04-15,present
STU0131,BU101,2025-04-17,present
STU0131,BU201,2025-04-21,present
STU0131,BU201,2025-04-23,present
STU0131,BU401,2025-04-25,present
STU0131,BU301,2025-04-29,present
STU0132,PH101,2025-01-01,present
STU0132,PH101,2025-01-03,present
STU0132,PH301,2025-01-07,present
STU0132,PH201,2025-01-09,present
STU0132,PH301,2025-01-13,absent
STU0132,PH201,2025-01-15,present
STU0132,PH301,2025-01-17,present
STU0132,PH201,2025-01-21,present
STU0132,PH301,2025-01-23,absent
STU0132,PH101,2025-01-27,present
STU0132,PH101,2025-01-29,present
STU0132,PH101,2025-01-31,present
STU0132,PH301,2025-02-04,present
STU0132,PH101,2025-02-06,present
STU0132,PH101,2025-02-10,absent
STU0132,PH101,2025-02-12,present
STU0132,PH201,2025-02-14,present
STU0132,PH101,2025-02-18,absent
STU0132,PH301,2025-02-20,present
STU0132,PH201,2025-02-24,present
STU0132,PH201,2025-02-26,present
STU0132,PH201,2025-02-28,present
STU0132,PH201,2025-03-04,present
STU0132,PH301,2025-03-06,present
STU0132,PH301,2025-03-10,absent
STU0132,PH201,2025-03-12,late
STU0132,PH301,2025-03-14,present
STU0132,PH101,2025-03-18,present
STU0132,PH201,2025-03-20,present
STU0132,PH301,2025-03-24,absent
STU0132,PH101,2025-03-26,present
STU0132,PH101,2025-03-28,present
STU0132,PH201,2025-04-01,absent
STU0132,PH201,2025-04-03,absent
STU0132,PH201,2025-04-07,absent
STU0132,PH101,2025-04-09,present
STU0132,PH201,2025-04-11,absent
STU0132,PH101,2025-04-15,absent
STU0132,PH201,2025-04-17,present
STU0132,PH101,2025-04-21,present
STU0132,PH201,2025-04-23,present
STU0132,PH201,2025-04-25,late
STU0132,PH101,2025-04-29,present
STU0133,EN101,2025-01-01,present
STU0133,EN101,2025-01-03,present
STU0133,EN301,2025-01-07,absent
STU0133,EN201,2025-01-09,present
STU0133,EN101,2025-01-13,present
STU0133,EN301,2025-01-15,present
STU0133,EN101,2025-01-17,late
STU0133,EN101,2025-01-21,present
STU0133,EN201,2025-01-23,present
STU0133,EN101,2025-01-27,absent
STU0133,EN101,2025-01-29,present
STU0133,EN301,2025-01-31,late
STU0133,EN301,2025-02-04,present
STU0133,EN101,2025-02-06,present
STU0133,EN101,2025-02-10,present
STU0133,EN101,2025-02-12,present
STU0133,EN301,2025-02-14,present
STU0133,EN101,2025-02-18,present
STU0133,EN201,2025-02-20,absent
STU0133,EN301,2025-02-24,present
STU0133,EN101,2025-02-26,present
STU0133,EN201,2025-02-28,present
STU0133,EN301,2025-03-04,late
STU0133,EN101,2025-03-06,present
STU0133,EN301,2025-03-10,present
STU0133,EN101,2025-03-12,present
STU0133,EN101,2025-03-14,present
STU0133,EN301,2025-03-18,present
STU0133,EN301,2025-03-20,late
STU0133,EN201,2025-03-24,present
STU0133,EN101,2025-03-26,absent
STU0133,EN101,2025-03-28,present
STU0133,EN301,2025-04-01,present
STU0133,EN301,2025-04-03,absent
STU0133,EN301,2025-04-07,present
STU0133,EN201,2025-04-09,late
STU0133,EN301,2025-04-11,present
STU0133,EN201,2025-04-15,late
STU0133,EN101,2025-04-17,present
STU0133,EN301,2025-04-21,present
STU0133,EN201,2025-04-23,present
STU0133,EN101,2025-04-25,present
STU0133,EN201,2025-04-29,present
STU0134,PH201,2025-01-01,present
STU0134,PH301,2025-01-03,present
STU0134,PH301,2025-01-07,present
STU0134,PH301,2025-01-09,present
STU0134,PH301,2025-01-13,present
STU0134,PH201,2025-01-15,present
STU0134,PH101,2025-01-17,present
STU0134,PH301,2025-01-21,present
STU0134,PH101,2025-01-23,present
STU0134,PH301,2025-01-27,present
STU0134,PH201,2025-01-29,absent
STU0134,PH301,2025-01-31,present
STU0134,PH101,2025-02-04,present
STU0134,PH301,2025-02-06,present
STU0134,PH301,2025-02-10,present
STU0134,PH201,2025-02-12,present
STU0134,PH201,2025-02-14,present
STU0134,PH201,2025-02-18,present
STU0134,PH201,2025-02-20,present
STU0134,PH301,2025-02-24,present
STU0134,PH301,2025-02-26,present
STU0134,PH101,2025-02-28,absent
STU0134,PH101,2025-03-04,present
STU0134,PH201,2025-03-06,present
STU0134,PH301,2025-03-10,late
STU0134,PH101,2025-03-12,present
STU0134,PH201,2025-03-14,present
STU0134,PH201,2025-03-18,present
STU0134,PH201,2025-03-20,late
STU0134,PH201,2025-03-24,late
STU0134,PH201,2025-03-26,present
STU0134,PH201,2025-03-28,present
STU0134,PH301,2025-04-01,present
STU0134,PH201,2025-04-03,present
STU0134,PH301,2025-04-07,present
STU0134,PH301,2025-04-09,absent
STU0134,PH101,2025-04-11,present
STU0134,PH201,2025-04-15,present
STU0134,PH301,2025-04-17,present
STU0134,PH101,2025-04-21,present
STU0134,PH301,2025-04-23,present
STU0134,PH301,2025-04-25,present
STU0134,PH301,2025-04-29,absent
STU0135,MT301,2025-01-01,late
STU0135,MT201,2025-01-03,present
STU0135,MT401,2025-01-07,absent
STU0135,MT201,2025-01-09,absent
STU0135,MT301,2025-01-13,present
STU0135,MT101,2025-01-15,present
STU0135,MT301,2025-01-17,present
STU0135,MT301,2025-01-21,absent
STU0135,MT201,2025-01-23,present
STU0135,MT301,2025-01-27,present
STU0135,MT401,2025-01-29,present
STU0135,MT201,2025-01-31,present
STU0135,MT401,2025-02-04,present
STU0135,MT201,2025-02-06,present
STU0135,MT401,2025-02-10,present
STU0135,MT401,2025-02-12,present
STU0135,MT201,2025-02-14,absent
STU0135,MT201,2025-02-18,present
STU0135,MT201,2025-02-20,present
STU0135,MT301,2025-02-24,present
STU0135,MT401,2025-02-26,present
STU0135,MT201,2025-02-28,present
STU0135,MT401,2025-03-04,present
STU0135,MT201,2025-03-06,absent
STU0135,MT301,2025-03-10,present
STU0135,MT401,2025-03-12,absent
STU0135,MT201,2025-03-14,late
STU0135,MT401,2025-03-18,present
STU0135,MT101,2025-03-20,present
STU0135,MT301,2025-03-24,present
STU0135,MT401,2025-03-26,late
STU0135,MT201,2025-03-28,absent
STU0135,MT201,2025-04-01,present
STU0135,MT201,2025-04-03,absent
STU0135,MT301,2025-04-07,present
STU0135,MT301,2025-04-09,late
STU0135,MT401,2025-04-11,late
STU0135,MT401,2025-04-15,present
STU0135,MT401,2025-04-17,present
STU0135,MT101,2025-04-21,present
STU0135,MT101,2025-04-23,present
STU0135,MT301,2025-04-25,absent
STU0135,MT101,2025-04-29,present
STU0136,PH201,2025-01-01,present
STU0136,PH301,2025-01-03,present
STU0136,PH301,2025-01-07,late
STU0136,PH301,2025-01-09,present
STU0136,PH201,2025-01-13,present
STU0136,PH101,2025-01-15,present
STU0136,PH301,2025-01-17,late
STU0136,PH101,2025-01-21,absent
STU0136,PH201,2025-01-23,present
STU0136,PH301,2025-01-27,present
STU0136,PH201,2025-01-29,present
STU0136,PH101,2025-01-31,present
STU0136,PH301,2025-02-04,present
STU0136,PH301,2025-02-06,absent
STU0136,PH201,2025-02-10,present
STU0136,PH301,2025-02-12,absent
STU0136,PH301,2025-02-14,present
STU0136,PH301,2025-02-18,present
STU0136,PH301,2025-02-20,present
STU0136,PH301,2025-02-24,present
STU0136,PH201,2025-02-26,present
STU0136,PH301,2025-02-28,present
STU0136,PH101,2025-03-04,present
STU0136,PH201,2025-03-06,present
STU0136,PH201,2025-03-10,present
STU0136,PH301,2025-03-12,late
STU0136,PH201,2025-03-14,present
STU0136,PH101,2025-03-18,absent
STU0136,PH101,2025-03-20,present
STU0136,PH301,2025-03-24,absent
STU0136,PH301,2025-03-26,present
STU0136,PH301,2025-03-28,absent
STU0136,PH301,2025-04-01,present
STU0136,PH201,2025-04-03,present
STU0136,PH101,2025-04-07,present
STU0136,PH301,2025-04-09,present
STU0136,PH201,2025-04-11,present
STU0136,PH301,2025-04-15,present
STU0136,PH301,2025-04-17,present
STU0136,PH201,2025-04-21,absent
STU0136,PH201,2025-04-23,present
STU0136,PH101,2025-04-25,present
STU0136,PH101,2025-04-29,present
STU0137,BU301,2025-01-01,present
STU0137,BU301,2025-01-03,present
STU0137,BU101,2025-01-07,present
STU0137,BU201,2025-01-09,late
STU0137,BU201,2025-01-13,absent
STU0137,BU101,2025-01-15,absent
STU0137,BU201,2025-01-17,present
STU0137,BU101,2025-01-21,present
STU0137,BU101,2025-01-23,present
STU0137,BU401,2025-01-27,present
STU0137,BU201,2025-01-29,present
STU0137,BU301,2025-01-31,present
STU0137,BU401,2025-02-04,present
STU0137,BU401,2025-02-06,present
STU0137,BU101,2025-02-10,present
STU0137,BU201,2025-02-12,present
STU0137,BU201,2025-02-14,present
STU0137,BU401,2025-02-18,present
STU0137,BU401,2025-02-20,present
STU0137,BU201,2025-02-24,present
STU0137,BU101,2025-02-26,absent
STU0137,BU101,2025-02-28,present
STU0137,BU201,2025-03-04,present
STU0137,BU201,2025-03-06,present
STU0137,BU101,2025-03-10,present
STU0137,BU101,2025-03-12,absent
STU0137,BU401,2025-03-14,present
STU0137,BU201,2025-03-18,present
STU0137,BU101,2025-03-20,absent
STU0137,BU301,2025-03-24,present
STU0137,BU201,2025-03-26,present
STU0137,BU101,2025-03-28,present
STU0137,BU101,2025-04-01,present
STU0137,BU201,2025-04-03,present
STU0137,BU201,2025-04-07,present
STU0137,BU101,2025-04-09,late
STU0137,BU301,2025-04-11,present
STU0137,BU201,2025-04-15,present
STU0137,BU201,2025-04-17,present
STU0137,BU101,2025-04-21,absent
STU0137,BU201,2025-04-23,absent
STU0137,BU201,2025-04-25,present
STU0137,BU401,2025-04-29,present
STU0138,BU201,2025-01-01,present
STU0138,BU101,2025-01-03,present
STU0138,BU301,2025-01-07,present
STU0138,BU101,2025-01-09,present
STU0138,BU201,2025-01-13,present
STU0138,BU101,2025-01-15,late
STU0138,BU201,2025-01-17,present
STU0138,BU401,2025-01-21,late
STU0138,BU101,2025-01-23,present
STU0138,BU201,2025-01-27,present
STU0138,BU201,2025-01-29,present
STU0138,BU101,2025-01-31,present
STU0138,BU401,2025-02-04,present
STU0138,BU401,2025-02-06,present
STU0138,BU201,2025-02-10,present
STU0138,BU101,2025-02-12,present
STU0138,BU101,2025-02-14,absent
STU0138,BU201,2025-02-18,present
STU0138,BU301,2025-02-20,present
STU0138,BU101,2025-02-24,present
STU0138,BU201,2025-02-26,late
STU0138,BU101,2025-02-28,absent
STU0138,BU401,2025-03-04,present
STU0138,BU401,2025-03-06,present
STU0138,BU301,2025-03-10,present
STU0138,BU401,2025-03-12,late
STU0138,BU101,2025-03-14,present
STU0138,BU101,2025-03-18,present
STU0138,BU101,2025-03-20,present
STU0138,BU101,2025-03-24,present
STU0138,BU101,2025-03-26,late
STU0138,BU401,2025-03-28,present
STU0138,BU401,2025-04-01,present
STU0138,BU301,2025-04-03,present
STU0138,BU201,2025-04-07,absent
STU0138,BU201,2025-04-09,absent
STU0138,BU301,2025-04-11,present
STU0138,BU301,2025-04-15,present
STU0138,BU201,2025-04-17,absent
STU0138,BU301,2025-04-21,present
STU0138,BU201,2025-04-23,present
STU0138,BU401,2025-04-25,present
STU0138,BU101,2025-04-29,late
STU0139,CS301,2025-01-01,present
STU0139,CS101,2025-01-03,present
STU0139,CS301,2025-01-07,present
STU0139,CS301,2025-01-09,present
STU0139,CS401,2025-01-13,present
STU0139,CS301,2025-01-15,present
STU0139,CS401,2025-01-17,present
STU0139,CS501,2025-01-21,present
STU0139,CS101,2025-01-23,present
STU0139,CS101,2025-01-27,absent
STU0139,CS401,2025-01-29,late
STU0139,CS101,2025-01-31,present
STU0139,CS501,2025-02-04,present
STU0139,CS401,2025-02-06,present
STU0139,CS101,2025-02-10,present
STU0139,CS201,2025-02-12,absent
STU0139,CS401,2025-02-14,present
STU0139,CS201,2025-02-18,present
STU0139,CS501,2025-02-20,absent
STU0139,CS201,2025-02-24,present
STU0139,CS101,2025-02-26,present
STU0139,CS301,2025-02-28,present
STU0139,CS101,2025-03-04,present
STU0139,CS101,2025-03-06,present
STU0139,CS501,2025-03-10,present
STU0139,CS201,2025-03-12,absent
STU0139,CS501,2025-03-14,present
STU0139,CS101,2025-03-18,late
STU0139,CS501,2025-03-20,present
STU0139,CS201,2025-03-24,present
STU0139,CS301,2025-03-26,present
STU0139,CS501,2025-03-28,absent
STU0139,CS101,2025-04-01,absent
STU0139,CS201,2025-04-03,present
STU0139,CS201,2025-04-07,late
STU0139,CS201,2025-04-09,absent
STU0139,CS101,2025-04-11,absent
STU0139,CS401,2025-04-15,present
STU0139,CS101,2025-04-17,absent
STU0139,CS101,2025-04-21,absent
STU0139,CS301,2025-04-23,present
STU0139,CS501,2025-04-25,late
STU0139,CS201,2025-04-29,present
STU0140,MT201,2025-01-01,present
STU0140,MT301,2025-01-03,present
STU0140,MT101,2025-01-07,present
STU0140,MT201,2025-01-09,present
STU0140,MT201,2025-01-13,present
STU0140,MT301,2025-01-15,absent
STU0140,MT201,2025-01-17,present
STU0140,MT401,2025-01-21,present
STU0140,MT401,2025-01-23,present
STU0140,MT201,2025-01-27,present
STU0140,MT301,2025-01-29,absent
STU0140,MT201,2025-01-31,present
STU0140,MT101,2025-02-04,present
STU0140,MT201,2025-02-06,present
STU0140,MT101,2025-02-10,present
STU0140,MT201,2025-02-12,present
STU0140,MT101,2025-02-14,present
STU0140,MT101,2025-02-18,present
STU0140,MT401,2025-02-20,present
STU0140,MT401,2025-02-24,present
STU0140,MT301,2025-02-26,present
STU0140,MT301,2025-02-28,present
STU0140,MT201,2025-03-04,present
STU0140,MT201,2025-03-06,present
STU0140,MT201,2025-03-10,present
STU0140,MT401,2025-03-12,present
STU0140,MT401,2025-03-14,present
STU0140,MT101,2025-03-18,present
STU0140,MT101,2025-03-20,absent
STU0140,MT101,2025-03-24,present
STU0140,MT401,2025-03-26,present
STU0140,MT401,2025-03-28,present
STU0140,MT101,2025-04-01,present
STU0140,MT101,2025-04-03,present
STU0140,MT401,2025-04-07,present
STU0140,MT401,2025-04-09,late
STU0140,MT401,2025-04-11,present
STU0140,MT201,2025-04-15,present
STU0140,MT101,2025-04-17,present
STU0140,MT201,2025-04-21,present
STU0140,MT301,2025-04-23,present
STU0140,MT101,2025-04-25,present
STU0140,MT301,2025-04-29,present
STU0141,MT201,2025-01-01,present
STU0141,MT401,2025-01-03,absent
STU0141,MT301,2025-01-07,absent
STU0141,MT201,2025-01-09,present
STU0141,MT401,2025-01-13,present
STU0141,MT401,2025-01-15,present
STU0141,MT201,2025-01-17,absent
STU0141,MT101,2025-01-21,present
STU0141,MT201,2025-01-23,present
STU0141,MT201,2025-01-27,present
STU0141,MT101,2025-01-29,present
STU0141,MT301,2025-01-31,present
STU0141,MT101,2025-02-04,present
STU0141,MT401,2025-02-06,present
STU0141,MT301,2025-02-10,present
STU0141,MT201,2025-02-12,present
STU0141,MT101,2025-02-14,present
STU0141,MT301,2025-02-18,absent
STU0141,MT101,2025-02-20,present
STU0141,MT301,2025-02-24,absent
STU0141,MT201,2025-02-26,present
STU0141,MT101,2025-02-28,present
STU0141,MT301,2025-03-04,present
STU0141,MT101,2025-03-06,present
STU0141,MT101,2025-03-10,present
STU0141,MT301,2025-03-12,present
STU0141,MT101,2025-03-14,present
STU0141,MT401,2025-03-18,present
STU0141,MT301,2025-03-20,present
STU0141,MT301,2025-03-24,absent
STU0141,MT101,2025-03-26,present
STU0141,MT301,2025-03-28,absent
STU0141,MT301,2025-04-01,present
STU0141,MT201,2025-04-03,present
STU0141,MT301,2025-04-07,absent
STU0141,MT401,2025-04-09,present
STU0141,MT401,2025-04-11,present
STU0141,MT401,2025-04-15,present
STU0141,MT101,2025-04-17,absent
STU0141,MT201,2025-04-21,present
STU0141,MT401,2025-04-23,present
STU0141,MT301,2025-04-25,present
STU0141,MT401,2025-04-29,present
STU0142,EN201,2025-01-01,present
STU0142,EN301,2025-01-03,present
STU0142,EN201,2025-01-07,present
STU0142,EN101,2025-01-09,present
STU0142,EN301,2025-01-13,present
STU0142,EN101,2025-01-15,present
STU0142,EN301,2025-01-17,present
STU0142,EN301,2025-01-21,absent
STU0142,EN301,2025-01-23,present
STU0142,EN101,2025-01-27,present
STU0142,EN101,2025-01-29,present
STU0142,EN301,2025-01-31,present
STU0142,EN201,2025-02-04,present
STU0142,EN201,2025-02-06,present
STU0142,EN201,2025-02-10,present
STU0142,EN301,2025-02-12,present
STU0142,EN201,2025-02-14,present
STU0142,EN101,2025-02-18,present
STU0142,EN201,2025-02-20,late
STU0142,EN301,2025-02-24,present
STU0142,EN101,2025-02-26,present
STU0142,EN201,2025-02-28,present
STU0142,EN201,2025-03-04,present
STU0142,EN301,2025-03-06,present
STU0142,EN101,2025-03-10,present
STU0142,EN101,2025-03-12,present
STU0142,EN201,2025-03-14,present
STU0142,EN101,2025-03-18,present
STU0142,EN201,2025-03-20,present
STU0142,EN101,2025-03-24,present
STU0142,EN201,2025-03-26,present
STU0142,EN301,2025-03-28,present
STU0142,EN301,2025-04-01,present
STU0142,EN201,2025-04-03,present
STU0142,EN101,2025-04-07,present
STU0142,EN301,2025-04-09,present
STU0142,EN101,2025-04-11,present
STU0142,EN301,2025-04-15,present
STU0142,EN101,2025-04-17,present
STU0142,EN301,2025-04-21,present
STU0142,EN101,2025-04-23,absent
STU0142,EN101,2025-04-25,present
STU0142,EN301,2025-04-29,present
STU0143,EN301,2025-01-01,present
STU0143,EN101,2025-01-03,present
STU0143,EN101,2025-01-07,present
STU0143,EN101,2025-01-09,late
STU0143,EN201,2025-01-13,late
STU0143,EN101,2025-01-15,present
STU0143,EN101,2025-01-17,absent
STU0143,EN101,2025-01-21,present
STU0143,EN101,2025-01-23,present
STU0143,EN101,2025-01-27,present
STU0143,EN201,2025-01-29,present
STU0143,EN101,2025-01-31,late
STU0143,EN201,2025-02-04,present
STU0143,EN101,2025-02-06,present
STU0143,EN201,2025-02-10,present
STU0143,EN301,2025-02-12,present
STU0143,EN101,2025-02-14,present
STU0143,EN101,2025-02-18,late
STU0143,EN301,2025-02-20,absent
STU0143,EN301,2025-02-24,present
STU0143,EN101,2025-02-26,present
STU0143,EN201,2025-02-28,present
STU0143,EN101,2025-03-04,present
STU0143,EN101,2025-03-06,present
STU0143,EN201,2025-03-10,present
STU0143,EN101,2025-03-12,present
STU0143,EN201,2025-03-14,present
STU0143,EN201,2025-03-18,present
STU0143,EN101,2025-03-20,present
STU0143,EN101,2025-03-24,present
STU0143,EN301,2025-03-26,present
STU0143,EN201,2025-03-28,absent
STU0143,EN301,2025-04-01,present
STU0143,EN301,2025-04-03,absent
STU0143,EN201,2025-04-07,present
STU0143,EN201,2025-04-09,present
STU0143,EN101,2025-04-11,present
STU0143,EN301,2025-04-15,absent
STU0143,EN101,2025-04-17,present
STU0143,EN201,2025-04-21,present
STU0143,EN101,2025-04-23,present
STU0143,EN301,2025-04-25,present
STU0143,EN201,2025-04-29,present
STU0144,EN201,2025-01-01,late
STU0144,EN301,2025-01-03,present
STU0144,EN201,2025-01-07,present
STU0144,EN201,2025-01-09,present
STU0144,EN301,2025-01-13,present
STU0144,EN201,2025-01-15,present
STU0144,EN301,2025-01-17,present
STU0144,EN301,2025-01-21,present
STU0144,EN201,2025-01-23,present
STU0144,EN101,2025-01-27,present
STU0144,EN301,2025-01-29,absent
STU0144,EN301,2025-01-31,present
STU0144,EN101,2025-02-04,present
STU0144,EN101,2025-02-06,present
STU0144,EN201,2025-02-10,present
STU0144,EN101,2025-02-12,present
STU0144,EN201,2025-02-14,present
STU0144,EN301,2025-02-18,present
STU0144,EN301,2025-02-20,late
STU0144,EN301,2025-02-24,present
STU0144,EN101,2025-02-26,present
STU0144,EN201,2025-02-28,present
STU0144,EN301,2025-03-04,present
STU0144,EN201,2025-03-06,present
STU0144,EN301,2025-03-10,absent
STU0144,EN301,2025-03-12,present
STU0144,EN101,2025-03-14,present
STU0144,EN101,2025-03-18,present
STU0144,EN301,2025-03-20,present
STU0144,EN301,2025-03-24,present
STU0144,EN301,2025-03-26,present
STU0144,EN101,2025-03-28,present
STU0144,EN301,2025-04-01,present
STU0144,EN101,2025-04-03,present
STU0144,EN101,2025-04-07,late
STU0144,EN101,2025-04-09,present
STU0144,EN201,2025-04-11,present
STU0144,EN201,2025-04-15,present
STU0144,EN301,2025-04-17,present
STU0144,EN201,2025-04-21,present
STU0144,EN201,2025-04-23,present
STU0144,EN301,2025-04-25,present
STU0144,EN201,2025-04-29,present
STU0145,CS401,2025-01-01,absent
STU0145,CS401,2025-01-03,late
STU0145,CS401,2025-01-07,present
STU0145,CS101,2025-01-09,present
STU0145,CS501,2025-01-13,present
STU0145,CS301,2025-01-15,absent
STU0145,CS201,2025-01-17,present
STU0145,CS301,2025-01-21,present
STU0145,CS501,2025-01-23,absent
STU0145,CS401,2025-01-27,present
STU0145,CS101,2025-01-29,late
STU0145,CS101,2025-01-31,present
STU0145,CS401,2025-02-04,present
STU0145,CS101,2025-02-06,late
STU0145,CS501,2025-02-10,present
STU0145,CS201,2025-02-12,present
STU0145,CS101,2025-02-14,present
STU0145,CS401,2025-02-18,present
STU0145,CS401,2025-02-20,present
STU0145,CS301,2025-02-24,present
STU0145,CS301,2025-02-26,present
STU0145,CS101,2025-02-28,present
STU0145,CS401,2025-03-04,absent
STU0145,CS401,2025-03-06,absent
STU0145,CS101,2025-03-10,present
STU0145,CS201,2025-03-12,present
STU0145,CS201,2025-03-14,present
STU0145,CS201,2025-03-18,present
STU0145,CS501,2025-03-20,absent
STU0145,CS101,2025-03-24,absent
STU0145,CS301,2025-03-26,present
STU0145,CS301,2025-03-28,present
STU0145,CS201,2025-04-01,present
STU0145,CS301,2025-04-03,present
STU0145,CS401,2025-04-07,present
STU0145,CS501,2025-04-09,late
STU0145,CS201,2025-04-11,absent
STU0145,CS401,2025-04-15,present
STU0145,CS401,2025-04-17,present
STU0145,CS201,2025-04-21,late
STU0145,CS301,2025-04-23,present
STU0145,CS201,2025-04-25,present
STU0145,CS201,2025-04-29,present
STU0146,BU101,2025-01-01,absent
STU0146,BU301,2025-01-03,present
STU0146,BU201,2025-01-07,present
STU0146,BU301,2025-01-09,absent
STU0146,BU401,2025-01-13,absent
STU0146,BU201,2025-01-15,absent
STU0146,BU301,2025-01-17,present
STU0146,BU401,2025-01-21,present
STU0146,BU201,2025-01-23,present
STU0146,BU401,2025-01-27,present
STU0146,BU201,2025-01-29,present
STU0146,BU201,2025-01-31,present
STU0146,BU201,2025-02-04,absent
STU0146,BU301,2025-02-06,present
STU0146,BU401,2025-02-10,present
STU0146,BU101,2025-02-12,present
STU0146,BU201,2025-02-14,present
STU0146,BU301,2025-02-18,present
STU0146,BU101,2025-02-20,present
STU0146,BU201,2025-02-24,present
STU0146,BU401,2025-02-26,present
STU0146,BU401,2025-02-28,present
STU0146,BU201,2025-03-04,present
STU0146,BU301,2025-03-06,absent
STU0146,BU401,2025-03-10,present
STU0146,BU301,2025-03-12,present
STU0146,BU301,2025-03-14,absent
STU0146,BU301,2025-03-18,present
STU0146,BU201,2025-03-20,late
STU0146,BU401,2025-03-24,absent
STU0146,BU201,2025-03-26,present
STU0146,BU201,2025-03-28,late
STU0146,BU301,2025-04-01,present
STU0146,BU401,2025-04-03,present
STU0146,BU301,2025-04-07,present
STU0146,BU201,2025-04-09,present
STU0146,BU201,2025-04-11,absent
STU0146,BU101,2025-04-15,present
STU0146,BU401,2025-04-17,present
STU0146,BU401,2025-04-21,present
STU0146,BU401,2025-04-23,present
STU0146,BU201,2025-04-25,present
STU0146,BU201,2025-04-29,present
STU0147,MT401,2025-01-01,absent
STU0147,MT201,2025-01-03,present
STU0147,MT301,2025-01-07,absent
STU0147,MT201,2025-01-09,present
STU0147,MT201,2025-01-13,present
STU0147,MT301,2025-01-15,present
STU0147,MT101,2025-01-17,present
STU0147,MT401,2025-01-21,present
STU0147,MT201,2025-01-23,absent
STU0147,MT101,2025-01-27,present
STU0147,MT101,2025-01-29,late
STU0147,MT401,2025-01-31,present
STU0147,MT401,2025-02-04,present
STU0147,MT201,2025-02-06,present
STU0147,MT201,2025-02-10,late
STU0147,MT301,2025-02-12,present
STU0147,MT101,2025-02-14,absent
STU0147,MT101,2025-02-18,absent
STU0147,MT301,2025-02-20,present
STU0147,MT201,2025-02-24,present
STU0147,MT101,2025-02-26,present
STU0147,MT301,2025-02-28,present
STU0147,MT401,2025-03-04,present
STU0147,MT201,2025-03-06,present
STU0147,MT301,2025-03-10,present
STU0147,MT301,2025-03-12,present
STU0147,MT201,2025-03-14,present
STU0147,MT401,2025-03-18,present
STU0147,MT201,2025-03-20,present
STU0147,MT401,2025-03-24,present
STU0147,MT201,2025-03-26,present
STU0147,MT401,2025-03-28,present
STU0147,MT201,2025-04-01,present
STU0147,MT201,2025-04-03,present
STU0147,MT201,2025-04-07,present
STU0147,MT301,2025-04-09,present
STU0147,MT401,2025-04-11,present
STU0147,MT101,2025-04-15,absent
STU0147,MT301,2025-04-17,present
STU0147,MT301,2025-04-21,present
STU0147,MT301,2025-04-23,present
STU0147,MT301,2025-04-25,present
STU0147,MT301,2025-04-29,present
STU0148,CS101,2025-01-01,present
STU0148,CS301,2025-01-03,present
STU0148,CS201,2025-01-07,present
STU0148,CS301,2025-01-09,present
STU0148,CS301,2025-01-13,present
STU0148,CS201,2025-01-15,absent
STU0148,CS101,2025-01-17,present
STU0148,CS101,2025-01-21,present
STU0148,CS101,2025-01-23,present
STU0148,CS401,2025-01-27,present
STU0148,CS301,2025-01-29,present
STU0148,CS301,2025-01-31,present
STU0148,CS501,2025-02-04,present
STU0148,CS301,2025-02-06,present
STU0148,CS301,2025-02-10,present
STU0148,CS501,2025-02-12,present
STU0148,CS301,2025-02-14,present
STU0148,CS401,2025-02-18,present
STU0148,CS301,2025-02-20,present
STU0148,CS201,2025-02-24,present
STU0148,CS101,2025-02-26,present
STU0148,CS501,2025-02-28,present
STU0148,CS501,2025-03-04,present
STU0148,CS301,2025-03-06,present
STU0148,CS201,2025-03-10,present
STU0148,CS301,2025-03-12,present
STU0148,CS401,2025-03-14,late
STU0148,CS201,2025-03-18,present
STU0148,CS501,2025-03-20,present
STU0148,CS101,2025-03-24,present
STU0148,CS301,2025-03-26,present
STU0148,CS101,2025-03-28,present
STU0148,CS201,2025-04-01,present
STU0148,CS501,2025-04-03,absent
STU0148,CS101,2025-04-07,late
STU0148,CS101,2025-04-09,present
STU0148,CS401,2025-04-11,present
STU0148,CS301,2025-04-15,absent
STU0148,CS401,2025-04-17,present
STU0148,CS501,2025-04-21,present
STU0148,CS201,2025-04-23,present
STU0148,CS301,2025-04-25,present
STU0148,CS401,2025-04-29,present
STU0149,BU301,2025-01-01,present
STU0149,BU201,2025-01-03,present
STU0149,BU401,2025-01-07,present
STU0149,BU201,2025-01-09,present
STU0149,BU301,2025-01-13,present
STU0149,BU401,2025-01-15,absent
STU0149,BU201,2025-01-17,present
STU0149,BU301,2025-01-21,present
STU0149,BU201,2025-01-23,late
STU0149,BU401,2025-01-27,late
STU0149,BU301,2025-01-29,present
STU0149,BU101,2025-01-31,present
STU0149,BU301,2025-02-04,absent
STU0149,BU201,2025-02-06,absent
STU0149,BU101,2025-02-10,late
STU0149,BU101,2025-02-12,absent
STU0149,BU401,2025-02-14,present
STU0149,BU301,2025-02-18,present
STU0149,BU101,2025-02-20,present
STU0149,BU301,2025-02-24,present
STU0149,BU301,2025-02-26,present
STU0149,BU101,2025-02-28,present
STU0149,BU201,2025-03-04,present
STU0149,BU301,2025-03-06,absent
STU0149,BU401,2025-03-10,present
STU0149,BU201,2025-03-12,present
STU0149,BU201,2025-03-14,present
STU0149,BU101,2025-03-18,present
STU0149,BU301,2025-03-20,absent
STU0149,BU401,2025-03-24,present
STU0149,BU201,2025-03-26,late
STU0149,BU301,2025-03-28,present
STU0149,BU301,2025-04-01,present
STU0149,BU201,2025-04-03,present
STU0149,BU101,2025-04-07,present
STU0149,BU101,2025-04-09,absent
STU0149,BU101,2025-04-11,present
STU0149,BU201,2025-04-15,absent
STU0149,BU301,2025-04-17,present
STU0149,BU401,2025-04-21,absent
STU0149,BU301,2025-04-23,present
STU0149,BU201,2025-04-25,absent
STU0149,BU401,2025-04-29,present
STU0150,PH301,2025-01-01,present
STU0150,PH301,2025-01-03,present
STU0150,PH301,2025-01-07,late
STU0150,PH201,2025-01-09,present
STU0150,PH101,2025-01-13,present
STU0150,PH201,2025-01-15,absent
STU0150,PH101,2025-01-17,present
STU0150,PH301,2025-01-21,present
STU0150,PH101,2025-01-23,present
STU0150,PH301,2025-01-27,present
STU0150,PH101,2025-01-29,late
STU0150,PH201,2025-01-31,absent
STU0150,PH301,2025-02-04,present
STU0150,PH201,2025-02-06,late
STU0150,PH101,2025-02-10,present
STU0150,PH201,2025-02-12,present
STU0150,PH201,2025-02-14,present
STU0150,PH301,2025-02-18,present
STU0150,PH301,2025-02-20,present
STU0150,PH301,2025-02-24,late
STU0150,PH201,2025-02-26,absent
STU0150,PH101,2025-02-28,present
STU0150,PH301,2025-03-04,present
STU0150,PH101,2025-03-06,absent
STU0150,PH201,2025-03-10,late
STU0150,PH301,2025-03-12,absent
STU0150,PH301,2025-03-14,present
STU0150,PH201,2025-03-18,absent
STU0150,PH101,2025-03-20,present
STU0150,PH301,2025-03-24,present
STU0150,PH201,2025-03-26,present
STU0150,PH201,2025-03-28,present
STU0150,PH301,2025-04-01,present
STU0150,PH101,2025-04-03,present
STU0150,PH101,2025-04-07,present
STU0150,PH101,2025-04-09,absent
STU0150,PH301,2025-04-11,present
STU0150,PH201,2025-04-15,present
STU0150,PH301,2025-04-17,present
STU0150,PH301,2025-04-21,late
STU0150,PH301,2025-04-23,present
STU0150,PH101,2025-04-25,present
STU0150,PH201,2025-04-29,present
STU0151,BU301,2025-01-01,absent
STU0151,BU101,2025-01-03,late
STU0151,BU401,2025-01-07,present
STU0151,BU101,2025-01-09,present
STU0151,BU301,2025-01-13,absent
STU0151,BU401,2025-01-15,present
STU0151,BU101,2025-01-17,present
STU0151,BU301,2025-01-21,present
STU0151,BU101,2025-01-23,present
STU0151,BU101,2025-01-27,present
STU0151,BU101,2025-01-29,present
STU0151,BU201,2025-01-31,present
STU0151,BU301,2025-02-04,late
STU0151,BU101,2025-02-06,present
STU0151,BU201,2025-02-10,present
STU0151,BU201,2025-02-12,present
STU0151,BU101,2025-02-14,present
STU0151,BU401,2025-02-18,present
STU0151,BU101,2025-02-20,absent
STU0151,BU101,2025-02-24,present
STU0151,BU301,2025-02-26,present
STU0151,BU101,2025-02-28,absent
STU0151,BU201,2025-03-04,present
STU0151,BU401,2025-03-06,late
STU0151,BU201,2025-03-10,present
STU0151,BU401,2025-03-12,absent
STU0151,BU201,2025-03-14,present
STU0151,BU201,2025-03-18,present
STU0151,BU101,2025-03-20,present
STU0151,BU201,2025-03-24,present
STU0151,BU101,2025-03-26,present
STU0151,BU401,2025-03-28,present
STU0151,BU101,2025-04-01,present
STU0151,BU301,2025-04-03,present
STU0151,BU301,2025-04-07,present
STU0151,BU201,2025-04-09,present
STU0151,BU301,2025-04-11,late
STU0151,BU101,2025-04-15,present
STU0151,BU401,2025-04-17,present
STU0151,BU401,2025-04-21,present
STU0151,BU401,2025-04-23,present
STU0151,BU401,2025-04-25,present
STU0151,BU301,2025-04-29,present
STU0152,PH101,2025-01-01,present
STU0152,PH101,2025-01-03,late
STU0152,PH101,2025-01-07,present
STU0152,PH301,2025-01-09,present
STU0152,PH101,2025-01-13,present
STU0152,PH201,2025-01-15,present
STU0152,PH101,2025-01-17,absent
STU0152,PH201,2025-01-21,present
STU0152,PH201,2025-01-23,present
STU0152,PH101,2025-01-27,present
STU0152,PH201,2025-01-29,present
STU0152,PH201,2025-01-31,present
STU0152,PH101,2025-02-04,absent
STU0152,PH301,2025-02-06,absent
STU0152,PH201,2025-02-10,late
STU0152,PH101,2025-02-12,absent
STU0152,PH201,2025-02-14,absent
STU0152,PH101,2025-02-18,present
STU0152,PH101,2025-02-20,absent
STU0152,PH301,2025-02-24,absent
STU0152,PH301,2025-02-26,absent
STU0152,PH201,2025-02-28,present
STU0152,PH101,2025-03-04,present
STU0152,PH301,2025-03-06,absent
STU0152,PH201,2025-03-10,absent
STU0152,PH301,2025-03-12,late
STU0152,PH201,2025-03-14,present
STU0152,PH101,2025-03-18,present
STU0152,PH301,2025-03-20,present
STU0152,PH301,2025-03-24,absent
STU0152,PH201,2025-03-26,present
STU0152,PH301,2025-03-28,present
STU0152,PH301,2025-04-01,late
STU0152,PH301,2025-04-03,present
STU0152,PH301,2025-04-07,absent
STU0152,PH201,2025-04-09,present
STU0152,PH201,2025-04-11,absent
STU0152,PH201,2025-04-15,present
STU0152,PH301,2025-04-17,late
STU0152,PH201,2025-04-21,late
STU0152,PH301,2025-04-23,present
STU0152,PH201,2025-04-25,present
STU0152,PH101,2025-04-29,present
STU0153,PH201,2025-01-01,present
STU0153,PH301,2025-01-03,absent
STU0153,PH301,2025-01-07,present
STU0153,PH301,2025-01-09,present
STU0153,PH101,2025-01-13,present
STU0153,PH301,2025-01-15,absent
STU0153,PH101,2025-01-17,late
STU0153,PH101,2025-01-21,present
STU0153,PH201,2025-01-23,present
STU0153,PH201,2025-01-27,present
STU0153,PH201,2025-01-29,present
STU0153,PH201,2025-01-31,present
STU0153,PH301,2025-02-04,present
STU0153,PH201,2025-02-06,present
STU0153,PH301,2025-02-10,present
STU0153,PH301,2025-02-12,present
STU0153,PH301,2025-02-14,present
STU0153,PH301,2025-02-18,present
STU0153,PH101,2025-02-20,absent
STU0153,PH201,2025-02-24,absent
STU0153,PH201,2025-02-26,present
STU0153,PH201,2025-02-28,present
STU0153,PH101,2025-03-04,absent
STU0153,PH201,2025-03-06,late
STU0153,PH201,2025-03-10,present
STU0153,PH301,2025-03-12,present
STU0153,PH301,2025-03-14,present
STU0153,PH101,2025-03-18,present
STU0153,PH101,2025-03-20,present
STU0153,PH201,2025-03-24,present
STU0153,PH301,2025-03-26,absent
STU0153,PH101,2025-03-28,present
STU0153,PH301,2025-04-01,present
STU0153,PH201,2025-04-03,present
STU0153,PH301,2025-04-07,present
STU0153,PH301,2025-04-09,present
STU0153,PH301,2025-04-11,present
STU0153,PH101,2025-04-15,absent
STU0153,PH201,2025-04-17,present
STU0153,PH101,2025-04-21,absent
STU0153,PH201,2025-04-23,late
STU0153,PH101,2025-04-25,present
STU0153,PH301,2025-04-29,present
STU0154,PH101,2025-01-01,present
STU0154,PH101,2025-01-03,absent
STU0154,PH201,2025-01-07,late
STU0154,PH201,2025-01-09,present
STU0154,PH301,2025-01-13,present
STU0154,PH101,2025-01-15,present
STU0154,PH101,2025-01-17,present
STU0154,PH301,2025-01-21,present
STU0154,PH201,2025-01-23,present
STU0154,PH301,2025-01-27,present
STU0154,PH301,2025-01-29,absent
STU0154,PH201,2025-01-31,present
STU0154,PH301,2025-02-04,present
STU0154,PH301,2025-02-06,present
STU0154,PH201,2025-02-10,absent
STU0154,PH201,2025-02-12,present
STU0154,PH301,2025-02-14,present
STU0154,PH101,2025-02-18,present
STU0154,PH301,2025-02-20,present
STU0154,PH201,2025-02-24,absent
STU0154,PH101,2025-02-26,present
STU0154,PH201,2025-02-28,present
STU0154,PH201,2025-03-04,present
STU0154,PH301,2025-03-06,present
STU0154,PH201,2025-03-10,absent
STU0154,PH201,2025-03-12,present
STU0154,PH101,2025-03-14,present
STU0154,PH201,2025-03-18,present
STU0154,PH201,2025-03-20,present
STU0154,PH101,2025-03-24,late
STU0154,PH101,2025-03-26,present
STU0154,PH101,2025-03-28,absent
STU0154,PH101,2025-04-01,present
STU0154,PH101,2025-04-03,present
STU0154,PH301,2025-04-07,present
STU0154,PH201,2025-04-09,present
STU0154,PH101,2025-04-11,present
STU0154,PH201,2025-04-15,present
STU0154,PH101,2025-04-17,present
STU0154,PH301,2025-04-21,present
STU0154,PH101,2025-04-23,present
STU0154,PH201,2025-04-25,present
STU0154,PH201,2025-04-29,present
STU0155,PH301,2025-01-01,present
STU0155,PH201,2025-01-03,present
STU0155,PH101,2025-01-07,absent
STU0155,PH301,2025-01-09,present
STU0155,PH101,2025-01-13,absent
STU0155,PH101,2025-01-15,present
STU0155,PH201,2025-01-17,present
STU0155,PH201,2025-01-21,present
STU0155,PH301,2025-01-23,present
STU0155,PH201,2025-01-27,present
STU0155,PH101,2025-01-29,present
STU0155,PH301,2025-01-31,present
STU0155,PH201,2025-02-04,present
STU0155,PH301,2025-02-06,present
STU0155,PH301,2025-02-10,absent
STU0155,PH101,2025-02-12,present
STU0155,PH201,2025-02-14,present
STU0155,PH201,2025-02-18,present
STU0155,PH201,2025-02-20,present
STU0155,PH101,2025-02-24,absent
STU0155,PH201,2025-02-26,present
STU0155,PH101,2025-02-28,absent
STU0155,PH201,2025-03-04,present
STU0155,PH301,2025-03-06,present
STU0155,PH101,2025-03-10,absent
STU0155,PH201,2025-03-12,absent
STU0155,PH201,2025-03-14,present
STU0155,PH301,2025-03-18,absent
STU0155,PH301,2025-03-20,present
STU0155,PH201,2025-03-24,absent
STU0155,PH101,2025-03-26,present
STU0155,PH201,2025-03-28,present
STU0155,PH301,2025-04-01,present
STU0155,PH201,2025-04-03,present
STU0155,PH301,2025-04-07,present
STU0155,PH201,2025-04-09,present
STU0155,PH201,2025-04-11,present
STU0155,PH201,2025-04-15,present
STU0155,PH101,2025-04-17,present
STU0155,PH201,2025-04-21,present
STU0155,PH201,2025-04-23,present
STU0155,PH301,2025-04-25,present
STU0155,PH301,2025-04-29,absent
STU0156,CS301,2025-01-01,absent
STU0156,CS201,2025-01-03,present
STU0156,CS301,2025-01-07,present
STU0156,CS101,2025-01-09,present
STU0156,CS201,2025-01-13,present
STU0156,CS201,2025-01-15,present
STU0156,CS301,2025-01-17,absent
STU0156,CS501,2025-01-21,present
STU0156,CS301,2025-01-23,present
STU0156,CS401,2025-01-27,present
STU0156,CS401,2025-01-29,absent
STU0156,CS501,2025-01-31,present
STU0156,CS101,2025-02-04,present
STU0156,CS101,2025-02-06,present
STU0156,CS401,2025-02-10,present
STU0156,CS301,2025-02-12,present
STU0156,CS201,2025-02-14,present
STU0156,CS201,2025-02-18,absent
STU0156,CS401,2025-02-20,present
STU0156,CS501,2025-02-24,present
STU0156,CS201,2025-02-26,present
STU0156,CS501,2025-02-28,present
STU0156,CS301,2025-03-04,present
STU0156,CS501,2025-03-06,present
STU0156,CS401,2025-03-10,present
STU0156,CS301,2025-03-12,absent
STU0156,CS201,2025-03-14,present
STU0156,CS201,2025-03-18,present
STU0156,CS501,2025-03-20,absent
STU0156,CS401,2025-03-24,present
STU0156,CS401,2025-03-26,present
STU0156,CS301,2025-03-28,present
STU0156,CS501,2025-04-01,present
STU0156,CS501,2025-04-03,absent
STU0156,CS501,2025-04-07,present
STU0156,CS101,2025-04-09,present
STU0156,CS201,2025-04-11,present
STU0156,CS101,2025-04-15,present
STU0156,CS201,2025-04-17,present
STU0156,CS501,2025-04-21,present
STU0156,CS301,2025-04-23,absent
STU0156,CS301,2025-04-25,late
STU0156,CS101,2025-04-29,present
STU0157,CS401,2025-01-01,present
STU0157,CS101,2025-01-03,absent
STU0157,CS101,2025-01-07,present
STU0157,CS501,2025-01-09,present
STU0157,CS301,2025-01-13,present
STU0157,CS101,2025-01-15,absent
STU0157,CS301,2025-01-17,absent
STU0157,CS501,2025-01-21,present
STU0157,CS101,2025-01-23,present
STU0157,CS201,2025-01-27,present
STU0157,CS301,2025-01-29,present
STU0157,CS201,2025-01-31,present
STU0157,CS401,2025-02-04,absent
STU0157,CS501,2025-02-06,present
STU0157,CS301,2025-02-10,absent
STU0157,CS401,2025-02-12,present
STU0157,CS301,2025-02-14,present
STU0157,CS201,2025-02-18,present
STU0157,CS501,2025-02-20,present
STU0157,CS301,2025-02-24,present
STU0157,CS101,2025-02-26,late
STU0157,CS201,2025-02-28,absent
STU0157,CS501,2025-03-04,present
STU0157,CS401,2025-03-06,present
STU0157,CS401,2025-03-10,late
STU0157,CS201,2025-03-12,present
STU0157,CS301,2025-03-14,present
STU0157,CS201,2025-03-18,present
STU0157,CS501,2025-03-20,late
STU0157,CS301,2025-03-24,present
STU0157,CS401,2025-03-26,present
STU0157,CS101,2025-03-28,late
STU0157,CS301,2025-04-01,present
STU0157,CS201,2025-04-03,present
STU0157,CS401,2025-04-07,present
STU0157,CS201,2025-04-09,absent
STU0157,CS101,2025-04-11,present
STU0157,CS301,2025-04-15,late
STU0157,CS101,2025-04-17,present
STU0157,CS501,2025-04-21,present
STU0157,CS301,2025-04-23,late
STU0157,CS201,2025-04-25,present
STU0157,CS101,2025-04-29,present
STU0158,PH201,2025-01-01,present
STU0158,PH101,2025-01-03,present
STU0158,PH101,2025-01-07,present
STU0158,PH201,2025-01-09,present
STU0158,PH201,2025-01-13,present
STU0158,PH101,2025-01-15,absent
STU0158,PH101,2025-01-17,present
STU0158,PH301,2025-01-21,late
STU0158,PH301,2025-01-23,present
STU0158,PH201,2025-01-27,present
STU0158,PH301,2025-01-29,present
STU0158,PH201,2025-01-31,present
STU0158,PH101,2025-02-04,present
STU0158,PH201,2025-02-06,absent
STU0158,PH101,2025-02-10,late
STU0158,PH301,2025-02-12,late
STU0158,PH101,2025-02-14,present
STU0158,PH301,2025-02-18,absent
STU0158,PH201,2025-02-20,present
STU0158,PH201,2025-02-24,present
STU0158,PH301,2025-02-26,absent
STU0158,PH101,2025-02-28,present
STU0158,PH301,2025-03-04,present
STU0158,PH101,2025-03-06,present
STU0158,PH301,2025-03-10,present
STU0158,PH301,2025-03-12,absent
STU0158,PH101,2025-03-14,present
STU0158,PH201,2025-03-18,late
STU0158,PH101,2025-03-20,present
STU0158,PH301,2025-03-24,present
STU0158,PH301,2025-03-26,present
STU0158,PH101,2025-03-28,present
STU0158,PH201,2025-04-01,present
STU0158,PH101,2025-04-03,absent
STU0158,PH201,2025-04-07,absent
STU0158,PH101,2025-04-09,late
STU0158,PH101,2025-04-11,absent
STU0158,PH101,2025-04-15,absent
STU0158,PH301,2025-04-17,present
STU0158,PH301,2025-04-21,absent
STU0158,PH101,2025-04-23,present
STU0158,PH101,2025-04-25,present
STU0158,PH301,2025-04-29,present
STU0159,PH201,2025-01-01,present
STU0159,PH201,2025-01-03,present
STU0159,PH201,2025-01-07,late
STU0159,PH101,2025-01-09,present
STU0159,PH301,2025-01-13,present
STU0159,PH301,2025-01-15,present
STU0159,PH201,2025-01-17,present
STU0159,PH101,2025-01-21,present
STU0159,PH201,2025-01-23,present
STU0159,PH301,2025-01-27,present
STU0159,PH201,2025-01-29,present
STU0159,PH101,2025-01-31,present
STU0159,PH301,2025-02-04,present
STU0159,PH101,2025-02-06,present
STU0159,PH301,2025-02-10,present
STU0159,PH101,2025-02-12,present
STU0159,PH301,2025-02-14,present
STU0159,PH301,2025-02-18,present
STU0159,PH101,2025-02-20,present
STU0159,PH101,2025-02-24,present
STU0159,PH101,2025-02-26,present
STU0159,PH201,2025-02-28,present
STU0159,PH301,2025-03-04,present
STU0159,PH301,2025-03-06,absent
STU0159,PH101,2025-03-10,present
STU0159,PH301,2025-03-12,present
STU0159,PH101,2025-03-14,present
STU0159,PH301,2025-03-18,present
STU0159,PH101,2025-03-20,late
STU0159,PH101,2025-03-24,late
STU0159,PH301,2025-03-26,present
STU0159,PH101,2025-03-28,present
STU0159,PH201,2025-04-01,present
STU0159,PH201,2025-04-03,present
STU0159,PH301,2025-04-07,present
STU0159,PH301,2025-04-09,present
STU0159,PH201,2025-04-11,absent
STU0159,PH201,2025-04-15,present
STU0159,PH201,2025-04-17,present
STU0159,PH201,2025-04-21,absent
STU0159,PH201,2025-04-23,absent
STU0159,PH101,2025-04-25,present
STU0159,PH201,2025-04-29,present
STU0160,EN201,2025-01-01,present
STU0160,EN201,2025-01-03,present
STU0160,EN201,2025-01-07,late
STU0160,EN201,2025-01-09,late
STU0160,EN201,2025-01-13,present
STU0160,EN201,2025-01-15,present
STU0160,EN201,2025-01-17,present
STU0160,EN201,2025-01-21,late
STU0160,EN301,2025-01-23,present
STU0160,EN101,2025-01-27,present
STU0160,EN101,2025-01-29,present
STU0160,EN201,2025-01-31,present
STU0160,EN301,2025-02-04,present
STU0160,EN101,2025-02-06,present
STU0160,EN301,2025-02-10,late
STU0160,EN201,2025-02-12,late
STU0160,EN301,2025-02-14,absent
STU0160,EN201,2025-02-18,present
STU0160,EN101,2025-02-20,present
STU0160,EN201,2025-02-24,present
STU0160,EN301,2025-02-26,present
STU0160,EN301,2025-02-28,late
STU0160,EN101,2025-03-04,present
STU0160,EN101,2025-03-06,present
STU0160,EN101,2025-03-10,late
STU0160,EN101,2025-03-12,late
STU0160,EN201,2025-03-14,present
STU0160,EN301,2025-03-18,present
STU0160,EN101,2025-03-20,present
STU0160,EN301,2025-03-24,present
STU0160,EN201,2025-03-26,present
STU0160,EN201,2025-03-28,present
STU0160,EN101,2025-04-01,late
STU0160,EN101,2025-04-03,present
STU0160,EN101,2025-04-07,present
STU0160,EN301,2025-04-09,present
STU0160,EN301,2025-04-11,present
STU0160,EN301,2025-04-15,absent
STU0160,EN101,2025-04-17,present
STU0160,EN101,2025-04-21,present
STU0160,EN301,2025-04-23,present
STU0160,EN101,2025-04-25,absent
STU0160,EN101,2025-04-29,present
STU0161,BU101,2025-01-01,absent
STU0161,BU201,2025-01-03,present
STU0161,BU301,2025-01-07,present
STU0161,BU101,2025-01-09,present
STU0161,BU301,2025-01-13,late
STU0161,BU301,2025-01-15,late
STU0161,BU301,2025-01-17,present
STU0161,BU101,2025-01-21,present
STU0161,BU401,2025-01-23,present
STU0161,BU101,2025-01-27,present
STU0161,BU201,2025-01-29,present
STU0161,BU401,2025-01-31,absent
STU0161,BU301,2025-02-04,late
STU0161,BU101,2025-02-06,present
STU0161,BU401,2025-02-10,present
STU0161,BU201,2025-02-12,absent
STU0161,BU401,2025-02-14,absent
STU0161,BU101,2025-02-18,present
STU0161,BU401,2025-02-20,present
STU0161,BU401,2025-02-24,present
STU0161,BU301,2025-02-26,present
STU0161,BU101,2025-02-28,present
STU0161,BU301,2025-03-04,present
STU0161,BU101,2025-03-06,present
STU0161,BU301,2025-03-10,present
STU0161,BU301,2025-03-12,present
STU0161,BU401,2025-03-14,present
STU0161,BU401,2025-03-18,absent
STU0161,BU201,2025-03-20,absent
STU0161,BU101,2025-03-24,present
STU0161,BU401,2025-03-26,present
STU0161,BU301,2025-03-28,late
STU0161,BU201,2025-04-01,present
STU0161,BU301,2025-04-03,present
STU0161,BU201,2025-04-07,present
STU0161,BU401,2025-04-09,present
STU0161,BU401,2025-04-11,present
STU0161,BU201,2025-04-15,absent
STU0161,BU101,2025-04-17,present
STU0161,BU201,2025-04-21,present
STU0161,BU301,2025-04-23,late
STU0161,BU101,2025-04-25,present
STU0161,BU401,2025-04-29,present
STU0162,PH301,2025-01-01,present
STU0162,PH201,2025-01-03,present
STU0162,PH201,2025-01-07,present
STU0162,PH101,2025-01-09,present
STU0162,PH201,2025-01-13,present
STU0162,PH101,2025-01-15,absent
STU0162,PH301,2025-01-17,present
STU0162,PH101,2025-01-21,present
STU0162,PH101,2025-01-23,present
STU0162,PH101,2025-01-27,present
STU0162,PH301,2025-01-29,present
STU0162,PH201,2025-01-31,late
STU0162,PH301,2025-02-04,present
STU0162,PH301,2025-02-06,present
STU0162,PH101,2025-02-10,absent
STU0162,PH201,2025-02-12,present
STU0162,PH201,2025-02-14,present
STU0162,PH101,2025-02-18,absent
STU0162,PH101,2025-02-20,absent
STU0162,PH201,2025-02-24,present
STU0162,PH301,2025-02-26,present
STU0162,PH101,2025-02-28,present
STU0162,PH301,2025-03-04,absent
STU0162,PH201,2025-03-06,present
STU0162,PH301,2025-03-10,present
STU0162,PH301,2025-03-12,absent
STU0162,PH301,2025-03-14,present
STU0162,PH101,2025-03-18,absent
STU0162,PH301,2025-03-20,present
STU0162,PH301,2025-03-24,present
STU0162,PH301,2025-03-26,present
STU0162,PH301,2025-03-28,absent
STU0162,PH201,2025-04-01,present
STU0162,PH301,2025-04-03,present
STU0162,PH201,2025-04-07,present
STU0162,PH101,2025-04-09,absent
STU0162,PH201,2025-04-11,late
STU0162,PH301,2025-04-15,present
STU0162,PH301,2025-04-17,present
STU0162,PH201,2025-04-21,late
STU0162,PH301,2025-04-23,present
STU0162,PH301,2025-04-25,present
STU0162,PH101,2025-04-29,present
STU0163,MT301,2025-01-01,absent
STU0163,MT301,2025-01-03,present
STU0163,MT401,2025-01-07,absent
STU0163,MT301,2025-01-09,present
STU0163,MT301,2025-01-13,present
STU0163,MT401,2025-01-15,present
STU0163,MT301,2025-01-17,present
STU0163,MT301,2025-01-21,present
STU0163,MT201,2025-01-23,present
STU0163,MT201,2025-01-27,present
STU0163,MT101,2025-01-29,absent
STU0163,MT101,2025-01-31,absent
STU0163,MT301,2025-02-04,absent
STU0163,MT101,2025-02-06,present
STU0163,MT301,2025-02-10,present
STU0163,MT201,2025-02-12,present
STU0163,MT301,2025-02-14,late
STU0163,MT201,2025-02-18,absent
STU0163,MT401,2025-02-20,absent
STU0163,MT401,2025-02-24,present
STU0163,MT301,2025-02-26,present
STU0163,MT301,2025-02-28,present
STU0163,MT301,2025-03-04,present
STU0163,MT401,2025-03-06,present
STU0163,MT101,2025-03-10,late
STU0163,MT101,2025-03-12,present
STU0163,MT401,2025-03-14,present
STU0163,MT401,2025-03-18,present
STU0163,MT301,2025-03-20,late
STU0163,MT101,2025-03-24,present
STU0163,MT101,2025-03-26,absent
STU0163,MT301,2025-03-28,late
STU0163,MT401,2025-04-01,present
STU0163,MT401,2025-04-03,present
STU0163,MT101,2025-04-07,present
STU0163,MT201,2025-04-09,present
STU0163,MT401,2025-04-11,absent
STU0163,MT401,2025-04-15,absent
STU0163,MT201,2025-04-17,present
STU0163,MT301,2025-04-21,present
STU0163,MT101,2025-04-23,present
STU0163,MT201,2025-04-25,present
STU0163,MT101,2025-04-29,present
STU0164,CS101,2025-01-01,present
STU0164,CS301,2025-01-03,present
STU0164,CS101,2025-01-07,present
STU0164,CS401,2025-01-09,present
STU0164,CS401,2025-01-13,present
STU0164,CS101,2025-01-15,present
STU0164,CS401,2025-01-17,absent
STU0164,CS201,2025-01-21,present
STU0164,CS301,2025-01-23,present
STU0164,CS401,2025-01-27,present
STU0164,CS101,2025-01-29,present
STU0164,CS201,2025-01-31,present
STU0164,CS101,2025-02-04,absent
STU0164,CS401,2025-02-06,late
STU0164,CS101,2025-02-10,present
STU0164,CS201,2025-02-12,present
STU0164,CS301,2025-02-14,present
STU0164,CS101,2025-02-18,present
STU0164,CS401,2025-02-20,late
STU0164,CS501,2025-02-24,present
STU0164,CS501,2025-02-26,present
STU0164,CS201,2025-02-28,present
STU0164,CS101,2025-03-04,present
STU0164,CS401,2025-03-06,present
STU0164,CS301,2025-03-10,present
STU0164,CS301,2025-03-12,present
STU0164,CS401,2025-03-14,absent
STU0164,CS301,2025-03-18,present
STU0164,CS201,2025-03-20,present
STU0164,CS401,2025-03-24,present
STU0164,CS301,2025-03-26,present
STU0164,CS301,2025-03-28,present
STU0164,CS201,2025-04-01,present
STU0164,CS501,2025-04-03,present
STU0164,CS201,2025-04-07,present
STU0164,CS201,2025-04-09,absent
STU0164,CS501,2025-04-11,present
STU0164,CS401,2025-04-15,present
STU0164,CS401,2025-04-17,present
STU0164,CS501,2025-04-21,present
STU0164,CS301,2025-04-23,present
STU0164,CS101,2025-04-25,absent
STU0164,CS301,2025-04-29,present
STU0165,BU101,2025-01-01,absent
STU0165,BU401,2025-01-03,present
STU0165,BU401,2025-01-07,present
STU0165,BU101,2025-01-09,present
STU0165,BU301,2025-01-13,present
STU0165,BU301,2025-01-15,present
STU0165,BU401,2025-01-17,absent
STU0165,BU101,2025-01-21,absent
STU0165,BU301,2025-01-23,absent
STU0165,BU301,2025-01-27,present
STU0165,BU401,2025-01-29,present
STU0165,BU401,2025-01-31,present
STU0165,BU101,2025-02-04,present
STU0165,BU401,2025-02-06,present
STU0165,BU401,2025-02-10,present
STU0165,BU301,2025-02-12,present
STU0165,BU101,2025-02-14,present
STU0165,BU201,2025-02-18,present
STU0165,BU401,2025-02-20,present
STU0165,BU201,2025-02-24,present
STU0165,BU401,2025-02-26,present
STU0165,BU301,2025-02-28,present
STU0165,BU401,2025-03-04,present
STU0165,BU101,2025-03-06,present
STU0165,BU301,2025-03-10,present
STU0165,BU301,2025-03-12,present
STU0165,BU301,2025-03-14,present
STU0165,BU101,2025-03-18,present
STU0165,BU401,2025-03-20,present
STU0165,BU101,2025-03-24,present
STU0165,BU101,2025-03-26,present
STU0165,BU201,2025-03-28,present
STU0165,BU201,2025-04-01,present
STU0165,BU301,2025-04-03,present
STU0165,BU401,2025-04-07,present
STU0165,BU201,2025-04-09,present
STU0165,BU201,2025-04-11,present
STU0165,BU201,2025-04-15,present
STU0165,BU301,2025-04-17,present
STU0165,BU301,2025-04-21,absent
STU0165,BU101,2025-04-23,present
STU0165,BU201,2025-04-25,present
STU0165,BU301,2025-04-29,present
STU0166,BU401,2025-01-01,present
STU0166,BU401,2025-01-03,absent
STU0166,BU101,2025-01-07,present
STU0166,BU201,2025-01-09,present
STU0166,BU101,2025-01-13,absent
STU0166,BU201,2025-01-15,present
STU0166,BU401,2025-01-17,present
STU0166,BU401,2025-01-21,late
STU0166,BU301,2025-01-23,present
STU0166,BU401,2025-01-27,present
STU0166,BU401,2025-01-29,present
STU0166,BU301,2025-01-31,present
STU0166,BU401,2025-02-04,present
STU0166,BU401,2025-02-06,absent
STU0166,BU201,2025-02-10,present
STU0166,BU101,2025-02-12,present
STU0166,BU401,2025-02-14,absent
STU0166,BU201,2025-02-18,present
STU0166,BU101,2025-02-20,present
STU0166,BU301,2025-02-24,present
STU0166,BU201,2025-02-26,absent
STU0166,BU401,2025-02-28,absent
STU0166,BU101,2025-03-04,present
STU0166,BU301,2025-03-06,present
STU0166,BU201,2025-03-10,present
STU0166,BU401,2025-03-12,absent
STU0166,BU201,2025-03-14,present
STU0166,BU201,2025-03-18,present
STU0166,BU301,2025-03-20,absent
STU0166,BU101,2025-03-24,present
STU0166,BU401,2025-03-26,present
STU0166,BU301,2025-03-28,present
STU0166,BU201,2025-04-01,present
STU0166,BU201,2025-04-03,present
STU0166,BU101,2025-04-07,late
STU0166,BU101,2025-04-09,present
STU0166,BU201,2025-04-11,present
STU0166,BU401,2025-04-15,present
STU0166,BU301,2025-04-17,present
STU0166,BU401,2025-04-21,present
STU0166,BU101,2025-04-23,present
STU0166,BU101,2025-04-25,absent
STU0166,BU401,2025-04-29,present
STU0167,BU401,2025-01-01,present
STU0167,BU201,2025-01-03,present
STU0167,BU101,2025-01-07,late
STU0167,BU101,2025-01-09,present
STU0167,BU401,2025-01-13,present
STU0167,BU201,2025-01-15,present
STU0167,BU401,2025-01-17,late
STU0167,BU101,2025-01-21,present
STU0167,BU301,2025-01-23,present
STU0167,BU301,2025-01-27,present
STU0167,BU201,2025-01-29,present
STU0167,BU401,2025-01-31,present
STU0167,BU101,2025-02-04,present
STU0167,BU401,2025-02-06,present
STU0167,BU201,2025-02-10,late
STU0167,BU201,2025-02-12,absent
STU0167,BU201,2025-02-14,present
STU0167,BU101,2025-02-18,absent
STU0167,BU401,2025-02-20,present
STU0167,BU201,2025-02-24,present
STU0167,BU301,2025-02-26,present
STU0167,BU401,2025-02-28,present
STU0167,BU401,2025-03-04,present
STU0167,BU201,2025-03-06,present
STU0167,BU301,2025-03-10,present
STU0167,BU401,2025-03-12,present
STU0167,BU401,2025-03-14,present
STU0167,BU301,2025-03-18,present
STU0167,BU401,2025-03-20,absent
STU0167,BU301,2025-03-24,present
STU0167,BU201,2025-03-26,present
STU0167,BU301,2025-03-28,present
STU0167,BU101,2025-04-01,present
STU0167,BU101,2025-04-03,absent
STU0167,BU301,2025-04-07,present
STU0167,BU101,2025-04-09,present
STU0167,BU101,2025-04-11,present
STU0167,BU201,2025-04-15,present
STU0167,BU201,2025-04-17,late
STU0167,BU401,2025-04-21,present
STU0167,BU201,2025-04-23,present
STU0167,BU101,2025-04-25,present
STU0167,BU201,2025-04-29,present
STU0168,CS201,2025-01-01,present
STU0168,CS301,2025-01-03,absent
STU0168,CS501,2025-01-07,absent
STU0168,CS201,2025-01-09,present
STU0168,CS401,2025-01-13,late
STU0168,CS301,2025-01-15,present
STU0168,CS401,2025-01-17,present
STU0168,CS201,2025-01-21,present
STU0168,CS301,2025-01-23,present
STU0168,CS201,2025-01-27,present
STU0168,CS201,2025-01-29,present
STU0168,CS301,2025-01-31,present
STU0168,CS401,2025-02-04,present
STU0168,CS101,2025-02-06,absent
STU0168,CS101,2025-02-10,present
STU0168,CS501,2025-02-12,present
STU0168,CS501,2025-02-14,absent
STU0168,CS201,2025-02-18,late
STU0168,CS101,2025-02-20,late
STU0168,CS201,2025-02-24,present
STU0168,CS501,2025-02-26,present
STU0168,CS101,2025-02-28,present
STU0168,CS401,2025-03-04,present
STU0168,CS501,2025-03-06,late
STU0168,CS301,2025-03-10,present
STU0168,CS501,2025-03-12,present
STU0168,CS401,2025-03-14,present
STU0168,CS201,2025-03-18,present
STU0168,CS101,2025-03-20,absent
STU0168,CS501,2025-03-24,present
STU0168,CS301,2025-03-26,present
STU0168,CS201,2025-03-28,present
STU0168,CS101,2025-04-01,present
STU0168,CS101,2025-04-03,present
STU0168,CS101,2025-04-07,present
STU0168,CS201,2025-04-09,present
STU0168,CS501,2025-04-11,present
STU0168,CS101,2025-04-15,late
STU0168,CS401,2025-04-17,absent
STU0168,CS401,2025-04-21,late
STU0168,CS501,2025-04-23,present
STU0168,CS101,2025-04-25,present
STU0168,CS201,2025-04-29,present
STU0169,CS401,2025-01-01,absent
STU0169,CS401,2025-01-03,late
STU0169,CS401,2025-01-07,absent
STU0169,CS401,2025-01-09,present
STU0169,CS201,2025-01-13,absent
STU0169,CS401,2025-01-15,present
STU0169,CS501,2025-01-17,present
STU0169,CS301,2025-01-21,present
STU0169,CS401,2025-01-23,present
STU0169,CS201,2025-01-27,present
STU0169,CS501,2025-01-29,present
STU0169,CS101,2025-01-31,present
STU0169,CS201,2025-02-04,present
STU0169,CS201,2025-02-06,absent
STU0169,CS401,2025-02-10,present
STU0169,CS301,2025-02-12,present
STU0169,CS501,2025-02-14,present
STU0169,CS501,2025-02-18,absent
STU0169,CS301,2025-02-20,present
STU0169,CS301,2025-02-24,present
STU0169,CS101,2025-02-26,present
STU0169,CS201,2025-02-28,present
STU0169,CS201,2025-03-04,present
STU0169,CS401,2025-03-06,absent
STU0169,CS501,2025-03-10,present
STU0169,CS101,2025-03-12,present
STU0169,CS201,2025-03-14,present
STU0169,CS501,2025-03-18,absent
STU0169,CS301,2025-03-20,present
STU0169,CS101,2025-03-24,absent
STU0169,CS201,2025-03-26,present
STU0169,CS401,2025-03-28,present
STU0169,CS301,2025-04-01,present
STU0169,CS201,2025-04-03,present
STU0169,CS301,2025-04-07,present
STU0169,CS201,2025-04-09,present
STU0169,CS101,2025-04-11,present
STU0169,CS201,2025-04-15,present
STU0169,CS201,2025-04-17,present
STU0169,CS301,2025-04-21,present
STU0169,CS301,2025-04-23,present
STU0169,CS201,2025-04-25,present
STU0169,CS401,2025-04-29,present
STU0170,MT301,2025-01-01,present
STU0170,MT401,2025-01-03,present
STU0170,MT401,2025-01-07,present
STU0170,MT101,2025-01-09,present
STU0170,MT301,2025-01-13,late
STU0170,MT101,2025-01-15,present
STU0170,MT201,2025-01-17,present
STU0170,MT101,2025-01-21,present
STU0170,MT301,2025-01-23,absent
STU0170,MT401,2025-01-27,present
STU0170,MT401,2025-01-29,present
STU0170,MT101,2025-01-31,present
STU0170,MT401,2025-02-04,present
STU0170,MT101,2025-02-06,present
STU0170,MT201,2025-02-10,present
STU0170,MT401,2025-02-12,present
STU0170,MT301,2025-02-14,present
STU0170,MT201,2025-02-18,present
STU0170,MT301,2025-02-20,present
STU0170,MT301,2025-02-24,present
STU0170,MT101,2025-02-26,present
STU0170,MT301,2025-02-28,late
STU0170,MT201,2025-03-04,absent
STU0170,MT201,2025-03-06,present
STU0170,MT201,2025-03-10,present
STU0170,MT101,2025-03-12,present
STU0170,MT101,2025-03-14,present
STU0170,MT301,2025-03-18,present
STU0170,MT101,2025-03-20,late
STU0170,MT301,2025-03-24,present
STU0170,MT401,2025-03-26,present
STU0170,MT401,2025-03-28,present
STU0170,MT401,2025-04-01,present
STU0170,MT401,2025-04-03,present
STU0170,MT301,2025-04-07,present
STU0170,MT101,2025-04-09,present
STU0170,MT201,2025-04-11,absent
STU0170,MT401,2025-04-15,present
STU0170,MT101,2025-04-17,absent
STU0170,MT401,2025-04-21,absent
STU0170,MT301,2025-04-23,present
STU0170,MT401,2025-04-25,absent
STU0170,MT401,2025-04-29,present
STU0171,EN201,2025-01-01,late
STU0171,EN101,2025-01-03,present
STU0171,EN301,2025-01-07,present
STU0171,EN101,2025-01-09,present
STU0171,EN101,2025-01-13,present
STU0171,EN301,2025-01-15,late
STU0171,EN201,2025-01-17,present
STU0171,EN101,2025-01-21,present
STU0171,EN301,2025-01-23,present
STU0171,EN301,2025-01-27,absent
STU0171,EN201,2025-01-29,present
STU0171,EN301,2025-01-31,present
STU0171,EN201,2025-02-04,present
STU0171,EN301,2025-02-06,present
STU0171,EN301,2025-02-10,present
STU0171,EN301,2025-02-12,present
STU0171,EN101,2025-02-14,present
STU0171,EN101,2025-02-18,present
STU0171,EN301,2025-02-20,present
STU0171,EN201,2025-02-24,present
STU0171,EN301,2025-02-26,present
STU0171,EN201,2025-02-28,present
STU0171,EN301,2025-03-04,absent
STU0171,EN201,2025-03-06,present
STU0171,EN101,2025-03-10,present
STU0171,EN301,2025-03-12,present
STU0171,EN301,2025-03-14,present
STU0171,EN201,2025-03-18,present
STU0171,EN301,2025-03-20,present
STU0171,EN201,2025-03-24,present
STU0171,EN201,2025-03-26,absent
STU0171,EN201,2025-03-28,present
STU0171,EN201,2025-04-01,present
STU0171,EN201,2025-04-03,present
STU0171,EN101,2025-04-07,present
STU0171,EN301,2025-04-09,present
STU0171,EN101,2025-04-11,present
STU0171,EN301,2025-04-15,present
STU0171,EN301,2025-04-17,present
STU0171,EN201,2025-04-21,absent
STU0171,EN201,2025-04-23,present
STU0171,EN301,2025-04-25,present
STU0171,EN201,2025-04-29,present
STU0172,MT101,2025-01-01,present
STU0172,MT101,2025-01-03,present
STU0172,MT101,2025-01-07,present
STU0172,MT301,2025-01-09,late
STU0172,MT301,2025-01-13,absent
STU0172,MT401,2025-01-15,present
STU0172,MT401,2025-01-17,absent
STU0172,MT201,2025-01-21,present
STU0172,MT201,2025-01-23,present
STU0172,MT201,2025-01-27,present
STU0172,MT301,2025-01-29,present
STU0172,MT201,2025-01-31,present
STU0172,MT401,2025-02-04,present
STU0172,MT101,2025-02-06,present
STU0172,MT101,2025-02-10,present
STU0172,MT301,2025-02-12,present
STU0172,MT101,2025-02-14,absent
STU0172,MT201,2025-02-18,present
STU0172,MT401,2025-02-20,present
STU0172,MT101,2025-02-24,present
STU0172,MT401,2025-02-26,present
STU0172,MT401,2025-02-28,present
STU0172,MT101,2025-03-04,present
STU0172,MT301,2025-03-06,present
STU0172,MT201,2025-03-10,present
STU0172,MT401,2025-03-12,present
STU0172,MT101,2025-03-14,present
STU0172,MT401,2025-03-18,present
STU0172,MT101,2025-03-20,present
STU0172,MT401,2025-03-24,late
STU0172,MT201,2025-03-26,present
STU0172,MT101,2025-03-28,present
STU0172,MT201,2025-04-01,present
STU0172,MT101,2025-04-03,present
STU0172,MT201,2025-04-07,late
STU0172,MT201,2025-04-09,present
STU0172,MT101,2025-04-11,present
STU0172,MT101,2025-04-15,present
STU0172,MT201,2025-04-17,present
STU0172,MT101,2025-04-21,present
STU0172,MT401,2025-04-23,present
STU0172,MT401,2025-04-25,present
STU0172,MT401,2025-04-29,present
STU0173,CS401,2025-01-01,present
STU0173,CS201,2025-01-03,absent
STU0173,CS401,2025-01-07,present
STU0173,CS201,2025-01-09,present
STU0173,CS101,2025-01-13,present
STU0173,CS201,2025-01-15,present
STU0173,CS401,2025-01-17,present
STU0173,CS201,2025-01-21,present
STU0173,CS301,2025-01-23,present
STU0173,CS301,2025-01-27,present
STU0173,CS501,2025-01-29,present
STU0173,CS201,2025-01-31,late
STU0173,CS401,2025-02-04,present
STU0173,CS301,2025-02-06,present
STU0173,CS401,2025-02-10,present
STU0173,CS401,2025-02-12,present
STU0173,CS101,2025-02-14,present
STU0173,CS401,2025-02-18,present
STU0173,CS101,2025-02-20,present
STU0173,CS501,2025-02-24,present
STU0173,CS101,2025-02-26,present
STU0173,CS301,2025-02-28,present
STU0173,CS401,2025-03-04,present
STU0173,CS301,2025-03-06,present
STU0173,CS401,2025-03-10,present
STU0173,CS301,2025-03-12,present
STU0173,CS201,2025-03-14,present
STU0173,CS501,2025-03-18,present
STU0173,CS401,2025-03-20,present
STU0173,CS401,2025-03-24,present
STU0173,CS401,2025-03-26,present
STU0173,CS101,2025-03-28,present
STU0173,CS301,2025-04-01,present
STU0173,CS301,2025-04-03,present
STU0173,CS401,2025-04-07,present
STU0173,CS401,2025-04-09,present
STU0173,CS201,2025-04-11,present
STU0173,CS501,2025-04-15,present
STU0173,CS201,2025-04-17,present
STU0173,CS101,2025-04-21,absent
STU0173,CS401,2025-04-23,present
STU0173,CS301,2025-04-25,present
STU0173,CS501,2025-04-29,present
STU0174,BU101,2025-01-01,present
STU0174,BU301,2025-01-03,present
STU0174,BU301,2025-01-07,present
STU0174,BU401,2025-01-09,present
STU0174,BU401,2025-01-13,present
STU0174,BU201,2025-01-15,present
STU0174,BU101,2025-01-17,present
STU0174,BU301,2025-01-21,present
STU0174,BU401,2025-01-23,present
STU0174,BU101,2025-01-27,present
STU0174,BU101,2025-01-29,present
STU0174,BU201,2025-01-31,present
STU0174,BU301,2025-02-04,present
STU0174,BU201,2025-02-06,present
STU0174,BU101,2025-02-10,present
STU0174,BU201,2025-02-12,present
STU0174,BU201,2025-02-14,late
STU0174,BU401,2025-02-18,present
STU0174,BU401,2025-02-20,present
STU0174,BU201,2025-02-24,present
STU0174,BU301,2025-02-26,present
STU0174,BU301,2025-02-28,present
STU0174,BU401,2025-03-04,present
STU0174,BU101,2025-03-06,absent
STU0174,BU101,2025-03-10,present
STU0174,BU301,2025-03-12,present
STU0174,BU101,2025-03-14,present
STU0174,BU301,2025-03-18,present
STU0174,BU101,2025-03-20,present
STU0174,BU101,2025-03-24,present
STU0174,BU301,2025-03-26,present
STU0174,BU401,2025-03-28,present
STU0174,BU101,2025-04-01,present
STU0174,BU301,2025-04-03,present
STU0174,BU401,2025-04-07,present
STU0174,BU101,2025-04-09,present
STU0174,BU101,2025-04-11,present
STU0174,BU101,2025-04-15,present
STU0174,BU101,2025-04-17,present
STU0174,BU101,2025-04-21,present
STU0174,BU101,2025-04-23,present
STU0174,BU401,2025-04-25,present
STU0174,BU201,2025-04-29,present
STU0175,EN301,2025-01-01,present
STU0175,EN301,2025-01-03,present
STU0175,EN201,2025-01-07,present
STU0175,EN201,2025-01-09,present
STU0175,EN201,2025-01-13,present
STU0175,EN201,2025-01-15,late
STU0175,EN301,2025-01-17,present
STU0175,EN101,2025-01-21,present
STU0175,EN301,2025-01-23,present
STU0175,EN201,2025-01-27,present
STU0175,EN301,2025-01-29,present
STU0175,EN201,2025-01-31,present
STU0175,EN201,2025-02-04,present
STU0175,EN101,2025-02-06,present
STU0175,EN201,2025-02-10,present
STU0175,EN301,2025-02-12,present
STU0175,EN101,2025-02-14,present
STU0175,EN301,2025-02-18,present
STU0175,EN301,2025-02-20,present
STU0175,EN101,2025-02-24,present
STU0175,EN301,2025-02-26,present
STU0175,EN301,2025-02-28,present
STU0175,EN201,2025-03-04,present
STU0175,EN101,2025-03-06,absent
STU0175,EN101,2025-03-10,present
STU0175,EN101,2025-03-12,present
STU0175,EN301,2025-03-14,present
STU0175,EN301,2025-03-18,absent
STU0175,EN201,2025-03-20,present
STU0175,EN301,2025-03-24,late
STU0175,EN201,2025-03-26,present
STU0175,EN201,2025-03-28,present
STU0175,EN101,2025-04-01,present
STU0175,EN301,2025-04-03,present
STU0175,EN101,2025-04-07,present
STU0175,EN101,2025-04-09,present
STU0175,EN101,2025-04-11,present
STU0175,EN101,2025-04-15,present
STU0175,EN101,2025-04-17,present
STU0175,EN201,2025-04-21,present
STU0175,EN201,2025-04-23,present
STU0175,EN101,2025-04-25,present
STU0175,EN301,2025-04-29,present
STU0176,CS501,2025-01-01,present
STU0176,CS301,2025-01-03,present
STU0176,CS201,2025-01-07,present
STU0176,CS301,2025-01-09,present
STU0176,CS101,2025-01-13,present
STU0176,CS101,2025-01-15,present
STU0176,CS101,2025-01-17,present
STU0176,CS501,2025-01-21,present
STU0176,CS101,2025-01-23,present
STU0176,CS201,2025-01-27,absent
STU0176,CS301,2025-01-29,present
STU0176,CS501,2025-01-31,present
STU0176,CS301,2025-02-04,present
STU0176,CS101,2025-02-06,present
STU0176,CS501,2025-02-10,present
STU0176,CS301,2025-02-12,present
STU0176,CS201,2025-02-14,present
STU0176,CS501,2025-02-18,present
STU0176,CS301,2025-02-20,late
STU0176,CS101,2025-02-24,present
STU0176,CS201,2025-02-26,present
STU0176,CS301,2025-02-28,present
STU0176,CS501,2025-03-04,present
STU0176,CS401,2025-03-06,present
STU0176,CS501,2025-03-10,present
STU0176,CS501,2025-03-12,absent
STU0176,CS501,2025-03-14,present
STU0176,CS101,2025-03-18,present
STU0176,CS201,2025-03-20,present
STU0176,CS201,2025-03-24,present
STU0176,CS201,2025-03-26,present
STU0176,CS501,2025-03-28,present
STU0176,CS501,2025-04-01,present
STU0176,CS401,2025-04-03,present
STU0176,CS401,2025-04-07,present
STU0176,CS401,2025-04-09,present
STU0176,CS401,2025-04-11,present
STU0176,CS401,2025-04-15,present
STU0176,CS101,2025-04-17,present
STU0176,CS401,2025-04-21,present
STU0176,CS201,2025-04-23,absent
STU0176,CS501,2025-04-25,absent
STU0176,CS501,2025-04-29,present
STU0177,MT301,2025-01-01,present
STU0177,MT101,2025-01-03,present
STU0177,MT201,2025-01-07,present
STU0177,MT301,2025-01-09,present
STU0177,MT101,2025-01-13,present
STU0177,MT201,2025-01-15,present
STU0177,MT401,2025-01-17,present
STU0177,MT201,2025-01-21,present
STU0177,MT401,2025-01-23,present
STU0177,MT301,2025-01-27,present
STU0177,MT301,2025-01-29,absent
STU0177,MT201,2025-01-31,present
STU0177,MT101,2025-02-04,present
STU0177,MT101,2025-02-06,present
STU0177,MT201,2025-02-10,present
STU0177,MT401,2025-02-12,present
STU0177,MT201,2025-02-14,present
STU0177,MT201,2025-02-18,present
STU0177,MT201,2025-02-20,present
STU0177,MT401,2025-02-24,present
STU0177,MT101,2025-02-26,present
STU0177,MT201,2025-02-28,present
STU0177,MT401,2025-03-04,present
STU0177,MT401,2025-03-06,present
STU0177,MT201,2025-03-10,present
STU0177,MT201,2025-03-12,absent
STU0177,MT101,2025-03-14,present
STU0177,MT401,2025-03-18,late
STU0177,MT101,2025-03-20,present
STU0177,MT301,2025-03-24,present
STU0177,MT301,2025-03-26,late
STU0177,MT101,2025-03-28,present
STU0177,MT301,2025-04-01,present
STU0177,MT101,2025-04-03,present
STU0177,MT201,2025-04-07,present
STU0177,MT201,2025-04-09,absent
STU0177,MT101,2025-04-11,present
STU0177,MT101,2025-04-15,present
STU0177,MT401,2025-04-17,present
STU0177,MT401,2025-04-21,present
STU0177,MT101,2025-04-23,present
STU0177,MT301,2025-04-25,present
STU0177,MT401,2025-04-29,present
STU0178,PH201,2025-01-01,present
STU0178,PH201,2025-01-03,late
STU0178,PH201,2025-01-07,present
STU0178,PH201,2025-01-09,present
STU0178,PH101,2025-01-13,present
STU0178,PH301,2025-01-15,present
STU0178,PH101,2025-01-17,absent
STU0178,PH301,2025-01-21,late
STU0178,PH301,2025-01-23,present
STU0178,PH301,2025-01-27,absent
STU0178,PH301,2025-01-29,present
STU0178,PH301,2025-01-31,present
STU0178,PH101,2025-02-04,absent
STU0178,PH101,2025-02-06,present
STU0178,PH101,2025-02-10,present
STU0178,PH101,2025-02-12,absent
STU0178,PH101,2025-02-14,present
STU0178,PH301,2025-02-18,late
STU0178,PH201,2025-02-20,absent
STU0178,PH201,2025-02-24,present
STU0178,PH201,2025-02-26,present
STU0178,PH201,2025-02-28,present
STU0178,PH101,2025-03-04,late
STU0178,PH201,2025-03-06,present
STU0178,PH301,2025-03-10,present
STU0178,PH301,2025-03-12,present
STU0178,PH101,2025-03-14,present
STU0178,PH101,2025-03-18,present
STU0178,PH301,2025-03-20,present
STU0178,PH101,2025-03-24,present
STU0178,PH101,2025-03-26,present
STU0178,PH201,2025-03-28,present
STU0178,PH101,2025-04-01,present
STU0178,PH201,2025-04-03,present
STU0178,PH201,2025-04-07,absent
STU0178,PH201,2025-04-09,present
STU0178,PH301,2025-04-11,present
STU0178,PH201,2025-04-15,present
STU0178,PH101,2025-04-17,present
STU0178,PH301,2025-04-21,present
STU0178,PH301,2025-04-23,present
STU0178,PH101,2025-04-25,present
STU0178,PH201,2025-04-29,absent
STU0179,PH301,2025-01-01,absent
STU0179,PH201,2025-01-03,absent
STU0179,PH301,2025-01-07,absent
STU0179,PH101,2025-01-09,absent
STU0179,PH201,2025-01-13,present
STU0179,PH201,2025-01-15,present
STU0179,PH201,2025-01-17,present
STU0179,PH201,2025-01-21,present
STU0179,PH101,2025-01-23,absent
STU0179,PH101,2025-01-27,present
STU0179,PH201,2025-01-29,present
STU0179,PH201,2025-01-31,present
STU0179,PH301,2025-02-04,present
STU0179,PH201,2025-02-06,absent
STU0179,PH201,2025-02-10,absent
STU0179,PH201,2025-02-12,present
STU0179,PH301,2025-02-14,absent
STU0179,PH201,2025-02-18,present
STU0179,PH101,2025-02-20,absent
STU0179,PH301,2025-02-24,present
STU0179,PH301,2025-02-26,present
STU0179,PH201,2025-02-28,present
STU0179,PH201,2025-03-04,absent
STU0179,PH101,2025-03-06,late
STU0179,PH201,2025-03-10,present
STU0179,PH201,2025-03-12,present
STU0179,PH101,2025-03-14,late
STU0179,PH201,2025-03-18,present
STU0179,PH201,2025-03-20,present
STU0179,PH301,2025-03-24,present
STU0179,PH201,2025-03-26,present
STU0179,PH201,2025-03-28,absent
STU0179,PH301,2025-04-01,absent
STU0179,PH301,2025-04-03,present
STU0179,PH301,2025-04-07,present
STU0179,PH101,2025-04-09,absent
STU0179,PH201,2025-04-11,present
STU0179,PH101,2025-04-15,absent
STU0179,PH301,2025-04-17,present
STU0179,PH201,2025-04-21,present
STU0179,PH301,2025-04-23,late
STU0179,PH301,2025-04-25,absent
STU0179,PH301,2025-04-29,present
STU0180,MT101,2025-01-01,present
STU0180,MT101,2025-01-03,present
STU0180,MT301,2025-01-07,present
STU0180,MT101,2025-01-09,late
STU0180,MT101,2025-01-13,present
STU0180,MT101,2025-01-15,present
STU0180,MT301,2025-01-17,present
STU0180,MT401,2025-01-21,present
STU0180,MT401,2025-01-23,present
STU0180,MT201,2025-01-27,present
STU0180,MT201,2025-01-29,present
STU0180,MT301,2025-01-31,present
STU0180,MT101,2025-02-04,present
STU0180,MT301,2025-02-06,present
STU0180,MT401,2025-02-10,present
STU0180,MT401,2025-02-12,present
STU0180,MT301,2025-02-14,present
STU0180,MT401,2025-02-18,present
STU0180,MT401,2025-02-20,absent
STU0180,MT101,2025-02-24,present
STU0180,MT301,2025-02-26,absent
STU0180,MT101,2025-02-28,present
STU0180,MT401,2025-03-04,late
STU0180,MT101,2025-03-06,present
STU0180,MT201,2025-03-10,absent
STU0180,MT201,2025-03-12,present
STU0180,MT101,2025-03-14,present
STU0180,MT201,2025-03-18,absent
STU0180,MT301,2025-03-20,present
STU0180,MT401,2025-03-24,present
STU0180,MT301,2025-03-26,present
STU0180,MT101,2025-03-28,absent
STU0180,MT201,2025-04-01,present
STU0180,MT401,2025-04-03,present
STU0180,MT301,2025-04-07,present
STU0180,MT401,2025-04-09,present
STU0180,MT101,2025-04-11,present
STU0180,MT201,2025-04-15,present
STU0180,MT301,2025-04-17,present
STU0180,MT301,2025-04-21,absent
STU0180,MT401,2025-04-23,present
STU0180,MT201,2025-04-25,present
STU0180,MT201,2025-04-29,present
STU0181,BU201,2025-01-01,present
STU0181,BU201,2025-01-03,present
STU0181,BU201,2025-01-07,present
STU0181,BU301,2025-01-09,present
STU0181,BU301,2025-01-13,present
STU0181,BU201,2025-01-15,present
STU0181,BU301,2025-01-17,present
STU0181,BU301,2025-01-21,present
STU0181,BU401,2025-01-23,present
STU0181,BU101,2025-01-27,present
STU0181,BU301,2025-01-29,present
STU0181,BU101,2025-01-31,present
STU0181,BU301,2025-02-04,present
STU0181,BU301,2025-02-06,present
STU0181,BU401,2025-02-10,present
STU0181,BU201,2025-02-12,present
STU0181,BU401,2025-02-14,present
STU0181,BU201,2025-02-18,absent
STU0181,BU101,2025-02-20,absent
STU0181,BU201,2025-02-24,present
STU0181,BU201,2025-02-26,present
STU0181,BU301,2025-02-28,present
STU0181,BU201,2025-03-04,present
STU0181,BU401,2025-03-06,present
STU0181,BU101,2025-03-10,present
STU0181,BU401,2025-03-12,present
STU0181,BU101,2025-03-14,present
STU0181,BU401,2025-03-18,present
STU0181,BU201,2025-03-20,present
STU0181,BU401,2025-03-24,present
STU0181,BU401,2025-03-26,present
STU0181,BU301,2025-03-28,present
STU0181,BU401,2025-04-01,present
STU0181,BU401,2025-04-03,present
STU0181,BU201,2025-04-07,present
STU0181,BU201,2025-04-09,present
STU0181,BU401,2025-04-11,present
STU0181,BU101,2025-04-15,present
STU0181,BU201,2025-04-17,absent
STU0181,BU301,2025-04-21,present
STU0181,BU301,2025-04-23,present
STU0181,BU401,2025-04-25,present
STU0181,BU401,2025-04-29,absent
STU0182,PH301,2025-01-01,present
STU0182,PH101,2025-01-03,late
STU0182,PH201,2025-01-07,present
STU0182,PH301,2025-01-09,present
STU0182,PH101,2025-01-13,late
STU0182,PH301,2025-01-15,present
STU0182,PH101,2025-01-17,present
STU0182,PH101,2025-01-21,present
STU0182,PH301,2025-01-23,present
STU0182,PH101,2025-01-27,present
STU0182,PH101,2025-01-29,present
STU0182,PH301,2025-01-31,present
STU0182,PH301,2025-02-04,present
STU0182,PH201,2025-02-06,late
STU0182,PH101,2025-02-10,present
STU0182,PH301,2025-02-12,present
STU0182,PH101,2025-02-14,present
STU0182,PH301,2025-02-18,present
STU0182,PH101,2025-02-20,present
STU0182,PH101,2025-02-24,late
STU0182,PH301,2025-02-26,present
STU0182,PH301,2025-02-28,present
STU0182,PH101,2025-03-04,present
STU0182,PH201,2025-03-06,present
STU0182,PH101,2025-03-10,absent
STU0182,PH201,2025-03-12,present
STU0182,PH101,2025-03-14,present
STU0182,PH301,2025-03-18,present
STU0182,PH301,2025-03-20,present
STU0182,PH201,2025-03-24,present
STU0182,PH301,2025-03-26,present
STU0182,PH101,2025-03-28,present
STU0182,PH301,2025-04-01,present
STU0182,PH201,2025-04-03,present
STU0182,PH201,2025-04-07,late
STU0182,PH201,2025-04-09,absent
STU0182,PH201,2025-04-11,present
STU0182,PH201,2025-04-15,present
STU0182,PH101,2025-04-17,present
STU0182,PH301,2025-04-21,present
STU0182,PH301,2025-04-23,present
STU0182,PH101,2025-04-25,present
STU0182,PH201,2025-04-29,absent
STU0183,MT201,2025-01-01,late
STU0183,MT101,2025-01-03,present
STU0183,MT301,2025-01-07,present
STU0183,MT101,2025-01-09,present
STU0183,MT101,2025-01-13,present
STU0183,MT201,2025-01-15,present
STU0183,MT301,2025-01-17,present
STU0183,MT401,2025-01-21,absent
STU0183,MT201,2025-01-23,present
STU0183,MT101,2025-01-27,present
STU0183,MT201,2025-01-29,present
STU0183,MT201,2025-01-31,present
STU0183,MT201,2025-02-04,present
STU0183,MT401,2025-02-06,absent
STU0183,MT401,2025-02-10,present
STU0183,MT201,2025-02-12,present
STU0183,MT301,2025-02-14,present
STU0183,MT301,2025-02-18,present
STU0183,MT101,2025-02-20,absent
STU0183,MT301,2025-02-24,present
STU0183,MT401,2025-02-26,absent
STU0183,MT401,2025-02-28,present
STU0183,MT301,2025-03-04,present
STU0183,MT401,2025-03-06,present
STU0183,MT101,2025-03-10,present
STU0183,MT401,2025-03-12,present
STU0183,MT401,2025-03-14,absent
STU0183,MT201,2025-03-18,present
STU0183,MT101,2025-03-20,present
STU0183,MT201,2025-03-24,present
STU0183,MT201,2025-03-26,present
STU0183,MT301,2025-03-28,present
STU0183,MT101,2025-04-01,present
STU0183,MT401,2025-04-03,present
STU0183,MT201,2025-04-07,present
STU0183,MT401,2025-04-09,present
STU0183,MT301,2025-04-11,present
STU0183,MT401,2025-04-15,present
STU0183,MT301,2025-04-17,present
STU0183,MT201,2025-04-21,late
STU0183,MT301,2025-04-23,present
STU0183,MT401,2025-04-25,present
STU0183,MT401,2025-04-29,present
STU0184,MT101,2025-01-01,present
STU0184,MT201,2025-01-03,absent
STU0184,MT201,2025-01-07,present
STU0184,MT101,2025-01-09,absent
STU0184,MT201,2025-01-13,absent
STU0184,MT301,2025-01-15,present
STU0184,MT401,2025-01-17,present
STU0184,MT201,2025-01-21,present
STU0184,MT301,2025-01-23,present
STU0184,MT401,2025-01-27,present
STU0184,MT401,2025-01-29,present
STU0184,MT201,2025-01-31,present
STU0184,MT401,2025-02-04,present
STU0184,MT201,2025-02-06,present
STU0184,MT101,2025-02-10,absent
STU0184,MT401,2025-02-12,present
STU0184,MT201,2025-02-14,absent
STU0184,MT201,2025-02-18,present
STU0184,MT101,2025-02-20,present
STU0184,MT301,2025-02-24,present
STU0184,MT401,2025-02-26,present
STU0184,MT101,2025-02-28,present
STU0184,MT101,2025-03-04,present
STU0184,MT401,2025-03-06,present
STU0184,MT201,2025-03-10,present
STU0184,MT401,2025-03-12,present
STU0184,MT201,2025-03-14,absent
STU0184,MT101,2025-03-18,present
STU0184,MT201,2025-03-20,present
STU0184,MT201,2025-03-24,present
STU0184,MT401,2025-03-26,absent
STU0184,MT301,2025-03-28,present
STU0184,MT101,2025-04-01,present
STU0184,MT301,2025-04-03,present
STU0184,MT401,2025-04-07,absent
STU0184,MT301,2025-04-09,present
STU0184,MT101,2025-04-11,late
STU0184,MT101,2025-04-15,present
STU0184,MT401,2025-04-17,present
STU0184,MT201,2025-04-21,present
STU0184,MT301,2025-04-23,present
STU0184,MT201,2025-04-25,absent
STU0184,MT101,2025-04-29,present
STU0185,EN101,2025-01-01,present
STU0185,EN101,2025-01-03,present
STU0185,EN101,2025-01-07,present
STU0185,EN301,2025-01-09,present
STU0185,EN301,2025-01-13,present
STU0185,EN101,2025-01-15,present
STU0185,EN201,2025-01-17,present
STU0185,EN201,2025-01-21,present
STU0185,EN101,2025-01-23,present
STU0185,EN201,2025-01-27,present
STU0185,EN201,2025-01-29,present
STU0185,EN101,2025-01-31,present
STU0185,EN101,2025-02-04,absent
STU0185,EN301,2025-02-06,present
STU0185,EN201,2025-02-10,present
STU0185,EN201,2025-02-12,present
STU0185,EN201,2025-02-14,present
STU0185,EN201,2025-02-18,present
STU0185,EN101,2025-02-20,present
STU0185,EN201,2025-02-24,present
STU0185,EN101,2025-02-26,present
STU0185,EN301,2025-02-28,present
STU0185,EN301,2025-03-04,present
STU0185,EN201,2025-03-06,present
STU0185,EN201,2025-03-10,present
STU0185,EN301,2025-03-12,present
STU0185,EN201,2025-03-14,present
STU0185,EN101,2025-03-18,present
STU0185,EN101,2025-03-20,present
STU0185,EN301,2025-03-24,present
STU0185,EN201,2025-03-26,absent
STU0185,EN101,2025-03-28,present
STU0185,EN101,2025-04-01,present
STU0185,EN301,2025-04-03,present
STU0185,EN101,2025-04-07,present
STU0185,EN301,2025-04-09,present
STU0185,EN201,2025-04-11,absent
STU0185,EN301,2025-04-15,present
STU0185,EN201,2025-04-17,absent
STU0185,EN101,2025-04-21,present
STU0185,EN101,2025-04-23,present
STU0185,EN201,2025-04-25,present
STU0185,EN301,2025-04-29,absent
STU0186,MT401,2025-01-01,present
STU0186,MT101,2025-01-03,present
STU0186,MT101,2025-01-07,absent
STU0186,MT201,2025-01-09,present
STU0186,MT401,2025-01-13,present
STU0186,MT101,2025-01-15,absent
STU0186,MT301,2025-01-17,present
STU0186,MT401,2025-01-21,present
STU0186,MT101,2025-01-23,present
STU0186,MT101,2025-01-27,present
STU0186,MT401,2025-01-29,present
STU0186,MT301,2025-01-31,present
STU0186,MT301,2025-02-04,present
STU0186,MT201,2025-02-06,present
STU0186,MT101,2025-02-10,absent
STU0186,MT401,2025-02-12,late
STU0186,MT201,2025-02-14,present
STU0186,MT301,2025-02-18,present
STU0186,MT301,2025-02-20,absent
STU0186,MT101,2025-02-24,present
STU0186,MT101,2025-02-26,present
STU0186,MT401,2025-02-28,late
STU0186,MT401,2025-03-04,absent
STU0186,MT401,2025-03-06,absent
STU0186,MT301,2025-03-10,present
STU0186,MT301,2025-03-12,present
STU0186,MT401,2025-03-14,present
STU0186,MT201,2025-03-18,present
STU0186,MT201,2025-03-20,present
STU0186,MT101,2025-03-24,present
STU0186,MT401,2025-03-26,absent
STU0186,MT301,2025-03-28,absent
STU0186,MT101,2025-04-01,present
STU0186,MT201,2025-04-03,absent
STU0186,MT301,2025-04-07,absent
STU0186,MT201,2025-04-09,present
STU0186,MT201,2025-04-11,present
STU0186,MT201,2025-04-15,present
STU0186,MT301,2025-04-17,present
STU0186,MT301,2025-04-21,present
STU0186,MT301,2025-04-23,present
STU0186,MT101,2025-04-25,present
STU0186,MT401,2025-04-29,present
STU0187,CS101,2025-01-01,absent
STU0187,CS101,2025-01-03,present
STU0187,CS101,2025-01-07,present
STU0187,CS401,2025-01-09,present
STU0187,CS201,2025-01-13,present
STU0187,CS501,2025-01-15,absent
STU0187,CS501,2025-01-17,present
STU0187,CS301,2025-01-21,present
STU0187,CS101,2025-01-23,present
STU0187,CS201,2025-01-27,present
STU0187,CS201,2025-01-29,present
STU0187,CS101,2025-01-31,present
STU0187,CS301,2025-02-04,absent
STU0187,CS101,2025-02-06,present
STU0187,CS401,2025-02-10,present
STU0187,CS401,2025-02-12,present
STU0187,CS401,2025-02-14,present
STU0187,CS101,2025-02-18,present
STU0187,CS301,2025-02-20,present
STU0187,CS501,2025-02-24,present
STU0187,CS301,2025-02-26,present
STU0187,CS201,2025-02-28,absent
STU0187,CS201,2025-03-04,present
STU0187,CS201,2025-03-06,absent
STU0187,CS101,2025-03-10,present
STU0187,CS401,2025-03-12,present
STU0187,CS101,2025-03-14,present
STU0187,CS301,2025-03-18,present
STU0187,CS401,2025-03-20,absent
STU0187,CS501,2025-03-24,present
STU0187,CS301,2025-03-26,present
STU0187,CS301,2025-03-28,present
STU0187,CS301,2025-04-01,present
STU0187,CS101,2025-04-03,present
STU0187,CS201,2025-04-07,present
STU0187,CS501,2025-04-09,present
STU0187,CS501,2025-04-11,present
STU0187,CS201,2025-04-15,present
STU0187,CS301,2025-04-17,present
STU0187,CS501,2025-04-21,absent
STU0187,CS201,2025-04-23,present
STU0187,CS201,2025-04-25,late
STU0187,CS101,2025-04-29,late
STU0188,CS201,2025-01-01,present
STU0188,CS501,2025-01-03,present
STU0188,CS501,2025-01-07,present
STU0188,CS101,2025-01-09,present
STU0188,CS301,2025-01-13,present
STU0188,CS201,2025-01-15,present
STU0188,CS101,2025-01-17,present
STU0188,CS501,2025-01-21,present
STU0188,CS501,2025-01-23,present
STU0188,CS301,2025-01-27,present
STU0188,CS201,2025-01-29,present
STU0188,CS101,2025-01-31,absent
STU0188,CS401,2025-02-04,present
STU0188,CS401,2025-02-06,present
STU0188,CS501,2025-02-10,present
STU0188,CS101,2025-02-12,present
STU0188,CS101,2025-02-14,present
STU0188,CS201,2025-02-18,present
STU0188,CS401,2025-02-20,present
STU0188,CS501,2025-02-24,present
STU0188,CS401,2025-02-26,present
STU0188,CS201,2025-02-28,absent
STU0188,CS301,2025-03-04,present
STU0188,CS101,2025-03-06,absent
STU0188,CS301,2025-03-10,present
STU0188,CS101,2025-03-12,present
STU0188,CS401,2025-03-14,present
STU0188,CS201,2025-03-18,present
STU0188,CS201,2025-03-20,present
STU0188,CS301,2025-03-24,present
STU0188,CS501,2025-03-26,present
STU0188,CS101,2025-03-28,present
STU0188,CS201,2025-04-01,present
STU0188,CS501,2025-04-03,present
STU0188,CS301,2025-04-07,present
STU0188,CS201,2025-04-09,present
STU0188,CS101,2025-04-11,present
STU0188,CS201,2025-04-15,present
STU0188,CS201,2025-04-17,present
STU0188,CS301,2025-04-21,present
STU0188,CS101,2025-04-23,present
STU0188,CS201,2025-04-25,present
STU0188,CS401,2025-04-29,present
STU0189,BU301,2025-01-01,present
STU0189,BU401,2025-01-03,present
STU0189,BU201,2025-01-07,absent
STU0189,BU201,2025-01-09,present
STU0189,BU201,2025-01-13,present
STU0189,BU301,2025-01-15,absent
STU0189,BU301,2025-01-17,absent
STU0189,BU101,2025-01-21,present
STU0189,BU201,2025-01-23,present
STU0189,BU401,2025-01-27,late
STU0189,BU401,2025-01-29,present
STU0189,BU301,2025-01-31,absent
STU0189,BU301,2025-02-04,present
STU0189,BU201,2025-02-06,present
STU0189,BU301,2025-02-10,present
STU0189,BU201,2025-02-12,present
STU0189,BU301,2025-02-14,present
STU0189,BU101,2025-02-18,late
STU0189,BU201,2025-02-20,present
STU0189,BU201,2025-02-24,present
STU0189,BU101,2025-02-26,present
STU0189,BU401,2025-02-28,present
STU0189,BU301,2025-03-04,present
STU0189,BU101,2025-03-06,present
STU0189,BU301,2025-03-10,present
STU0189,BU401,2025-03-12,present
STU0189,BU201,2025-03-14,present
STU0189,BU201,2025-03-18,present
STU0189,BU101,2025-03-20,late
STU0189,BU301,2025-03-24,present
STU0189,BU101,2025-03-26,present
STU0189,BU301,2025-03-28,present
STU0189,BU101,2025-04-01,present
STU0189,BU301,2025-04-03,present
STU0189,BU401,2025-04-07,present
STU0189,BU101,2025-04-09,present
STU0189,BU301,2025-04-11,present
STU0189,BU101,2025-04-15,present
STU0189,BU301,2025-04-17,present
STU0189,BU101,2025-04-21,present
STU0189,BU201,2025-04-23,present
STU0189,BU201,2025-04-25,present
STU0189,BU401,2025-04-29,present
STU0190,BU401,2025-01-01,late
STU0190,BU201,2025-01-03,absent
STU0190,BU101,2025-01-07,present
STU0190,BU101,2025-01-09,absent
STU0190,BU101,2025-01-13,present
STU0190,BU401,2025-01-15,late
STU0190,BU301,2025-01-17,present
STU0190,BU301,2025-01-21,present
STU0190,BU301,2025-01-23,present
STU0190,BU401,2025-01-27,present
STU0190,BU201,2025-01-29,late
STU0190,BU101,2025-01-31,present
STU0190,BU101,2025-02-04,present
STU0190,BU401,2025-02-06,present
STU0190,BU101,2025-02-10,present
STU0190,BU401,2025-02-12,present
STU0190,BU301,2025-02-14,present
STU0190,BU101,2025-02-18,late
STU0190,BU101,2025-02-20,present
STU0190,BU201,2025-02-24,present
STU0190,BU301,2025-02-26,late
STU0190,BU301,2025-02-28,present
STU0190,BU401,2025-03-04,present
STU0190,BU301,2025-03-06,present
STU0190,BU401,2025-03-10,absent
STU0190,BU301,2025-03-12,present
STU0190,BU401,2025-03-14,late
STU0190,BU201,2025-03-18,absent
STU0190,BU401,2025-03-20,present
STU0190,BU301,2025-03-24,absent
STU0190,BU301,2025-03-26,present
STU0190,BU401,2025-03-28,present
STU0190,BU401,2025-04-01,absent
STU0190,BU401,2025-04-03,late
STU0190,BU101,2025-04-07,present
STU0190,BU401,2025-04-09,present
STU0190,BU201,2025-04-11,present
STU0190,BU201,2025-04-15,present
STU0190,BU401,2025-04-17,present
STU0190,BU401,2025-04-21,present
STU0190,BU101,2025-04-23,present
STU0190,BU301,2025-04-25,present
STU0190,BU401,2025-04-29,present
STU0191,EN201,2025-01-01,absent
STU0191,EN101,2025-01-03,absent
STU0191,EN101,2025-01-07,present
STU0191,EN101,2025-01-09,present
STU0191,EN301,2025-01-13,present
STU0191,EN101,2025-01-15,present
STU0191,EN301,2025-01-17,present
STU0191,EN101,2025-01-21,absent
STU0191,EN101,2025-01-23,present
STU0191,EN201,2025-01-27,present
STU0191,EN301,2025-01-29,present
STU0191,EN301,2025-01-31,present
STU0191,EN101,2025-02-04,present
STU0191,EN301,2025-02-06,late
STU0191,EN301,2025-02-10,present
STU0191,EN101,2025-02-12,present
STU0191,EN201,2025-02-14,present
STU0191,EN101,2025-02-18,late
STU0191,EN301,2025-02-20,present
STU0191,EN301,2025-02-24,present
STU0191,EN301,2025-02-26,absent
STU0191,EN301,2025-02-28,present
STU0191,EN201,2025-03-04,present
STU0191,EN101,2025-03-06,present
STU0191,EN201,2025-03-10,present
STU0191,EN101,2025-03-12,present
STU0191,EN301,2025-03-14,absent
STU0191,EN101,2025-03-18,present
STU0191,EN201,2025-03-20,present
STU0191,EN101,2025-03-24,present
STU0191,EN201,2025-03-26,present
STU0191,EN101,2025-03-28,present
STU0191,EN101,2025-04-01,late
STU0191,EN201,2025-04-03,present
STU0191,EN301,2025-04-07,absent
STU0191,EN301,2025-04-09,present
STU0191,EN201,2025-04-11,present
STU0191,EN201,2025-04-15,present
STU0191,EN201,2025-04-17,present
STU0191,EN201,2025-04-21,present
STU0191,EN101,2025-04-23,present
STU0191,EN301,2025-04-25,absent
STU0191,EN201,2025-04-29,present
STU0192,PH201,2025-01-01,present
STU0192,PH301,2025-01-03,present
STU0192,PH201,2025-01-07,present
STU0192,PH301,2025-01-09,present
STU0192,PH101,2025-01-13,present
STU0192,PH101,2025-01-15,present
STU0192,PH301,2025-01-17,present
STU0192,PH301,2025-01-21,absent
STU0192,PH101,2025-01-23,present
STU0192,PH201,2025-01-27,present
STU0192,PH101,2025-01-29,absent
STU0192,PH201,2025-01-31,present
STU0192,PH201,2025-02-04,present
STU0192,PH301,2025-02-06,present
STU0192,PH101,2025-02-10,present
STU0192,PH201,2025-02-12,present
STU0192,PH201,2025-02-14,present
STU0192,PH101,2025-02-18,present
STU0192,PH201,2025-02-20,present
STU0192,PH301,2025-02-24,present
STU0192,PH301,2025-02-26,present
STU0192,PH101,2025-02-28,present
STU0192,PH101,2025-03-04,present
STU0192,PH201,2025-03-06,present
STU0192,PH101,2025-03-10,present
STU0192,PH201,2025-03-12,present
STU0192,PH201,2025-03-14,present
STU0192,PH201,2025-03-18,present
STU0192,PH101,2025-03-20,present
STU0192,PH301,2025-03-24,present
STU0192,PH301,2025-03-26,present
STU0192,PH101,2025-03-28,present
STU0192,PH301,2025-04-01,present
STU0192,PH101,2025-04-03,present
STU0192,PH101,2025-04-07,present
STU0192,PH101,2025-04-09,absent
STU0192,PH301,2025-04-11,present
STU0192,PH201,2025-04-15,absent
STU0192,PH101,2025-04-17,late
STU0192,PH301,2025-04-21,present
STU0192,PH201,2025-04-23,present
STU0192,PH101,2025-04-25,present
STU0192,PH301,2025-04-29,present
STU0193,EN301,2025-01-01,present
STU0193,EN201,2025-01-03,late
STU0193,EN101,2025-01-07,present
STU0193,EN301,2025-01-09,present
STU0193,EN301,2025-01-13,present
STU0193,EN301,2025-01-15,present
STU0193,EN201,2025-01-17,present
STU0193,EN101,2025-01-21,present
STU0193,EN101,2025-01-23,present
STU0193,EN301,2025-01-27,present
STU0193,EN301,2025-01-29,present
STU0193,EN201,2025-01-31,present
STU0193,EN101,2025-02-04,present
STU0193,EN201,2025-02-06,present
STU0193,EN301,2025-02-10,present
STU0193,EN101,2025-02-12,present
STU0193,EN101,2025-02-14,present
STU0193,EN101,2025-02-18,present
STU0193,EN201,2025-02-20,present
STU0193,EN301,2025-02-24,present
STU0193,EN301,2025-02-26,present
STU0193,EN201,2025-02-28,present
STU0193,EN301,2025-03-04,present
STU0193,EN201,2025-03-06,present
STU0193,EN201,2025-03-10,present
STU0193,EN201,2025-03-12,late
STU0193,EN201,2025-03-14,absent
STU0193,EN301,2025-03-18,present
STU0193,EN201,2025-03-20,present
STU0193,EN101,2025-03-24,absent
STU0193,EN301,2025-03-26,present
STU0193,EN301,2025-03-28,present
STU0193,EN201,2025-04-01,present
STU0193,EN201,2025-04-03,present
STU0193,EN101,2025-04-07,late
STU0193,EN201,2025-04-09,present
STU0193,EN301,2025-04-11,present
STU0193,EN301,2025-04-15,present
STU0193,EN101,2025-04-17,present
STU0193,EN301,2025-04-21,present
STU0193,EN201,2025-04-23,present
STU0193,EN201,2025-04-25,present
STU0193,EN301,2025-04-29,present
STU0194,EN101,2025-01-01,absent
STU0194,EN301,2025-01-03,present
STU0194,EN201,2025-01-07,present
STU0194,EN201,2025-01-09,present
STU0194,EN201,2025-01-13,present
STU0194,EN201,2025-01-15,present
STU0194,EN301,2025-01-17,present
STU0194,EN201,2025-01-21,present
STU0194,EN201,2025-01-23,present
STU0194,EN101,2025-01-27,present
STU0194,EN301,2025-01-29,present
STU0194,EN201,2025-01-31,present
STU0194,EN101,2025-02-04,present
STU0194,EN101,2025-02-06,present
STU0194,EN301,2025-02-10,present
STU0194,EN101,2025-02-12,present
STU0194,EN301,2025-02-14,present
STU0194,EN201,2025-02-18,absent
STU0194,EN101,2025-02-20,present
STU0194,EN201,2025-02-24,absent
STU0194,EN201,2025-02-26,present
STU0194,EN101,2025-02-28,present
STU0194,EN201,2025-03-04,present
STU0194,EN301,2025-03-06,present
STU0194,EN301,2025-03-10,present
STU0194,EN301,2025-03-12,present
STU0194,EN101,2025-03-14,absent
STU0194,EN101,2025-03-18,present
STU0194,EN301,2025-03-20,absent
STU0194,EN301,2025-03-24,absent
STU0194,EN101,2025-03-26,present
STU0194,EN201,2025-03-28,present
STU0194,EN101,2025-04-01,present
STU0194,EN301,2025-04-03,present
STU0194,EN301,2025-04-07,present
STU0194,EN201,2025-04-09,present
STU0194,EN201,2025-04-11,present
STU0194,EN201,2025-04-15,absent
STU0194,EN301,2025-04-17,present
STU0194,EN301,2025-04-21,present
STU0194,EN201,2025-04-23,present
STU0194,EN101,2025-04-25,absent
STU0194,EN101,2025-04-29,present
STU0195,MT401,2025-01-01,present
STU0195,MT201,2025-01-03,present
STU0195,MT101,2025-01-07,late
STU0195,MT401,2025-01-09,present
STU0195,MT401,2025-01-13,present
STU0195,MT101,2025-01-15,present
STU0195,MT401,2025-01-17,present
STU0195,MT101,2025-01-21,present
STU0195,MT401,2025-01-23,absent
STU0195,MT301,2025-01-27,present
STU0195,MT401,2025-01-29,absent
STU0195,MT201,2025-01-31,present
STU0195,MT201,2025-02-04,present
STU0195,MT401,2025-02-06,present
STU0195,MT201,2025-02-10,present
STU0195,MT301,2025-02-12,present
STU0195,MT101,2025-02-14,present
STU0195,MT101,2025-02-18,present
STU0195,MT101,2025-02-20,absent
STU0195,MT301,2025-02-24,present
STU0195,MT301,2025-02-26,present
STU0195,MT401,2025-02-28,present
STU0195,MT401,2025-03-04,present
STU0195,MT401,2025-03-06,present
STU0195,MT101,2025-03-10,present
STU0195,MT201,2025-03-12,present
STU0195,MT401,2025-03-14,present
STU0195,MT301,2025-03-18,present
STU0195,MT401,2025-03-20,present
STU0195,MT201,2025-03-24,present
STU0195,MT101,2025-03-26,present
STU0195,MT201,2025-03-28,present
STU0195,MT101,2025-04-01,present
STU0195,MT201,2025-04-03,present
STU0195,MT401,2025-04-07,present
STU0195,MT301,2025-04-09,present
STU0195,MT201,2025-04-11,present
STU0195,MT301,2025-04-15,present
STU0195,MT101,2025-04-17,present
STU0195,MT401,2025-04-21,present
STU0195,MT101,2025-04-23,present
STU0195,MT301,2025-04-25,absent
STU0195,MT101,2025-04-29,present
STU0196,BU301,2025-01-01,present
STU0196,BU301,2025-01-03,late
STU0196,BU301,2025-01-07,present
STU0196,BU201,2025-01-09,present
STU0196,BU401,2025-01-13,present
STU0196,BU201,2025-01-15,present
STU0196,BU101,2025-01-17,present
STU0196,BU301,2025-01-21,late
STU0196,BU201,2025-01-23,present
STU0196,BU401,2025-01-27,absent
STU0196,BU401,2025-01-29,present
STU0196,BU201,2025-01-31,present
STU0196,BU101,2025-02-04,present
STU0196,BU301,2025-02-06,absent
STU0196,BU301,2025-02-10,late
STU0196,BU401,2025-02-12,present
STU0196,BU401,2025-02-14,late
STU0196,BU101,2025-02-18,present
STU0196,BU401,2025-02-20,present
STU0196,BU101,2025-02-24,present
STU0196,BU401,2025-02-26,present
STU0196,BU301,2025-02-28,present
STU0196,BU301,2025-03-04,present
STU0196,BU101,2025-03-06,present
STU0196,BU301,2025-03-10,present
STU0196,BU301,2025-03-12,present
STU0196,BU101,2025-03-14,late
STU0196,BU101,2025-03-18,present
STU0196,BU101,2025-03-20,present
STU0196,BU301,2025-03-24,present
STU0196,BU101,2025-03-26,present
STU0196,BU401,2025-03-28,absent
STU0196,BU301,2025-04-01,present
STU0196,BU401,2025-04-03,absent
STU0196,BU101,2025-04-07,present
STU0196,BU201,2025-04-09,present
STU0196,BU201,2025-04-11,present
STU0196,BU101,2025-04-15,present
STU0196,BU101,2025-04-17,present
STU0196,BU401,2025-04-21,present
STU0196,BU301,2025-04-23,present
STU0196,BU101,2025-04-25,present
STU0196,BU401,2025-04-29,late
STU0197,CS501,2025-01-01,present
STU0197,CS401,2025-01-03,present
STU0197,CS201,2025-01-07,present
STU0197,CS501,2025-01-09,present
STU0197,CS401,2025-01-13,present
STU0197,CS501,2025-01-15,absent
STU0197,CS201,2025-01-17,late
STU0197,CS201,2025-01-21,present
STU0197,CS501,2025-01-23,present
STU0197,CS501,2025-01-27,present
STU0197,CS301,2025-01-29,present
STU0197,CS301,2025-01-31,present
STU0197,CS201,2025-02-04,present
STU0197,CS401,2025-02-06,present
STU0197,CS201,2025-02-10,present
STU0197,CS301,2025-02-12,present
STU0197,CS301,2025-02-14,present
STU0197,CS501,2025-02-18,present
STU0197,CS401,2025-02-20,present
STU0197,CS501,2025-02-24,absent
STU0197,CS501,2025-02-26,present
STU0197,CS201,2025-02-28,present
STU0197,CS301,2025-03-04,present
STU0197,CS101,2025-03-06,present
STU0197,CS501,2025-03-10,present
STU0197,CS401,2025-03-12,present
STU0197,CS201,2025-03-14,absent
STU0197,CS401,2025-03-18,present
STU0197,CS401,2025-03-20,present
STU0197,CS301,2025-03-24,present
STU0197,CS301,2025-03-26,late
STU0197,CS401,2025-03-28,present
STU0197,CS301,2025-04-01,late
STU0197,CS501,2025-04-03,absent
STU0197,CS401,2025-04-07,present
STU0197,CS501,2025-04-09,present
STU0197,CS201,2025-04-11,late
STU0197,CS401,2025-04-15,present
STU0197,CS101,2025-04-17,present
STU0197,CS101,2025-04-21,present
STU0197,CS301,2025-04-23,present
STU0197,CS201,2025-04-25,present
STU0197,CS501,2025-04-29,present
STU0198,MT201,2025-01-01,present
STU0198,MT301,2025-01-03,present
STU0198,MT101,2025-01-07,present
STU0198,MT401,2025-01-09,absent
STU0198,MT401,2025-01-13,present
STU0198,MT401,2025-01-15,present
STU0198,MT101,2025-01-17,present
STU0198,MT301,2025-01-21,present
STU0198,MT201,2025-01-23,absent
STU0198,MT401,2025-01-27,present
STU0198,MT101,2025-01-29,present
STU0198,MT101,2025-01-31,absent
STU0198,MT401,2025-02-04,absent
STU0198,MT301,2025-02-06,present
STU0198,MT201,2025-02-10,present
STU0198,MT101,2025-02-12,present
STU0198,MT301,2025-02-14,present
STU0198,MT101,2025-02-18,present
STU0198,MT201,2025-02-20,present
STU0198,MT301,2025-02-24,present
STU0198,MT401,2025-02-26,present
STU0198,MT101,2025-02-28,present
STU0198,MT101,2025-03-04,absent
STU0198,MT301,2025-03-06,present
STU0198,MT101,2025-03-10,late
STU0198,MT201,2025-03-12,late
STU0198,MT101,2025-03-14,present
STU0198,MT401,2025-03-18,present
STU0198,MT401,2025-03-20,present
STU0198,MT401,2025-03-24,present
STU0198,MT401,2025-03-26,present
STU0198,MT301,2025-03-28,present
STU0198,MT201,2025-04-01,late
STU0198,MT401,2025-04-03,present
STU0198,MT101,2025-04-07,present
STU0198,MT401,2025-04-09,present
STU0198,MT101,2025-04-11,present
STU0198,MT201,2025-04-15,absent
STU0198,MT401,2025-04-17,present
STU0198,MT401,2025-04-21,present
STU0198,MT101,2025-04-23,present
STU0198,MT401,2025-04-25,present
STU0198,MT401,2025-04-29,present
STU0199,EN101,2025-01-01,present
STU0199,EN301,2025-01-03,present
STU0199,EN201,2025-01-07,late
STU0199,EN101,2025-01-09,late
STU0199,EN201,2025-01-13,present
STU0199,EN201,2025-01-15,absent
STU0199,EN101,2025-01-17,present
STU0199,EN301,2025-01-21,present
STU0199,EN201,2025-01-23,present
STU0199,EN101,2025-01-27,present
STU0199,EN301,2025-01-29,present
STU0199,EN301,2025-01-31,present
STU0199,EN301,2025-02-04,present
STU0199,EN101,2025-02-06,absent
STU0199,EN301,2025-02-10,present
STU0199,EN201,2025-02-12,present
STU0199,EN101,2025-02-14,absent
STU0199,EN301,2025-02-18,present
STU0199,EN301,2025-02-20,present
STU0199,EN301,2025-02-24,absent
STU0199,EN101,2025-02-26,present
STU0199,EN201,2025-02-28,present
STU0199,EN301,2025-03-04,present
STU0199,EN201,2025-03-06,absent
STU0199,EN201,2025-03-10,present
STU0199,EN201,2025-03-12,absent
STU0199,EN101,2025-03-14,present
STU0199,EN101,2025-03-18,present
STU0199,EN201,2025-03-20,absent
STU0199,EN101,2025-03-24,present
STU0199,EN101,2025-03-26,present
STU0199,EN301,2025-03-28,present
STU0199,EN201,2025-04-01,absent
STU0199,EN201,2025-04-03,present
STU0199,EN101,2025-04-07,present
STU0199,EN101,2025-04-09,present
STU0199,EN201,2025-04-11,late
STU0199,EN301,2025-04-15,present
STU0199,EN101,2025-04-17,present
STU0199,EN301,2025-04-21,present
STU0199,EN101,2025-04-23,present
STU0199,EN201,2025-04-25,present
STU0199,EN301,2025-04-29,present
STU0200,PH201,2025-01-01,present
STU0200,PH201,2025-01-03,absent
STU0200,PH201,2025-01-07,absent
STU0200,PH201,2025-01-09,present
STU0200,PH101,2025-01-13,absent
STU0200,PH201,2025-01-15,present
STU0200,PH201,2025-01-17,absent
STU0200,PH101,2025-01-21,present
STU0200,PH201,2025-01-23,present
STU0200,PH201,2025-01-27,absent
STU0200,PH201,2025-01-29,absent
STU0200,PH301,2025-01-31,present
STU0200,PH101,2025-02-04,present
STU0200,PH301,2025-02-06,present
STU0200,PH101,2025-02-10,present
STU0200,PH301,2025-02-12,present
STU0200,PH101,2025-02-14,present
STU0200,PH201,2025-02-18,absent
STU0200,PH301,2025-02-20,present
STU0200,PH101,2025-02-24,present
STU0200,PH201,2025-02-26,present
STU0200,PH301,2025-02-28,present
STU0200,PH101,2025-03-04,present
STU0200,PH201,2025-03-06,present
STU0200,PH301,2025-03-10,absent
STU0200,PH301,2025-03-12,absent
STU0200,PH201,2025-03-14,present
STU0200,PH101,2025-03-18,present
STU0200,PH301,2025-03-20,present
STU0200,PH101,2025-03-24,absent
STU0200,PH201,2025-03-26,present
STU0200,PH101,2025-03-28,present
STU0200,PH101,2025-04-01,present
STU0200,PH201,2025-04-03,absent
STU0200,PH101,2025-04-07,present
STU0200,PH301,2025-04-09,present
STU0200,PH301,2025-04-11,absent
STU0200,PH201,2025-04-15,present
STU0200,PH101,2025-04-17,present
STU0200,PH101,2025-04-21,present
STU0200,PH101,2025-04-23,present
STU0200,PH101,2025-04-25,present
STU0200,PH301,2025-04-29,present
STU0201,MT101,2025-01-01,present
STU0201,MT401,2025-01-03,present
STU0201,MT401,2025-01-07,absent
STU0201,MT401,2025-01-09,present
STU0201,MT401,2025-01-13,present
STU0201,MT401,2025-01-15,present
STU0201,MT301,2025-01-17,present
STU0201,MT301,2025-01-21,present
STU0201,MT101,2025-01-23,present
STU0201,MT301,2025-01-27,absent
STU0201,MT201,2025-01-29,present
STU0201,MT201,2025-01-31,absent
STU0201,MT301,2025-02-04,late
STU0201,MT201,2025-02-06,present
STU0201,MT101,2025-02-10,present
STU0201,MT401,2025-02-12,late
STU0201,MT301,2025-02-14,late
STU0201,MT201,2025-02-18,present
STU0201,MT301,2025-02-20,present
STU0201,MT201,2025-02-24,present
STU0201,MT201,2025-02-26,late
STU0201,MT401,2025-02-28,present
STU0201,MT101,2025-03-04,present
STU0201,MT401,2025-03-06,absent
STU0201,MT101,2025-03-10,present
STU0201,MT301,2025-03-12,present
STU0201,MT101,2025-03-14,present
STU0201,MT201,2025-03-18,absent
STU0201,MT101,2025-03-20,present
STU0201,MT301,2025-03-24,present
STU0201,MT401,2025-03-26,present
STU0201,MT201,2025-03-28,present
STU0201,MT201,2025-04-01,present
STU0201,MT101,2025-04-03,present
STU0201,MT201,2025-04-07,present
STU0201,MT401,2025-04-09,present
STU0201,MT401,2025-04-11,present
STU0201,MT401,2025-04-15,present
STU0201,MT301,2025-04-17,present
STU0201,MT301,2025-04-21,present
STU0201,MT301,2025-04-23,present
STU0201,MT301,2025-04-25,present
STU0201,MT201,2025-04-29,present
STU0202,EN201,2025-01-01,present
STU0202,EN101,2025-01-03,present
STU0202,EN201,2025-01-07,present
STU0202,EN101,2025-01-09,present
STU0202,EN101,2025-01-13,present
STU0202,EN201,2025-01-15,present
STU0202,EN101,2025-01-17,present
STU0202,EN301,2025-01-21,present
STU0202,EN201,2025-01-23,present
STU0202,EN301,2025-01-27,present
STU0202,EN201,2025-01-29,present
STU0202,EN201,2025-01-31,present
STU0202,EN101,2025-02-04,present
STU0202,EN201,2025-02-06,present
STU0202,EN101,2025-02-10,present
STU0202,EN301,2025-02-12,present
STU0202,EN201,2025-02-14,absent
STU0202,EN101,2025-02-18,present
STU0202,EN301,2025-02-20,present
STU0202,EN201,2025-02-24,present
STU0202,EN301,2025-02-26,present
STU0202,EN201,2025-02-28,present
STU0202,EN201,2025-03-04,present
STU0202,EN201,2025-03-06,present
STU0202,EN101,2025-03-10,present
STU0202,EN101,2025-03-12,present
STU0202,EN101,2025-03-14,present
STU0202,EN201,2025-03-18,absent
STU0202,EN301,2025-03-20,present
STU0202,EN301,2025-03-24,present
STU0202,EN301,2025-03-26,present
STU0202,EN301,2025-03-28,present
STU0202,EN301,2025-04-01,present
STU0202,EN301,2025-04-03,present
STU0202,EN201,2025-04-07,present
STU0202,EN301,2025-04-09,present
STU0202,EN101,2025-04-11,present
STU0202,EN201,2025-04-15,present
STU0202,EN301,2025-04-17,present
STU0202,EN201,2025-04-21,present
STU0202,EN301,2025-04-23,present
STU0202,EN101,2025-04-25,present
STU0202,EN201,2025-04-29,present
STU0203,PH101,2025-01-01,present
STU0203,PH201,2025-01-03,present
STU0203,PH201,2025-01-07,present
STU0203,PH101,2025-01-09,present
STU0203,PH101,2025-01-13,present
STU0203,PH201,2025-01-15,present
STU0203,PH301,2025-01-17,present
STU0203,PH101,2025-01-21,present
STU0203,PH201,2025-01-23,present
STU0203,PH301,2025-01-27,present
STU0203,PH201,2025-01-29,late
STU0203,PH101,2025-01-31,present
STU0203,PH201,2025-02-04,present
STU0203,PH101,2025-02-06,present
STU0203,PH201,2025-02-10,late
STU0203,PH301,2025-02-12,absent
STU0203,PH201,2025-02-14,present
STU0203,PH301,2025-02-18,present
STU0203,PH201,2025-02-20,present
STU0203,PH101,2025-02-24,present
STU0203,PH301,2025-02-26,absent
STU0203,PH101,2025-02-28,present
STU0203,PH201,2025-03-04,present
STU0203,PH301,2025-03-06,present
STU0203,PH201,2025-03-10,absent
STU0203,PH301,2025-03-12,present
STU0203,PH201,2025-03-14,present
STU0203,PH101,2025-03-18,present
STU0203,PH101,2025-03-20,absent
STU0203,PH101,2025-03-24,absent
STU0203,PH201,2025-03-26,present
STU0203,PH101,2025-03-28,present
STU0203,PH201,2025-04-01,absent
STU0203,PH201,2025-04-03,present
STU0203,PH201,2025-04-07,present
STU0203,PH301,2025-04-09,absent
STU0203,PH301,2025-04-11,present
STU0203,PH101,2025-04-15,present
STU0203,PH301,2025-04-17,absent
STU0203,PH101,2025-04-21,present
STU0203,PH301,2025-04-23,present
STU0203,PH201,2025-04-25,present
STU0203,PH201,2025-04-29,present
STU0204,EN301,2025-01-01,present
STU0204,EN101,2025-01-03,present
STU0204,EN101,2025-01-07,present
STU0204,EN101,2025-01-09,present
STU0204,EN201,2025-01-13,present
STU0204,EN201,2025-01-15,present
STU0204,EN101,2025-01-17,late
STU0204,EN201,2025-01-21,present
STU0204,EN201,2025-01-23,present
STU0204,EN301,2025-01-27,present
STU0204,EN201,2025-01-29,present
STU0204,EN101,2025-01-31,present
STU0204,EN201,2025-02-04,present
STU0204,EN101,2025-02-06,present
STU0204,EN301,2025-02-10,present
STU0204,EN201,2025-02-12,present
STU0204,EN201,2025-02-14,present
STU0204,EN101,2025-02-18,present
STU0204,EN101,2025-02-20,present
STU0204,EN101,2025-02-24,present
STU0204,EN101,2025-02-26,present
STU0204,EN301,2025-02-28,present
STU0204,EN201,2025-03-04,present
STU0204,EN201,2025-03-06,present
STU0204,EN101,2025-03-10,present
STU0204,EN301,2025-03-12,absent
STU0204,EN301,2025-03-14,present
STU0204,EN301,2025-03-18,present
STU0204,EN101,2025-03-20,present
STU0204,EN101,2025-03-24,present
STU0204,EN101,2025-03-26,present
STU0204,EN201,2025-03-28,present
STU0204,EN301,2025-04-01,present
STU0204,EN301,2025-04-03,present
STU0204,EN101,2025-04-07,absent
STU0204,EN101,2025-04-09,present
STU0204,EN301,2025-04-11,present
STU0204,EN301,2025-04-15,present
STU0204,EN201,2025-04-17,present
STU0204,EN101,2025-04-21,present
STU0204,EN301,2025-04-23,present
STU0204,EN301,2025-04-25,present
STU0204,EN301,2025-04-29,present
STU0205,MT301,2025-01-01,present
STU0205,MT101,2025-01-03,present
STU0205,MT301,2025-01-07,late
STU0205,MT201,2025-01-09,present
STU0205,MT401,2025-01-13,late
STU0205,MT301,2025-01-15,present
STU0205,MT101,2025-01-17,present
STU0205,MT201,2025-01-21,present
STU0205,MT401,2025-01-23,present
STU0205,MT101,2025-01-27,absent
STU0205,MT401,2025-01-29,present
STU0205,MT201,2025-01-31,present
STU0205,MT101,2025-02-04,present
STU0205,MT101,2025-02-06,present
STU0205,MT101,2025-02-10,present
STU0205,MT301,2025-02-12,present
STU0205,MT101,2025-02-14,present
STU0205,MT301,2025-02-18,present
STU0205,MT101,2025-02-20,absent
STU0205,MT101,2025-02-24,present
STU0205,MT301,2025-02-26,present
STU0205,MT101,2025-02-28,present
STU0205,MT201,2025-03-04,present
STU0205,MT201,2025-03-06,present
STU0205,MT301,2025-03-10,present
STU0205,MT101,2025-03-12,present
STU0205,MT301,2025-03-14,present
STU0205,MT101,2025-03-18,present
STU0205,MT101,2025-03-20,present
STU0205,MT101,2025-03-24,present
STU0205,MT301,2025-03-26,present
STU0205,MT401,2025-03-28,late
STU0205,MT201,2025-04-01,present
STU0205,MT301,2025-04-03,absent
STU0205,MT401,2025-04-07,present
STU0205,MT101,2025-04-09,present
STU0205,MT201,2025-04-11,present
STU0205,MT101,2025-04-15,present
STU0205,MT201,2025-04-17,present
STU0205,MT101,2025-04-21,present
STU0205,MT101,2025-04-23,absent
STU0205,MT401,2025-04-25,present
STU0205,MT401,2025-04-29,present
STU0206,EN301,2025-01-01,absent
STU0206,EN201,2025-01-03,present
STU0206,EN201,2025-01-07,present
STU0206,EN101,2025-01-09,present
STU0206,EN101,2025-01-13,present
STU0206,EN301,2025-01-15,present
STU0206,EN101,2025-01-17,late
STU0206,EN101,2025-01-21,present
STU0206,EN201,2025-01-23,present
STU0206,EN201,2025-01-27,absent
STU0206,EN201,2025-01-29,present
STU0206,EN201,2025-01-31,present
STU0206,EN201,2025-02-04,present
STU0206,EN101,2025-02-06,present
STU0206,EN301,2025-02-10,present
STU0206,EN101,2025-02-12,present
STU0206,EN101,2025-02-14,present
STU0206,EN301,2025-02-18,absent
STU0206,EN301,2025-02-20,present
STU0206,EN301,2025-02-24,late
STU0206,EN301,2025-02-26,present
STU0206,EN201,2025-02-28,present
STU0206,EN301,2025-03-04,present
STU0206,EN301,2025-03-06,late
STU0206,EN101,2025-03-10,present
STU0206,EN201,2025-03-12,present
STU0206,EN101,2025-03-14,absent
STU0206,EN101,2025-03-18,present
STU0206,EN201,2025-03-20,absent
STU0206,EN201,2025-03-24,present
STU0206,EN301,2025-03-26,absent
STU0206,EN301,2025-03-28,late
STU0206,EN301,2025-04-01,present
STU0206,EN201,2025-04-03,present
STU0206,EN301,2025-04-07,present
STU0206,EN301,2025-04-09,late
STU0206,EN301,2025-04-11,present
STU0206,EN201,2025-04-15,present
STU0206,EN301,2025-04-17,absent
STU0206,EN101,2025-04-21,present
STU0206,EN101,2025-04-23,present
STU0206,EN201,2025-04-25,present
STU0206,EN101,2025-04-29,present
STU0207,BU201,2025-01-01,present
STU0207,BU101,2025-01-03,present
STU0207,BU201,2025-01-07,present
STU0207,BU201,2025-01-09,absent
STU0207,BU101,2025-01-13,absent
STU0207,BU301,2025-01-15,present
STU0207,BU401,2025-01-17,present
STU0207,BU301,2025-01-21,absent
STU0207,BU401,2025-01-23,present
STU0207,BU301,2025-01-27,present
STU0207,BU401,2025-01-29,present
STU0207,BU101,2025-01-31,present
STU0207,BU401,2025-02-04,late
STU0207,BU401,2025-02-06,present
STU0207,BU301,2025-02-10,absent
STU0207,BU401,2025-02-12,present
STU0207,BU101,2025-02-14,late
STU0207,BU201,2025-02-18,present
STU0207,BU101,2025-02-20,present
STU0207,BU301,2025-02-24,present
STU0207,BU301,2025-02-26,present
STU0207,BU101,2025-02-28,present
STU0207,BU301,2025-03-04,present
STU0207,BU201,2025-03-06,present
STU0207,BU401,2025-03-10,present
STU0207,BU301,2025-03-12,present
STU0207,BU101,2025-03-14,absent
STU0207,BU401,2025-03-18,absent
STU0207,BU301,2025-03-20,absent
STU0207,BU301,2025-03-24,absent
STU0207,BU101,2025-03-26,present
STU0207,BU401,2025-03-28,present
STU0207,BU201,2025-04-01,present
STU0207,BU301,2025-04-03,absent
STU0207,BU201,2025-04-07,late
STU0207,BU201,2025-04-09,present
STU0207,BU201,2025-04-11,present
STU0207,BU201,2025-04-15,present
STU0207,BU101,2025-04-17,present
STU0207,BU401,2025-04-21,present
STU0207,BU201,2025-04-23,present
STU0207,BU301,2025-04-25,late
STU0207,BU401,2025-04-29,present
STU0208,CS401,2025-01-01,absent
STU0208,CS301,2025-01-03,present
STU0208,CS101,2025-01-07,present
STU0208,CS201,2025-01-09,present
STU0208,CS401,2025-01-13,present
STU0208,CS101,2025-01-15,present
STU0208,CS201,2025-01-17,present
STU0208,CS501,2025-01-21,present
STU0208,CS301,2025-01-23,late
STU0208,CS301,2025-01-27,present
STU0208,CS401,2025-01-29,present
STU0208,CS301,2025-01-31,absent
STU0208,CS301,2025-02-04,present
STU0208,CS501,2025-02-06,present
STU0208,CS401,2025-02-10,present
STU0208,CS101,2025-02-12,present
STU0208,CS501,2025-02-14,present
STU0208,CS101,2025-02-18,present
STU0208,CS301,2025-02-20,present
STU0208,CS501,2025-02-24,present
STU0208,CS201,2025-02-26,present
STU0208,CS501,2025-02-28,present
STU0208,CS201,2025-03-04,present
STU0208,CS301,2025-03-06,present
STU0208,CS101,2025-03-10,present
STU0208,CS501,2025-03-12,present
STU0208,CS201,2025-03-14,present
STU0208,CS301,2025-03-18,present
STU0208,CS301,2025-03-20,late
STU0208,CS301,2025-03-24,present
STU0208,CS201,2025-03-26,present
STU0208,CS401,2025-03-28,present
STU0208,CS501,2025-04-01,present
STU0208,CS501,2025-04-03,present
STU0208,CS301,2025-04-07,present
STU0208,CS501,2025-04-09,present
STU0208,CS501,2025-04-11,absent
STU0208,CS501,2025-04-15,present
STU0208,CS101,2025-04-17,present
STU0208,CS501,2025-04-21,present
STU0208,CS201,2025-04-23,present
STU0208,CS101,2025-04-25,present
STU0208,CS401,2025-04-29,absent
STU0209,BU401,2025-01-01,present
STU0209,BU301,2025-01-03,absent
STU0209,BU401,2025-01-07,present
STU0209,BU201,2025-01-09,absent
STU0209,BU201,2025-01-13,present
STU0209,BU301,2025-01-15,present
STU0209,BU401,2025-01-17,present
STU0209,BU201,2025-01-21,absent
STU0209,BU401,2025-01-23,present
STU0209,BU401,2025-01-27,present
STU0209,BU201,2025-01-29,present
STU0209,BU201,2025-01-31,present
STU0209,BU201,2025-02-04,present
STU0209,BU401,2025-02-06,absent
STU0209,BU201,2025-02-10,present
STU0209,BU101,2025-02-12,absent
STU0209,BU201,2025-02-14,present
STU0209,BU401,2025-02-18,present
STU0209,BU301,2025-02-20,present
STU0209,BU201,2025-02-24,present
STU0209,BU301,2025-02-26,present
STU0209,BU101,2025-02-28,present
STU0209,BU201,2025-03-04,present
STU0209,BU301,2025-03-06,present
STU0209,BU301,2025-03-10,present
STU0209,BU401,2025-03-12,present
STU0209,BU101,2025-03-14,present
STU0209,BU201,2025-03-18,present
STU0209,BU201,2025-03-20,present
STU0209,BU101,2025-03-24,present
STU0209,BU101,2025-03-26,present
STU0209,BU401,2025-03-28,present
STU0209,BU401,2025-04-01,present
STU0209,BU101,2025-04-03,present
STU0209,BU101,2025-04-07,present
STU0209,BU401,2025-04-09,present
STU0209,BU201,2025-04-11,present
STU0209,BU301,2025-04-15,present
STU0209,BU301,2025-04-17,present
STU0209,BU101,2025-04-21,present
STU0209,BU201,2025-04-23,present
STU0209,BU401,2025-04-25,present
STU0209,BU301,2025-04-29,present
STU0210,EN201,2025-01-01,absent
STU0210,EN201,2025-01-03,absent
STU0210,EN101,2025-01-07,present
STU0210,EN201,2025-01-09,present
STU0210,EN301,2025-01-13,present
STU0210,EN101,2025-01-15,present
STU0210,EN201,2025-01-17,present
STU0210,EN101,2025-01-21,present
STU0210,EN301,2025-01-23,present
STU0210,EN201,2025-01-27,present
STU0210,EN301,2025-01-29,late
STU0210,EN101,2025-01-31,present
STU0210,EN301,2025-02-04,absent
STU0210,EN101,2025-02-06,absent
STU0210,EN101,2025-02-10,present
STU0210,EN301,2025-02-12,present
STU0210,EN101,2025-02-14,present
STU0210,EN101,2025-02-18,present
STU0210,EN101,2025-02-20,present
STU0210,EN301,2025-02-24,present
STU0210,EN301,2025-02-26,present
STU0210,EN101,2025-02-28,present
STU0210,EN301,2025-03-04,present
STU0210,EN201,2025-03-06,present
STU0210,EN301,2025-03-10,present
STU0210,EN301,2025-03-12,present
STU0210,EN201,2025-03-14,present
STU0210,EN201,2025-03-18,present
STU0210,EN301,2025-03-20,present
STU0210,EN301,2025-03-24,present
STU0210,EN101,2025-03-26,present
STU0210,EN201,2025-03-28,present
STU0210,EN201,2025-04-01,present
STU0210,EN301,2025-04-03,present
STU0210,EN201,2025-04-07,absent
STU0210,EN301,2025-04-09,present
STU0210,EN201,2025-04-11,present
STU0210,EN201,2025-04-15,present
STU0210,EN201,2025-04-17,present
STU0210,EN301,2025-04-21,present
STU0210,EN301,2025-04-23,present
STU0210,EN101,2025-04-25,late
STU0210,EN101,2025-04-29,present
STU0211,EN301,2025-01-01,present
STU0211,EN101,2025-01-03,absent
STU0211,EN101,2025-01-07,present
STU0211,EN301,2025-01-09,absent
STU0211,EN101,2025-01-13,present
STU0211,EN201,2025-01-15,absent
STU0211,EN101,2025-01-17,present
STU0211,EN301,2025-01-21,absent
STU0211,EN101,2025-01-23,absent
STU0211,EN301,2025-01-27,present
STU0211,EN201,2025-01-29,present
STU0211,EN101,2025-01-31,present
STU0211,EN301,2025-02-04,late
STU0211,EN201,2025-02-06,present
STU0211,EN301,2025-02-10,present
STU0211,EN101,2025-02-12,present
STU0211,EN201,2025-02-14,present
STU0211,EN101,2025-02-18,present
STU0211,EN101,2025-02-20,late
STU0211,EN301,2025-02-24,present
STU0211,EN301,2025-02-26,absent
STU0211,EN201,2025-02-28,present
STU0211,EN201,2025-03-04,present
STU0211,EN301,2025-03-06,present
STU0211,EN201,2025-03-10,present
STU0211,EN301,2025-03-12,late
STU0211,EN201,2025-03-14,absent
STU0211,EN301,2025-03-18,present
STU0211,EN101,2025-03-20,present
STU0211,EN101,2025-03-24,present
STU0211,EN301,2025-03-26,late
STU0211,EN201,2025-03-28,absent
STU0211,EN101,2025-04-01,absent
STU0211,EN101,2025-04-03,present
STU0211,EN201,2025-04-07,present
STU0211,EN101,2025-04-09,present
STU0211,EN301,2025-04-11,present
STU0211,EN101,2025-04-15,present
STU0211,EN301,2025-04-17,present
STU0211,EN101,2025-04-21,present
STU0211,EN101,2025-04-23,absent
STU0211,EN201,2025-04-25,absent
STU0211,EN101,2025-04-29,present
STU0212,BU301,2025-01-01,present
STU0212,BU401,2025-01-03,present
STU0212,BU401,2025-01-07,absent
STU0212,BU401,2025-01-09,absent
STU0212,BU201,2025-01-13,absent
STU0212,BU401,2025-01-15,absent
STU0212,BU401,2025-01-17,present
STU0212,BU301,2025-01-21,present
STU0212,BU301,2025-01-23,present
STU0212,BU401,2025-01-27,present
STU0212,BU301,2025-01-29,absent
STU0212,BU101,2025-01-31,present
STU0212,BU201,2025-02-04,present
STU0212,BU101,2025-02-06,present
STU0212,BU301,2025-02-10,late
STU0212,BU201,2025-02-12,present
STU0212,BU101,2025-02-14,present
STU0212,BU101,2025-02-18,present
STU0212,BU301,2025-02-20,present
STU0212,BU301,2025-02-24,present
STU0212,BU401,2025-02-26,absent
STU0212,BU101,2025-02-28,present
STU0212,BU201,2025-03-04,absent
STU0212,BU401,2025-03-06,present
STU0212,BU201,2025-03-10,present
STU0212,BU201,2025-03-12,late
STU0212,BU401,2025-03-14,present
STU0212,BU401,2025-03-18,present
STU0212,BU301,2025-03-20,absent
STU0212,BU201,2025-03-24,present
STU0212,BU101,2025-03-26,absent
STU0212,BU301,2025-03-28,present
STU0212,BU401,2025-04-01,present
STU0212,BU301,2025-04-03,present
STU0212,BU201,2025-04-07,absent
STU0212,BU301,2025-04-09,present
STU0212,BU301,2025-04-11,absent
STU0212,BU401,2025-04-15,late
STU0212,BU401,2025-04-17,present
STU0212,BU101,2025-04-21,present
STU0212,BU401,2025-04-23,present
STU0212,BU201,2025-04-25,present
STU0212,BU201,2025-04-29,present
STU0213,CS501,2025-01-01,present
STU0213,CS301,2025-01-03,late
STU0213,CS201,2025-01-07,late
STU0213,CS201,2025-01-09,absent
STU0213,CS101,2025-01-13,absent
STU0213,CS201,2025-01-15,present
STU0213,CS301,2025-01-17,present
STU0213,CS301,2025-01-21,absent
STU0213,CS401,2025-01-23,present
STU0213,CS101,2025-01-27,late
STU0213,CS401,2025-01-29,present
STU0213,CS401,2025-01-31,present
STU0213,CS501,2025-02-04,absent
STU0213,CS301,2025-02-06,late
STU0213,CS401,2025-02-10,present
STU0213,CS401,2025-02-12,absent
STU0213,CS401,2025-02-14,present
STU0213,CS501,2025-02-18,present
STU0213,CS101,2025-02-20,absent
STU0213,CS501,2025-02-24,present
STU0213,CS501,2025-02-26,present
STU0213,CS501,2025-02-28,present
STU0213,CS401,2025-03-04,present
STU0213,CS201,2025-03-06,present
STU0213,CS401,2025-03-10,present
STU0213,CS101,2025-03-12,present
STU0213,CS201,2025-03-14,late
STU0213,CS501,2025-03-18,present
STU0213,CS301,2025-03-20,absent
STU0213,CS501,2025-03-24,present
STU0213,CS301,2025-03-26,present
STU0213,CS301,2025-03-28,present
STU0213,CS501,2025-04-01,present
STU0213,CS201,2025-04-03,present
STU0213,CS101,2025-04-07,present
STU0213,CS101,2025-04-09,present
STU0213,CS501,2025-04-11,present
STU0213,CS301,2025-04-15,present
STU0213,CS401,2025-04-17,present
STU0213,CS201,2025-04-21,present
STU0213,CS201,2025-04-23,late
STU0213,CS301,2025-04-25,present
STU0213,CS101,2025-04-29,present
STU0214,CS101,2025-01-01,present
STU0214,CS501,2025-01-03,absent
STU0214,CS301,2025-01-07,present
STU0214,CS401,2025-01-09,present
STU0214,CS201,2025-01-13,present
STU0214,CS401,2025-01-15,late
STU0214,CS401,2025-01-17,absent
STU0214,CS501,2025-01-21,absent
STU0214,CS401,2025-01-23,present
STU0214,CS201,2025-01-27,present
STU0214,CS401,2025-01-29,present
STU0214,CS201,2025-01-31,present
STU0214,CS501,2025-02-04,absent
STU0214,CS501,2025-02-06,present
STU0214,CS401,2025-02-10,present
STU0214,CS301,2025-02-12,present
STU0214,CS301,2025-02-14,present
STU0214,CS501,2025-02-18,present
STU0214,CS501,2025-02-20,present
STU0214,CS401,2025-02-24,present
STU0214,CS401,2025-02-26,present
STU0214,CS501,2025-02-28,present
STU0214,CS101,2025-03-04,present
STU0214,CS401,2025-03-06,present
STU0214,CS501,2025-03-10,present
STU0214,CS201,2025-03-12,present
STU0214,CS201,2025-03-14,present
STU0214,CS101,2025-03-18,present
STU0214,CS101,2025-03-20,present
STU0214,CS501,2025-03-24,late
STU0214,CS101,2025-03-26,absent
STU0214,CS101,2025-03-28,absent
STU0214,CS101,2025-04-01,present
STU0214,CS101,2025-04-03,absent
STU0214,CS301,2025-04-07,present
STU0214,CS201,2025-04-09,absent
STU0214,CS501,2025-04-11,present
STU0214,CS401,2025-04-15,present
STU0214,CS401,2025-04-17,late
STU0214,CS501,2025-04-21,present
STU0214,CS101,2025-04-23,present
STU0214,CS401,2025-04-25,late
STU0214,CS201,2025-04-29,present
STU0215,CS301,2025-01-01,present
STU0215,CS101,2025-01-03,present
STU0215,CS301,2025-01-07,absent
STU0215,CS401,2025-01-09,present
STU0215,CS301,2025-01-13,present
STU0215,CS501,2025-01-15,present
STU0215,CS301,2025-01-17,present
STU0215,CS101,2025-01-21,present
STU0215,CS301,2025-01-23,absent
STU0215,CS501,2025-01-27,absent
STU0215,CS101,2025-01-29,present
STU0215,CS501,2025-01-31,present
STU0215,CS401,2025-02-04,present
STU0215,CS401,2025-02-06,present
STU0215,CS101,2025-02-10,present
STU0215,CS101,2025-02-12,absent
STU0215,CS501,2025-02-14,present
STU0215,CS101,2025-02-18,present
STU0215,CS101,2025-02-20,present
STU0215,CS301,2025-02-24,present
STU0215,CS301,2025-02-26,present
STU0215,CS501,2025-02-28,present
STU0215,CS401,2025-03-04,absent
STU0215,CS201,2025-03-06,absent
STU0215,CS301,2025-03-10,present
STU0215,CS201,2025-03-12,present
STU0215,CS201,2025-03-14,present
STU0215,CS401,2025-03-18,present
STU0215,CS301,2025-03-20,present
STU0215,CS501,2025-03-24,present
STU0215,CS401,2025-03-26,absent
STU0215,CS401,2025-03-28,present
STU0215,CS301,2025-04-01,present
STU0215,CS201,2025-04-03,present
STU0215,CS501,2025-04-07,present
STU0215,CS301,2025-04-09,present
STU0215,CS501,2025-04-11,present
STU0215,CS201,2025-04-15,present
STU0215,CS101,2025-04-17,present
STU0215,CS301,2025-04-21,present
STU0215,CS101,2025-04-23,present
STU0215,CS401,2025-04-25,present
STU0215,CS101,2025-04-29,present
STU0216,CS501,2025-01-01,late
STU0216,CS401,2025-01-03,present
STU0216,CS201,2025-01-07,present
STU0216,CS301,2025-01-09,present
STU0216,CS101,2025-01-13,present
STU0216,CS201,2025-01-15,present
STU0216,CS201,2025-01-17,present
STU0216,CS301,2025-01-21,present
STU0216,CS201,2025-01-23,present
STU0216,CS201,2025-01-27,absent
STU0216,CS301,2025-01-29,present
STU0216,CS201,2025-01-31,present
STU0216,CS401,2025-02-04,present
STU0216,CS401,2025-02-06,absent
STU0216,CS301,2025-02-10,present
STU0216,CS401,2025-02-12,present
STU0216,CS401,2025-02-14,present
STU0216,CS401,2025-02-18,present
STU0216,CS401,2025-02-20,present
STU0216,CS201,2025-02-24,absent
STU0216,CS301,2025-02-26,present
STU0216,CS201,2025-02-28,present
STU0216,CS401,2025-03-04,present
STU0216,CS301,2025-03-06,present
STU0216,CS501,2025-03-10,present
STU0216,CS401,2025-03-12,present
STU0216,CS301,2025-03-14,present
STU0216,CS101,2025-03-18,present
STU0216,CS201,2025-03-20,present
STU0216,CS101,2025-03-24,absent
STU0216,CS101,2025-03-26,present
STU0216,CS301,2025-03-28,present
STU0216,CS501,2025-04-01,present
STU0216,CS401,2025-04-03,present
STU0216,CS501,2025-04-07,present
STU0216,CS101,2025-04-09,present
STU0216,CS301,2025-04-11,late
STU0216,CS101,2025-04-15,absent
STU0216,CS401,2025-04-17,present
STU0216,CS401,2025-04-21,absent
STU0216,CS101,2025-04-23,absent
STU0216,CS201,2025-04-25,present
STU0216,CS501,2025-04-29,absent
STU0217,PH101,2025-01-01,present
STU0217,PH201,2025-01-03,present
STU0217,PH101,2025-01-07,present
STU0217,PH301,2025-01-09,present
STU0217,PH301,2025-01-13,present
STU0217,PH301,2025-01-15,present
STU0217,PH101,2025-01-17,late
STU0217,PH201,2025-01-21,late
STU0217,PH201,2025-01-23,absent
STU0217,PH201,2025-01-27,absent
STU0217,PH201,2025-01-29,late
STU0217,PH301,2025-01-31,present
STU0217,PH201,2025-02-04,present
STU0217,PH301,2025-02-06,present
STU0217,PH201,2025-02-10,absent
STU0217,PH301,2025-02-12,present
STU0217,PH201,2025-02-14,absent
STU0217,PH201,2025-02-18,present
STU0217,PH101,2025-02-20,present
STU0217,PH301,2025-02-24,absent
STU0217,PH101,2025-02-26,present
STU0217,PH201,2025-02-28,present
STU0217,PH101,2025-03-04,present
STU0217,PH101,2025-03-06,present
STU0217,PH201,2025-03-10,absent
STU0217,PH101,2025-03-12,present
STU0217,PH201,2025-03-14,present
STU0217,PH201,2025-03-18,present
STU0217,PH201,2025-03-20,absent
STU0217,PH301,2025-03-24,present
STU0217,PH301,2025-03-26,present
STU0217,PH101,2025-03-28,absent
STU0217,PH301,2025-04-01,present
STU0217,PH101,2025-04-03,absent
STU0217,PH101,2025-04-07,present
STU0217,PH101,2025-04-09,present
STU0217,PH201,2025-04-11,present
STU0217,PH101,2025-04-15,late
STU0217,PH201,2025-04-17,absent
STU0217,PH301,2025-04-21,present
STU0217,PH201,2025-04-23,present
STU0217,PH301,2025-04-25,absent
STU0217,PH101,2025-04-29,absent
STU0218,MT301,2025-01-01,absent
STU0218,MT301,2025-01-03,present
STU0218,MT401,2025-01-07,absent
STU0218,MT401,2025-01-09,present
STU0218,MT401,2025-01-13,present
STU0218,MT201,2025-01-15,present
STU0218,MT301,2025-01-17,late
STU0218,MT101,2025-01-21,present
STU0218,MT401,2025-01-23,present
STU0218,MT101,2025-01-27,present
STU0218,MT101,2025-01-29,present
STU0218,MT401,2025-01-31,absent
STU0218,MT201,2025-02-04,absent
STU0218,MT201,2025-02-06,present
STU0218,MT301,2025-02-10,late
STU0218,MT401,2025-02-12,absent
STU0218,MT401,2025-02-14,absent
STU0218,MT301,2025-02-18,present
STU0218,MT401,2025-02-20,absent
STU0218,MT101,2025-02-24,present
STU0218,MT201,2025-02-26,present
STU0218,MT401,2025-02-28,absent
STU0218,MT101,2025-03-04,present
STU0218,MT301,2025-03-06,present
STU0218,MT201,2025-03-10,absent
STU0218,MT401,2025-03-12,absent
STU0218,MT201,2025-03-14,present
STU0218,MT101,2025-03-18,absent
STU0218,MT401,2025-03-20,absent
STU0218,MT201,2025-03-24,present
STU0218,MT401,2025-03-26,absent
STU0218,MT301,2025-03-28,present
STU0218,MT401,2025-04-01,present
STU0218,MT301,2025-04-03,present
STU0218,MT301,2025-04-07,present
STU0218,MT201,2025-04-09,present
STU0218,MT101,2025-04-11,absent
STU0218,MT301,2025-04-15,absent
STU0218,MT101,2025-04-17,present
STU0218,MT301,2025-04-21,absent
STU0218,MT401,2025-04-23,present
STU0218,MT401,2025-04-25,present
STU0218,MT201,2025-04-29,absent
STU0219,CS101,2025-01-01,present
STU0219,CS101,2025-01-03,present
STU0219,CS401,2025-01-07,present
STU0219,CS201,2025-01-09,present
STU0219,CS401,2025-01-13,absent
STU0219,CS201,2025-01-15,present
STU0219,CS101,2025-01-17,present
STU0219,CS101,2025-01-21,present
STU0219,CS301,2025-01-23,present
STU0219,CS101,2025-01-27,present
STU0219,CS401,2025-01-29,present
STU0219,CS301,2025-01-31,absent
STU0219,CS101,2025-02-04,absent
STU0219,CS401,2025-02-06,present
STU0219,CS501,2025-02-10,present
STU0219,CS401,2025-02-12,present
STU0219,CS101,2025-02-14,late
STU0219,CS301,2025-02-18,late
STU0219,CS501,2025-02-20,present
STU0219,CS101,2025-02-24,present
STU0219,CS101,2025-02-26,present
STU0219,CS201,2025-02-28,present
STU0219,CS301,2025-03-04,present
STU0219,CS201,2025-03-06,present
STU0219,CS401,2025-03-10,present
STU0219,CS201,2025-03-12,present
STU0219,CS501,2025-03-14,present
STU0219,CS401,2025-03-18,present
STU0219,CS301,2025-03-20,present
STU0219,CS201,2025-03-24,present
STU0219,CS401,2025-03-26,present
STU0219,CS201,2025-03-28,present
STU0219,CS501,2025-04-01,present
STU0219,CS301,2025-04-03,present
STU0219,CS501,2025-04-07,present
STU0219,CS501,2025-04-09,present
STU0219,CS401,2025-04-11,present
STU0219,CS401,2025-04-15,present
STU0219,CS401,2025-04-17,present
STU0219,CS401,2025-04-21,present
STU0219,CS101,2025-04-23,present
STU0219,CS301,2025-04-25,present
STU0219,CS301,2025-04-29,present
STU0220,MT301,2025-01-01,present
STU0220,MT101,2025-01-03,present
STU0220,MT401,2025-01-07,present
STU0220,MT101,2025-01-09,late
STU0220,MT201,2025-01-13,present
STU0220,MT401,2025-01-15,present
STU0220,MT101,2025-01-17,present
STU0220,MT301,2025-01-21,late
STU0220,MT301,2025-01-23,absent
STU0220,MT201,2025-01-27,present
STU0220,MT401,2025-01-29,absent
STU0220,MT101,2025-01-31,present
STU0220,MT101,2025-02-04,absent
STU0220,MT201,2025-02-06,absent
STU0220,MT201,2025-02-10,present
STU0220,MT201,2025-02-12,absent
STU0220,MT101,2025-02-14,present
STU0220,MT201,2025-02-18,present
STU0220,MT201,2025-02-20,present
STU0220,MT401,2025-02-24,absent
STU0220,MT201,2025-02-26,present
STU0220,MT401,2025-02-28,present
STU0220,MT301,2025-03-04,absent
STU0220,MT401,2025-03-06,present
STU0220,MT101,2025-03-10,present
STU0220,MT201,2025-03-12,present
STU0220,MT101,2025-03-14,present
STU0220,MT201,2025-03-18,present
STU0220,MT401,2025-03-20,present
STU0220,MT301,2025-03-24,late
STU0220,MT101,2025-03-26,absent
STU0220,MT301,2025-03-28,present
STU0220,MT401,2025-04-01,present
STU0220,MT401,2025-04-03,present
STU0220,MT101,2025-04-07,present
STU0220,MT201,2025-04-09,present
STU0220,MT101,2025-04-11,present
STU0220,MT301,2025-04-15,absent
STU0220,MT201,2025-04-17,present
STU0220,MT301,2025-04-21,present
STU0220,MT101,2025-04-23,absent
STU0220,MT301,2025-04-25,present
STU0220,MT401,2025-04-29,present
STU0221,CS101,2025-01-01,present
STU0221,CS401,2025-01-03,present
STU0221,CS401,2025-01-07,present
STU0221,CS301,2025-01-09,present
STU0221,CS301,2025-01-13,present
STU0221,CS501,2025-01-15,late
STU0221,CS501,2025-01-17,absent
STU0221,CS201,2025-01-21,absent
STU0221,CS201,2025-01-23,present
STU0221,CS201,2025-01-27,present
STU0221,CS301,2025-01-29,present
STU0221,CS301,2025-01-31,present
STU0221,CS201,2025-02-04,absent
STU0221,CS501,2025-02-06,present
STU0221,CS301,2025-02-10,absent
STU0221,CS501,2025-02-12,present
STU0221,CS401,2025-02-14,late
STU0221,CS101,2025-02-18,absent
STU0221,CS401,2025-02-20,present
STU0221,CS201,2025-02-24,present
STU0221,CS101,2025-02-26,present
STU0221,CS201,2025-02-28,present
STU0221,CS201,2025-03-04,present
STU0221,CS501,2025-03-06,present
STU0221,CS201,2025-03-10,absent
STU0221,CS501,2025-03-12,present
STU0221,CS201,2025-03-14,present
STU0221,CS201,2025-03-18,present
STU0221,CS301,2025-03-20,present
STU0221,CS201,2025-03-24,present
STU0221,CS501,2025-03-26,present
STU0221,CS401,2025-03-28,present
STU0221,CS501,2025-04-01,present
STU0221,CS501,2025-04-03,present
STU0221,CS401,2025-04-07,present
STU0221,CS101,2025-04-09,present
STU0221,CS301,2025-04-11,present
STU0221,CS201,2025-04-15,present
STU0221,CS301,2025-04-17,late
STU0221,CS501,2025-04-21,present
STU0221,CS401,2025-04-23,present
STU0221,CS301,2025-04-25,present
STU0221,CS401,2025-04-29,present
STU0222,BU201,2025-01-01,late
STU0222,BU401,2025-01-03,present
STU0222,BU301,2025-01-07,present
STU0222,BU401,2025-01-09,present
STU0222,BU301,2025-01-13,present
STU0222,BU401,2025-01-15,present
STU0222,BU301,2025-01-17,present
STU0222,BU301,2025-01-21,present
STU0222,BU301,2025-01-23,present
STU0222,BU101,2025-01-27,present
STU0222,BU401,2025-01-29,absent
STU0222,BU201,2025-01-31,present
STU0222,BU201,2025-02-04,present
STU0222,BU101,2025-02-06,present
STU0222,BU101,2025-02-10,absent
STU0222,BU101,2025-02-12,present
STU0222,BU301,2025-02-14,present
STU0222,BU101,2025-02-18,present
STU0222,BU101,2025-02-20,present
STU0222,BU401,2025-02-24,late
STU0222,BU301,2025-02-26,absent
STU0222,BU401,2025-02-28,present
STU0222,BU301,2025-03-04,present
STU0222,BU301,2025-03-06,absent
STU0222,BU101,2025-03-10,present
STU0222,BU301,2025-03-12,late
STU0222,BU101,2025-03-14,late
STU0222,BU101,2025-03-18,present
STU0222,BU301,2025-03-20,late
STU0222,BU101,2025-03-24,present
STU0222,BU101,2025-03-26,absent
STU0222,BU101,2025-03-28,present
STU0222,BU401,2025-04-01,present
STU0222,BU401,2025-04-03,present
STU0222,BU401,2025-04-07,absent
STU0222,BU301,2025-04-09,present
STU0222,BU301,2025-04-11,present
STU0222,BU401,2025-04-15,present
STU0222,BU401,2025-04-17,present
STU0222,BU101,2025-04-21,present
STU0222,BU201,2025-04-23,present
STU0222,BU401,2025-04-25,present
STU0222,BU401,2025-04-29,present
STU0223,BU401,2025-01-01,present
STU0223,BU201,2025-01-03,present
STU0223,BU401,2025-01-07,present
STU0223,BU301,2025-01-09,absent
STU0223,BU401,2025-01-13,present
STU0223,BU301,2025-01-15,absent
STU0223,BU201,2025-01-17,present
STU0223,BU201,2025-01-21,present
STU0223,BU201,2025-01-23,present
STU0223,BU301,2025-01-27,present
STU0223,BU401,2025-01-29,present
STU0223,BU401,2025-01-31,present
STU0223,BU301,2025-02-04,present
STU0223,BU401,2025-02-06,present
STU0223,BU201,2025-02-10,present
STU0223,BU201,2025-02-12,present
STU0223,BU401,2025-02-14,present
STU0223,BU201,2025-02-18,present
STU0223,BU201,2025-02-20,present
STU0223,BU401,2025-02-24,present
STU0223,BU201,2025-02-26,present
STU0223,BU101,2025-02-28,present
STU0223,BU101,2025-03-04,present
STU0223,BU301,2025-03-06,present
STU0223,BU101,2025-03-10,present
STU0223,BU201,2025-03-12,present
STU0223,BU201,2025-03-14,present
STU0223,BU401,2025-03-18,present
STU0223,BU301,2025-03-20,present
STU0223,BU201,2025-03-24,present
STU0223,BU401,2025-03-26,present
STU0223,BU201,2025-03-28,present
STU0223,BU301,2025-04-01,present
STU0223,BU301,2025-04-03,present
STU0223,BU101,2025-04-07,present
STU0223,BU301,2025-04-09,present
STU0223,BU201,2025-04-11,present
STU0223,BU101,2025-04-15,present
STU0223,BU301,2025-04-17,absent
STU0223,BU101,2025-04-21,present
STU0223,BU301,2025-04-23,present
STU0223,BU101,2025-04-25,present
STU0223,BU301,2025-04-29,present
STU0224,BU401,2025-01-01,present
STU0224,BU201,2025-01-03,present
STU0224,BU401,2025-01-07,present
STU0224,BU101,2025-01-09,present
STU0224,BU401,2025-01-13,present
STU0224,BU401,2025-01-15,present
STU0224,BU201,2025-01-17,present
STU0224,BU101,2025-01-21,present
STU0224,BU301,2025-01-23,present
STU0224,BU301,2025-01-27,present
STU0224,BU401,2025-01-29,present
STU0224,BU401,2025-01-31,present
STU0224,BU201,2025-02-04,present
STU0224,BU401,2025-02-06,present
STU0224,BU401,2025-02-10,present
STU0224,BU101,2025-02-12,present
STU0224,BU301,2025-02-14,present
STU0224,BU101,2025-02-18,present
STU0224,BU101,2025-02-20,present
STU0224,BU401,2025-02-24,present
STU0224,BU301,2025-02-26,present
STU0224,BU401,2025-02-28,present
STU0224,BU201,2025-03-04,present
STU0224,BU401,2025-03-06,absent
STU0224,BU401,2025-03-10,present
STU0224,BU301,2025-03-12,late
STU0224,BU201,2025-03-14,absent
STU0224,BU401,2025-03-18,present
STU0224,BU301,2025-03-20,absent
STU0224,BU401,2025-03-24,present
STU0224,BU301,2025-03-26,present
STU0224,BU301,2025-03-28,present
STU0224,BU301,2025-04-01,present
STU0224,BU401,2025-04-03,present
STU0224,BU101,2025-04-07,present
STU0224,BU201,2025-04-09,present
STU0224,BU101,2025-04-11,present
STU0224,BU301,2025-04-15,present
STU0224,BU301,2025-04-17,absent
STU0224,BU301,2025-04-21,present
STU0224,BU401,2025-04-23,present
STU0224,BU101,2025-04-25,present
STU0224,BU401,2025-04-29,present
STU0225,CS201,2025-01-01,present
STU0225,CS501,2025-01-03,present
STU0225,CS301,2025-01-07,present
STU0225,CS201,2025-01-09,present
STU0225,CS301,2025-01-13,absent
STU0225,CS401,2025-01-15,present
STU0225,CS301,2025-01-17,present
STU0225,CS401,2025-01-21,present
STU0225,CS401,2025-01-23,present
STU0225,CS401,2025-01-27,present
STU0225,CS301,2025-01-29,present
STU0225,CS201,2025-01-31,present
STU0225,CS401,2025-02-04,present
STU0225,CS201,2025-02-06,present
STU0225,CS101,2025-02-10,present
STU0225,CS201,2025-02-12,present
STU0225,CS201,2025-02-14,present
STU0225,CS501,2025-02-18,present
STU0225,CS301,2025-02-20,present
STU0225,CS501,2025-02-24,present
STU0225,CS401,2025-02-26,present
STU0225,CS401,2025-02-28,present
STU0225,CS301,2025-03-04,present
STU0225,CS401,2025-03-06,present
STU0225,CS101,2025-03-10,late
STU0225,CS501,2025-03-12,present
STU0225,CS101,2025-03-14,present
STU0225,CS501,2025-03-18,absent
STU0225,CS501,2025-03-20,present
STU0225,CS501,2025-03-24,present
STU0225,CS401,2025-03-26,present
STU0225,CS301,2025-03-28,present
STU0225,CS301,2025-04-01,present
STU0225,CS401,2025-04-03,present
STU0225,CS501,2025-04-07,present
STU0225,CS501,2025-04-09,present
STU0225,CS201,2025-04-11,present
STU0225,CS201,2025-04-15,present
STU0225,CS201,2025-04-17,present
STU0225,CS501,2025-04-21,present
STU0225,CS101,2025-04-23,present
STU0225,CS101,2025-04-25,present
STU0225,CS101,2025-04-29,present
STU0226,MT301,2025-01-01,present
STU0226,MT101,2025-01-03,late
STU0226,MT301,2025-01-07,present
STU0226,MT301,2025-01-09,present
STU0226,MT301,2025-01-13,present
STU0226,MT101,2025-01-15,present
STU0226,MT401,2025-01-17,present
STU0226,MT201,2025-01-21,present
STU0226,MT401,2025-01-23,absent
STU0226,MT301,2025-01-27,present
STU0226,MT301,2025-01-29,present
STU0226,MT301,2025-01-31,present
STU0226,MT101,2025-02-04,present
STU0226,MT301,2025-02-06,present
STU0226,MT101,2025-02-10,absent
STU0226,MT201,2025-02-12,late
STU0226,MT301,2025-02-14,present
STU0226,MT301,2025-02-18,present
STU0226,MT201,2025-02-20,absent
STU0226,MT301,2025-02-24,present
STU0226,MT401,2025-02-26,present
STU0226,MT201,2025-02-28,present
STU0226,MT401,2025-03-04,present
STU0226,MT101,2025-03-06,present
STU0226,MT201,2025-03-10,absent
STU0226,MT201,2025-03-12,present
STU0226,MT201,2025-03-14,present
STU0226,MT201,2025-03-18,present
STU0226,MT101,2025-03-20,present
STU0226,MT401,2025-03-24,present
STU0226,MT301,2025-03-26,present
STU0226,MT201,2025-03-28,present
STU0226,MT201,2025-04-01,present
STU0226,MT301,2025-04-03,present
STU0226,MT201,2025-04-07,present
STU0226,MT301,2025-04-09,present
STU0226,MT401,2025-04-11,absent
STU0226,MT301,2025-04-15,present
STU0226,MT101,2025-04-17,present
STU0226,MT401,2025-04-21,present
STU0226,MT201,2025-04-23,present
STU0226,MT201,2025-04-25,present
STU0226,MT101,2025-04-29,present
STU0227,BU401,2025-01-01,present
STU0227,BU101,2025-01-03,present
STU0227,BU401,2025-01-07,present
STU0227,BU401,2025-01-09,present
STU0227,BU301,2025-01-13,present
STU0227,BU401,2025-01-15,present
STU0227,BU201,2025-01-17,present
STU0227,BU401,2025-01-21,late
STU0227,BU201,2025-01-23,absent
STU0227,BU401,2025-01-27,present
STU0227,BU401,2025-01-29,present
STU0227,BU201,2025-01-31,present
STU0227,BU101,2025-02-04,present
STU0227,BU401,2025-02-06,present
STU0227,BU401,2025-02-10,present
STU0227,BU201,2025-02-12,absent
STU0227,BU201,2025-02-14,present
STU0227,BU401,2025-02-18,present
STU0227,BU401,2025-02-20,present
STU0227,BU401,2025-02-24,present
STU0227,BU101,2025-02-26,present
STU0227,BU401,2025-02-28,present
STU0227,BU401,2025-03-04,present
STU0227,BU301,2025-03-06,present
STU0227,BU301,2025-03-10,absent
STU0227,BU101,2025-03-12,present
STU0227,BU101,2025-03-14,present
STU0227,BU301,2025-03-18,present
STU0227,BU301,2025-03-20,absent
STU0227,BU301,2025-03-24,present
STU0227,BU101,2025-03-26,present
STU0227,BU401,2025-03-28,absent
STU0227,BU201,2025-04-01,present
STU0227,BU401,2025-04-03,present
STU0227,BU201,2025-04-07,present
STU0227,BU101,2025-04-09,present
STU0227,BU101,2025-04-11,present
STU0227,BU101,2025-04-15,present
STU0227,BU401,2025-04-17,present
STU0227,BU201,2025-04-21,late
STU0227,BU201,2025-04-23,present
STU0227,BU201,2025-04-25,present
STU0227,BU401,2025-04-29,absent
STU0228,CS301,2025-01-01,present
STU0228,CS201,2025-01-03,late
STU0228,CS401,2025-01-07,late
STU0228,CS501,2025-01-09,absent
STU0228,CS201,2025-01-13,present
STU0228,CS301,2025-01-15,present
STU0228,CS301,2025-01-17,present
STU0228,CS401,2025-01-21,late
STU0228,CS201,2025-01-23,present
STU0228,CS101,2025-01-27,present
STU0228,CS301,2025-01-29,present
STU0228,CS501,2025-01-31,present
STU0228,CS301,2025-02-04,present
STU0228,CS101,2025-02-06,present
STU0228,CS301,2025-02-10,present
STU0228,CS401,2025-02-12,present
STU0228,CS401,2025-02-14,late
STU0228,CS101,2025-02-18,present
STU0228,CS101,2025-02-20,present
STU0228,CS401,2025-02-24,present
STU0228,CS401,2025-02-26,present
STU0228,CS301,2025-02-28,present
STU0228,CS201,2025-03-04,absent
STU0228,CS501,2025-03-06,present
STU0228,CS501,2025-03-10,present
STU0228,CS401,2025-03-12,present
STU0228,CS201,2025-03-14,present
STU0228,CS301,2025-03-18,present
STU0228,CS301,2025-03-20,present
STU0228,CS501,2025-03-24,present
STU0228,CS101,2025-03-26,present
STU0228,CS501,2025-03-28,present
STU0228,CS501,2025-04-01,present
STU0228,CS401,2025-04-03,present
STU0228,CS101,2025-04-07,present
STU0228,CS501,2025-04-09,absent
STU0228,CS501,2025-04-11,present
STU0228,CS301,2025-04-15,present
STU0228,CS101,2025-04-17,absent
STU0228,CS401,2025-04-21,present
STU0228,CS301,2025-04-23,present
STU0228,CS301,2025-04-25,present
STU0228,CS201,2025-04-29,present
STU0229,BU101,2025-01-01,present
STU0229,BU301,2025-01-03,absent
STU0229,BU201,2025-01-07,present
STU0229,BU401,2025-01-09,present
STU0229,BU301,2025-01-13,late
STU0229,BU401,2025-01-15,present
STU0229,BU201,2025-01-17,present
STU0229,BU401,2025-01-21,absent
STU0229,BU201,2025-01-23,present
STU0229,BU301,2025-01-27,absent
STU0229,BU101,2025-01-29,late
STU0229,BU401,2025-01-31,present
STU0229,BU101,2025-02-04,present
STU0229,BU301,2025-02-06,present
STU0229,BU101,2025-02-10,present
STU0229,BU201,2025-02-12,present
STU0229,BU101,2025-02-14,present
STU0229,BU401,2025-02-18,present
STU0229,BU401,2025-02-20,present
STU0229,BU401,2025-02-24,present
STU0229,BU201,2025-02-26,present
STU0229,BU101,2025-02-28,absent
STU0229,BU201,2025-03-04,present
STU0229,BU101,2025-03-06,present
STU0229,BU301,2025-03-10,absent
STU0229,BU401,2025-03-12,present
STU0229,BU201,2025-03-14,present
STU0229,BU401,2025-03-18,absent
STU0229,BU101,2025-03-20,present
STU0229,BU201,2025-03-24,late
STU0229,BU401,2025-03-26,present
STU0229,BU301,2025-03-28,present
STU0229,BU201,2025-04-01,absent
STU0229,BU401,2025-04-03,present
STU0229,BU201,2025-04-07,present
STU0229,BU101,2025-04-09,absent
STU0229,BU301,2025-04-11,absent
STU0229,BU201,2025-04-15,late
STU0229,BU301,2025-04-17,present
STU0229,BU101,2025-04-21,present
STU0229,BU201,2025-04-23,present
STU0229,BU401,2025-04-25,present
STU0229,BU101,2025-04-29,absent
STU0230,BU401,2025-01-01,present
STU0230,BU201,2025-01-03,present
STU0230,BU101,2025-01-07,present
STU0230,BU401,2025-01-09,present
STU0230,BU201,2025-01-13,late
STU0230,BU101,2025-01-15,present
STU0230,BU301,2025-01-17,present
STU0230,BU201,2025-01-21,absent
STU0230,BU101,2025-01-23,present
STU0230,BU401,2025-01-27,present
STU0230,BU301,2025-01-29,present
STU0230,BU201,2025-01-31,present
STU0230,BU401,2025-02-04,present
STU0230,BU101,2025-02-06,absent
STU0230,BU401,2025-02-10,present
STU0230,BU401,2025-02-12,late
STU0230,BU201,2025-02-14,absent
STU0230,BU201,2025-02-18,present
STU0230,BU401,2025-02-20,present
STU0230,BU401,2025-02-24,present
STU0230,BU301,2025-02-26,present
STU0230,BU401,2025-02-28,absent
STU0230,BU101,2025-03-04,present
STU0230,BU401,2025-03-06,present
STU0230,BU401,2025-03-10,present
STU0230,BU401,2025-03-12,present
STU0230,BU301,2025-03-14,present
STU0230,BU301,2025-03-18,present
STU0230,BU301,2025-03-20,present
STU0230,BU401,2025-03-24,present
STU0230,BU201,2025-03-26,present
STU0230,BU301,2025-03-28,present
STU0230,BU301,2025-04-01,present
STU0230,BU101,2025-04-03,present
STU0230,BU101,2025-04-07,present
STU0230,BU301,2025-04-09,present
STU0230,BU401,2025-04-11,late
STU0230,BU401,2025-04-15,present
STU0230,BU201,2025-04-17,present
STU0230,BU301,2025-04-21,absent
STU0230,BU101,2025-04-23,absent
STU0230,BU301,2025-04-25,present
STU0230,BU101,2025-04-29,present
STU0231,PH101,2025-01-01,present
STU0231,PH201,2025-01-03,present
STU0231,PH301,2025-01-07,present
STU0231,PH301,2025-01-09,present
STU0231,PH301,2025-01-13,present
STU0231,PH301,2025-01-15,present
STU0231,PH301,2025-01-17,present
STU0231,PH301,2025-01-21,present
STU0231,PH301,2025-01-23,absent
STU0231,PH301,2025-01-27,present
STU0231,PH101,2025-01-29,present
STU0231,PH101,2025-01-31,present
STU0231,PH301,2025-02-04,present
STU0231,PH301,2025-02-06,present
STU0231,PH201,2025-02-10,absent
STU0231,PH201,2025-02-12,present
STU0231,PH301,2025-02-14,absent
STU0231,PH201,2025-02-18,present
STU0231,PH101,2025-02-20,present
STU0231,PH101,2025-02-24,present
STU0231,PH201,2025-02-26,present
STU0231,PH201,2025-02-28,absent
STU0231,PH301,2025-03-04,present
STU0231,PH201,2025-03-06,present
STU0231,PH201,2025-03-10,present
STU0231,PH201,2025-03-12,absent
STU0231,PH301,2025-03-14,present
STU0231,PH101,2025-03-18,present
STU0231,PH101,2025-03-20,present
STU0231,PH301,2025-03-24,present
STU0231,PH101,2025-03-26,present
STU0231,PH101,2025-03-28,absent
STU0231,PH201,2025-04-01,present
STU0231,PH101,2025-04-03,present
STU0231,PH101,2025-04-07,present
STU0231,PH201,2025-04-09,present
STU0231,PH101,2025-04-11,present
STU0231,PH201,2025-04-15,late
STU0231,PH101,2025-04-17,absent
STU0231,PH201,2025-04-21,absent
STU0231,PH301,2025-04-23,absent
STU0231,PH201,2025-04-25,present
STU0231,PH301,2025-04-29,present
STU0232,CS201,2025-01-01,present
STU0232,CS101,2025-01-03,present
STU0232,CS401,2025-01-07,present
STU0232,CS401,2025-01-09,present
STU0232,CS101,2025-01-13,absent
STU0232,CS501,2025-01-15,absent
STU0232,CS101,2025-01-17,absent
STU0232,CS401,2025-01-21,late
STU0232,CS101,2025-01-23,present
STU0232,CS101,2025-01-27,present
STU0232,CS301,2025-01-29,present
STU0232,CS301,2025-01-31,present
STU0232,CS401,2025-02-04,present
STU0232,CS401,2025-02-06,present
STU0232,CS101,2025-02-10,present
STU0232,CS201,2025-02-12,present
STU0232,CS301,2025-02-14,present
STU0232,CS101,2025-02-18,present
STU0232,CS301,2025-02-20,present
STU0232,CS401,2025-02-24,present
STU0232,CS301,2025-02-26,present
STU0232,CS101,2025-02-28,present
STU0232,CS101,2025-03-04,present
STU0232,CS101,2025-03-06,absent
STU0232,CS301,2025-03-10,absent
STU0232,CS301,2025-03-12,present
STU0232,CS501,2025-03-14,present
STU0232,CS301,2025-03-18,present
STU0232,CS101,2025-03-20,present
STU0232,CS501,2025-03-24,present
STU0232,CS501,2025-03-26,present
STU0232,CS201,2025-03-28,present
STU0232,CS201,2025-04-01,present
STU0232,CS401,2025-04-03,absent
STU0232,CS101,2025-04-07,present
STU0232,CS401,2025-04-09,absent
STU0232,CS501,2025-04-11,present
STU0232,CS501,2025-04-15,present
STU0232,CS101,2025-04-17,late
STU0232,CS401,2025-04-21,late
STU0232,CS301,2025-04-23,present
STU0232,CS501,2025-04-25,present
STU0232,CS301,2025-04-29,present
STU0233,MT201,2025-01-01,present
STU0233,MT301,2025-01-03,present
STU0233,MT401,2025-01-07,absent
STU0233,MT301,2025-01-09,present
STU0233,MT101,2025-01-13,present
STU0233,MT201,2025-01-15,present
STU0233,MT401,2025-01-17,present
STU0233,MT201,2025-01-21,absent
STU0233,MT201,2025-01-23,present
STU0233,MT401,2025-01-27,present
STU0233,MT301,2025-01-29,present
STU0233,MT401,2025-01-31,present
STU0233,MT201,2025-02-04,present
STU0233,MT201,2025-02-06,present
STU0233,MT301,2025-02-10,present
STU0233,MT301,2025-02-12,present
STU0233,MT301,2025-02-14,present
STU0233,MT101,2025-02-18,present
STU0233,MT401,2025-02-20,present
STU0233,MT101,2025-02-24,present
STU0233,MT201,2025-02-26,absent
STU0233,MT201,2025-02-28,absent
STU0233,MT301,2025-03-04,present
STU0233,MT101,2025-03-06,present
STU0233,MT301,2025-03-10,present
STU0233,MT201,2025-03-12,present
STU0233,MT301,2025-03-14,present
STU0233,MT301,2025-03-18,present
STU0233,MT401,2025-03-20,present
STU0233,MT401,2025-03-24,present
STU0233,MT201,2025-03-26,present
STU0233,MT101,2025-03-28,present
STU0233,MT101,2025-04-01,present
STU0233,MT101,2025-04-03,present
STU0233,MT301,2025-04-07,present
STU0233,MT301,2025-04-09,present
STU0233,MT201,2025-04-11,absent
STU0233,MT101,2025-04-15,present
STU0233,MT301,2025-04-17,present
STU0233,MT401,2025-04-21,present
STU0233,MT401,2025-04-23,present
STU0233,MT201,2025-04-25,present
STU0233,MT301,2025-04-29,present
STU0234,CS101,2025-01-01,present
STU0234,CS301,2025-01-03,present
STU0234,CS101,2025-01-07,present
STU0234,CS501,2025-01-09,absent
STU0234,CS401,2025-01-13,present
STU0234,CS101,2025-01-15,present
STU0234,CS401,2025-01-17,present
STU0234,CS101,2025-01-21,absent
STU0234,CS501,2025-01-23,absent
STU0234,CS501,2025-01-27,present
STU0234,CS501,2025-01-29,present
STU0234,CS401,2025-01-31,present
STU0234,CS201,2025-02-04,late
STU0234,CS101,2025-02-06,absent
STU0234,CS401,2025-02-10,absent
STU0234,CS101,2025-02-12,present
STU0234,CS501,2025-02-14,present
STU0234,CS501,2025-02-18,absent
STU0234,CS101,2025-02-20,present
STU0234,CS401,2025-02-24,present
STU0234,CS401,2025-02-26,present
STU0234,CS501,2025-02-28,absent
STU0234,CS501,2025-03-04,present
STU0234,CS101,2025-03-06,present
STU0234,CS201,2025-03-10,present
STU0234,CS101,2025-03-12,present
STU0234,CS201,2025-03-14,present
STU0234,CS501,2025-03-18,present
STU0234,CS301,2025-03-20,present
STU0234,CS401,2025-03-24,present
STU0234,CS501,2025-03-26,late
STU0234,CS101,2025-03-28,present
STU0234,CS201,2025-04-01,present
STU0234,CS501,2025-04-03,absent
STU0234,CS101,2025-04-07,present
STU0234,CS301,2025-04-09,present
STU0234,CS101,2025-04-11,present
STU0234,CS101,2025-04-15,present
STU0234,CS401,2025-04-17,present
STU0234,CS301,2025-04-21,present
STU0234,CS301,2025-04-23,present
STU0234,CS301,2025-04-25,present
STU0234,CS401,2025-04-29,present
STU0235,CS401,2025-01-01,present
STU0235,CS201,2025-01-03,present
STU0235,CS301,2025-01-07,present
STU0235,CS401,2025-01-09,present
STU0235,CS201,2025-01-13,present
STU0235,CS101,2025-01-15,absent
STU0235,CS201,2025-01-17,present
STU0235,CS301,2025-01-21,absent
STU0235,CS201,2025-01-23,late
STU0235,CS401,2025-01-27,absent
STU0235,CS101,2025-01-29,present
STU0235,CS201,2025-01-31,present
STU0235,CS401,2025-02-04,late
STU0235,CS401,2025-02-06,present
STU0235,CS501,2025-02-10,present
STU0235,CS501,2025-02-12,present
STU0235,CS401,2025-02-14,present
STU0235,CS401,2025-02-18,late
STU0235,CS201,2025-02-20,present
STU0235,CS201,2025-02-24,present
STU0235,CS501,2025-02-26,present
STU0235,CS301,2025-02-28,present
STU0235,CS401,2025-03-04,present
STU0235,CS501,2025-03-06,present
STU0235,CS301,2025-03-10,present
STU0235,CS401,2025-03-12,present
STU0235,CS301,2025-03-14,absent
STU0235,CS301,2025-03-18,present
STU0235,CS101,2025-03-20,present
STU0235,CS501,2025-03-24,present
STU0235,CS101,2025-03-26,present
STU0235,CS501,2025-03-28,absent
STU0235,CS501,2025-04-01,absent
STU0235,CS501,2025-04-03,present
STU0235,CS401,2025-04-07,present
STU0235,CS101,2025-04-09,present
STU0235,CS401,2025-04-11,present
STU0235,CS201,2025-04-15,present
STU0235,CS201,2025-04-17,late
STU0235,CS101,2025-04-21,present
STU0235,CS301,2025-04-23,late
STU0235,CS401,2025-04-25,present
STU0235,CS101,2025-04-29,present
STU0236,EN201,2025-01-01,present
STU0236,EN101,2025-01-03,present
STU0236,EN201,2025-01-07,present
STU0236,EN101,2025-01-09,present
STU0236,EN201,2025-01-13,present
STU0236,EN101,2025-01-15,present
STU0236,EN201,2025-01-17,present
STU0236,EN201,2025-01-21,present
STU0236,EN201,2025-01-23,present
STU0236,EN101,2025-01-27,present
STU0236,EN201,2025-01-29,present
STU0236,EN201,2025-01-31,present
STU0236,EN101,2025-02-04,present
STU0236,EN201,2025-02-06,present
STU0236,EN201,2025-02-10,present
STU0236,EN101,2025-02-12,present
STU0236,EN201,2025-02-14,present
STU0236,EN101,2025-02-18,absent
STU0236,EN201,2025-02-20,present
STU0236,EN201,2025-02-24,present
STU0236,EN201,2025-02-26,absent
STU0236,EN201,2025-02-28,present
STU0236,EN301,2025-03-04,absent
STU0236,EN301,2025-03-06,present
STU0236,EN301,2025-03-10,present
STU0236,EN301,2025-03-12,late
STU0236,EN301,2025-03-14,present
STU0236,EN101,2025-03-18,present
STU0236,EN301,2025-03-20,present
STU0236,EN201,2025-03-24,present
STU0236,EN301,2025-03-26,present
STU0236,EN301,2025-03-28,present
STU0236,EN201,2025-04-01,present
STU0236,EN301,2025-04-03,present
STU0236,EN201,2025-04-07,present
STU0236,EN201,2025-04-09,present
STU0236,EN101,2025-04-11,present
STU0236,EN301,2025-04-15,absent
STU0236,EN301,2025-04-17,present
STU0236,EN301,2025-04-21,present
STU0236,EN101,2025-04-23,present
STU0236,EN101,2025-04-25,present
STU0236,EN301,2025-04-29,present
STU0237,CS401,2025-01-01,absent
STU0237,CS501,2025-01-03,present
STU0237,CS101,2025-01-07,absent
STU0237,CS301,2025-01-09,present
STU0237,CS501,2025-01-13,present
STU0237,CS501,2025-01-15,present
STU0237,CS401,2025-01-17,absent
STU0237,CS401,2025-01-21,present
STU0237,CS201,2025-01-23,present
STU0237,CS101,2025-01-27,present
STU0237,CS501,2025-01-29,absent
STU0237,CS201,2025-01-31,absent
STU0237,CS501,2025-02-04,present
STU0237,CS201,2025-02-06,present
STU0237,CS401,2025-02-10,present
STU0237,CS201,2025-02-12,present
STU0237,CS501,2025-02-14,absent
STU0237,CS401,2025-02-18,present
STU0237,CS301,2025-02-20,present
STU0237,CS201,2025-02-24,present
STU0237,CS301,2025-02-26,present
STU0237,CS201,2025-02-28,present
STU0237,CS401,2025-03-04,present
STU0237,CS401,2025-03-06,present
STU0237,CS101,2025-03-10,present
STU0237,CS401,2025-03-12,present
STU0237,CS301,2025-03-14,present
STU0237,CS101,2025-03-18,present
STU0237,CS301,2025-03-20,absent
STU0237,CS401,2025-03-24,present
STU0237,CS301,2025-03-26,present
STU0237,CS301,2025-03-28,present
STU0237,CS101,2025-04-01,present
STU0237,CS201,2025-04-03,present
STU0237,CS401,2025-04-07,present
STU0237,CS101,2025-04-09,present
STU0237,CS201,2025-04-11,present
STU0237,CS301,2025-04-15,present
STU0237,CS201,2025-04-17,absent
STU0237,CS301,2025-04-21,absent
STU0237,CS201,2025-04-23,present
STU0237,CS301,2025-04-25,present
STU0237,CS301,2025-04-29,present
STU0238,EN201,2025-01-01,present
STU0238,EN201,2025-01-03,present
STU0238,EN101,2025-01-07,absent
STU0238,EN301,2025-01-09,present
STU0238,EN101,2025-01-13,absent
STU0238,EN101,2025-01-15,present
STU0238,EN201,2025-01-17,present
STU0238,EN301,2025-01-21,present
STU0238,EN101,2025-01-23,present
STU0238,EN101,2025-01-27,present
STU0238,EN101,2025-01-29,present
STU0238,EN301,2025-01-31,present
STU0238,EN201,2025-02-04,present
STU0238,EN101,2025-02-06,present
STU0238,EN301,2025-02-10,present
STU0238,EN201,2025-02-12,present
STU0238,EN201,2025-02-14,present
STU0238,EN101,2025-02-18,present
STU0238,EN101,2025-02-20,present
STU0238,EN301,2025-02-24,late
STU0238,EN301,2025-02-26,present
STU0238,EN201,2025-02-28,present
STU0238,EN201,2025-03-04,present
STU0238,EN101,2025-03-06,absent
STU0238,EN301,2025-03-10,present
STU0238,EN201,2025-03-12,present
STU0238,EN101,2025-03-14,present
STU0238,EN201,2025-03-18,present
STU0238,EN201,2025-03-20,present
STU0238,EN101,2025-03-24,present
STU0238,EN201,2025-03-26,present
STU0238,EN201,2025-03-28,late
STU0238,EN301,2025-04-01,present
STU0238,EN301,2025-04-03,present
STU0238,EN301,2025-04-07,present
STU0238,EN101,2025-04-09,present
STU0238,EN301,2025-04-11,present
STU0238,EN201,2025-04-15,present
STU0238,EN301,2025-04-17,present
STU0238,EN301,2025-04-21,present
STU0238,EN101,2025-04-23,present
STU0238,EN301,2025-04-25,present
STU0238,EN101,2025-04-29,present
STU0239,EN201,2025-01-01,absent
STU0239,EN101,2025-01-03,present
STU0239,EN201,2025-01-07,absent
STU0239,EN101,2025-01-09,present
STU0239,EN101,2025-01-13,absent
STU0239,EN201,2025-01-15,present
STU0239,EN101,2025-01-17,present
STU0239,EN101,2025-01-21,present
STU0239,EN201,2025-01-23,present
STU0239,EN101,2025-01-27,present
STU0239,EN301,2025-01-29,present
STU0239,EN301,2025-01-31,late
STU0239,EN101,2025-02-04,present
STU0239,EN301,2025-02-06,absent
STU0239,EN301,2025-02-10,late
STU0239,EN101,2025-02-12,present
STU0239,EN201,2025-02-14,absent
STU0239,EN301,2025-02-18,present
STU0239,EN101,2025-02-20,present
STU0239,EN301,2025-02-24,present
STU0239,EN101,2025-02-26,late
STU0239,EN101,2025-02-28,present
STU0239,EN201,2025-03-04,present
STU0239,EN201,2025-03-06,present
STU0239,EN101,2025-03-10,absent
STU0239,EN201,2025-03-12,present
STU0239,EN101,2025-03-14,present
STU0239,EN101,2025-03-18,present
STU0239,EN101,2025-03-20,present
STU0239,EN201,2025-03-24,late
STU0239,EN101,2025-03-26,absent
STU0239,EN201,2025-03-28,present
STU0239,EN201,2025-04-01,present
STU0239,EN301,2025-04-03,present
STU0239,EN201,2025-04-07,present
STU0239,EN201,2025-04-09,present
STU0239,EN201,2025-04-11,present
STU0239,EN201,2025-04-15,present
STU0239,EN301,2025-04-17,late
STU0239,EN201,2025-04-21,present
STU0239,EN301,2025-04-23,late
STU0239,EN301,2025-04-25,present
STU0239,EN101,2025-04-29,present
STU0240,PH301,2025-01-01,absent
STU0240,PH301,2025-01-03,present
STU0240,PH201,2025-01-07,present
STU0240,PH201,2025-01-09,present
STU0240,PH301,2025-01-13,present
STU0240,PH201,2025-01-15,late
STU0240,PH301,2025-01-17,absent
STU0240,PH301,2025-01-21,present
STU0240,PH201,2025-01-23,present
STU0240,PH201,2025-01-27,present
STU0240,PH301,2025-01-29,present
STU0240,PH301,2025-01-31,present
STU0240,PH101,2025-02-04,present
STU0240,PH301,2025-02-06,present
STU0240,PH201,2025-02-10,present
STU0240,PH201,2025-02-12,present
STU0240,PH301,2025-02-14,present
STU0240,PH301,2025-02-18,present
STU0240,PH101,2025-02-20,late
STU0240,PH101,2025-02-24,absent
STU0240,PH101,2025-02-26,present
STU0240,PH201,2025-02-28,present
STU0240,PH201,2025-03-04,absent
STU0240,PH201,2025-03-06,late
STU0240,PH301,2025-03-10,absent
STU0240,PH201,2025-03-12,present
STU0240,PH101,2025-03-14,late
STU0240,PH301,2025-03-18,present
STU0240,PH201,2025-03-20,absent
STU0240,PH201,2025-03-24,absent
STU0240,PH301,2025-03-26,present
STU0240,PH201,2025-03-28,absent
STU0240,PH301,2025-04-01,present
STU0240,PH301,2025-04-03,late
STU0240,PH101,2025-04-07,present
STU0240,PH301,2025-04-09,late
STU0240,PH201,2025-04-11,present
STU0240,PH101,2025-04-15,absent
STU0240,PH201,2025-04-17,present
STU0240,PH301,2025-04-21,present
STU0240,PH201,2025-04-23,present
STU0240,PH201,2025-04-25,absent
STU0240,PH301,2025-04-29,present
STU0241,CS501,2025-01-01,present
STU0241,CS201,2025-01-03,present
STU0241,CS201,2025-01-07,absent
STU0241,CS101,2025-01-09,present
STU0241,CS201,2025-01-13,present
STU0241,CS101,2025-01-15,present
STU0241,CS401,2025-01-17,present
STU0241,CS101,2025-01-21,present
STU0241,CS201,2025-01-23,present
STU0241,CS101,2025-01-27,present
STU0241,CS401,2025-01-29,present
STU0241,CS401,2025-01-31,present
STU0241,CS501,2025-02-04,present
STU0241,CS101,2025-02-06,present
STU0241,CS301,2025-02-10,present
STU0241,CS201,2025-02-12,present
STU0241,CS301,2025-02-14,present
STU0241,CS101,2025-02-18,present
STU0241,CS201,2025-02-20,present
STU0241,CS501,2025-02-24,present
STU0241,CS501,2025-02-26,present
STU0241,CS201,2025-02-28,present
STU0241,CS201,2025-03-04,present
STU0241,CS201,2025-03-06,present
STU0241,CS101,2025-03-10,absent
STU0241,CS301,2025-03-12,present
STU0241,CS101,2025-03-14,present
STU0241,CS501,2025-03-18,absent
STU0241,CS101,2025-03-20,present
STU0241,CS101,2025-03-24,present
STU0241,CS401,2025-03-26,present
STU0241,CS401,2025-03-28,present
STU0241,CS301,2025-04-01,present
STU0241,CS501,2025-04-03,present
STU0241,CS101,2025-04-07,present
STU0241,CS201,2025-04-09,present
STU0241,CS201,2025-04-11,present
STU0241,CS401,2025-04-15,present
STU0241,CS201,2025-04-17,present
STU0241,CS501,2025-04-21,present
STU0241,CS101,2025-04-23,present
STU0241,CS101,2025-04-25,present
STU0241,CS501,2025-04-29,absent
STU0242,EN101,2025-01-01,absent
STU0242,EN301,2025-01-03,present
STU0242,EN301,2025-01-07,present
STU0242,EN301,2025-01-09,absent
STU0242,EN301,2025-01-13,present
STU0242,EN301,2025-01-15,present
STU0242,EN301,2025-01-17,present
STU0242,EN201,2025-01-21,present
STU0242,EN101,2025-01-23,absent
STU0242,EN101,2025-01-27,present
STU0242,EN101,2025-01-29,present
STU0242,EN201,2025-01-31,late
STU0242,EN201,2025-02-04,present
STU0242,EN301,2025-02-06,present
STU0242,EN101,2025-02-10,present
STU0242,EN301,2025-02-12,absent
STU0242,EN201,2025-02-14,absent
STU0242,EN301,2025-02-18,absent
STU0242,EN101,2025-02-20,present
STU0242,EN201,2025-02-24,present
STU0242,EN201,2025-02-26,absent
STU0242,EN101,2025-02-28,absent
STU0242,EN201,2025-03-04,present
STU0242,EN101,2025-03-06,present
STU0242,EN201,2025-03-10,late
STU0242,EN301,2025-03-12,absent
STU0242,EN101,2025-03-14,absent
STU0242,EN101,2025-03-18,absent
STU0242,EN301,2025-03-20,present
STU0242,EN201,2025-03-24,present
STU0242,EN201,2025-03-26,present
STU0242,EN101,2025-03-28,present
STU0242,EN301,2025-04-01,present
STU0242,EN201,2025-04-03,present
STU0242,EN101,2025-04-07,present
STU0242,EN101,2025-04-09,present
STU0242,EN301,2025-04-11,present
STU0242,EN201,2025-04-15,present
STU0242,EN201,2025-04-17,present
STU0242,EN101,2025-04-21,present
STU0242,EN201,2025-04-23,present
STU0242,EN201,2025-04-25,late
STU0242,EN101,2025-04-29,present
STU0243,MT201,2025-01-01,present
STU0243,MT401,2025-01-03,present
STU0243,MT201,2025-01-07,present
STU0243,MT201,2025-01-09,present
STU0243,MT301,2025-01-13,present
STU0243,MT401,2025-01-15,present
STU0243,MT201,2025-01-17,present
STU0243,MT201,2025-01-21,present
STU0243,MT301,2025-01-23,absent
STU0243,MT101,2025-01-27,present
STU0243,MT201,2025-01-29,present
STU0243,MT401,2025-01-31,present
STU0243,MT101,2025-02-04,present
STU0243,MT201,2025-02-06,present
STU0243,MT301,2025-02-10,present
STU0243,MT101,2025-02-12,present
STU0243,MT401,2025-02-14,present
STU0243,MT201,2025-02-18,present
STU0243,MT101,2025-02-20,present
STU0243,MT101,2025-02-24,absent
STU0243,MT301,2025-02-26,present
STU0243,MT101,2025-02-28,absent
STU0243,MT101,2025-03-04,present
STU0243,MT301,2025-03-06,absent
STU0243,MT401,2025-03-10,present
STU0243,MT401,2025-03-12,present
STU0243,MT101,2025-03-14,present
STU0243,MT401,2025-03-18,present
STU0243,MT201,2025-03-20,absent
STU0243,MT101,2025-03-24,present
STU0243,MT101,2025-03-26,present
STU0243,MT401,2025-03-28,present
STU0243,MT301,2025-04-01,present
STU0243,MT201,2025-04-03,present
STU0243,MT401,2025-04-07,present
STU0243,MT401,2025-04-09,present
STU0243,MT401,2025-04-11,absent
STU0243,MT301,2025-04-15,late
STU0243,MT101,2025-04-17,present
STU0243,MT201,2025-04-21,present
STU0243,MT401,2025-04-23,present
STU0243,MT101,2025-04-25,present
STU0243,MT401,2025-04-29,present
STU0244,CS501,2025-01-01,late
STU0244,CS201,2025-01-03,present
STU0244,CS101,2025-01-07,late
STU0244,CS301,2025-01-09,present
STU0244,CS101,2025-01-13,absent
STU0244,CS401,2025-01-15,present
STU0244,CS201,2025-01-17,present
STU0244,CS401,2025-01-21,present
STU0244,CS201,2025-01-23,present
STU0244,CS101,2025-01-27,present
STU0244,CS501,2025-01-29,present
STU0244,CS401,2025-01-31,present
STU0244,CS101,2025-02-04,present
STU0244,CS301,2025-02-06,late
STU0244,CS201,2025-02-10,absent
STU0244,CS501,2025-02-12,present
STU0244,CS101,2025-02-14,present
STU0244,CS201,2025-02-18,present
STU0244,CS501,2025-02-20,present
STU0244,CS101,2025-02-24,present
STU0244,CS501,2025-02-26,present
STU0244,CS201,2025-02-28,present
STU0244,CS101,2025-03-04,absent
STU0244,CS101,2025-03-06,present
STU0244,CS301,2025-03-10,present
STU0244,CS401,2025-03-12,present
STU0244,CS201,2025-03-14,present
STU0244,CS401,2025-03-18,present
STU0244,CS101,2025-03-20,present
STU0244,CS401,2025-03-24,present
STU0244,CS101,2025-03-26,present
STU0244,CS201,2025-03-28,present
STU0244,CS301,2025-04-01,present
STU0244,CS401,2025-04-03,present
STU0244,CS301,2025-04-07,present
STU0244,CS501,2025-04-09,present
STU0244,CS301,2025-04-11,absent
STU0244,CS401,2025-04-15,present
STU0244,CS501,2025-04-17,absent
STU0244,CS501,2025-04-21,present
STU0244,CS501,2025-04-23,present
STU0244,CS501,2025-04-25,present
STU0244,CS501,2025-04-29,present
STU0245,CS201,2025-01-01,present
STU0245,CS101,2025-01-03,present
STU0245,CS201,2025-01-07,present
STU0245,CS201,2025-01-09,present
STU0245,CS401,2025-01-13,present
STU0245,CS201,2025-01-15,present
STU0245,CS501,2025-01-17,present
STU0245,CS101,2025-01-21,present
STU0245,CS301,2025-01-23,present
STU0245,CS201,2025-01-27,present
STU0245,CS201,2025-01-29,present
STU0245,CS501,2025-01-31,present
STU0245,CS201,2025-02-04,present
STU0245,CS201,2025-02-06,present
STU0245,CS201,2025-02-10,present
STU0245,CS501,2025-02-12,present
STU0245,CS401,2025-02-14,present
STU0245,CS201,2025-02-18,present
STU0245,CS301,2025-02-20,present
STU0245,CS301,2025-02-24,present
STU0245,CS101,2025-02-26,present
STU0245,CS101,2025-02-28,present
STU0245,CS301,2025-03-04,present
STU0245,CS501,2025-03-06,present
STU0245,CS201,2025-03-10,present
STU0245,CS501,2025-03-12,present
STU0245,CS301,2025-03-14,present
STU0245,CS401,2025-03-18,present
STU0245,CS301,2025-03-20,present
STU0245,CS301,2025-03-24,present
STU0245,CS201,2025-03-26,absent
STU0245,CS101,2025-03-28,present
STU0245,CS501,2025-04-01,present
STU0245,CS501,2025-04-03,present
STU0245,CS401,2025-04-07,present
STU0245,CS301,2025-04-09,present
STU0245,CS301,2025-04-11,absent
STU0245,CS501,2025-04-15,present
STU0245,CS301,2025-04-17,present
STU0245,CS401,2025-04-21,present
STU0245,CS501,2025-04-23,late
STU0245,CS101,2025-04-25,present
STU0245,CS101,2025-04-29,present
STU0246,EN201,2025-01-01,present
STU0246,EN301,2025-01-03,present
STU0246,EN301,2025-01-07,present
STU0246,EN101,2025-01-09,present
STU0246,EN301,2025-01-13,present
STU0246,EN201,2025-01-15,present
STU0246,EN201,2025-01-17,present
STU0246,EN101,2025-01-21,absent
STU0246,EN201,2025-01-23,absent
STU0246,EN201,2025-01-27,absent
STU0246,EN301,2025-01-29,present
STU0246,EN301,2025-01-31,late
STU0246,EN101,2025-02-04,absent
STU0246,EN201,2025-02-06,present
STU0246,EN201,2025-02-10,present
STU0246,EN201,2025-02-12,present
STU0246,EN301,2025-02-14,present
STU0246,EN301,2025-02-18,present
STU0246,EN201,2025-02-20,present
STU0246,EN301,2025-02-24,absent
STU0246,EN101,2025-02-26,present
STU0246,EN201,2025-02-28,present
STU0246,EN201,2025-03-04,absent
STU0246,EN301,2025-03-06,present
STU0246,EN101,2025-03-10,late
STU0246,EN301,2025-03-12,present
STU0246,EN201,2025-03-14,late
STU0246,EN201,2025-03-18,present
STU0246,EN101,2025-03-20,present
STU0246,EN101,2025-03-24,present
STU0246,EN301,2025-03-26,present
STU0246,EN201,2025-03-28,absent
STU0246,EN301,2025-04-01,present
STU0246,EN201,2025-04-03,late
STU0246,EN101,2025-04-07,present
STU0246,EN301,2025-04-09,present
STU0246,EN301,2025-04-11,absent
STU0246,EN101,2025-04-15,present
STU0246,EN301,2025-04-17,present
STU0246,EN101,2025-04-21,absent
STU0246,EN101,2025-04-23,absent
STU0246,EN201,2025-04-25,late
STU0246,EN101,2025-04-29,absent
STU0247,PH101,2025-01-01,present
STU0247,PH301,2025-01-03,absent
STU0247,PH101,2025-01-07,present
STU0247,PH101,2025-01-09,late
STU0247,PH201,2025-01-13,present
STU0247,PH301,2025-01-15,present
STU0247,PH301,2025-01-17,present
STU0247,PH301,2025-01-21,present
STU0247,PH101,2025-01-23,present
STU0247,PH201,2025-01-27,absent
STU0247,PH101,2025-01-29,absent
STU0247,PH101,2025-01-31,present
STU0247,PH101,2025-02-04,absent
STU0247,PH101,2025-02-06,present
STU0247,PH201,2025-02-10,present
STU0247,PH301,2025-02-12,present
STU0247,PH201,2025-02-14,absent
STU0247,PH301,2025-02-18,present
STU0247,PH201,2025-02-20,present
STU0247,PH201,2025-02-24,present
STU0247,PH101,2025-02-26,present
STU0247,PH101,2025-02-28,present
STU0247,PH101,2025-03-04,present
STU0247,PH101,2025-03-06,present
STU0247,PH201,2025-03-10,present
STU0247,PH201,2025-03-12,absent
STU0247,PH101,2025-03-14,present
STU0247,PH101,2025-03-18,present
STU0247,PH301,2025-03-20,present
STU0247,PH301,2025-03-24,absent
STU0247,PH101,2025-03-26,absent
STU0247,PH101,2025-03-28,absent
STU0247,PH201,2025-04-01,present
STU0247,PH101,2025-04-03,absent
STU0247,PH101,2025-04-07,present
STU0247,PH201,2025-04-09,present
STU0247,PH101,2025-04-11,present
STU0247,PH101,2025-04-15,present
STU0247,PH201,2025-04-17,late
STU0247,PH101,2025-04-21,absent
STU0247,PH301,2025-04-23,present
STU0247,PH301,2025-04-25,present
STU0247,PH101,2025-04-29,present
STU0248,EN101,2025-01-01,present
STU0248,EN201,2025-01-03,present
STU0248,EN301,2025-01-07,absent
STU0248,EN201,2025-01-09,late
STU0248,EN101,2025-01-13,present
STU0248,EN201,2025-01-15,absent
STU0248,EN201,2025-01-17,present
STU0248,EN101,2025-01-21,present
STU0248,EN101,2025-01-23,present
STU0248,EN101,2025-01-27,present
STU0248,EN201,2025-01-29,absent
STU0248,EN101,2025-01-31,present
STU0248,EN201,2025-02-04,present
STU0248,EN101,2025-02-06,present
STU0248,EN301,2025-02-10,late
STU0248,EN101,2025-02-12,present
STU0248,EN101,2025-02-14,absent
STU0248,EN101,2025-02-18,absent
STU0248,EN101,2025-02-20,present
STU0248,EN101,2025-02-24,present
STU0248,EN201,2025-02-26,absent
STU0248,EN101,2025-02-28,present
STU0248,EN301,2025-03-04,late
STU0248,EN201,2025-03-06,present
STU0248,EN101,2025-03-10,present
STU0248,EN301,2025-03-12,absent
STU0248,EN301,2025-03-14,absent
STU0248,EN201,2025-03-18,late
STU0248,EN201,2025-03-20,present
STU0248,EN201,2025-03-24,late
STU0248,EN301,2025-03-26,absent
STU0248,EN201,2025-03-28,absent
STU0248,EN101,2025-04-01,present
STU0248,EN201,2025-04-03,present
STU0248,EN101,2025-04-07,late
STU0248,EN301,2025-04-09,present
STU0248,EN301,2025-04-11,present
STU0248,EN301,2025-04-15,present
STU0248,EN301,2025-04-17,present
STU0248,EN201,2025-04-21,present
STU0248,EN101,2025-04-23,present
STU0248,EN301,2025-04-25,absent
STU0248,EN101,2025-04-29,present
STU0249,CS501,2025-01-01,present
STU0249,CS101,2025-01-03,present
STU0249,CS101,2025-01-07,present
STU0249,CS301,2025-01-09,present
STU0249,CS401,2025-01-13,present
STU0249,CS401,2025-01-15,present
STU0249,CS201,2025-01-17,absent
STU0249,CS301,2025-01-21,present
STU0249,CS201,2025-01-23,present
STU0249,CS401,2025-01-27,present
STU0249,CS201,2025-01-29,present
STU0249,CS301,2025-01-31,present
STU0249,CS501,2025-02-04,present
STU0249,CS301,2025-02-06,present
STU0249,CS101,2025-02-10,present
STU0249,CS401,2025-02-12,present
STU0249,CS401,2025-02-14,present
STU0249,CS201,2025-02-18,absent
STU0249,CS301,2025-02-20,present
STU0249,CS201,2025-02-24,present
STU0249,CS301,2025-02-26,present
STU0249,CS101,2025-02-28,present
STU0249,CS201,2025-03-04,present
STU0249,CS101,2025-03-06,present
STU0249,CS201,2025-03-10,present
STU0249,CS201,2025-03-12,present
STU0249,CS501,2025-03-14,present
STU0249,CS401,2025-03-18,present
STU0249,CS401,2025-03-20,absent
STU0249,CS101,2025-03-24,present
STU0249,CS101,2025-03-26,present
STU0249,CS401,2025-03-28,present
STU0249,CS401,2025-04-01,late
STU0249,CS301,2025-04-03,present
STU0249,CS401,2025-04-07,present
STU0249,CS101,2025-04-09,present
STU0249,CS201,2025-04-11,present
STU0249,CS301,2025-04-15,present
STU0249,CS501,2025-04-17,present
STU0249,CS201,2025-04-21,late
STU0249,CS201,2025-04-23,present
STU0249,CS301,2025-04-25,present
STU0249,CS401,2025-04-29,present
STU0250,PH201,2025-01-01,present
STU0250,PH201,2025-01-03,present
STU0250,PH201,2025-01-07,present
STU0250,PH101,2025-01-09,present
STU0250,PH301,2025-01-13,present
STU0250,PH201,2025-01-15,late
STU0250,PH301,2025-01-17,absent
STU0250,PH101,2025-01-21,late
STU0250,PH201,2025-01-23,present
STU0250,PH201,2025-01-27,present
STU0250,PH101,2025-01-29,present
STU0250,PH201,2025-01-31,present
STU0250,PH201,2025-02-04,present
STU0250,PH101,2025-02-06,present
STU0250,PH101,2025-02-10,present
STU0250,PH101,2025-02-12,present
STU0250,PH301,2025-02-14,absent
STU0250,PH201,2025-02-18,absent
STU0250,PH301,2025-02-20,present
STU0250,PH301,2025-02-24,present
STU0250,PH301,2025-02-26,present
STU0250,PH201,2025-02-28,present
STU0250,PH301,2025-03-04,present
STU0250,PH301,2025-03-06,present
STU0250,PH201,2025-03-10,absent
STU0250,PH101,2025-03-12,absent
STU0250,PH201,2025-03-14,present
STU0250,PH101,2025-03-18,present
STU0250,PH201,2025-03-20,present
STU0250,PH301,2025-03-24,absent
STU0250,PH201,2025-03-26,present
STU0250,PH301,2025-03-28,present
STU0250,PH301,2025-04-01,present
STU0250,PH301,2025-04-03,present
STU0250,PH301,2025-04-07,absent
STU0250,PH301,2025-04-09,present
STU0250,PH301,2025-04-11,present
STU0250,PH101,2025-04-15,present
STU0250,PH201,2025-04-17,present
STU0250,PH301,2025-04-21,absent
STU0250,PH301,2025-04-23,absent
STU0250,PH101,2025-04-25,present
STU0250,PH101,2025-04-29,present
STU0251,MT401,2025-01-01,present
STU0251,MT101,2025-01-03,present
STU0251,MT301,2025-01-07,present
STU0251,MT101,2025-01-09,present
STU0251,MT101,2025-01-13,present
STU0251,MT101,2025-01-15,present
STU0251,MT301,2025-01-17,present
STU0251,MT201,2025-01-21,present
STU0251,MT301,2025-01-23,present
STU0251,MT101,2025-01-27,present
STU0251,MT201,2025-01-29,present
STU0251,MT301,2025-01-31,present
STU0251,MT301,2025-02-04,present
STU0251,MT301,2025-02-06,present
STU0251,MT301,2025-02-10,absent
STU0251,MT401,2025-02-12,present
STU0251,MT401,2025-02-14,present
STU0251,MT201,2025-02-18,present
STU0251,MT101,2025-02-20,present
STU0251,MT201,2025-02-24,present
STU0251,MT401,2025-02-26,present
STU0251,MT101,2025-02-28,present
STU0251,MT401,2025-03-04,present
STU0251,MT301,2025-03-06,present
STU0251,MT101,2025-03-10,present
STU0251,MT101,2025-03-12,present
STU0251,MT401,2025-03-14,present
STU0251,MT401,2025-03-18,present
STU0251,MT301,2025-03-20,absent
STU0251,MT301,2025-03-24,present
STU0251,MT301,2025-03-26,late
STU0251,MT101,2025-03-28,present
STU0251,MT301,2025-04-01,absent
STU0251,MT401,2025-04-03,present
STU0251,MT101,2025-04-07,present
STU0251,MT201,2025-04-09,present
STU0251,MT301,2025-04-11,present
STU0251,MT101,2025-04-15,present
STU0251,MT101,2025-04-17,present
STU0251,MT101,2025-04-21,present
STU0251,MT401,2025-04-23,absent
STU0251,MT401,2025-04-25,present
STU0251,MT101,2025-04-29,absent
STU0252,EN201,2025-01-01,present
STU0252,EN101,2025-01-03,present
STU0252,EN201,2025-01-07,present
STU0252,EN101,2025-01-09,present
STU0252,EN101,2025-01-13,present
STU0252,EN301,2025-01-15,absent
STU0252,EN101,2025-01-17,present
STU0252,EN101,2025-01-21,present
STU0252,EN101,2025-01-23,absent
STU0252,EN301,2025-01-27,present
STU0252,EN101,2025-01-29,late
STU0252,EN201,2025-01-31,late
STU0252,EN101,2025-02-04,present
STU0252,EN301,2025-02-06,present
STU0252,EN101,2025-02-10,present
STU0252,EN101,2025-02-12,absent
STU0252,EN301,2025-02-14,present
STU0252,EN301,2025-02-18,present
STU0252,EN301,2025-02-20,absent
STU0252,EN301,2025-02-24,present
STU0252,EN101,2025-02-26,absent
STU0252,EN201,2025-02-28,present
STU0252,EN101,2025-03-04,present
STU0252,EN101,2025-03-06,absent
STU0252,EN101,2025-03-10,present
STU0252,EN201,2025-03-12,present
STU0252,EN201,2025-03-14,present
STU0252,EN301,2025-03-18,present
STU0252,EN201,2025-03-20,present
STU0252,EN201,2025-03-24,late
STU0252,EN201,2025-03-26,present
STU0252,EN201,2025-03-28,present
STU0252,EN101,2025-04-01,present
STU0252,EN101,2025-04-03,present
STU0252,EN101,2025-04-07,late
STU0252,EN301,2025-04-09,absent
STU0252,EN101,2025-04-11,present
STU0252,EN301,2025-04-15,present
STU0252,EN301,2025-04-17,present
STU0252,EN301,2025-04-21,present
STU0252,EN201,2025-04-23,present
STU0252,EN201,2025-04-25,present
STU0252,EN101,2025-04-29,late
STU0253,BU401,2025-01-01,present
STU0253,BU101,2025-01-03,absent
STU0253,BU401,2025-01-07,present
STU0253,BU201,2025-01-09,present
STU0253,BU301,2025-01-13,present
STU0253,BU101,2025-01-15,present
STU0253,BU101,2025-01-17,present
STU0253,BU401,2025-01-21,present
STU0253,BU301,2025-01-23,present
STU0253,BU201,2025-01-27,present
STU0253,BU301,2025-01-29,present
STU0253,BU201,2025-01-31,absent
STU0253,BU301,2025-02-04,absent
STU0253,BU101,2025-02-06,present
STU0253,BU101,2025-02-10,present
STU0253,BU301,2025-02-12,present
STU0253,BU401,2025-02-14,present
STU0253,BU301,2025-02-18,present
STU0253,BU301,2025-02-20,present
STU0253,BU401,2025-02-24,present
STU0253,BU401,2025-02-26,present
STU0253,BU201,2025-02-28,present
STU0253,BU301,2025-03-04,present
STU0253,BU201,2025-03-06,present
STU0253,BU201,2025-03-10,absent
STU0253,BU201,2025-03-12,present
STU0253,BU101,2025-03-14,present
STU0253,BU401,2025-03-18,present
STU0253,BU301,2025-03-20,present
STU0253,BU201,2025-03-24,late
STU0253,BU101,2025-03-26,present
STU0253,BU101,2025-03-28,present
STU0253,BU401,2025-04-01,present
STU0253,BU301,2025-04-03,present
STU0253,BU401,2025-04-07,present
STU0253,BU101,2025-04-09,present
STU0253,BU201,2025-04-11,present
STU0253,BU301,2025-04-15,present
STU0253,BU101,2025-04-17,absent
STU0253,BU301,2025-04-21,present
STU0253,BU201,2025-04-23,present
STU0253,BU201,2025-04-25,present
STU0253,BU301,2025-04-29,present
STU0254,EN301,2025-01-01,late
STU0254,EN201,2025-01-03,present
STU0254,EN201,2025-01-07,present
STU0254,EN201,2025-01-09,present
STU0254,EN101,2025-01-13,present
STU0254,EN101,2025-01-15,present
STU0254,EN201,2025-01-17,present
STU0254,EN201,2025-01-21,present
STU0254,EN201,2025-01-23,present
STU0254,EN201,2025-01-27,absent
STU0254,EN201,2025-01-29,present
STU0254,EN101,2025-01-31,absent
STU0254,EN101,2025-02-04,present
STU0254,EN101,2025-02-06,absent
STU0254,EN201,2025-02-10,present
STU0254,EN201,2025-02-12,present
STU0254,EN301,2025-02-14,present
STU0254,EN201,2025-02-18,present
STU0254,EN101,2025-02-20,present
STU0254,EN201,2025-02-24,present
STU0254,EN101,2025-02-26,present
STU0254,EN201,2025-02-28,present
STU0254,EN301,2025-03-04,present
STU0254,EN201,2025-03-06,absent
STU0254,EN101,2025-03-10,present
STU0254,EN101,2025-03-12,present
STU0254,EN301,2025-03-14,present
STU0254,EN101,2025-03-18,present
STU0254,EN201,2025-03-20,present
STU0254,EN301,2025-03-24,absent
STU0254,EN101,2025-03-26,present
STU0254,EN101,2025-03-28,present
STU0254,EN301,2025-04-01,present
STU0254,EN301,2025-04-03,present
STU0254,EN201,2025-04-07,absent
STU0254,EN301,2025-04-09,absent
STU0254,EN201,2025-04-11,present
STU0254,EN301,2025-04-15,present
STU0254,EN101,2025-04-17,present
STU0254,EN301,2025-04-21,present
STU0254,EN101,2025-04-23,present
STU0254,EN301,2025-04-25,present
STU0254,EN101,2025-04-29,present
STU0255,PH201,2025-01-01,present
STU0255,PH301,2025-01-03,present
STU0255,PH301,2025-01-07,absent
STU0255,PH301,2025-01-09,present
STU0255,PH101,2025-01-13,absent
STU0255,PH301,2025-01-15,present
STU0255,PH201,2025-01-17,present
STU0255,PH301,2025-01-21,absent
STU0255,PH201,2025-01-23,absent
STU0255,PH301,2025-01-27,present
STU0255,PH301,2025-01-29,present
STU0255,PH301,2025-01-31,absent
STU0255,PH201,2025-02-04,present
STU0255,PH201,2025-02-06,present
STU0255,PH301,2025-02-10,late
STU0255,PH201,2025-02-12,present
STU0255,PH101,2025-02-14,present
STU0255,PH101,2025-02-18,present
STU0255,PH301,2025-02-20,present
STU0255,PH301,2025-02-24,absent
STU0255,PH101,2025-02-26,present
STU0255,PH101,2025-02-28,present
STU0255,PH201,2025-03-04,present
STU0255,PH101,2025-03-06,absent
STU0255,PH301,2025-03-10,present
STU0255,PH301,2025-03-12,late
STU0255,PH201,2025-03-14,present
STU0255,PH301,2025-03-18,late
STU0255,PH201,2025-03-20,present
STU0255,PH301,2025-03-24,absent
STU0255,PH201,2025-03-26,present
STU0255,PH201,2025-03-28,present
STU0255,PH201,2025-04-01,absent
STU0255,PH201,2025-04-03,absent
STU0255,PH101,2025-04-07,present
STU0255,PH101,2025-04-09,absent
STU0255,PH201,2025-04-11,present
STU0255,PH301,2025-04-15,absent
STU0255,PH101,2025-04-17,present
STU0255,PH201,2025-04-21,present
STU0255,PH301,2025-04-23,present
STU0255,PH301,2025-04-25,present
STU0255,PH301,2025-04-29,absent
STU0256,PH201,2025-01-01,present
STU0256,PH101,2025-01-03,present
STU0256,PH201,2025-01-07,present
STU0256,PH301,2025-01-09,present
STU0256,PH201,2025-01-13,present
STU0256,PH101,2025-01-15,present
STU0256,PH101,2025-01-17,absent
STU0256,PH301,2025-01-21,present
STU0256,PH201,2025-01-23,present
STU0256,PH301,2025-01-27,present
STU0256,PH201,2025-01-29,present
STU0256,PH101,2025-01-31,absent
STU0256,PH201,2025-02-04,present
STU0256,PH101,2025-02-06,present
STU0256,PH101,2025-02-10,present
STU0256,PH301,2025-02-12,present
STU0256,PH301,2025-02-14,present
STU0256,PH201,2025-02-18,absent
STU0256,PH201,2025-02-20,present
STU0256,PH101,2025-02-24,present
STU0256,PH201,2025-02-26,present
STU0256,PH101,2025-02-28,present
STU0256,PH301,2025-03-04,present
STU0256,PH101,2025-03-06,absent
STU0256,PH201,2025-03-10,present
STU0256,PH101,2025-03-12,present
STU0256,PH101,2025-03-14,present
STU0256,PH301,2025-03-18,present
STU0256,PH101,2025-03-20,present
STU0256,PH301,2025-03-24,absent
STU0256,PH201,2025-03-26,present
STU0256,PH301,2025-03-28,absent
STU0256,PH201,2025-04-01,present
STU0256,PH301,2025-04-03,present
STU0256,PH301,2025-04-07,present
STU0256,PH301,2025-04-09,present
STU0256,PH201,2025-04-11,present
STU0256,PH201,2025-04-15,present
STU0256,PH301,2025-04-17,present
STU0256,PH101,2025-04-21,present
STU0256,PH301,2025-04-23,absent
STU0256,PH301,2025-04-25,present
STU0256,PH201,2025-04-29,absent
STU0257,BU201,2025-01-01,absent
STU0257,BU101,2025-01-03,present
STU0257,BU301,2025-01-07,present
STU0257,BU301,2025-01-09,absent
STU0257,BU101,2025-01-13,late
STU0257,BU301,2025-01-15,present
STU0257,BU401,2025-01-17,absent
STU0257,BU201,2025-01-21,late
STU0257,BU101,2025-01-23,absent
STU0257,BU301,2025-01-27,late
STU0257,BU401,2025-01-29,present
STU0257,BU201,2025-01-31,late
STU0257,BU401,2025-02-04,absent
STU0257,BU401,2025-02-06,present
STU0257,BU101,2025-02-10,late
STU0257,BU401,2025-02-12,present
STU0257,BU201,2025-02-14,present
STU0257,BU201,2025-02-18,present
STU0257,BU301,2025-02-20,present
STU0257,BU101,2025-02-24,present
STU0257,BU401,2025-02-26,absent
STU0257,BU101,2025-02-28,present
STU0257,BU101,2025-03-04,present
STU0257,BU301,2025-03-06,present
STU0257,BU301,2025-03-10,present
STU0257,BU101,2025-03-12,absent
STU0257,BU401,2025-03-14,absent
STU0257,BU201,2025-03-18,late
STU0257,BU401,2025-03-20,present
STU0257,BU101,2025-03-24,present
STU0257,BU101,2025-03-26,late
STU0257,BU401,2025-03-28,absent
STU0257,BU201,2025-04-01,present
STU0257,BU101,2025-04-03,absent
STU0257,BU101,2025-04-07,late
STU0257,BU201,2025-04-09,absent
STU0257,BU101,2025-04-11,present
STU0257,BU401,2025-04-15,absent
STU0257,BU301,2025-04-17,present
STU0257,BU201,2025-04-21,present
STU0257,BU201,2025-04-23,present
STU0257,BU201,2025-04-25,present
STU0257,BU201,2025-04-29,present
STU0258,MT201,2025-01-01,present
STU0258,MT101,2025-01-03,present
STU0258,MT201,2025-01-07,absent
STU0258,MT301,2025-01-09,late
STU0258,MT401,2025-01-13,present
STU0258,MT401,2025-01-15,present
STU0258,MT401,2025-01-17,late
STU0258,MT201,2025-01-21,present
STU0258,MT301,2025-01-23,absent
STU0258,MT101,2025-01-27,absent
STU0258,MT201,2025-01-29,present
STU0258,MT301,2025-01-31,absent
STU0258,MT401,2025-02-04,absent
STU0258,MT101,2025-02-06,present
STU0258,MT401,2025-02-10,present
STU0258,MT201,2025-02-12,present
STU0258,MT401,2025-02-14,present
STU0258,MT101,2025-02-18,present
STU0258,MT301,2025-02-20,present
STU0258,MT101,2025-02-24,present
STU0258,MT201,2025-02-26,late
STU0258,MT301,2025-02-28,present
STU0258,MT201,2025-03-04,present
STU0258,MT401,2025-03-06,present
STU0258,MT401,2025-03-10,present
STU0258,MT201,2025-03-12,present
STU0258,MT201,2025-03-14,present
STU0258,MT201,2025-03-18,present
STU0258,MT301,2025-03-20,absent
STU0258,MT401,2025-03-24,late
STU0258,MT201,2025-03-26,present
STU0258,MT401,2025-03-28,present
STU0258,MT301,2025-04-01,present
STU0258,MT201,2025-04-03,absent
STU0258,MT101,2025-04-07,present
STU0258,MT301,2025-04-09,late
STU0258,MT201,2025-04-11,present
STU0258,MT101,2025-04-15,present
STU0258,MT301,2025-04-17,present
STU0258,MT201,2025-04-21,late
STU0258,MT101,2025-04-23,absent
STU0258,MT401,2025-04-25,present
STU0258,MT201,2025-04-29,present
STU0259,PH201,2025-01-01,present
STU0259,PH201,2025-01-03,present
STU0259,PH101,2025-01-07,present
STU0259,PH201,2025-01-09,present
STU0259,PH301,2025-01-13,present
STU0259,PH301,2025-01-15,late
STU0259,PH201,2025-01-17,present
STU0259,PH101,2025-01-21,absent
STU0259,PH301,2025-01-23,present
STU0259,PH301,2025-01-27,present
STU0259,PH301,2025-01-29,present
STU0259,PH201,2025-01-31,present
STU0259,PH101,2025-02-04,present
STU0259,PH201,2025-02-06,present
STU0259,PH101,2025-02-10,present
STU0259,PH301,2025-02-12,present
STU0259,PH201,2025-02-14,present
STU0259,PH301,2025-02-18,present
STU0259,PH101,2025-02-20,present
STU0259,PH301,2025-02-24,present
STU0259,PH201,2025-02-26,present
STU0259,PH101,2025-02-28,absent
STU0259,PH301,2025-03-04,absent
STU0259,PH101,2025-03-06,present
STU0259,PH301,2025-03-10,present
STU0259,PH201,2025-03-12,present
STU0259,PH201,2025-03-14,present
STU0259,PH301,2025-03-18,present
STU0259,PH301,2025-03-20,present
STU0259,PH301,2025-03-24,present
STU0259,PH301,2025-03-26,present
STU0259,PH201,2025-03-28,present
STU0259,PH201,2025-04-01,present
STU0259,PH301,2025-04-03,present
STU0259,PH301,2025-04-07,present
STU0259,PH301,2025-04-09,present
STU0259,PH101,2025-04-11,present
STU0259,PH201,2025-04-15,present
STU0259,PH201,2025-04-17,present
STU0259,PH301,2025-04-21,present
STU0259,PH101,2025-04-23,present
STU0259,PH201,2025-04-25,present
STU0259,PH101,2025-04-29,present
STU0260,CS401,2025-01-01,absent
STU0260,CS501,2025-01-03,present
STU0260,CS301,2025-01-07,late
STU0260,CS401,2025-01-09,absent
STU0260,CS201,2025-01-13,late
STU0260,CS201,2025-01-15,present
STU0260,CS501,2025-01-17,absent
STU0260,CS101,2025-01-21,present
STU0260,CS401,2025-01-23,present
STU0260,CS101,2025-01-27,present
STU0260,CS201,2025-01-29,present
STU0260,CS501,2025-01-31,absent
STU0260,CS201,2025-02-04,absent
STU0260,CS101,2025-02-06,present
STU0260,CS201,2025-02-10,present
STU0260,CS301,2025-02-12,present
STU0260,CS101,2025-02-14,present
STU0260,CS101,2025-02-18,absent
STU0260,CS101,2025-02-20,present
STU0260,CS201,2025-02-24,late
STU0260,CS201,2025-02-26,present
STU0260,CS101,2025-02-28,present
STU0260,CS101,2025-03-04,present
STU0260,CS101,2025-03-06,present
STU0260,CS401,2025-03-10,present
STU0260,CS301,2025-03-12,absent
STU0260,CS201,2025-03-14,absent
STU0260,CS301,2025-03-18,present
STU0260,CS101,2025-03-20,present
STU0260,CS201,2025-03-24,present
STU0260,CS301,2025-03-26,present
STU0260,CS401,2025-03-28,present
STU0260,CS501,2025-04-01,present
STU0260,CS301,2025-04-03,absent
STU0260,CS501,2025-04-07,absent
STU0260,CS301,2025-04-09,late
STU0260,CS101,2025-04-11,present
STU0260,CS201,2025-04-15,late
STU0260,CS201,2025-04-17,present
STU0260,CS201,2025-04-21,present
STU0260,CS201,2025-04-23,late
STU0260,CS201,2025-04-25,present
STU0260,CS201,2025-04-29,present
STU0261,MT201,2025-01-01,present
STU0261,MT101,2025-01-03,absent
STU0261,MT401,2025-01-07,present
STU0261,MT201,2025-01-09,present
STU0261,MT301,2025-01-13,present
STU0261,MT401,2025-01-15,late
STU0261,MT101,2025-01-17,present
STU0261,MT301,2025-01-21,present
STU0261,MT201,2025-01-23,present
STU0261,MT101,2025-01-27,present
STU0261,MT201,2025-01-29,present
STU0261,MT401,2025-01-31,present
STU0261,MT101,2025-02-04,present
STU0261,MT301,2025-02-06,present
STU0261,MT401,2025-02-10,present
STU0261,MT201,2025-02-12,present
STU0261,MT401,2025-02-14,present
STU0261,MT201,2025-02-18,present
STU0261,MT101,2025-02-20,present
STU0261,MT201,2025-02-24,absent
STU0261,MT101,2025-02-26,present
STU0261,MT401,2025-02-28,present
STU0261,MT201,2025-03-04,present
STU0261,MT201,2025-03-06,present
STU0261,MT401,2025-03-10,absent
STU0261,MT101,2025-03-12,absent
STU0261,MT101,2025-03-14,present
STU0261,MT201,2025-03-18,present
STU0261,MT401,2025-03-20,present
STU0261,MT101,2025-03-24,present
STU0261,MT301,2025-03-26,present
STU0261,MT101,2025-03-28,present
STU0261,MT201,2025-04-01,present
STU0261,MT101,2025-04-03,present
STU0261,MT401,2025-04-07,present
STU0261,MT301,2025-04-09,present
STU0261,MT301,2025-04-11,present
STU0261,MT201,2025-04-15,present
STU0261,MT101,2025-04-17,present
STU0261,MT201,2025-04-21,present
STU0261,MT401,2025-04-23,present
STU0261,MT301,2025-04-25,present
STU0261,MT401,2025-04-29,present
STU0262,EN301,2025-01-01,absent
STU0262,EN101,2025-01-03,present
STU0262,EN301,2025-01-07,present
STU0262,EN101,2025-01-09,present
STU0262,EN101,2025-01-13,late
STU0262,EN101,2025-01-15,present
STU0262,EN101,2025-01-17,present
STU0262,EN201,2025-01-21,absent
STU0262,EN101,2025-01-23,present
STU0262,EN301,2025-01-27,present
STU0262,EN201,2025-01-29,present
STU0262,EN301,2025-01-31,present
STU0262,EN201,2025-02-04,present
STU0262,EN201,2025-02-06,present
STU0262,EN101,2025-02-10,absent
STU0262,EN201,2025-02-12,present
STU0262,EN201,2025-02-14,present
STU0262,EN201,2025-02-18,present
STU0262,EN201,2025-02-20,absent
STU0262,EN101,2025-02-24,present
STU0262,EN201,2025-02-26,present
STU0262,EN201,2025-02-28,present
STU0262,EN101,2025-03-04,absent
STU0262,EN101,2025-03-06,present
STU0262,EN201,2025-03-10,present
STU0262,EN101,2025-03-12,present
STU0262,EN201,2025-03-14,absent
STU0262,EN201,2025-03-18,present
STU0262,EN301,2025-03-20,present
STU0262,EN301,2025-03-24,absent
STU0262,EN301,2025-03-26,absent
STU0262,EN101,2025-03-28,present
STU0262,EN101,2025-04-01,late
STU0262,EN201,2025-04-03,present
STU0262,EN301,2025-04-07,present
STU0262,EN301,2025-04-09,absent
STU0262,EN101,2025-04-11,present
STU0262,EN301,2025-04-15,present
STU0262,EN101,2025-04-17,present
STU0262,EN301,2025-04-21,present
STU0262,EN101,2025-04-23,present
STU0262,EN301,2025-04-25,present
STU0262,EN301,2025-04-29,absent
STU0263,CS201,2025-01-01,present
STU0263,CS501,2025-01-03,present
STU0263,CS201,2025-01-07,absent
STU0263,CS501,2025-01-09,present
STU0263,CS301,2025-01-13,present
STU0263,CS101,2025-01-15,present
STU0263,CS201,2025-01-17,present
STU0263,CS501,2025-01-21,present
STU0263,CS301,2025-01-23,present
STU0263,CS401,2025-01-27,present
STU0263,CS401,2025-01-29,present
STU0263,CS501,2025-01-31,present
STU0263,CS501,2025-02-04,absent
STU0263,CS201,2025-02-06,present
STU0263,CS301,2025-02-10,present
STU0263,CS501,2025-02-12,present
STU0263,CS401,2025-02-14,late
STU0263,CS301,2025-02-18,present
STU0263,CS201,2025-02-20,absent
STU0263,CS401,2025-02-24,present
STU0263,CS101,2025-02-26,late
STU0263,CS301,2025-02-28,present
STU0263,CS401,2025-03-04,present
STU0263,CS301,2025-03-06,present
STU0263,CS101,2025-03-10,present
STU0263,CS301,2025-03-12,present
STU0263,CS201,2025-03-14,present
STU0263,CS201,2025-03-18,present
STU0263,CS101,2025-03-20,present
STU0263,CS401,2025-03-24,present
STU0263,CS101,2025-03-26,present
STU0263,CS401,2025-03-28,present
STU0263,CS401,2025-04-01,present
STU0263,CS401,2025-04-03,present
STU0263,CS401,2025-04-07,present
STU0263,CS101,2025-04-09,present
STU0263,CS401,2025-04-11,present
STU0263,CS201,2025-04-15,present
STU0263,CS201,2025-04-17,present
STU0263,CS101,2025-04-21,present
STU0263,CS101,2025-04-23,late
STU0263,CS501,2025-04-25,present
STU0263,CS101,2025-04-29,present
STU0264,EN301,2025-01-01,present
STU0264,EN201,2025-01-03,present
STU0264,EN301,2025-01-07,present
STU0264,EN101,2025-01-09,present
STU0264,EN101,2025-01-13,late
STU0264,EN301,2025-01-15,late
STU0264,EN201,2025-01-17,absent
STU0264,EN201,2025-01-21,present
STU0264,EN301,2025-01-23,present
STU0264,EN101,2025-01-27,present
STU0264,EN101,2025-01-29,late
STU0264,EN301,2025-01-31,present
STU0264,EN101,2025-02-04,present
STU0264,EN201,2025-02-06,present
STU0264,EN101,2025-02-10,present
STU0264,EN301,2025-02-12,late
STU0264,EN101,2025-02-14,present
STU0264,EN101,2025-02-18,present
STU0264,EN201,2025-02-20,present
STU0264,EN301,2025-02-24,absent
STU0264,EN101,2025-02-26,present
STU0264,EN101,2025-02-28,absent
STU0264,EN201,2025-03-04,present
STU0264,EN201,2025-03-06,absent
STU0264,EN301,2025-03-10,present
STU0264,EN101,2025-03-12,present
STU0264,EN201,2025-03-14,present
STU0264,EN101,2025-03-18,present
STU0264,EN101,2025-03-20,present
STU0264,EN201,2025-03-24,absent
STU0264,EN301,2025-03-26,present
STU0264,EN301,2025-03-28,present
STU0264,EN301,2025-04-01,present
STU0264,EN101,2025-04-03,present
STU0264,EN101,2025-04-07,absent
STU0264,EN201,2025-04-09,present
STU0264,EN101,2025-04-11,late
STU0264,EN301,2025-04-15,late
STU0264,EN301,2025-04-17,present
STU0264,EN101,2025-04-21,present
STU0264,EN101,2025-04-23,absent
STU0264,EN101,2025-04-25,present
STU0264,EN201,2025-04-29,present
STU0265,BU301,2025-01-01,present
STU0265,BU201,2025-01-03,present
STU0265,BU101,2025-01-07,absent
STU0265,BU401,2025-01-09,present
STU0265,BU201,2025-01-13,present
STU0265,BU101,2025-01-15,late
STU0265,BU401,2025-01-17,absent
STU0265,BU201,2025-01-21,present
STU0265,BU301,2025-01-23,absent
STU0265,BU401,2025-01-27,present
STU0265,BU301,2025-01-29,absent
STU0265,BU201,2025-01-31,present
STU0265,BU301,2025-02-04,present
STU0265,BU401,2025-02-06,absent
STU0265,BU301,2025-02-10,present
STU0265,BU401,2025-02-12,late
STU0265,BU201,2025-02-14,present
STU0265,BU201,2025-02-18,late
STU0265,BU301,2025-02-20,late
STU0265,BU301,2025-02-24,present
STU0265,BU101,2025-02-26,absent
STU0265,BU401,2025-02-28,present
STU0265,BU301,2025-03-04,late
STU0265,BU201,2025-03-06,present
STU0265,BU101,2025-03-10,absent
STU0265,BU301,2025-03-12,present
STU0265,BU201,2025-03-14,present
STU0265,BU401,2025-03-18,present
STU0265,BU401,2025-03-20,present
STU0265,BU101,2025-03-24,absent
STU0265,BU201,2025-03-26,present
STU0265,BU101,2025-03-28,absent
STU0265,BU401,2025-04-01,present
STU0265,BU201,2025-04-03,present
STU0265,BU101,2025-04-07,present
STU0265,BU301,2025-04-09,absent
STU0265,BU401,2025-04-11,late
STU0265,BU101,2025-04-15,present
STU0265,BU201,2025-04-17,present
STU0265,BU301,2025-04-21,present
STU0265,BU301,2025-04-23,present
STU0265,BU101,2025-04-25,present
STU0265,BU101,2025-04-29,absent
STU0266,CS501,2025-01-01,present
STU0266,CS501,2025-01-03,present
STU0266,CS401,2025-01-07,present
STU0266,CS501,2025-01-09,present
STU0266,CS301,2025-01-13,present
STU0266,CS301,2025-01-15,present
STU0266,CS301,2025-01-17,present
STU0266,CS401,2025-01-21,absent
STU0266,CS301,2025-01-23,present
STU0266,CS401,2025-01-27,absent
STU0266,CS501,2025-01-29,present
STU0266,CS101,2025-01-31,present
STU0266,CS401,2025-02-04,present
STU0266,CS301,2025-02-06,present
STU0266,CS301,2025-02-10,present
STU0266,CS201,2025-02-12,present
STU0266,CS101,2025-02-14,present
STU0266,CS301,2025-02-18,present
STU0266,CS301,2025-02-20,present
STU0266,CS101,2025-02-24,present
STU0266,CS301,2025-02-26,present
STU0266,CS101,2025-02-28,absent
STU0266,CS301,2025-03-04,present
STU0266,CS301,2025-03-06,present
STU0266,CS401,2025-03-10,present
STU0266,CS401,2025-03-12,present
STU0266,CS301,2025-03-14,present
STU0266,CS101,2025-03-18,late
STU0266,CS501,2025-03-20,present
STU0266,CS201,2025-03-24,absent
STU0266,CS101,2025-03-26,present
STU0266,CS101,2025-03-28,present
STU0266,CS401,2025-04-01,present
STU0266,CS401,2025-04-03,present
STU0266,CS301,2025-04-07,present
STU0266,CS501,2025-04-09,present
STU0266,CS501,2025-04-11,present
STU0266,CS201,2025-04-15,late
STU0266,CS101,2025-04-17,present
STU0266,CS101,2025-04-21,absent
STU0266,CS101,2025-04-23,present
STU0266,CS201,2025-04-25,present
STU0266,CS301,2025-04-29,absent
STU0267,BU101,2025-01-01,absent
STU0267,BU301,2025-01-03,present
STU0267,BU101,2025-01-07,present
STU0267,BU301,2025-01-09,present
STU0267,BU101,2025-01-13,present
STU0267,BU401,2025-01-15,present
STU0267,BU401,2025-01-17,present
STU0267,BU101,2025-01-21,absent
STU0267,BU101,2025-01-23,absent
STU0267,BU301,2025-01-27,present
STU0267,BU301,2025-01-29,present
STU0267,BU401,2025-01-31,absent
STU0267,BU301,2025-02-04,present
STU0267,BU301,2025-02-06,present
STU0267,BU301,2025-02-10,present
STU0267,BU101,2025-02-12,present
STU0267,BU101,2025-02-14,late
STU0267,BU101,2025-02-18,present
STU0267,BU101,2025-02-20,present
STU0267,BU301,2025-02-24,present
STU0267,BU101,2025-02-26,absent
STU0267,BU101,2025-02-28,absent
STU0267,BU301,2025-03-04,present
STU0267,BU401,2025-03-06,present
STU0267,BU301,2025-03-10,present
STU0267,BU301,2025-03-12,present
STU0267,BU301,2025-03-14,present
STU0267,BU401,2025-03-18,present
STU0267,BU401,2025-03-20,present
STU0267,BU201,2025-03-24,present
STU0267,BU301,2025-03-26,present
STU0267,BU401,2025-03-28,absent
STU0267,BU301,2025-04-01,present
STU0267,BU201,2025-04-03,present
STU0267,BU301,2025-04-07,late
STU0267,BU401,2025-04-09,present
STU0267,BU101,2025-04-11,present
STU0267,BU301,2025-04-15,present
STU0267,BU201,2025-04-17,present
STU0267,BU301,2025-04-21,present
STU0267,BU401,2025-04-23,present
STU0267,BU401,2025-04-25,absent
STU0267,BU201,2025-04-29,present
STU0268,CS301,2025-01-01,present
STU0268,CS401,2025-01-03,present
STU0268,CS401,2025-01-07,present
STU0268,CS101,2025-01-09,present
STU0268,CS101,2025-01-13,present
STU0268,CS201,2025-01-15,present
STU0268,CS501,2025-01-17,present
STU0268,CS101,2025-01-21,present
STU0268,CS401,2025-01-23,present
STU0268,CS501,2025-01-27,absent
STU0268,CS301,2025-01-29,present
STU0268,CS101,2025-01-31,present
STU0268,CS101,2025-02-04,present
STU0268,CS501,2025-02-06,present
STU0268,CS101,2025-02-10,present
STU0268,CS201,2025-02-12,present
STU0268,CS101,2025-02-14,present
STU0268,CS401,2025-02-18,present
STU0268,CS301,2025-02-20,late
STU0268,CS201,2025-02-24,present
STU0268,CS301,2025-02-26,absent
STU0268,CS101,2025-02-28,present
STU0268,CS501,2025-03-04,present
STU0268,CS101,2025-03-06,present
STU0268,CS301,2025-03-10,present
STU0268,CS501,2025-03-12,absent
STU0268,CS301,2025-03-14,present
STU0268,CS501,2025-03-18,present
STU0268,CS101,2025-03-20,present
STU0268,CS301,2025-03-24,present
STU0268,CS201,2025-03-26,present
STU0268,CS101,2025-03-28,absent
STU0268,CS301,2025-04-01,present
STU0268,CS101,2025-04-03,present
STU0268,CS401,2025-04-07,present
STU0268,CS101,2025-04-09,present
STU0268,CS401,2025-04-11,present
STU0268,CS301,2025-04-15,present
STU0268,CS101,2025-04-17,absent
STU0268,CS401,2025-04-21,present
STU0268,CS301,2025-04-23,present
STU0268,CS401,2025-04-25,present
STU0268,CS401,2025-04-29,present
STU0269,CS401,2025-01-01,present
STU0269,CS201,2025-01-03,absent
STU0269,CS101,2025-01-07,present
STU0269,CS101,2025-01-09,absent
STU0269,CS201,2025-01-13,present
STU0269,CS201,2025-01-15,present
STU0269,CS201,2025-01-17,late
STU0269,CS101,2025-01-21,present
STU0269,CS501,2025-01-23,absent
STU0269,CS401,2025-01-27,present
STU0269,CS401,2025-01-29,present
STU0269,CS401,2025-01-31,absent
STU0269,CS101,2025-02-04,absent
STU0269,CS201,2025-02-06,present
STU0269,CS301,2025-02-10,present
STU0269,CS301,2025-02-12,present
STU0269,CS401,2025-02-14,absent
STU0269,CS101,2025-02-18,present
STU0269,CS401,2025-02-20,absent
STU0269,CS501,2025-02-24,present
STU0269,CS301,2025-02-26,present
STU0269,CS301,2025-02-28,present
STU0269,CS301,2025-03-04,present
STU0269,CS401,2025-03-06,late
STU0269,CS501,2025-03-10,present
STU0269,CS401,2025-03-12,late
STU0269,CS301,2025-03-14,present
STU0269,CS301,2025-03-18,absent
STU0269,CS501,2025-03-20,absent
STU0269,CS501,2025-03-24,present
STU0269,CS201,2025-03-26,present
STU0269,CS301,2025-03-28,present
STU0269,CS301,2025-04-01,absent
STU0269,CS101,2025-04-03,absent
STU0269,CS501,2025-04-07,present
STU0269,CS201,2025-04-09,absent
STU0269,CS201,2025-04-11,present
STU0269,CS501,2025-04-15,present
STU0269,CS101,2025-04-17,absent
STU0269,CS101,2025-04-21,present
STU0269,CS201,2025-04-23,absent
STU0269,CS401,2025-04-25,present
STU0269,CS201,2025-04-29,present
STU0270,BU301,2025-01-01,present
STU0270,BU301,2025-01-03,present
STU0270,BU401,2025-01-07,absent
STU0270,BU201,2025-01-09,present
STU0270,BU401,2025-01-13,present
STU0270,BU301,2025-01-15,present
STU0270,BU101,2025-01-17,present
STU0270,BU301,2025-01-21,absent
STU0270,BU301,2025-01-23,present
STU0270,BU301,2025-01-27,present
STU0270,BU101,2025-01-29,absent
STU0270,BU101,2025-01-31,present
STU0270,BU301,2025-02-04,absent
STU0270,BU401,2025-02-06,present
STU0270,BU301,2025-02-10,present
STU0270,BU301,2025-02-12,absent
STU0270,BU401,2025-02-14,present
STU0270,BU201,2025-02-18,present
STU0270,BU201,2025-02-20,present
STU0270,BU301,2025-02-24,present
STU0270,BU401,2025-02-26,present
STU0270,BU101,2025-02-28,absent
STU0270,BU401,2025-03-04,present
STU0270,BU201,2025-03-06,present
STU0270,BU401,2025-03-10,absent
STU0270,BU401,2025-03-12,present
STU0270,BU401,2025-03-14,present
STU0270,BU401,2025-03-18,absent
STU0270,BU301,2025-03-20,absent
STU0270,BU401,2025-03-24,present
STU0270,BU201,2025-03-26,present
STU0270,BU401,2025-03-28,present
STU0270,BU101,2025-04-01,present
STU0270,BU301,2025-04-03,present
STU0270,BU201,2025-04-07,absent
STU0270,BU301,2025-04-09,late
STU0270,BU201,2025-04-11,absent
STU0270,BU301,2025-04-15,present
STU0270,BU101,2025-04-17,absent
STU0270,BU101,2025-04-21,present
STU0270,BU401,2025-04-23,present
STU0270,BU101,2025-04-25,present
STU0270,BU401,2025-04-29,present
STU0271,BU201,2025-01-01,absent
STU0271,BU401,2025-01-03,present
STU0271,BU301,2025-01-07,present
STU0271,BU401,2025-01-09,late
STU0271,BU401,2025-01-13,present
STU0271,BU401,2025-01-15,present
STU0271,BU401,2025-01-17,present
STU0271,BU401,2025-01-21,present
STU0271,BU401,2025-01-23,absent
STU0271,BU101,2025-01-27,present
STU0271,BU101,2025-01-29,present
STU0271,BU101,2025-01-31,present
STU0271,BU201,2025-02-04,present
STU0271,BU301,2025-02-06,present
STU0271,BU201,2025-02-10,present
STU0271,BU401,2025-02-12,present
STU0271,BU301,2025-02-14,present
STU0271,BU201,2025-02-18,present
STU0271,BU301,2025-02-20,present
STU0271,BU201,2025-02-24,present
STU0271,BU101,2025-02-26,absent
STU0271,BU401,2025-02-28,absent
STU0271,BU401,2025-03-04,present
STU0271,BU401,2025-03-06,absent
STU0271,BU101,2025-03-10,present
STU0271,BU301,2025-03-12,present
STU0271,BU401,2025-03-14,present
STU0271,BU401,2025-03-18,present
STU0271,BU301,2025-03-20,present
STU0271,BU101,2025-03-24,present
STU0271,BU101,2025-03-26,late
STU0271,BU301,2025-03-28,absent
STU0271,BU401,2025-04-01,present
STU0271,BU201,2025-04-03,present
STU0271,BU401,2025-04-07,present
STU0271,BU401,2025-04-09,present
STU0271,BU101,2025-04-11,present
STU0271,BU301,2025-04-15,present
STU0271,BU301,2025-04-17,present
STU0271,BU401,2025-04-21,present
STU0271,BU401,2025-04-23,present
STU0271,BU401,2025-04-25,present
STU0271,BU101,2025-04-29,present
STU0272,PH201,2025-01-01,present
STU0272,PH101,2025-01-03,absent
STU0272,PH201,2025-01-07,present
STU0272,PH201,2025-01-09,late
STU0272,PH201,2025-01-13,late
STU0272,PH101,2025-01-15,present
STU0272,PH101,2025-01-17,present
STU0272,PH201,2025-01-21,absent
STU0272,PH301,2025-01-23,late
STU0272,PH101,2025-01-27,present
STU0272,PH301,2025-01-29,absent
STU0272,PH101,2025-01-31,absent
STU0272,PH201,2025-02-04,present
STU0272,PH201,2025-02-06,present
STU0272,PH201,2025-02-10,absent
STU0272,PH201,2025-02-12,absent
STU0272,PH301,2025-02-14,present
STU0272,PH201,2025-02-18,present
STU0272,PH101,2025-02-20,present
STU0272,PH301,2025-02-24,present
STU0272,PH301,2025-02-26,late
STU0272,PH301,2025-02-28,present
STU0272,PH301,2025-03-04,present
STU0272,PH301,2025-03-06,present
STU0272,PH201,2025-03-10,present
STU0272,PH201,2025-03-12,present
STU0272,PH201,2025-03-14,present
STU0272,PH101,2025-03-18,present
STU0272,PH201,2025-03-20,present
STU0272,PH201,2025-03-24,present
STU0272,PH301,2025-03-26,present
STU0272,PH101,2025-03-28,late
STU0272,PH201,2025-04-01,present
STU0272,PH201,2025-04-03,present
STU0272,PH201,2025-04-07,absent
STU0272,PH301,2025-04-09,present
STU0272,PH301,2025-04-11,present
STU0272,PH201,2025-04-15,present
STU0272,PH201,2025-04-17,present
STU0272,PH201,2025-04-21,absent
STU0272,PH301,2025-04-23,late
STU0272,PH201,2025-04-25,present
STU0272,PH301,2025-04-29,present
STU0273,PH301,2025-01-01,present
STU0273,PH301,2025-01-03,late
STU0273,PH201,2025-01-07,late
STU0273,PH201,2025-01-09,present
STU0273,PH301,2025-01-13,present
STU0273,PH201,2025-01-15,present
STU0273,PH101,2025-01-17,present
STU0273,PH101,2025-01-21,present
STU0273,PH201,2025-01-23,present
STU0273,PH301,2025-01-27,present
STU0273,PH201,2025-01-29,late
STU0273,PH101,2025-01-31,late
STU0273,PH101,2025-02-04,present
STU0273,PH301,2025-02-06,present
STU0273,PH201,2025-02-10,absent
STU0273,PH101,2025-02-12,present
STU0273,PH301,2025-02-14,absent
STU0273,PH201,2025-02-18,present
STU0273,PH101,2025-02-20,present
STU0273,PH101,2025-02-24,present
STU0273,PH301,2025-02-26,present
STU0273,PH201,2025-02-28,absent
STU0273,PH101,2025-03-04,present
STU0273,PH201,2025-03-06,present
STU0273,PH301,2025-03-10,present
STU0273,PH201,2025-03-12,absent
STU0273,PH101,2025-03-14,present
STU0273,PH301,2025-03-18,present
STU0273,PH301,2025-03-20,present
STU0273,PH301,2025-03-24,present
STU0273,PH301,2025-03-26,present
STU0273,PH101,2025-03-28,absent
STU0273,PH201,2025-04-01,present
STU0273,PH201,2025-04-03,present
STU0273,PH301,2025-04-07,absent
STU0273,PH201,2025-04-09,present
STU0273,PH301,2025-04-11,present
STU0273,PH301,2025-04-15,present
STU0273,PH301,2025-04-17,present
STU0273,PH201,2025-04-21,absent
STU0273,PH101,2025-04-23,present
STU0273,PH301,2025-04-25,present
STU0273,PH301,2025-04-29,absent
STU0274,PH301,2025-01-01,present
STU0274,PH201,2025-01-03,present
STU0274,PH101,2025-01-07,present
STU0274,PH301,2025-01-09,present
STU0274,PH301,2025-01-13,late
STU0274,PH201,2025-01-15,absent
STU0274,PH201,2025-01-17,present
STU0274,PH101,2025-01-21,present
STU0274,PH101,2025-01-23,present
STU0274,PH201,2025-01-27,present
STU0274,PH201,2025-01-29,present
STU0274,PH301,2025-01-31,present
STU0274,PH301,2025-02-04,absent
STU0274,PH101,2025-02-06,present
STU0274,PH301,2025-02-10,present
STU0274,PH101,2025-02-12,present
STU0274,PH201,2025-02-14,present
STU0274,PH201,2025-02-18,absent
STU0274,PH301,2025-02-20,absent
STU0274,PH201,2025-02-24,absent
STU0274,PH201,2025-02-26,present
STU0274,PH301,2025-02-28,present
STU0274,PH101,2025-03-04,present
STU0274,PH301,2025-03-06,present
STU0274,PH301,2025-03-10,present
STU0274,PH201,2025-03-12,present
STU0274,PH101,2025-03-14,present
STU0274,PH301,2025-03-18,present
STU0274,PH201,2025-03-20,present
STU0274,PH101,2025-03-24,present
STU0274,PH101,2025-03-26,present
STU0274,PH201,2025-03-28,present
STU0274,PH301,2025-04-01,present
STU0274,PH201,2025-04-03,present
STU0274,PH101,2025-04-07,present
STU0274,PH201,2025-04-09,late
STU0274,PH201,2025-04-11,present
STU0274,PH101,2025-04-15,present
STU0274,PH201,2025-04-17,present
STU0274,PH201,2025-04-21,absent
STU0274,PH201,2025-04-23,present
STU0274,PH301,2025-04-25,present
STU0274,PH301,2025-04-29,present
STU0275,PH201,2025-01-01,present
STU0275,PH101,2025-01-03,present
STU0275,PH201,2025-01-07,present
STU0275,PH201,2025-01-09,absent
STU0275,PH101,2025-01-13,absent
STU0275,PH201,2025-01-15,present
STU0275,PH201,2025-01-17,present
STU0275,PH301,2025-01-21,present
STU0275,PH101,2025-01-23,present
STU0275,PH301,2025-01-27,present
STU0275,PH101,2025-01-29,late
STU0275,PH201,2025-01-31,present
STU0275,PH101,2025-02-04,present
STU0275,PH301,2025-02-06,absent
STU0275,PH201,2025-02-10,present
STU0275,PH301,2025-02-12,present
STU0275,PH201,2025-02-14,present
STU0275,PH101,2025-02-18,present
STU0275,PH301,2025-02-20,present
STU0275,PH201,2025-02-24,present
STU0275,PH101,2025-02-26,present
STU0275,PH201,2025-02-28,late
STU0275,PH301,2025-03-04,late
STU0275,PH101,2025-03-06,present
STU0275,PH201,2025-03-10,present
STU0275,PH101,2025-03-12,present
STU0275,PH101,2025-03-14,present
STU0275,PH201,2025-03-18,present
STU0275,PH301,2025-03-20,late
STU0275,PH101,2025-03-24,absent
STU0275,PH201,2025-03-26,present
STU0275,PH201,2025-03-28,present
STU0275,PH301,2025-04-01,present
STU0275,PH201,2025-04-03,present
STU0275,PH301,2025-04-07,present
STU0275,PH101,2025-04-09,present
STU0275,PH201,2025-04-11,present
STU0275,PH301,2025-04-15,present
STU0275,PH301,2025-04-17,absent
STU0275,PH101,2025-04-21,present
STU0275,PH101,2025-04-23,present
STU0275,PH101,2025-04-25,present
STU0275,PH201,2025-04-29,present
STU0276,EN301,2025-01-01,present
STU0276,EN101,2025-01-03,present
STU0276,EN101,2025-01-07,absent
STU0276,EN301,2025-01-09,present
STU0276,EN101,2025-01-13,present
STU0276,EN101,2025-01-15,present
STU0276,EN101,2025-01-17,present
STU0276,EN301,2025-01-21,present
STU0276,EN201,2025-01-23,absent
STU0276,EN301,2025-01-27,present
STU0276,EN301,2025-01-29,present
STU0276,EN101,2025-01-31,present
STU0276,EN101,2025-02-04,present
STU0276,EN101,2025-02-06,present
STU0276,EN201,2025-02-10,present
STU0276,EN201,2025-02-12,present
STU0276,EN101,2025-02-14,present
STU0276,EN101,2025-02-18,absent
STU0276,EN201,2025-02-20,present
STU0276,EN301,2025-02-24,late
STU0276,EN301,2025-02-26,present
STU0276,EN101,2025-02-28,absent
STU0276,EN201,2025-03-04,present
STU0276,EN301,2025-03-06,present
STU0276,EN201,2025-03-10,late
STU0276,EN101,2025-03-12,present
STU0276,EN301,2025-03-14,absent
STU0276,EN101,2025-03-18,absent
STU0276,EN101,2025-03-20,present
STU0276,EN301,2025-03-24,present
STU0276,EN201,2025-03-26,present
STU0276,EN301,2025-03-28,present
STU0276,EN301,2025-04-01,present
STU0276,EN301,2025-04-03,present
STU0276,EN201,2025-04-07,present
STU0276,EN301,2025-04-09,absent
STU0276,EN301,2025-04-11,present
STU0276,EN101,2025-04-15,present
STU0276,EN101,2025-04-17,absent
STU0276,EN301,2025-04-21,present
STU0276,EN301,2025-04-23,present
STU0276,EN101,2025-04-25,present
STU0276,EN301,2025-04-29,present
STU0277,CS301,2025-01-01,present
STU0277,CS401,2025-01-03,present
STU0277,CS301,2025-01-07,late
STU0277,CS101,2025-01-09,present
STU0277,CS201,2025-01-13,present
STU0277,CS101,2025-01-15,present
STU0277,CS101,2025-01-17,absent
STU0277,CS501,2025-01-21,late
STU0277,CS201,2025-01-23,absent
STU0277,CS501,2025-01-27,present
STU0277,CS401,2025-01-29,present
STU0277,CS501,2025-01-31,absent
STU0277,CS101,2025-02-04,present
STU0277,CS301,2025-02-06,present
STU0277,CS401,2025-02-10,present
STU0277,CS301,2025-02-12,present
STU0277,CS501,2025-02-14,absent
STU0277,CS301,2025-02-18,present
STU0277,CS101,2025-02-20,present
STU0277,CS101,2025-02-24,present
STU0277,CS201,2025-02-26,present
STU0277,CS101,2025-02-28,present
STU0277,CS201,2025-03-04,present
STU0277,CS201,2025-03-06,present
STU0277,CS501,2025-03-10,present
STU0277,CS101,2025-03-12,present
STU0277,CS301,2025-03-14,present
STU0277,CS501,2025-03-18,present
STU0277,CS401,2025-03-20,present
STU0277,CS401,2025-03-24,absent
STU0277,CS401,2025-03-26,present
STU0277,CS501,2025-03-28,present
STU0277,CS301,2025-04-01,present
STU0277,CS201,2025-04-03,late
STU0277,CS201,2025-04-07,present
STU0277,CS501,2025-04-09,present
STU0277,CS301,2025-04-11,absent
STU0277,CS201,2025-04-15,absent
STU0277,CS501,2025-04-17,absent
STU0277,CS201,2025-04-21,present
STU0277,CS401,2025-04-23,present
STU0277,CS301,2025-04-25,present
STU0277,CS301,2025-04-29,late
STU0278,MT201,2025-01-01,present
STU0278,MT301,2025-01-03,present
STU0278,MT401,2025-01-07,late
STU0278,MT201,2025-01-09,late
STU0278,MT401,2025-01-13,late
STU0278,MT401,2025-01-15,absent
STU0278,MT201,2025-01-17,late
STU0278,MT301,2025-01-21,present
STU0278,MT301,2025-01-23,absent
STU0278,MT101,2025-01-27,absent
STU0278,MT201,2025-01-29,present
STU0278,MT101,2025-01-31,present
STU0278,MT201,2025-02-04,late
STU0278,MT401,2025-02-06,present
STU0278,MT401,2025-02-10,absent
STU0278,MT201,2025-02-12,present
STU0278,MT101,2025-02-14,present
STU0278,MT401,2025-02-18,present
STU0278,MT201,2025-02-20,present
STU0278,MT101,2025-02-24,absent
STU0278,MT401,2025-02-26,present
STU0278,MT201,2025-02-28,present
STU0278,MT301,2025-03-04,present
STU0278,MT101,2025-03-06,present
STU0278,MT301,2025-03-10,present
STU0278,MT301,2025-03-12,absent
STU0278,MT201,2025-03-14,present
STU0278,MT201,2025-03-18,present
STU0278,MT401,2025-03-20,present
STU0278,MT401,2025-03-24,present
STU0278,MT201,2025-03-26,present
STU0278,MT301,2025-03-28,present
STU0278,MT301,2025-04-01,absent
STU0278,MT201,2025-04-03,late
STU0278,MT401,2025-04-07,absent
STU0278,MT201,2025-04-09,present
STU0278,MT401,2025-04-11,present
STU0278,MT401,2025-04-15,present
STU0278,MT401,2025-04-17,absent
STU0278,MT201,2025-04-21,late
STU0278,MT301,2025-04-23,present
STU0278,MT101,2025-04-25,present
STU0278,MT201,2025-04-29,absent
STU0279,EN301,2025-01-01,absent
STU0279,EN201,2025-01-03,absent
STU0279,EN201,2025-01-07,present
STU0279,EN101,2025-01-09,late
STU0279,EN301,2025-01-13,present
STU0279,EN201,2025-01-15,absent
STU0279,EN201,2025-01-17,late
STU0279,EN201,2025-01-21,absent
STU0279,EN201,2025-01-23,present
STU0279,EN301,2025-01-27,present
STU0279,EN201,2025-01-29,present
STU0279,EN301,2025-01-31,present
STU0279,EN101,2025-02-04,absent
STU0279,EN101,2025-02-06,present
STU0279,EN201,2025-02-10,present
STU0279,EN101,2025-02-12,absent
STU0279,EN201,2025-02-14,present
STU0279,EN201,2025-02-18,present
STU0279,EN301,2025-02-20,present
STU0279,EN101,2025-02-24,present
STU0279,EN301,2025-02-26,present
STU0279,EN201,2025-02-28,absent
STU0279,EN301,2025-03-04,present
STU0279,EN201,2025-03-06,absent
STU0279,EN201,2025-03-10,present
STU0279,EN101,2025-03-12,present
STU0279,EN301,2025-03-14,present
STU0279,EN201,2025-03-18,present
STU0279,EN101,2025-03-20,present
STU0279,EN301,2025-03-24,present
STU0279,EN201,2025-03-26,present
STU0279,EN201,2025-03-28,present
STU0279,EN101,2025-04-01,present
STU0279,EN101,2025-04-03,present
STU0279,EN301,2025-04-07,absent
STU0279,EN301,2025-04-09,late
STU0279,EN101,2025-04-11,present
STU0279,EN101,2025-04-15,present
STU0279,EN101,2025-04-17,late
STU0279,EN201,2025-04-21,present
STU0279,EN101,2025-04-23,late
STU0279,EN201,2025-04-25,present
STU0279,EN101,2025-04-29,absent
STU0280,EN301,2025-01-01,present
STU0280,EN101,2025-01-03,late
STU0280,EN201,2025-01-07,present
STU0280,EN101,2025-01-09,present
STU0280,EN301,2025-01-13,present
STU0280,EN101,2025-01-15,present
STU0280,EN101,2025-01-17,absent
STU0280,EN301,2025-01-21,present
STU0280,EN201,2025-01-23,late
STU0280,EN101,2025-01-27,present
STU0280,EN301,2025-01-29,absent
STU0280,EN101,2025-01-31,present
STU0280,EN201,2025-02-04,late
STU0280,EN101,2025-02-06,late
STU0280,EN101,2025-02-10,present
STU0280,EN201,2025-02-12,absent
STU0280,EN201,2025-02-14,absent
STU0280,EN201,2025-02-18,present
STU0280,EN301,2025-02-20,present
STU0280,EN101,2025-02-24,present
STU0280,EN201,2025-02-26,absent
STU0280,EN301,2025-02-28,present
STU0280,EN201,2025-03-04,present
STU0280,EN101,2025-03-06,present
STU0280,EN201,2025-03-10,present
STU0280,EN201,2025-03-12,absent
STU0280,EN101,2025-03-14,late
STU0280,EN101,2025-03-18,present
STU0280,EN301,2025-03-20,present
STU0280,EN101,2025-03-24,absent
STU0280,EN201,2025-03-26,present
STU0280,EN101,2025-03-28,present
STU0280,EN101,2025-04-01,present
STU0280,EN301,2025-04-03,present
STU0280,EN101,2025-04-07,present
STU0280,EN101,2025-04-09,absent
STU0280,EN101,2025-04-11,present
STU0280,EN301,2025-04-15,absent
STU0280,EN201,2025-04-17,present
STU0280,EN301,2025-04-21,present
STU0280,EN201,2025-04-23,absent
STU0280,EN201,2025-04-25,present
STU0280,EN201,2025-04-29,present
STU0281,BU401,2025-01-01,present
STU0281,BU201,2025-01-03,present
STU0281,BU101,2025-01-07,absent
STU0281,BU201,2025-01-09,present
STU0281,BU401,2025-01-13,present
STU0281,BU101,2025-01-15,present
STU0281,BU101,2025-01-17,present
STU0281,BU101,2025-01-21,late
STU0281,BU401,2025-01-23,absent
STU0281,BU301,2025-01-27,present
STU0281,BU201,2025-01-29,present
STU0281,BU101,2025-01-31,present
STU0281,BU401,2025-02-04,present
STU0281,BU301,2025-02-06,absent
STU0281,BU401,2025-02-10,absent
STU0281,BU101,2025-02-12,present
STU0281,BU401,2025-02-14,absent
STU0281,BU201,2025-02-18,present
STU0281,BU101,2025-02-20,present
STU0281,BU201,2025-02-24,present
STU0281,BU101,2025-02-26,late
STU0281,BU401,2025-02-28,absent
STU0281,BU201,2025-03-04,present
STU0281,BU401,2025-03-06,present
STU0281,BU201,2025-03-10,late
STU0281,BU201,2025-03-12,present
STU0281,BU401,2025-03-14,present
STU0281,BU101,2025-03-18,late
STU0281,BU101,2025-03-20,absent
STU0281,BU101,2025-03-24,present
STU0281,BU101,2025-03-26,present
STU0281,BU301,2025-03-28,present
STU0281,BU201,2025-04-01,present
STU0281,BU401,2025-04-03,late
STU0281,BU201,2025-04-07,present
STU0281,BU101,2025-04-09,absent
STU0281,BU201,2025-04-11,present
STU0281,BU201,2025-04-15,present
STU0281,BU301,2025-04-17,present
STU0281,BU101,2025-04-21,absent
STU0281,BU101,2025-04-23,present
STU0281,BU401,2025-04-25,present
STU0281,BU101,2025-04-29,present
STU0282,BU201,2025-01-01,present
STU0282,BU401,2025-01-03,present
STU0282,BU301,2025-01-07,present
STU0282,BU301,2025-01-09,present
STU0282,BU401,2025-01-13,present
STU0282,BU401,2025-01-15,present
STU0282,BU101,2025-01-17,present
STU0282,BU201,2025-01-21,present
STU0282,BU301,2025-01-23,present
STU0282,BU101,2025-01-27,present
STU0282,BU301,2025-01-29,absent
STU0282,BU201,2025-01-31,present
STU0282,BU301,2025-02-04,present
STU0282,BU101,2025-02-06,present
STU0282,BU301,2025-02-10,absent
STU0282,BU401,2025-02-12,absent
STU0282,BU101,2025-02-14,present
STU0282,BU101,2025-02-18,present
STU0282,BU101,2025-02-20,present
STU0282,BU101,2025-02-24,late
STU0282,BU301,2025-02-26,absent
STU0282,BU301,2025-02-28,present
STU0282,BU101,2025-03-04,absent
STU0282,BU101,2025-03-06,absent
STU0282,BU301,2025-03-10,present
STU0282,BU201,2025-03-12,present
STU0282,BU101,2025-03-14,present
STU0282,BU101,2025-03-18,present
STU0282,BU301,2025-03-20,absent
STU0282,BU401,2025-03-24,present
STU0282,BU101,2025-03-26,absent
STU0282,BU201,2025-03-28,late
STU0282,BU401,2025-04-01,present
STU0282,BU401,2025-04-03,present
STU0282,BU201,2025-04-07,absent
STU0282,BU301,2025-04-09,absent
STU0282,BU401,2025-04-11,absent
STU0282,BU401,2025-04-15,present
STU0282,BU401,2025-04-17,present
STU0282,BU401,2025-04-21,present
STU0282,BU101,2025-04-23,late
STU0282,BU301,2025-04-25,present
STU0282,BU301,2025-04-29,late
STU0283,PH301,2025-01-01,present
STU0283,PH201,2025-01-03,late
STU0283,PH201,2025-01-07,present
STU0283,PH101,2025-01-09,present
STU0283,PH201,2025-01-13,present
STU0283,PH201,2025-01-15,present
STU0283,PH201,2025-01-17,present
STU0283,PH101,2025-01-21,present
STU0283,PH201,2025-01-23,present
STU0283,PH101,2025-01-27,present
STU0283,PH101,2025-01-29,absent
STU0283,PH201,2025-01-31,present
STU0283,PH201,2025-02-04,present
STU0283,PH201,2025-02-06,absent
STU0283,PH101,2025-02-10,present
STU0283,PH201,2025-02-12,late
STU0283,PH301,2025-02-14,present
STU0283,PH201,2025-02-18,present
STU0283,PH301,2025-02-20,present
STU0283,PH301,2025-02-24,present
STU0283,PH301,2025-02-26,present
STU0283,PH301,2025-02-28,present
STU0283,PH201,2025-03-04,present
STU0283,PH101,2025-03-06,present
STU0283,PH301,2025-03-10,present
STU0283,PH201,2025-03-12,present
STU0283,PH201,2025-03-14,present
STU0283,PH201,2025-03-18,present
STU0283,PH101,2025-03-20,present
STU0283,PH301,2025-03-24,present
STU0283,PH301,2025-03-26,present
STU0283,PH101,2025-03-28,present
STU0283,PH201,2025-04-01,present
STU0283,PH201,2025-04-03,present
STU0283,PH101,2025-04-07,present
STU0283,PH101,2025-04-09,present
STU0283,PH201,2025-04-11,present
STU0283,PH301,2025-04-15,present
STU0283,PH301,2025-04-17,present
STU0283,PH101,2025-04-21,present
STU0283,PH201,2025-04-23,absent
STU0283,PH101,2025-04-25,absent
STU0283,PH201,2025-04-29,present
STU0284,BU101,2025-01-01,present
STU0284,BU101,2025-01-03,present
STU0284,BU401,2025-01-07,absent
STU0284,BU301,2025-01-09,present
STU0284,BU301,2025-01-13,late
STU0284,BU401,2025-01-15,present
STU0284,BU101,2025-01-17,present
STU0284,BU201,2025-01-21,present
STU0284,BU401,2025-01-23,present
STU0284,BU401,2025-01-27,present
STU0284,BU401,2025-01-29,present
STU0284,BU301,2025-01-31,present
STU0284,BU101,2025-02-04,absent
STU0284,BU301,2025-02-06,present
STU0284,BU301,2025-02-10,present
STU0284,BU301,2025-02-12,present
STU0284,BU101,2025-02-14,present
STU0284,BU301,2025-02-18,present
STU0284,BU301,2025-02-20,present
STU0284,BU201,2025-02-24,present
STU0284,BU301,2025-02-26,present
STU0284,BU201,2025-02-28,present
STU0284,BU401,2025-03-04,present
STU0284,BU401,2025-03-06,late
STU0284,BU101,2025-03-10,present
STU0284,BU101,2025-03-12,present
STU0284,BU301,2025-03-14,present
STU0284,BU101,2025-03-18,absent
STU0284,BU101,2025-03-20,present
STU0284,BU301,2025-03-24,present
STU0284,BU101,2025-03-26,present
STU0284,BU201,2025-03-28,present
STU0284,BU401,2025-04-01,absent
STU0284,BU401,2025-04-03,present
STU0284,BU201,2025-04-07,present
STU0284,BU401,2025-04-09,present
STU0284,BU301,2025-04-11,present
STU0284,BU401,2025-04-15,absent
STU0284,BU101,2025-04-17,present
STU0284,BU301,2025-04-21,present
STU0284,BU201,2025-04-23,present
STU0284,BU301,2025-04-25,present
STU0284,BU101,2025-04-29,present
STU0285,MT401,2025-01-01,late
STU0285,MT101,2025-01-03,late
STU0285,MT301,2025-01-07,present
STU0285,MT201,2025-01-09,present
STU0285,MT101,2025-01-13,present
STU0285,MT401,2025-01-15,present
STU0285,MT401,2025-01-17,present
STU0285,MT101,2025-01-21,present
STU0285,MT401,2025-01-23,present
STU0285,MT101,2025-01-27,present
STU0285,MT101,2025-01-29,present
STU0285,MT401,2025-01-31,present
STU0285,MT101,2025-02-04,absent
STU0285,MT301,2025-02-06,present
STU0285,MT201,2025-02-10,present
STU0285,MT401,2025-02-12,present
STU0285,MT301,2025-02-14,present
STU0285,MT401,2025-02-18,present
STU0285,MT201,2025-02-20,present
STU0285,MT201,2025-02-24,late
STU0285,MT401,2025-02-26,present
STU0285,MT401,2025-02-28,present
STU0285,MT401,2025-03-04,present
STU0285,MT101,2025-03-06,late
STU0285,MT101,2025-03-10,absent
STU0285,MT301,2025-03-12,absent
STU0285,MT301,2025-03-14,present
STU0285,MT101,2025-03-18,late
STU0285,MT401,2025-03-20,present
STU0285,MT101,2025-03-24,present
STU0285,MT301,2025-03-26,absent
STU0285,MT101,2025-03-28,late
STU0285,MT101,2025-04-01,present
STU0285,MT401,2025-04-03,present
STU0285,MT401,2025-04-07,present
STU0285,MT101,2025-04-09,present
STU0285,MT101,2025-04-11,present
STU0285,MT401,2025-04-15,late
STU0285,MT301,2025-04-17,present
STU0285,MT101,2025-04-21,absent
STU0285,MT101,2025-04-23,absent
STU0285,MT101,2025-04-25,present
STU0285,MT401,2025-04-29,absent
STU0286,PH201,2025-01-01,present
STU0286,PH301,2025-01-03,present
STU0286,PH201,2025-01-07,present
STU0286,PH101,2025-01-09,present
STU0286,PH301,2025-01-13,present
STU0286,PH201,2025-01-15,late
STU0286,PH201,2025-01-17,present
STU0286,PH201,2025-01-21,present
STU0286,PH201,2025-01-23,present
STU0286,PH201,2025-01-27,present
STU0286,PH101,2025-01-29,present
STU0286,PH301,2025-01-31,present
STU0286,PH301,2025-02-04,present
STU0286,PH201,2025-02-06,present
STU0286,PH201,2025-02-10,present
STU0286,PH201,2025-02-12,absent
STU0286,PH101,2025-02-14,present
STU0286,PH201,2025-02-18,absent
STU0286,PH201,2025-02-20,present
STU0286,PH201,2025-02-24,present
STU0286,PH101,2025-02-26,present
STU0286,PH301,2025-02-28,present
STU0286,PH101,2025-03-04,present
STU0286,PH301,2025-03-06,present
STU0286,PH301,2025-03-10,present
STU0286,PH101,2025-03-12,present
STU0286,PH101,2025-03-14,late
STU0286,PH301,2025-03-18,present
STU0286,PH101,2025-03-20,present
STU0286,PH201,2025-03-24,present
STU0286,PH301,2025-03-26,present
STU0286,PH101,2025-03-28,present
STU0286,PH201,2025-04-01,present
STU0286,PH101,2025-04-03,present
STU0286,PH101,2025-04-07,present
STU0286,PH301,2025-04-09,present
STU0286,PH301,2025-04-11,present
STU0286,PH101,2025-04-15,late
STU0286,PH101,2025-04-17,present
STU0286,PH201,2025-04-21,present
STU0286,PH101,2025-04-23,absent
STU0286,PH201,2025-04-25,present
STU0286,PH101,2025-04-29,present
STU0287,CS301,2025-01-01,present
STU0287,CS501,2025-01-03,present
STU0287,CS401,2025-01-07,late
STU0287,CS501,2025-01-09,present
STU0287,CS201,2025-01-13,present
STU0287,CS201,2025-01-15,present
STU0287,CS401,2025-01-17,absent
STU0287,CS401,2025-01-21,present
STU0287,CS301,2025-01-23,present
STU0287,CS101,2025-01-27,late
STU0287,CS501,2025-01-29,present
STU0287,CS501,2025-01-31,present
STU0287,CS101,2025-02-04,present
STU0287,CS201,2025-02-06,present
STU0287,CS101,2025-02-10,present
STU0287,CS301,2025-02-12,present
STU0287,CS501,2025-02-14,present
STU0287,CS501,2025-02-18,present
STU0287,CS301,2025-02-20,present
STU0287,CS301,2025-02-24,present
STU0287,CS401,2025-02-26,present
STU0287,CS401,2025-02-28,late
STU0287,CS501,2025-03-04,present
STU0287,CS501,2025-03-06,late
STU0287,CS501,2025-03-10,present
STU0287,CS101,2025-03-12,present
STU0287,CS101,2025-03-14,present
STU0287,CS201,2025-03-18,absent
STU0287,CS201,2025-03-20,absent
STU0287,CS301,2025-03-24,present
STU0287,CS401,2025-03-26,absent
STU0287,CS201,2025-03-28,present
STU0287,CS101,2025-04-01,present
STU0287,CS501,2025-04-03,late
STU0287,CS201,2025-04-07,absent
STU0287,CS401,2025-04-09,late
STU0287,CS101,2025-04-11,present
STU0287,CS101,2025-04-15,present
STU0287,CS501,2025-04-17,present
STU0287,CS501,2025-04-21,present
STU0287,CS101,2025-04-23,absent
STU0287,CS201,2025-04-25,present
STU0287,CS301,2025-04-29,present
STU0288,BU401,2025-01-01,present
STU0288,BU101,2025-01-03,present
STU0288,BU101,2025-01-07,present
STU0288,BU401,2025-01-09,present
STU0288,BU201,2025-01-13,present
STU0288,BU101,2025-01-15,present
STU0288,BU401,2025-01-17,present
STU0288,BU201,2025-01-21,present
STU0288,BU401,2025-01-23,present
STU0288,BU101,2025-01-27,present
STU0288,BU201,2025-01-29,absent
STU0288,BU301,2025-01-31,present
STU0288,BU301,2025-02-04,present
STU0288,BU301,2025-02-06,present
STU0288,BU101,2025-02-10,present
STU0288,BU301,2025-02-12,present
STU0288,BU101,2025-02-14,present
STU0288,BU401,2025-02-18,present
STU0288,BU401,2025-02-20,present
STU0288,BU401,2025-02-24,present
STU0288,BU101,2025-02-26,present
STU0288,BU401,2025-02-28,present
STU0288,BU401,2025-03-04,present
STU0288,BU201,2025-03-06,present
STU0288,BU401,2025-03-10,present
STU0288,BU301,2025-03-12,present
STU0288,BU401,2025-03-14,present
STU0288,BU201,2025-03-18,present
STU0288,BU401,2025-03-20,present
STU0288,BU101,2025-03-24,present
STU0288,BU201,2025-03-26,present
STU0288,BU301,2025-03-28,present
STU0288,BU201,2025-04-01,present
STU0288,BU401,2025-04-03,absent
STU0288,BU401,2025-04-07,present
STU0288,BU201,2025-04-09,present
STU0288,BU201,2025-04-11,present
STU0288,BU101,2025-04-15,present
STU0288,BU201,2025-04-17,absent
STU0288,BU201,2025-04-21,present
STU0288,BU301,2025-04-23,present
STU0288,BU301,2025-04-25,present
STU0288,BU301,2025-04-29,present
STU0289,CS101,2025-01-01,present
STU0289,CS501,2025-01-03,present
STU0289,CS101,2025-01-07,absent
STU0289,CS401,2025-01-09,present
STU0289,CS501,2025-01-13,late
STU0289,CS301,2025-01-15,present
STU0289,CS101,2025-01-17,present
STU0289,CS501,2025-01-21,late
STU0289,CS401,2025-01-23,present
STU0289,CS501,2025-01-27,absent
STU0289,CS401,2025-01-29,absent
STU0289,CS201,2025-01-31,present
STU0289,CS501,2025-02-04,present
STU0289,CS401,2025-02-06,present
STU0289,CS101,2025-02-10,present
STU0289,CS501,2025-02-12,present
STU0289,CS201,2025-02-14,present
STU0289,CS301,2025-02-18,present
STU0289,CS101,2025-02-20,present
STU0289,CS101,2025-02-24,present
STU0289,CS101,2025-02-26,late
STU0289,CS101,2025-02-28,present
STU0289,CS401,2025-03-04,present
STU0289,CS401,2025-03-06,present
STU0289,CS301,2025-03-10,late
STU0289,CS501,2025-03-12,late
STU0289,CS301,2025-03-14,present
STU0289,CS501,2025-03-18,absent
STU0289,CS301,2025-03-20,present
STU0289,CS201,2025-03-24,late
STU0289,CS501,2025-03-26,present
STU0289,CS201,2025-03-28,present
STU0289,CS101,2025-04-01,present
STU0289,CS101,2025-04-03,present
STU0289,CS301,2025-04-07,absent
STU0289,CS401,2025-04-09,present
STU0289,CS101,2025-04-11,late
STU0289,CS201,2025-04-15,present
STU0289,CS301,2025-04-17,present
STU0289,CS401,2025-04-21,present
STU0289,CS101,2025-04-23,present
STU0289,CS501,2025-04-25,absent
STU0289,CS501,2025-04-29,present
STU0290,MT401,2025-01-01,present
STU0290,MT101,2025-01-03,present
STU0290,MT401,2025-01-07,present
STU0290,MT301,2025-01-09,late
STU0290,MT201,2025-01-13,present
STU0290,MT401,2025-01-15,absent
STU0290,MT301,2025-01-17,present
STU0290,MT101,2025-01-21,present
STU0290,MT301,2025-01-23,late
STU0290,MT301,2025-01-27,present
STU0290,MT401,2025-01-29,present
STU0290,MT101,2025-01-31,present
STU0290,MT301,2025-02-04,present
STU0290,MT201,2025-02-06,absent
STU0290,MT101,2025-02-10,present
STU0290,MT301,2025-02-12,absent
STU0290,MT401,2025-02-14,present
STU0290,MT101,2025-02-18,present
STU0290,MT201,2025-02-20,present
STU0290,MT401,2025-02-24,present
STU0290,MT101,2025-02-26,late
STU0290,MT201,2025-02-28,present
STU0290,MT401,2025-03-04,present
STU0290,MT401,2025-03-06,absent
STU0290,MT301,2025-03-10,absent
STU0290,MT301,2025-03-12,present
STU0290,MT101,2025-03-14,absent
STU0290,MT201,2025-03-18,present
STU0290,MT101,2025-03-20,present
STU0290,MT101,2025-03-24,present
STU0290,MT301,2025-03-26,present
STU0290,MT101,2025-03-28,present
STU0290,MT101,2025-04-01,present
STU0290,MT301,2025-04-03,present
STU0290,MT401,2025-04-07,absent
STU0290,MT301,2025-04-09,late
STU0290,MT301,2025-04-11,absent
STU0290,MT401,2025-04-15,present
STU0290,MT201,2025-04-17,present
STU0290,MT101,2025-04-21,present
STU0290,MT301,2025-04-23,present
STU0290,MT201,2025-04-25,present
STU0290,MT401,2025-04-29,present
STU0291,PH201,2025-01-01,present
STU0291,PH101,2025-01-03,present
STU0291,PH201,2025-01-07,present
STU0291,PH101,2025-01-09,present
STU0291,PH301,2025-01-13,present
STU0291,PH101,2025-01-15,present
STU0291,PH301,2025-01-17,present
STU0291,PH201,2025-01-21,present
STU0291,PH101,2025-01-23,present
STU0291,PH201,2025-01-27,present
STU0291,PH101,2025-01-29,absent
STU0291,PH201,2025-01-31,absent
STU0291,PH201,2025-02-04,present
STU0291,PH101,2025-02-06,present
STU0291,PH101,2025-02-10,absent
STU0291,PH101,2025-02-12,present
STU0291,PH201,2025-02-14,present
STU0291,PH301,2025-02-18,present
STU0291,PH101,2025-02-20,present
STU0291,PH301,2025-02-24,absent
STU0291,PH201,2025-02-26,absent
STU0291,PH101,2025-02-28,present
STU0291,PH201,2025-03-04,present
STU0291,PH201,2025-03-06,present
STU0291,PH101,2025-03-10,present
STU0291,PH101,2025-03-12,late
STU0291,PH101,2025-03-14,present
STU0291,PH201,2025-03-18,present
STU0291,PH101,2025-03-20,absent
STU0291,PH201,2025-03-24,absent
STU0291,PH201,2025-03-26,absent
STU0291,PH101,2025-03-28,present
STU0291,PH101,2025-04-01,present
STU0291,PH201,2025-04-03,present
STU0291,PH301,2025-04-07,present
STU0291,PH301,2025-04-09,late
STU0291,PH201,2025-04-11,present
STU0291,PH301,2025-04-15,late
STU0291,PH201,2025-04-17,present
STU0291,PH101,2025-04-21,absent
STU0291,PH301,2025-04-23,present
STU0291,PH201,2025-04-25,late
STU0291,PH101,2025-04-29,present
STU0292,MT201,2025-01-01,present
STU0292,MT101,2025-01-03,present
STU0292,MT301,2025-01-07,present
STU0292,MT101,2025-01-09,present
STU0292,MT101,2025-01-13,late
STU0292,MT301,2025-01-15,present
STU0292,MT101,2025-01-17,present
STU0292,MT301,2025-01-21,present
STU0292,MT101,2025-01-23,present
STU0292,MT201,2025-01-27,present
STU0292,MT101,2025-01-29,present
STU0292,MT101,2025-01-31,present
STU0292,MT401,2025-02-04,present
STU0292,MT301,2025-02-06,present
STU0292,MT101,2025-02-10,present
STU0292,MT301,2025-02-12,present
STU0292,MT301,2025-02-14,present
STU0292,MT101,2025-02-18,present
STU0292,MT301,2025-02-20,present
STU0292,MT401,2025-02-24,present
STU0292,MT201,2025-02-26,present
STU0292,MT201,2025-02-28,present
STU0292,MT201,2025-03-04,present
STU0292,MT401,2025-03-06,present
STU0292,MT401,2025-03-10,present
STU0292,MT201,2025-03-12,present
STU0292,MT401,2025-03-14,present
STU0292,MT301,2025-03-18,present
STU0292,MT401,2025-03-20,present
STU0292,MT201,2025-03-24,absent
STU0292,MT401,2025-03-26,present
STU0292,MT201,2025-03-28,present
STU0292,MT101,2025-04-01,present
STU0292,MT201,2025-04-03,present
STU0292,MT301,2025-04-07,present
STU0292,MT201,2025-04-09,present
STU0292,MT201,2025-04-11,present
STU0292,MT101,2025-04-15,present
STU0292,MT401,2025-04-17,present
STU0292,MT101,2025-04-21,present
STU0292,MT301,2025-04-23,present
STU0292,MT401,2025-04-25,present
STU0292,MT201,2025-04-29,present
STU0293,MT401,2025-01-01,present
STU0293,MT101,2025-01-03,present
STU0293,MT401,2025-01-07,absent
STU0293,MT101,2025-01-09,present
STU0293,MT201,2025-01-13,present
STU0293,MT301,2025-01-15,present
STU0293,MT101,2025-01-17,present
STU0293,MT201,2025-01-21,absent
STU0293,MT401,2025-01-23,present
STU0293,MT201,2025-01-27,present
STU0293,MT301,2025-01-29,present
STU0293,MT101,2025-01-31,present
STU0293,MT201,2025-02-04,present
STU0293,MT301,2025-02-06,present
STU0293,MT101,2025-02-10,late
STU0293,MT201,2025-02-12,absent
STU0293,MT401,2025-02-14,present
STU0293,MT401,2025-02-18,present
STU0293,MT301,2025-02-20,present
STU0293,MT201,2025-02-24,present
STU0293,MT401,2025-02-26,present
STU0293,MT301,2025-02-28,present
STU0293,MT201,2025-03-04,present
STU0293,MT401,2025-03-06,present
STU0293,MT301,2025-03-10,present
STU0293,MT201,2025-03-12,absent
STU0293,MT101,2025-03-14,present
STU0293,MT301,2025-03-18,absent
STU0293,MT301,2025-03-20,present
STU0293,MT301,2025-03-24,present
STU0293,MT301,2025-03-26,present
STU0293,MT401,2025-03-28,present
STU0293,MT101,2025-04-01,late
STU0293,MT301,2025-04-03,present
STU0293,MT101,2025-04-07,absent
STU0293,MT301,2025-04-09,present
STU0293,MT101,2025-04-11,present
STU0293,MT301,2025-04-15,present
STU0293,MT401,2025-04-17,present
STU0293,MT201,2025-04-21,present
STU0293,MT101,2025-04-23,present
STU0293,MT401,2025-04-25,present
STU0293,MT401,2025-04-29,present
STU0294,CS401,2025-01-01,present
STU0294,CS201,2025-01-03,present
STU0294,CS201,2025-01-07,present
STU0294,CS101,2025-01-09,present
STU0294,CS201,2025-01-13,present
STU0294,CS201,2025-01-15,present
STU0294,CS101,2025-01-17,present
STU0294,CS301,2025-01-21,present
STU0294,CS201,2025-01-23,absent
STU0294,CS201,2025-01-27,absent
STU0294,CS201,2025-01-29,absent
STU0294,CS201,2025-01-31,present
STU0294,CS501,2025-02-04,present
STU0294,CS501,2025-02-06,present
STU0294,CS201,2025-02-10,present
STU0294,CS101,2025-02-12,absent
STU0294,CS501,2025-02-14,present
STU0294,CS401,2025-02-18,present
STU0294,CS101,2025-02-20,present
STU0294,CS201,2025-02-24,present
STU0294,CS301,2025-02-26,present
STU0294,CS101,2025-02-28,present
STU0294,CS501,2025-03-04,absent
STU0294,CS201,2025-03-06,absent
STU0294,CS401,2025-03-10,present
STU0294,CS101,2025-03-12,present
STU0294,CS301,2025-03-14,present
STU0294,CS101,2025-03-18,present
STU0294,CS101,2025-03-20,absent
STU0294,CS301,2025-03-24,present
STU0294,CS201,2025-03-26,present
STU0294,CS501,2025-03-28,present
STU0294,CS401,2025-04-01,present
STU0294,CS401,2025-04-03,present
STU0294,CS401,2025-04-07,present
STU0294,CS501,2025-04-09,present
STU0294,CS301,2025-04-11,present
STU0294,CS401,2025-04-15,present
STU0294,CS101,2025-04-17,present
STU0294,CS401,2025-04-21,present
STU0294,CS201,2025-04-23,present
STU0294,CS401,2025-04-25,present
STU0294,CS101,2025-04-29,present
STU0295,CS201,2025-01-01,absent
STU0295,CS401,2025-01-03,late
STU0295,CS301,2025-01-07,present
STU0295,CS401,2025-01-09,present
STU0295,CS501,2025-01-13,present
STU0295,CS501,2025-01-15,present
STU0295,CS401,2025-01-17,present
STU0295,CS401,2025-01-21,absent
STU0295,CS201,2025-01-23,present
STU0295,CS401,2025-01-27,present
STU0295,CS501,2025-01-29,present
STU0295,CS101,2025-01-31,present
STU0295,CS301,2025-02-04,present
STU0295,CS201,2025-02-06,present
STU0295,CS401,2025-02-10,absent
STU0295,CS201,2025-02-12,present
STU0295,CS501,2025-02-14,present
STU0295,CS101,2025-02-18,absent
STU0295,CS501,2025-02-20,present
STU0295,CS501,2025-02-24,present
STU0295,CS201,2025-02-26,present
STU0295,CS201,2025-02-28,present
STU0295,CS201,2025-03-04,present
STU0295,CS101,2025-03-06,present
STU0295,CS501,2025-03-10,absent
STU0295,CS401,2025-03-12,absent
STU0295,CS101,2025-03-14,present
STU0295,CS101,2025-03-18,present
STU0295,CS501,2025-03-20,present
STU0295,CS501,2025-03-24,present
STU0295,CS501,2025-03-26,present
STU0295,CS201,2025-03-28,present
STU0295,CS301,2025-04-01,present
STU0295,CS401,2025-04-03,absent
STU0295,CS401,2025-04-07,present
STU0295,CS101,2025-04-09,absent
STU0295,CS401,2025-04-11,absent
STU0295,CS301,2025-04-15,present
STU0295,CS101,2025-04-17,absent
STU0295,CS501,2025-04-21,absent
STU0295,CS401,2025-04-23,present
STU0295,CS201,2025-04-25,present
STU0295,CS101,2025-04-29,present
STU0296,MT101,2025-01-01,absent
STU0296,MT401,2025-01-03,present
STU0296,MT201,2025-01-07,present
STU0296,MT401,2025-01-09,present
STU0296,MT401,2025-01-13,present
STU0296,MT201,2025-01-15,present
STU0296,MT101,2025-01-17,present
STU0296,MT401,2025-01-21,present
STU0296,MT401,2025-01-23,present
STU0296,MT101,2025-01-27,present
STU0296,MT101,2025-01-29,present
STU0296,MT401,2025-01-31,present
STU0296,MT401,2025-02-04,present
STU0296,MT101,2025-02-06,absent
STU0296,MT201,2025-02-10,present
STU0296,MT401,2025-02-12,present
STU0296,MT101,2025-02-14,present
STU0296,MT301,2025-02-18,present
STU0296,MT201,2025-02-20,present
STU0296,MT301,2025-02-24,present
STU0296,MT201,2025-02-26,absent
STU0296,MT301,2025-02-28,present
STU0296,MT401,2025-03-04,present
STU0296,MT301,2025-03-06,present
STU0296,MT101,2025-03-10,present
STU0296,MT401,2025-03-12,present
STU0296,MT101,2025-03-14,present
STU0296,MT401,2025-03-18,present
STU0296,MT201,2025-03-20,present
STU0296,MT201,2025-03-24,present
STU0296,MT301,2025-03-26,present
STU0296,MT101,2025-03-28,present
STU0296,MT401,2025-04-01,present
STU0296,MT401,2025-04-03,present
STU0296,MT101,2025-04-07,present
STU0296,MT201,2025-04-09,present
STU0296,MT101,2025-04-11,present
STU0296,MT101,2025-04-15,absent
STU0296,MT101,2025-04-17,absent
STU0296,MT201,2025-04-21,present
STU0296,MT301,2025-04-23,absent
STU0296,MT101,2025-04-25,present
STU0296,MT301,2025-04-29,present
STU0297,CS301,2025-01-01,present
STU0297,CS301,2025-01-03,present
STU0297,CS501,2025-01-07,present
STU0297,CS401,2025-01-09,present
STU0297,CS501,2025-01-13,present
STU0297,CS501,2025-01-15,present
STU0297,CS101,2025-01-17,present
STU0297,CS301,2025-01-21,present
STU0297,CS501,2025-01-23,present
STU0297,CS201,2025-01-27,present
STU0297,CS201,2025-01-29,absent
STU0297,CS301,2025-01-31,present
STU0297,CS401,2025-02-04,present
STU0297,CS301,2025-02-06,present
STU0297,CS501,2025-02-10,present
STU0297,CS401,2025-02-12,present
STU0297,CS401,2025-02-14,absent
STU0297,CS201,2025-02-18,present
STU0297,CS401,2025-02-20,present
STU0297,CS101,2025-02-24,present
STU0297,CS201,2025-02-26,present
STU0297,CS101,2025-02-28,present
STU0297,CS201,2025-03-04,present
STU0297,CS101,2025-03-06,present
STU0297,CS501,2025-03-10,present
STU0297,CS101,2025-03-12,present
STU0297,CS401,2025-03-14,present
STU0297,CS401,2025-03-18,absent
STU0297,CS401,2025-03-20,present
STU0297,CS301,2025-03-24,absent
STU0297,CS101,2025-03-26,present
STU0297,CS301,2025-03-28,present
STU0297,CS501,2025-04-01,present
STU0297,CS501,2025-04-03,present
STU0297,CS401,2025-04-07,present
STU0297,CS301,2025-04-09,present
STU0297,CS201,2025-04-11,present
STU0297,CS101,2025-04-15,present
STU0297,CS501,2025-04-17,present
STU0297,CS401,2025-04-21,absent
STU0297,CS501,2025-04-23,present
STU0297,CS101,2025-04-25,present
STU0297,CS201,2025-04-29,present
STU0298,EN201,2025-01-01,present
STU0298,EN301,2025-01-03,present
STU0298,EN101,2025-01-07,present
STU0298,EN301,2025-01-09,present
STU0298,EN201,2025-01-13,present
STU0298,EN301,2025-01-15,present
STU0298,EN101,2025-01-17,late
STU0298,EN201,2025-01-21,absent
STU0298,EN101,2025-01-23,present
STU0298,EN101,2025-01-27,present
STU0298,EN201,2025-01-29,absent
STU0298,EN301,2025-01-31,present
STU0298,EN301,2025-02-04,present
STU0298,EN301,2025-02-06,present
STU0298,EN201,2025-02-10,absent
STU0298,EN101,2025-02-12,present
STU0298,EN201,2025-02-14,late
STU0298,EN101,2025-02-18,present
STU0298,EN201,2025-02-20,present
STU0298,EN201,2025-02-24,present
STU0298,EN201,2025-02-26,present
STU0298,EN301,2025-02-28,absent
STU0298,EN301,2025-03-04,late
STU0298,EN101,2025-03-06,present
STU0298,EN101,2025-03-10,late
STU0298,EN301,2025-03-12,absent
STU0298,EN301,2025-03-14,present
STU0298,EN201,2025-03-18,present
STU0298,EN101,2025-03-20,present
STU0298,EN301,2025-03-24,present
STU0298,EN101,2025-03-26,present
STU0298,EN201,2025-03-28,present
STU0298,EN101,2025-04-01,present
STU0298,EN101,2025-04-03,absent
STU0298,EN201,2025-04-07,absent
STU0298,EN301,2025-04-09,present
STU0298,EN201,2025-04-11,present
STU0298,EN201,2025-04-15,present
STU0298,EN101,2025-04-17,present
STU0298,EN201,2025-04-21,present
STU0298,EN201,2025-04-23,present
STU0298,EN301,2025-04-25,present
STU0298,EN301,2025-04-29,present
STU0299,EN201,2025-01-01,present
STU0299,EN301,2025-01-03,present
STU0299,EN201,2025-01-07,present
STU0299,EN101,2025-01-09,late
STU0299,EN101,2025-01-13,present
STU0299,EN101,2025-01-15,present
STU0299,EN201,2025-01-17,present
STU0299,EN301,2025-01-21,present
STU0299,EN101,2025-01-23,present
STU0299,EN201,2025-01-27,present
STU0299,EN101,2025-01-29,absent
STU0299,EN301,2025-01-31,present
STU0299,EN101,2025-02-04,present
STU0299,EN201,2025-02-06,present
STU0299,EN301,2025-02-10,present
STU0299,EN301,2025-02-12,present
STU0299,EN201,2025-02-14,present
STU0299,EN201,2025-02-18,present
STU0299,EN201,2025-02-20,present
STU0299,EN101,2025-02-24,present
STU0299,EN101,2025-02-26,present
STU0299,EN301,2025-02-28,present
STU0299,EN201,2025-03-04,absent
STU0299,EN101,2025-03-06,present
STU0299,EN201,2025-03-10,present
STU0299,EN301,2025-03-12,present
STU0299,EN201,2025-03-14,absent
STU0299,EN301,2025-03-18,present
STU0299,EN201,2025-03-20,present
STU0299,EN201,2025-03-24,present
STU0299,EN101,2025-03-26,present
STU0299,EN101,2025-03-28,present
STU0299,EN201,2025-04-01,late
STU0299,EN201,2025-04-03,absent
STU0299,EN201,2025-04-07,present
STU0299,EN201,2025-04-09,present
STU0299,EN201,2025-04-11,present
STU0299,EN201,2025-04-15,present
STU0299,EN101,2025-04-17,absent
STU0299,EN101,2025-04-21,present
STU0299,EN301,2025-04-23,present
STU0299,EN301,2025-04-25,present
STU0299,EN301,2025-04-29,absent
STU0300,CS401,2025-01-01,present
STU0300,CS501,2025-01-03,present
STU0300,CS301,2025-01-07,present
STU0300,CS401,2025-01-09,present
STU0300,CS301,2025-01-13,absent
STU0300,CS201,2025-01-15,present
STU0300,CS301,2025-01-17,present
STU0300,CS301,2025-01-21,present
STU0300,CS301,2025-01-23,present
STU0300,CS201,2025-01-27,present
STU0300,CS301,2025-01-29,present
STU0300,CS301,2025-01-31,present
STU0300,CS501,2025-02-04,present
STU0300,CS401,2025-02-06,present
STU0300,CS401,2025-02-10,present
STU0300,CS401,2025-02-12,present
STU0300,CS201,2025-02-14,present
STU0300,CS501,2025-02-18,absent
STU0300,CS201,2025-02-20,present
STU0300,CS501,2025-02-24,present
STU0300,CS501,2025-02-26,present
STU0300,CS101,2025-02-28,present
STU0300,CS401,2025-03-04,present
STU0300,CS201,2025-03-06,present
STU0300,CS201,2025-03-10,present
STU0300,CS401,2025-03-12,present
STU0300,CS401,2025-03-14,present
STU0300,CS501,2025-03-18,present
STU0300,CS301,2025-03-20,present
STU0300,CS101,2025-03-24,present
STU0300,CS401,2025-03-26,present
STU0300,CS101,2025-03-28,absent
STU0300,CS101,2025-04-01,present
STU0300,CS301,2025-04-03,present
STU0300,CS301,2025-04-07,present
STU0300,CS101,2025-04-09,present
STU0300,CS201,2025-04-11,late
STU0300,CS501,2025-04-15,present
STU0300,CS201,2025-04-17,present
STU0300,CS401,2025-04-21,present
STU0300,CS201,2025-04-23,present
STU0300,CS501,2025-04-25,present
STU0300,CS401,2025-04-29,present
STU0301,BU201,2025-01-01,absent
STU0301,BU201,2025-01-03,present
STU0301,BU201,2025-01-07,present
STU0301,BU201,2025-01-09,absent
STU0301,BU401,2025-01-13,absent
STU0301,BU201,2025-01-15,present
STU0301,BU201,2025-01-17,present
STU0301,BU301,2025-01-21,absent
STU0301,BU301,2025-01-23,present
STU0301,BU401,2025-01-27,absent
STU0301,BU401,2025-01-29,present
STU0301,BU201,2025-01-31,late
STU0301,BU401,2025-02-04,late
STU0301,BU401,2025-02-06,present
STU0301,BU101,2025-02-10,absent
STU0301,BU101,2025-02-12,present
STU0301,BU201,2025-02-14,present
STU0301,BU301,2025-02-18,present
STU0301,BU401,2025-02-20,present
STU0301,BU301,2025-02-24,present
STU0301,BU401,2025-02-26,absent
STU0301,BU301,2025-02-28,present
STU0301,BU101,2025-03-04,present
STU0301,BU301,2025-03-06,absent
STU0301,BU201,2025-03-10,present
STU0301,BU401,2025-03-12,present
STU0301,BU101,2025-03-14,present
STU0301,BU301,2025-03-18,present
STU0301,BU201,2025-03-20,present
STU0301,BU401,2025-03-24,present
STU0301,BU201,2025-03-26,present
STU0301,BU401,2025-03-28,absent
STU0301,BU201,2025-04-01,present
STU0301,BU301,2025-04-03,present
STU0301,BU101,2025-04-07,present
STU0301,BU401,2025-04-09,present
STU0301,BU101,2025-04-11,present
STU0301,BU101,2025-04-15,present
STU0301,BU101,2025-04-17,present
STU0301,BU201,2025-04-21,present
STU0301,BU401,2025-04-23,present
STU0301,BU401,2025-04-25,present
STU0301,BU301,2025-04-29,present
STU0302,PH201,2025-01-01,present
STU0302,PH301,2025-01-03,present
STU0302,PH101,2025-01-07,present
STU0302,PH301,2025-01-09,present
STU0302,PH201,2025-01-13,present
STU0302,PH101,2025-01-15,absent
STU0302,PH201,2025-01-17,present
STU0302,PH301,2025-01-21,present
STU0302,PH101,2025-01-23,absent
STU0302,PH301,2025-01-27,present
STU0302,PH101,2025-01-29,present
STU0302,PH101,2025-01-31,present
STU0302,PH101,2025-02-04,present
STU0302,PH301,2025-02-06,late
STU0302,PH101,2025-02-10,absent
STU0302,PH201,2025-02-12,present
STU0302,PH201,2025-02-14,late
STU0302,PH201,2025-02-18,present
STU0302,PH301,2025-02-20,present
STU0302,PH301,2025-02-24,present
STU0302,PH201,2025-02-26,present
STU0302,PH201,2025-02-28,present
STU0302,PH201,2025-03-04,present
STU0302,PH201,2025-03-06,present
STU0302,PH301,2025-03-10,present
STU0302,PH101,2025-03-12,present
STU0302,PH101,2025-03-14,present
STU0302,PH101,2025-03-18,present
STU0302,PH101,2025-03-20,absent
STU0302,PH201,2025-03-24,present
STU0302,PH301,2025-03-26,present
STU0302,PH201,2025-03-28,late
STU0302,PH201,2025-04-01,present
STU0302,PH101,2025-04-03,present
STU0302,PH301,2025-04-07,present
STU0302,PH301,2025-04-09,present
STU0302,PH201,2025-04-11,present
STU0302,PH301,2025-04-15,present
STU0302,PH201,2025-04-17,present
STU0302,PH301,2025-04-21,present
STU0302,PH301,2025-04-23,absent
STU0302,PH101,2025-04-25,present
STU0302,PH101,2025-04-29,absent
STU0303,MT301,2025-01-01,absent
STU0303,MT201,2025-01-03,present
STU0303,MT201,2025-01-07,present
STU0303,MT301,2025-01-09,present
STU0303,MT401,2025-01-13,absent
STU0303,MT201,2025-01-15,present
STU0303,MT101,2025-01-17,present
STU0303,MT401,2025-01-21,present
STU0303,MT201,2025-01-23,present
STU0303,MT201,2025-01-27,absent
STU0303,MT101,2025-01-29,present
STU0303,MT401,2025-01-31,absent
STU0303,MT401,2025-02-04,present
STU0303,MT301,2025-02-06,present
STU0303,MT401,2025-02-10,late
STU0303,MT101,2025-02-12,present
STU0303,MT101,2025-02-14,absent
STU0303,MT401,2025-02-18,present
STU0303,MT101,2025-02-20,present
STU0303,MT401,2025-02-24,present
STU0303,MT101,2025-02-26,late
STU0303,MT101,2025-02-28,late
STU0303,MT401,2025-03-04,present
STU0303,MT101,2025-03-06,present
STU0303,MT201,2025-03-10,present
STU0303,MT301,2025-03-12,present
STU0303,MT101,2025-03-14,present
STU0303,MT201,2025-03-18,present
STU0303,MT301,2025-03-20,late
STU0303,MT101,2025-03-24,present
STU0303,MT101,2025-03-26,absent
STU0303,MT401,2025-03-28,present
STU0303,MT301,2025-04-01,present
STU0303,MT201,2025-04-03,late
STU0303,MT201,2025-04-07,present
STU0303,MT401,2025-04-09,absent
STU0303,MT401,2025-04-11,late
STU0303,MT301,2025-04-15,present
STU0303,MT201,2025-04-17,present
STU0303,MT301,2025-04-21,present
STU0303,MT301,2025-04-23,present
STU0303,MT401,2025-04-25,present
STU0303,MT301,2025-04-29,present
STU0304,MT201,2025-01-01,present
STU0304,MT401,2025-01-03,present
STU0304,MT301,2025-01-07,present
STU0304,MT101,2025-01-09,present
STU0304,MT301,2025-01-13,present
STU0304,MT201,2025-01-15,present
STU0304,MT301,2025-01-17,present
STU0304,MT401,2025-01-21,present
STU0304,MT401,2025-01-23,present
STU0304,MT301,2025-01-27,present
STU0304,MT101,2025-01-29,absent
STU0304,MT101,2025-01-31,present
STU0304,MT401,2025-02-04,present
STU0304,MT101,2025-02-06,late
STU0304,MT201,2025-02-10,absent
STU0304,MT301,2025-02-12,present
STU0304,MT301,2025-02-14,present
STU0304,MT201,2025-02-18,present
STU0304,MT401,2025-02-20,present
STU0304,MT301,2025-02-24,late
STU0304,MT301,2025-02-26,present
STU0304,MT401,2025-02-28,absent
STU0304,MT301,2025-03-04,present
STU0304,MT201,2025-03-06,late
STU0304,MT101,2025-03-10,present
STU0304,MT301,2025-03-12,present
STU0304,MT101,2025-03-14,present
STU0304,MT301,2025-03-18,present
STU0304,MT301,2025-03-20,present
STU0304,MT201,2025-03-24,absent
STU0304,MT201,2025-03-26,present
STU0304,MT201,2025-03-28,absent
STU0304,MT101,2025-04-01,present
STU0304,MT101,2025-04-03,present
STU0304,MT401,2025-04-07,late
STU0304,MT301,2025-04-09,present
STU0304,MT201,2025-04-11,present
STU0304,MT101,2025-04-15,present
STU0304,MT201,2025-04-17,present
STU0304,MT201,2025-04-21,absent
STU0304,MT401,2025-04-23,present
STU0304,MT401,2025-04-25,present
STU0304,MT301,2025-04-29,absent
STU0305,BU301,2025-01-01,present
STU0305,BU301,2025-01-03,present
STU0305,BU201,2025-01-07,late
STU0305,BU201,2025-01-09,present
STU0305,BU201,2025-01-13,absent
STU0305,BU301,2025-01-15,present
STU0305,BU301,2025-01-17,absent
STU0305,BU401,2025-01-21,late
STU0305,BU401,2025-01-23,present
STU0305,BU401,2025-01-27,present
STU0305,BU301,2025-01-29,present
STU0305,BU101,2025-01-31,absent
STU0305,BU301,2025-02-04,present
STU0305,BU401,2025-02-06,present
STU0305,BU401,2025-02-10,present
STU0305,BU201,2025-02-12,late
STU0305,BU301,2025-02-14,present
STU0305,BU401,2025-02-18,present
STU0305,BU301,2025-02-20,present
STU0305,BU401,2025-02-24,present
STU0305,BU201,2025-02-26,present
STU0305,BU201,2025-02-28,present
STU0305,BU301,2025-03-04,absent
STU0305,BU101,2025-03-06,late
STU0305,BU101,2025-03-10,present
STU0305,BU401,2025-03-12,present
STU0305,BU401,2025-03-14,present
STU0305,BU101,2025-03-18,present
STU0305,BU101,2025-03-20,present
STU0305,BU101,2025-03-24,present
STU0305,BU401,2025-03-26,present
STU0305,BU301,2025-03-28,absent
STU0305,BU301,2025-04-01,absent
STU0305,BU201,2025-04-03,present
STU0305,BU201,2025-04-07,present
STU0305,BU201,2025-04-09,late
STU0305,BU101,2025-04-11,late
STU0305,BU401,2025-04-15,present
STU0305,BU301,2025-04-17,present
STU0305,BU201,2025-04-21,present
STU0305,BU101,2025-04-23,present
STU0305,BU201,2025-04-25,present
STU0305,BU201,2025-04-29,present
STU0306,CS401,2025-01-01,present
STU0306,CS301,2025-01-03,present
STU0306,CS501,2025-01-07,present
STU0306,CS301,2025-01-09,late
STU0306,CS501,2025-01-13,present
STU0306,CS401,2025-01-15,present
STU0306,CS101,2025-01-17,present
STU0306,CS201,2025-01-21,present
STU0306,CS301,2025-01-23,present
STU0306,CS501,2025-01-27,present
STU0306,CS501,2025-01-29,present
STU0306,CS101,2025-01-31,present
STU0306,CS101,2025-02-04,present
STU0306,CS301,2025-02-06,absent
STU0306,CS301,2025-02-10,present
STU0306,CS401,2025-02-12,absent
STU0306,CS501,2025-02-14,present
STU0306,CS501,2025-02-18,present
STU0306,CS501,2025-02-20,present
STU0306,CS101,2025-02-24,present
STU0306,CS301,2025-02-26,late
STU0306,CS501,2025-02-28,late
STU0306,CS301,2025-03-04,present
STU0306,CS201,2025-03-06,absent
STU0306,CS301,2025-03-10,present
STU0306,CS301,2025-03-12,late
STU0306,CS401,2025-03-14,present
STU0306,CS301,2025-03-18,present
STU0306,CS101,2025-03-20,present
STU0306,CS201,2025-03-24,present
STU0306,CS201,2025-03-26,absent
STU0306,CS301,2025-03-28,late
STU0306,CS201,2025-04-01,present
STU0306,CS301,2025-04-03,absent
STU0306,CS301,2025-04-07,absent
STU0306,CS101,2025-04-09,present
STU0306,CS401,2025-04-11,present
STU0306,CS101,2025-04-15,present
STU0306,CS501,2025-04-17,present
STU0306,CS101,2025-04-21,present
STU0306,CS401,2025-04-23,present
STU0306,CS201,2025-04-25,present
STU0306,CS101,2025-04-29,present
STU0307,PH301,2025-01-01,absent
STU0307,PH101,2025-01-03,present
STU0307,PH301,2025-01-07,present
STU0307,PH201,2025-01-09,present
STU0307,PH301,2025-01-13,present
STU0307,PH301,2025-01-15,present
STU0307,PH201,2025-01-17,present
STU0307,PH101,2025-01-21,present
STU0307,PH201,2025-01-23,present
STU0307,PH201,2025-01-27,present
STU0307,PH301,2025-01-29,present
STU0307,PH301,2025-01-31,present
STU0307,PH301,2025-02-04,present
STU0307,PH201,2025-02-06,present
STU0307,PH201,2025-02-10,present
STU0307,PH301,2025-02-12,absent
STU0307,PH101,2025-02-14,present
STU0307,PH301,2025-02-18,present
STU0307,PH201,2025-02-20,absent
STU0307,PH101,2025-02-24,present
STU0307,PH301,2025-02-26,present
STU0307,PH301,2025-02-28,present
STU0307,PH101,2025-03-04,present
STU0307,PH101,2025-03-06,present
STU0307,PH301,2025-03-10,present
STU0307,PH101,2025-03-12,present
STU0307,PH101,2025-03-14,present
STU0307,PH301,2025-03-18,absent
STU0307,PH101,2025-03-20,present
STU0307,PH101,2025-03-24,late
STU0307,PH101,2025-03-26,late
STU0307,PH201,2025-03-28,late
STU0307,PH201,2025-04-01,absent
STU0307,PH301,2025-04-03,present
STU0307,PH101,2025-04-07,present
STU0307,PH101,2025-04-09,present
STU0307,PH301,2025-04-11,present
STU0307,PH301,2025-04-15,absent
STU0307,PH101,2025-04-17,late
STU0307,PH201,2025-04-21,present
STU0307,PH201,2025-04-23,present
STU0307,PH201,2025-04-25,present
STU0307,PH201,2025-04-29,present
STU0308,PH301,2025-01-01,present
STU0308,PH301,2025-01-03,present
STU0308,PH301,2025-01-07,absent
STU0308,PH101,2025-01-09,present
STU0308,PH201,2025-01-13,late
STU0308,PH301,2025-01-15,present
STU0308,PH201,2025-01-17,absent
STU0308,PH101,2025-01-21,present
STU0308,PH201,2025-01-23,absent
STU0308,PH101,2025-01-27,present
STU0308,PH201,2025-01-29,present
STU0308,PH101,2025-01-31,present
STU0308,PH201,2025-02-04,late
STU0308,PH101,2025-02-06,present
STU0308,PH301,2025-02-10,present
STU0308,PH201,2025-02-12,present
STU0308,PH301,2025-02-14,present
STU0308,PH301,2025-02-18,absent
STU0308,PH101,2025-02-20,present
STU0308,PH301,2025-02-24,present
STU0308,PH201,2025-02-26,late
STU0308,PH101,2025-02-28,absent
STU0308,PH201,2025-03-04,absent
STU0308,PH301,2025-03-06,present
STU0308,PH101,2025-03-10,present
STU0308,PH101,2025-03-12,present
STU0308,PH201,2025-03-14,absent
STU0308,PH201,2025-03-18,present
STU0308,PH101,2025-03-20,present
STU0308,PH201,2025-03-24,present
STU0308,PH301,2025-03-26,present
STU0308,PH301,2025-03-28,absent
STU0308,PH101,2025-04-01,present
STU0308,PH101,2025-04-03,present
STU0308,PH201,2025-04-07,late
STU0308,PH201,2025-04-09,present
STU0308,PH201,2025-04-11,present
STU0308,PH101,2025-04-15,late
STU0308,PH101,2025-04-17,late
STU0308,PH201,2025-04-21,present
STU0308,PH301,2025-04-23,present
STU0308,PH301,2025-04-25,present
STU0308,PH101,2025-04-29,absent
STU0309,PH201,2025-01-01,present
STU0309,PH301,2025-01-03,present
STU0309,PH201,2025-01-07,present
STU0309,PH101,2025-01-09,present
STU0309,PH201,2025-01-13,present
STU0309,PH301,2025-01-15,present
STU0309,PH301,2025-01-17,present
STU0309,PH301,2025-01-21,present
STU0309,PH301,2025-01-23,present
STU0309,PH101,2025-01-27,present
STU0309,PH201,2025-01-29,present
STU0309,PH301,2025-01-31,present
STU0309,PH301,2025-02-04,present
STU0309,PH201,2025-02-06,present
STU0309,PH201,2025-02-10,present
STU0309,PH301,2025-02-12,present
STU0309,PH201,2025-02-14,present
STU0309,PH101,2025-02-18,present
STU0309,PH301,2025-02-20,present
STU0309,PH301,2025-02-24,present
STU0309,PH101,2025-02-26,present
STU0309,PH301,2025-02-28,late
STU0309,PH301,2025-03-04,present
STU0309,PH301,2025-03-06,present
STU0309,PH201,2025-03-10,late
STU0309,PH101,2025-03-12,absent
STU0309,PH201,2025-03-14,present
STU0309,PH301,2025-03-18,present
STU0309,PH101,2025-03-20,present
STU0309,PH301,2025-03-24,present
STU0309,PH201,2025-03-26,present
STU0309,PH201,2025-03-28,present
STU0309,PH201,2025-04-01,present
STU0309,PH201,2025-04-03,present
STU0309,PH101,2025-04-07,present
STU0309,PH301,2025-04-09,absent
STU0309,PH301,2025-04-11,present
STU0309,PH301,2025-04-15,present
STU0309,PH301,2025-04-17,present
STU0309,PH101,2025-04-21,present
STU0309,PH301,2025-04-23,present
STU0309,PH201,2025-04-25,late
STU0309,PH201,2025-04-29,absent
STU0310,BU201,2025-01-01,present
STU0310,BU201,2025-01-03,present
STU0310,BU401,2025-01-07,present
STU0310,BU201,2025-01-09,present
STU0310,BU101,2025-01-13,present
STU0310,BU101,2025-01-15,present
STU0310,BU401,2025-01-17,present
STU0310,BU301,2025-01-21,present
STU0310,BU101,2025-01-23,present
STU0310,BU301,2025-01-27,late
STU0310,BU301,2025-01-29,present
STU0310,BU201,2025-01-31,present
STU0310,BU401,2025-02-04,present
STU0310,BU301,2025-02-06,present
STU0310,BU401,2025-02-10,present
STU0310,BU401,2025-02-12,present
STU0310,BU101,2025-02-14,absent
STU0310,BU301,2025-02-18,present
STU0310,BU301,2025-02-20,present
STU0310,BU201,2025-02-24,present
STU0310,BU201,2025-02-26,late
STU0310,BU201,2025-02-28,late
STU0310,BU101,2025-03-04,present
STU0310,BU401,2025-03-06,present
STU0310,BU201,2025-03-10,present
STU0310,BU101,2025-03-12,present
STU0310,BU201,2025-03-14,present
STU0310,BU301,2025-03-18,present
STU0310,BU401,2025-03-20,present
STU0310,BU301,2025-03-24,present
STU0310,BU401,2025-03-26,present
STU0310,BU101,2025-03-28,absent
STU0310,BU401,2025-04-01,present
STU0310,BU101,2025-04-03,present
STU0310,BU401,2025-04-07,present
STU0310,BU401,2025-04-09,present
STU0310,BU301,2025-04-11,present
STU0310,BU101,2025-04-15,present
STU0310,BU201,2025-04-17,present
STU0310,BU101,2025-04-21,present
STU0310,BU101,2025-04-23,present
STU0310,BU101,2025-04-25,present
STU0310,BU101,2025-04-29,late
STU0311,BU201,2025-01-01,present
STU0311,BU401,2025-01-03,present
STU0311,BU401,2025-01-07,present
STU0311,BU301,2025-01-09,present
STU0311,BU301,2025-01-13,present
STU0311,BU401,2025-01-15,present
STU0311,BU101,2025-01-17,present
STU0311,BU101,2025-01-21,present
STU0311,BU301,2025-01-23,present
STU0311,BU101,2025-01-27,present
STU0311,BU201,2025-01-29,present
STU0311,BU301,2025-01-31,present
STU0311,BU201,2025-02-04,present
STU0311,BU101,2025-02-06,present
STU0311,BU401,2025-02-10,present
STU0311,BU201,2025-02-12,present
STU0311,BU101,2025-02-14,present
STU0311,BU101,2025-02-18,present
STU0311,BU301,2025-02-20,present
STU0311,BU201,2025-02-24,present
STU0311,BU401,2025-02-26,absent
STU0311,BU401,2025-02-28,present
STU0311,BU201,2025-03-04,present
STU0311,BU201,2025-03-06,present
STU0311,BU401,2025-03-10,present
STU0311,BU201,2025-03-12,present
STU0311,BU401,2025-03-14,present
STU0311,BU301,2025-03-18,late
STU0311,BU401,2025-03-20,present
STU0311,BU201,2025-03-24,present
STU0311,BU201,2025-03-26,present
STU0311,BU401,2025-03-28,present
STU0311,BU401,2025-04-01,present
STU0311,BU301,2025-04-03,present
STU0311,BU201,2025-04-07,present
STU0311,BU101,2025-04-09,present
STU0311,BU101,2025-04-11,present
STU0311,BU301,2025-04-15,present
STU0311,BU201,2025-04-17,present
STU0311,BU301,2025-04-21,present
STU0311,BU201,2025-04-23,present
STU0311,BU401,2025-04-25,present
STU0311,BU201,2025-04-29,present
STU0312,CS101,2025-01-01,present
STU0312,CS401,2025-01-03,present
STU0312,CS301,2025-01-07,present
STU0312,CS401,2025-01-09,absent
STU0312,CS501,2025-01-13,late
STU0312,CS201,2025-01-15,present
STU0312,CS101,2025-01-17,absent
STU0312,CS301,2025-01-21,present
STU0312,CS301,2025-01-23,present
STU0312,CS301,2025-01-27,present
STU0312,CS501,2025-01-29,present
STU0312,CS301,2025-01-31,present
STU0312,CS101,2025-02-04,present
STU0312,CS501,2025-02-06,present
STU0312,CS501,2025-02-10,present
STU0312,CS401,2025-02-12,present
STU0312,CS301,2025-02-14,present
STU0312,CS301,2025-02-18,present
STU0312,CS501,2025-02-20,present
STU0312,CS401,2025-02-24,present
STU0312,CS201,2025-02-26,absent
STU0312,CS301,2025-02-28,present
STU0312,CS201,2025-03-04,present
STU0312,CS501,2025-03-06,present
STU0312,CS301,2025-03-10,present
STU0312,CS101,2025-03-12,present
STU0312,CS501,2025-03-14,present
STU0312,CS201,2025-03-18,late
STU0312,CS401,2025-03-20,present
STU0312,CS401,2025-03-24,present
STU0312,CS101,2025-03-26,present
STU0312,CS301,2025-03-28,present
STU0312,CS401,2025-04-01,present
STU0312,CS201,2025-04-03,present
STU0312,CS401,2025-04-07,absent
STU0312,CS501,2025-04-09,present
STU0312,CS301,2025-04-11,absent
STU0312,CS101,2025-04-15,present
STU0312,CS401,2025-04-17,present
STU0312,CS101,2025-04-21,present
STU0312,CS301,2025-04-23,present
STU0312,CS101,2025-04-25,absent
STU0312,CS501,2025-04-29,present
STU0313,EN101,2025-01-01,present
STU0313,EN201,2025-01-03,late
STU0313,EN101,2025-01-07,absent
STU0313,EN301,2025-01-09,absent
STU0313,EN101,2025-01-13,late
STU0313,EN101,2025-01-15,present
STU0313,EN101,2025-01-17,absent
STU0313,EN101,2025-01-21,absent
STU0313,EN301,2025-01-23,absent
STU0313,EN301,2025-01-27,absent
STU0313,EN201,2025-01-29,present
STU0313,EN201,2025-01-31,absent
STU0313,EN101,2025-02-04,present
STU0313,EN101,2025-02-06,present
STU0313,EN201,2025-02-10,present
STU0313,EN201,2025-02-12,late
STU0313,EN301,2025-02-14,present
STU0313,EN101,2025-02-18,present
STU0313,EN201,2025-02-20,present
STU0313,EN201,2025-02-24,late
STU0313,EN301,2025-02-26,present
STU0313,EN201,2025-02-28,absent
STU0313,EN201,2025-03-04,absent
STU0313,EN201,2025-03-06,present
STU0313,EN101,2025-03-10,present
STU0313,EN301,2025-03-12,absent
STU0313,EN201,2025-03-14,late
STU0313,EN201,2025-03-18,absent
STU0313,EN301,2025-03-20,present
STU0313,EN201,2025-03-24,absent
STU0313,EN301,2025-03-26,present
STU0313,EN201,2025-03-28,present
STU0313,EN101,2025-04-01,absent
STU0313,EN101,2025-04-03,present
STU0313,EN301,2025-04-07,absent
STU0313,EN201,2025-04-09,present
STU0313,EN101,2025-04-11,absent
STU0313,EN301,2025-04-15,present
STU0313,EN201,2025-04-17,present
STU0313,EN101,2025-04-21,absent
STU0313,EN201,2025-04-23,present
STU0313,EN101,2025-04-25,present
STU0313,EN101,2025-04-29,late
STU0314,PH101,2025-01-01,present
STU0314,PH101,2025-01-03,late
STU0314,PH201,2025-01-07,present
STU0314,PH301,2025-01-09,present
STU0314,PH201,2025-01-13,present
STU0314,PH201,2025-01-15,present
STU0314,PH201,2025-01-17,present
STU0314,PH201,2025-01-21,present
STU0314,PH301,2025-01-23,absent
STU0314,PH201,2025-01-27,present
STU0314,PH201,2025-01-29,present
STU0314,PH201,2025-01-31,present
STU0314,PH201,2025-02-04,present
STU0314,PH301,2025-02-06,present
STU0314,PH201,2025-02-10,present
STU0314,PH201,2025-02-12,present
STU0314,PH301,2025-02-14,present
STU0314,PH201,2025-02-18,present
STU0314,PH101,2025-02-20,present
STU0314,PH301,2025-02-24,present
STU0314,PH101,2025-02-26,absent
STU0314,PH301,2025-02-28,present
STU0314,PH301,2025-03-04,present
STU0314,PH201,2025-03-06,present
STU0314,PH201,2025-03-10,present
STU0314,PH201,2025-03-12,present
STU0314,PH101,2025-03-14,late
STU0314,PH101,2025-03-18,present
STU0314,PH201,2025-03-20,present
STU0314,PH101,2025-03-24,present
STU0314,PH201,2025-03-26,present
STU0314,PH301,2025-03-28,absent
STU0314,PH201,2025-04-01,present
STU0314,PH301,2025-04-03,present
STU0314,PH101,2025-04-07,present
STU0314,PH301,2025-04-09,present
STU0314,PH101,2025-04-11,present
STU0314,PH101,2025-04-15,absent
STU0314,PH101,2025-04-17,present
STU0314,PH101,2025-04-21,present
STU0314,PH301,2025-04-23,present
STU0314,PH201,2025-04-25,present
STU0314,PH201,2025-04-29,present
STU0315,BU201,2025-01-01,present
STU0315,BU101,2025-01-03,present
STU0315,BU301,2025-01-07,present
STU0315,BU401,2025-01-09,late
STU0315,BU101,2025-01-13,present
STU0315,BU401,2025-01-15,absent
STU0315,BU101,2025-01-17,present
STU0315,BU401,2025-01-21,present
STU0315,BU301,2025-01-23,present
STU0315,BU201,2025-01-27,late
STU0315,BU401,2025-01-29,absent
STU0315,BU201,2025-01-31,absent
STU0315,BU101,2025-02-04,present
STU0315,BU301,2025-02-06,present
STU0315,BU201,2025-02-10,present
STU0315,BU301,2025-02-12,late
STU0315,BU201,2025-02-14,present
STU0315,BU101,2025-02-18,present
STU0315,BU401,2025-02-20,present
STU0315,BU101,2025-02-24,present
STU0315,BU401,2025-02-26,present
STU0315,BU201,2025-02-28,absent
STU0315,BU201,2025-03-04,present
STU0315,BU101,2025-03-06,absent
STU0315,BU401,2025-03-10,absent
STU0315,BU101,2025-03-12,present
STU0315,BU301,2025-03-14,present
STU0315,BU101,2025-03-18,present
STU0315,BU401,2025-03-20,late
STU0315,BU101,2025-03-24,present
STU0315,BU101,2025-03-26,present
STU0315,BU401,2025-03-28,present
STU0315,BU401,2025-04-01,present
STU0315,BU101,2025-04-03,present
STU0315,BU401,2025-04-07,present
STU0315,BU101,2025-04-09,absent
STU0315,BU201,2025-04-11,absent
STU0315,BU401,2025-04-15,present
STU0315,BU401,2025-04-17,present
STU0315,BU101,2025-04-21,absent
STU0315,BU301,2025-04-23,present
STU0315,BU101,2025-04-25,absent
STU0315,BU301,2025-04-29,present
STU0316,EN101,2025-01-01,present
STU0316,EN101,2025-01-03,present
STU0316,EN201,2025-01-07,present
STU0316,EN301,2025-01-09,absent
STU0316,EN301,2025-01-13,present
STU0316,EN301,2025-01-15,present
STU0316,EN301,2025-01-17,present
STU0316,EN201,2025-01-21,absent
STU0316,EN201,2025-01-23,present
STU0316,EN301,2025-01-27,present
STU0316,EN201,2025-01-29,present
STU0316,EN301,2025-01-31,present
STU0316,EN101,2025-02-04,present
STU0316,EN101,2025-02-06,present
STU0316,EN301,2025-02-10,present
STU0316,EN301,2025-02-12,present
STU0316,EN201,2025-02-14,present
STU0316,EN201,2025-02-18,present
STU0316,EN201,2025-02-20,present
STU0316,EN101,2025-02-24,present
STU0316,EN301,2025-02-26,present
STU0316,EN301,2025-02-28,present
STU0316,EN201,2025-03-04,present
STU0316,EN301,2025-03-06,late
STU0316,EN101,2025-03-10,absent
STU0316,EN301,2025-03-12,present
STU0316,EN201,2025-03-14,present
STU0316,EN201,2025-03-18,absent
STU0316,EN301,2025-03-20,present
STU0316,EN201,2025-03-24,present
STU0316,EN101,2025-03-26,present
STU0316,EN101,2025-03-28,present
STU0316,EN101,2025-04-01,present
STU0316,EN301,2025-04-03,late
STU0316,EN301,2025-04-07,present
STU0316,EN101,2025-04-09,present
STU0316,EN101,2025-04-11,present
STU0316,EN301,2025-04-15,present
STU0316,EN301,2025-04-17,present
STU0316,EN201,2025-04-21,present
STU0316,EN301,2025-04-23,present
STU0316,EN301,2025-04-25,late
STU0316,EN201,2025-04-29,present
STU0317,CS401,2025-01-01,present
STU0317,CS401,2025-01-03,present
STU0317,CS501,2025-01-07,present
STU0317,CS501,2025-01-09,present
STU0317,CS501,2025-01-13,absent
STU0317,CS501,2025-01-15,absent
STU0317,CS201,2025-01-17,present
STU0317,CS301,2025-01-21,present
STU0317,CS201,2025-01-23,present
STU0317,CS401,2025-01-27,present
STU0317,CS301,2025-01-29,present
STU0317,CS501,2025-01-31,late
STU0317,CS401,2025-02-04,present
STU0317,CS501,2025-02-06,present
STU0317,CS401,2025-02-10,present
STU0317,CS501,2025-02-12,present
STU0317,CS401,2025-02-14,present
STU0317,CS201,2025-02-18,present
STU0317,CS401,2025-02-20,present
STU0317,CS301,2025-02-24,present
STU0317,CS501,2025-02-26,present
STU0317,CS201,2025-02-28,present
STU0317,CS201,2025-03-04,present
STU0317,CS101,2025-03-06,absent
STU0317,CS101,2025-03-10,present
STU0317,CS501,2025-03-12,present
STU0317,CS401,2025-03-14,present
STU0317,CS101,2025-03-18,present
STU0317,CS301,2025-03-20,present
STU0317,CS301,2025-03-24,present
STU0317,CS401,2025-03-26,present
STU0317,CS301,2025-03-28,present
STU0317,CS501,2025-04-01,present
STU0317,CS301,2025-04-03,present
STU0317,CS101,2025-04-07,absent
STU0317,CS101,2025-04-09,present
STU0317,CS201,2025-04-11,present
STU0317,CS201,2025-04-15,present
STU0317,CS401,2025-04-17,present
STU0317,CS401,2025-04-21,present
STU0317,CS201,2025-04-23,absent
STU0317,CS101,2025-04-25,late
STU0317,CS101,2025-04-29,present
STU0318,CS301,2025-01-01,present
STU0318,CS401,2025-01-03,present
STU0318,CS401,2025-01-07,present
STU0318,CS501,2025-01-09,present
STU0318,CS101,2025-01-13,absent
STU0318,CS301,2025-01-15,present
STU0318,CS101,2025-01-17,present
STU0318,CS501,2025-01-21,present
STU0318,CS201,2025-01-23,present
STU0318,CS501,2025-01-27,present
STU0318,CS201,2025-01-29,present
STU0318,CS301,2025-01-31,present
STU0318,CS401,2025-02-04,present
STU0318,CS301,2025-02-06,present
STU0318,CS501,2025-02-10,present
STU0318,CS101,2025-02-12,present
STU0318,CS201,2025-02-14,present
STU0318,CS401,2025-02-18,present
STU0318,CS101,2025-02-20,present
STU0318,CS401,2025-02-24,present
STU0318,CS301,2025-02-26,present
STU0318,CS101,2025-02-28,present
STU0318,CS501,2025-03-04,present
STU0318,CS301,2025-03-06,present
STU0318,CS201,2025-03-10,late
STU0318,CS201,2025-03-12,present
STU0318,CS101,2025-03-14,present
STU0318,CS301,2025-03-18,present
STU0318,CS501,2025-03-20,present
STU0318,CS401,2025-03-24,present
STU0318,CS201,2025-03-26,present
STU0318,CS401,2025-03-28,present
STU0318,CS501,2025-04-01,present
STU0318,CS101,2025-04-03,present
STU0318,CS201,2025-04-07,absent
STU0318,CS101,2025-04-09,present
STU0318,CS501,2025-04-11,present
STU0318,CS101,2025-04-15,absent
STU0318,CS301,2025-04-17,absent
STU0318,CS101,2025-04-21,present
STU0318,CS501,2025-04-23,present
STU0318,CS101,2025-04-25,present
STU0318,CS201,2025-04-29,present
STU0319,CS401,2025-01-01,late
STU0319,CS501,2025-01-03,present
STU0319,CS101,2025-01-07,present
STU0319,CS101,2025-01-09,absent
STU0319,CS301,2025-01-13,present
STU0319,CS401,2025-01-15,present
STU0319,CS501,2025-01-17,late
STU0319,CS101,2025-01-21,absent
STU0319,CS301,2025-01-23,absent
STU0319,CS401,2025-01-27,present
STU0319,CS301,2025-01-29,absent
STU0319,CS301,2025-01-31,present
STU0319,CS501,2025-02-04,present
STU0319,CS301,2025-02-06,late
STU0319,CS101,2025-02-10,present
STU0319,CS301,2025-02-12,absent
STU0319,CS501,2025-02-14,present
STU0319,CS101,2025-02-18,present
STU0319,CS301,2025-02-20,absent
STU0319,CS101,2025-02-24,present
STU0319,CS501,2025-02-26,present
STU0319,CS201,2025-02-28,present
STU0319,CS501,2025-03-04,late
STU0319,CS301,2025-03-06,present
STU0319,CS201,2025-03-10,present
STU0319,CS401,2025-03-12,present
STU0319,CS501,2025-03-14,late
STU0319,CS501,2025-03-18,absent
STU0319,CS101,2025-03-20,absent
STU0319,CS101,2025-03-24,present
STU0319,CS501,2025-03-26,present
STU0319,CS201,2025-03-28,present
STU0319,CS401,2025-04-01,present
STU0319,CS501,2025-04-03,present
STU0319,CS501,2025-04-07,late
STU0319,CS101,2025-04-09,absent
STU0319,CS101,2025-04-11,present
STU0319,CS501,2025-04-15,present
STU0319,CS501,2025-04-17,absent
STU0319,CS401,2025-04-21,present
STU0319,CS101,2025-04-23,present
STU0319,CS401,2025-04-25,present
STU0319,CS501,2025-04-29,present
STU0320,PH101,2025-01-01,absent
STU0320,PH201,2025-01-03,present
STU0320,PH201,2025-01-07,present
STU0320,PH101,2025-01-09,present
STU0320,PH201,2025-01-13,absent
STU0320,PH301,2025-01-15,present
STU0320,PH201,2025-01-17,present
STU0320,PH301,2025-01-21,late
STU0320,PH201,2025-01-23,late
STU0320,PH101,2025-01-27,late
STU0320,PH101,2025-01-29,absent
STU0320,PH201,2025-01-31,present
STU0320,PH201,2025-02-04,present
STU0320,PH301,2025-02-06,present
STU0320,PH101,2025-02-10,present
STU0320,PH301,2025-02-12,late
STU0320,PH201,2025-02-14,absent
STU0320,PH101,2025-02-18,absent
STU0320,PH101,2025-02-20,present
STU0320,PH201,2025-02-24,late
STU0320,PH201,2025-02-26,absent
STU0320,PH101,2025-02-28,present
STU0320,PH301,2025-03-04,absent
STU0320,PH101,2025-03-06,present
STU0320,PH201,2025-03-10,present
STU0320,PH301,2025-03-12,present
STU0320,PH301,2025-03-14,present
STU0320,PH301,2025-03-18,present
STU0320,PH201,2025-03-20,present
STU0320,PH301,2025-03-24,late
STU0320,PH101,2025-03-26,absent
STU0320,PH201,2025-03-28,absent
STU0320,PH301,2025-04-01,present
STU0320,PH101,2025-04-03,present
STU0320,PH201,2025-04-07,present
STU0320,PH301,2025-04-09,present
STU0320,PH301,2025-04-11,present
STU0320,PH201,2025-04-15,present
STU0320,PH201,2025-04-17,present
STU0320,PH301,2025-04-21,present
STU0320,PH301,2025-04-23,absent
STU0320,PH301,2025-04-25,present
STU0320,PH301,2025-04-29,present
STU0321,PH201,2025-01-01,present
STU0321,PH301,2025-01-03,present
STU0321,PH201,2025-01-07,present
STU0321,PH101,2025-01-09,late
STU0321,PH201,2025-01-13,present
STU0321,PH101,2025-01-15,present
STU0321,PH101,2025-01-17,present
STU0321,PH101,2025-01-21,present
STU0321,PH101,2025-01-23,present
STU0321,PH101,2025-01-27,present
STU0321,PH101,2025-01-29,present
STU0321,PH201,2025-01-31,present
STU0321,PH101,2025-02-04,present
STU0321,PH301,2025-02-06,present
STU0321,PH301,2025-02-10,absent
STU0321,PH201,2025-02-12,absent
STU0321,PH101,2025-02-14,present
STU0321,PH201,2025-02-18,present
STU0321,PH201,2025-02-20,present
STU0321,PH301,2025-02-24,present
STU0321,PH301,2025-02-26,late
STU0321,PH301,2025-02-28,present
STU0321,PH201,2025-03-04,present
STU0321,PH101,2025-03-06,present
STU0321,PH101,2025-03-10,present
STU0321,PH301,2025-03-12,present
STU0321,PH201,2025-03-14,present
STU0321,PH301,2025-03-18,present
STU0321,PH201,2025-03-20,present
STU0321,PH301,2025-03-24,present
STU0321,PH201,2025-03-26,present
STU0321,PH201,2025-03-28,present
STU0321,PH201,2025-04-01,present
STU0321,PH301,2025-04-03,present
STU0321,PH101,2025-04-07,absent
STU0321,PH301,2025-04-09,absent
STU0321,PH201,2025-04-11,late
STU0321,PH301,2025-04-15,present
STU0321,PH201,2025-04-17,absent
STU0321,PH301,2025-04-21,present
STU0321,PH101,2025-04-23,absent
STU0321,PH101,2025-04-25,present
STU0321,PH201,2025-04-29,late
STU0322,EN101,2025-01-01,present
STU0322,EN301,2025-01-03,absent
STU0322,EN301,2025-01-07,present
STU0322,EN101,2025-01-09,present
STU0322,EN101,2025-01-13,present
STU0322,EN101,2025-01-15,present
STU0322,EN101,2025-01-17,present
STU0322,EN201,2025-01-21,absent
STU0322,EN101,2025-01-23,present
STU0322,EN101,2025-01-27,present
STU0322,EN201,2025-01-29,present
STU0322,EN301,2025-01-31,present
STU0322,EN101,2025-02-04,present
STU0322,EN101,2025-02-06,present
STU0322,EN201,2025-02-10,present
STU0322,EN201,2025-02-12,present
STU0322,EN301,2025-02-14,present
STU0322,EN201,2025-02-18,present
STU0322,EN101,2025-02-20,present
STU0322,EN301,2025-02-24,late
STU0322,EN201,2025-02-26,present
STU0322,EN301,2025-02-28,present
STU0322,EN201,2025-03-04,present
STU0322,EN301,2025-03-06,present
STU0322,EN101,2025-03-10,present
STU0322,EN201,2025-03-12,present
STU0322,EN301,2025-03-14,present
STU0322,EN101,2025-03-18,present
STU0322,EN101,2025-03-20,present
STU0322,EN301,2025-03-24,present
STU0322,EN301,2025-03-26,late
STU0322,EN301,2025-03-28,present
STU0322,EN201,2025-04-01,present
STU0322,EN301,2025-04-03,late
STU0322,EN201,2025-04-07,absent
STU0322,EN201,2025-04-09,present
STU0322,EN101,2025-04-11,absent
STU0322,EN301,2025-04-15,present
STU0322,EN201,2025-04-17,present
STU0322,EN201,2025-04-21,present
STU0322,EN301,2025-04-23,present
STU0322,EN101,2025-04-25,present
STU0322,EN101,2025-04-29,present
STU0323,MT201,2025-01-01,present
STU0323,MT101,2025-01-03,present
STU0323,MT101,2025-01-07,present
STU0323,MT101,2025-01-09,present
STU0323,MT301,2025-01-13,present
STU0323,MT301,2025-01-15,present
STU0323,MT401,2025-01-17,late
STU0323,MT401,2025-01-21,present
STU0323,MT301,2025-01-23,present
STU0323,MT101,2025-01-27,absent
STU0323,MT301,2025-01-29,present
STU0323,MT101,2025-01-31,absent
STU0323,MT201,2025-02-04,present
STU0323,MT301,2025-02-06,present
STU0323,MT301,2025-02-10,present
STU0323,MT201,2025-02-12,present
STU0323,MT201,2025-02-14,present
STU0323,MT201,2025-02-18,absent
STU0323,MT401,2025-02-20,present
STU0323,MT301,2025-02-24,present
STU0323,MT101,2025-02-26,present
STU0323,MT201,2025-02-28,present
STU0323,MT401,2025-03-04,present
STU0323,MT201,2025-03-06,present
STU0323,MT101,2025-03-10,present
STU0323,MT401,2025-03-12,present
STU0323,MT301,2025-03-14,present
STU0323,MT201,2025-03-18,absent
STU0323,MT301,2025-03-20,present
STU0323,MT201,2025-03-24,present
STU0323,MT201,2025-03-26,present
STU0323,MT201,2025-03-28,present
STU0323,MT301,2025-04-01,present
STU0323,MT201,2025-04-03,late
STU0323,MT301,2025-04-07,present
STU0323,MT201,2025-04-09,present
STU0323,MT101,2025-04-11,present
STU0323,MT201,2025-04-15,present
STU0323,MT301,2025-04-17,present
STU0323,MT401,2025-04-21,absent
STU0323,MT401,2025-04-23,present
STU0323,MT301,2025-04-25,present
STU0323,MT401,2025-04-29,present
STU0324,EN101,2025-01-01,absent
STU0324,EN301,2025-01-03,absent
STU0324,EN101,2025-01-07,absent
STU0324,EN201,2025-01-09,present
STU0324,EN101,2025-01-13,late
STU0324,EN101,2025-01-15,present
STU0324,EN201,2025-01-17,absent
STU0324,EN101,2025-01-21,present
STU0324,EN101,2025-01-23,present
STU0324,EN201,2025-01-27,late
STU0324,EN301,2025-01-29,present
STU0324,EN201,2025-01-31,present
STU0324,EN301,2025-02-04,absent
STU0324,EN201,2025-02-06,present
STU0324,EN201,2025-02-10,absent
STU0324,EN301,2025-02-12,present
STU0324,EN301,2025-02-14,present
STU0324,EN101,2025-02-18,late
STU0324,EN201,2025-02-20,present
STU0324,EN301,2025-02-24,absent
STU0324,EN101,2025-02-26,present
STU0324,EN301,2025-02-28,absent
STU0324,EN201,2025-03-04,present
STU0324,EN101,2025-03-06,present
STU0324,EN201,2025-03-10,absent
STU0324,EN301,2025-03-12,present
STU0324,EN301,2025-03-14,absent
STU0324,EN101,2025-03-18,absent
STU0324,EN301,2025-03-20,absent
STU0324,EN201,2025-03-24,late
STU0324,EN101,2025-03-26,present
STU0324,EN201,2025-03-28,present
STU0324,EN301,2025-04-01,present
STU0324,EN201,2025-04-03,present
STU0324,EN301,2025-04-07,present
STU0324,EN201,2025-04-09,present
STU0324,EN301,2025-04-11,present
STU0324,EN101,2025-04-15,present
STU0324,EN301,2025-04-17,present
STU0324,EN101,2025-04-21,absent
STU0324,EN301,2025-04-23,present
STU0324,EN301,2025-04-25,present
STU0324,EN201,2025-04-29,absent
STU0325,MT101,2025-01-01,present
STU0325,MT401,2025-01-03,late
STU0325,MT201,2025-01-07,present
STU0325,MT301,2025-01-09,present
STU0325,MT401,2025-01-13,present
STU0325,MT201,2025-01-15,absent
STU0325,MT401,2025-01-17,present
STU0325,MT101,2025-01-21,absent
STU0325,MT101,2025-01-23,present
STU0325,MT301,2025-01-27,present
STU0325,MT301,2025-01-29,present
STU0325,MT201,2025-01-31,present
STU0325,MT201,2025-02-04,present
STU0325,MT401,2025-02-06,late
STU0325,MT201,2025-02-10,present
STU0325,MT201,2025-02-12,present
STU0325,MT101,2025-02-14,present
STU0325,MT401,2025-02-18,absent
STU0325,MT401,2025-02-20,late
STU0325,MT301,2025-02-24,absent
STU0325,MT101,2025-02-26,late
STU0325,MT101,2025-02-28,absent
STU0325,MT101,2025-03-04,late
STU0325,MT301,2025-03-06,absent
STU0325,MT201,2025-03-10,present
STU0325,MT201,2025-03-12,present
STU0325,MT401,2025-03-14,present
STU0325,MT101,2025-03-18,present
STU0325,MT201,2025-03-20,present
STU0325,MT301,2025-03-24,present
STU0325,MT101,2025-03-26,late
STU0325,MT301,2025-03-28,present
STU0325,MT401,2025-04-01,absent
STU0325,MT401,2025-04-03,absent
STU0325,MT301,2025-04-07,late
STU0325,MT401,2025-04-09,late
STU0325,MT401,2025-04-11,absent
STU0325,MT201,2025-04-15,present
STU0325,MT401,2025-04-17,present
STU0325,MT101,2025-04-21,present
STU0325,MT201,2025-04-23,absent
STU0325,MT401,2025-04-25,absent
STU0325,MT401,2025-04-29,absent
STU0326,CS101,2025-01-01,present
STU0326,CS501,2025-01-03,present
STU0326,CS101,2025-01-07,present
STU0326,CS301,2025-01-09,present
STU0326,CS201,2025-01-13,present
STU0326,CS501,2025-01-15,present
STU0326,CS201,2025-01-17,present
STU0326,CS501,2025-01-21,present
STU0326,CS501,2025-01-23,present
STU0326,CS501,2025-01-27,absent
STU0326,CS101,2025-01-29,present
STU0326,CS201,2025-01-31,present
STU0326,CS201,2025-02-04,present
STU0326,CS201,2025-02-06,present
STU0326,CS501,2025-02-10,present
STU0326,CS401,2025-02-12,present
STU0326,CS301,2025-02-14,present
STU0326,CS401,2025-02-18,present
STU0326,CS301,2025-02-20,present
STU0326,CS201,2025-02-24,present
STU0326,CS401,2025-02-26,present
STU0326,CS401,2025-02-28,absent
STU0326,CS301,2025-03-04,present
STU0326,CS301,2025-03-06,present
STU0326,CS301,2025-03-10,present
STU0326,CS101,2025-03-12,present
STU0326,CS201,2025-03-14,present
STU0326,CS301,2025-03-18,present
STU0326,CS401,2025-03-20,present
STU0326,CS201,2025-03-24,present
STU0326,CS201,2025-03-26,absent
STU0326,CS201,2025-03-28,present
STU0326,CS101,2025-04-01,present
STU0326,CS501,2025-04-03,present
STU0326,CS201,2025-04-07,late
STU0326,CS301,2025-04-09,present
STU0326,CS401,2025-04-11,absent
STU0326,CS301,2025-04-15,present
STU0326,CS301,2025-04-17,present
STU0326,CS201,2025-04-21,present
STU0326,CS501,2025-04-23,present
STU0326,CS501,2025-04-25,absent
STU0326,CS401,2025-04-29,present
STU0327,CS101,2025-01-01,late
STU0327,CS201,2025-01-03,present
STU0327,CS501,2025-01-07,absent
STU0327,CS101,2025-01-09,present
STU0327,CS401,2025-01-13,present
STU0327,CS101,2025-01-15,present
STU0327,CS501,2025-01-17,present
STU0327,CS401,2025-01-21,present
STU0327,CS101,2025-01-23,present
STU0327,CS401,2025-01-27,present
STU0327,CS501,2025-01-29,present
STU0327,CS501,2025-01-31,present
STU0327,CS201,2025-02-04,present
STU0327,CS501,2025-02-06,absent
STU0327,CS501,2025-02-10,absent
STU0327,CS301,2025-02-12,present
STU0327,CS301,2025-02-14,present
STU0327,CS101,2025-02-18,absent
STU0327,CS101,2025-02-20,present
STU0327,CS401,2025-02-24,present
STU0327,CS501,2025-02-26,present
STU0327,CS201,2025-02-28,present
STU0327,CS501,2025-03-04,present
STU0327,CS201,2025-03-06,present
STU0327,CS501,2025-03-10,present
STU0327,CS201,2025-03-12,present
STU0327,CS101,2025-03-14,present
STU0327,CS401,2025-03-18,present
STU0327,CS201,2025-03-20,present
STU0327,CS501,2025-03-24,present
STU0327,CS501,2025-03-26,absent
STU0327,CS401,2025-03-28,present
STU0327,CS101,2025-04-01,present
STU0327,CS301,2025-04-03,present
STU0327,CS201,2025-04-07,present
STU0327,CS401,2025-04-09,present
STU0327,CS501,2025-04-11,present
STU0327,CS301,2025-04-15,absent
STU0327,CS401,2025-04-17,present
STU0327,CS101,2025-04-21,absent
STU0327,CS101,2025-04-23,present
STU0327,CS201,2025-04-25,late
STU0327,CS401,2025-04-29,absent
STU0328,EN301,2025-01-01,late
STU0328,EN101,2025-01-03,present
STU0328,EN301,2025-01-07,present
STU0328,EN101,2025-01-09,present
STU0328,EN201,2025-01-13,absent
STU0328,EN201,2025-01-15,late
STU0328,EN301,2025-01-17,present
STU0328,EN201,2025-01-21,present
STU0328,EN301,2025-01-23,present
STU0328,EN301,2025-01-27,present
STU0328,EN201,2025-01-29,present
STU0328,EN101,2025-01-31,present
STU0328,EN201,2025-02-04,absent
STU0328,EN301,2025-02-06,present
STU0328,EN101,2025-02-10,present
STU0328,EN301,2025-02-12,present
STU0328,EN301,2025-02-14,present
STU0328,EN201,2025-02-18,present
STU0328,EN301,2025-02-20,present
STU0328,EN201,2025-02-24,present
STU0328,EN101,2025-02-26,present
STU0328,EN101,2025-02-28,late
STU0328,EN101,2025-03-04,present
STU0328,EN201,2025-03-06,present
STU0328,EN101,2025-03-10,present
STU0328,EN301,2025-03-12,present
STU0328,EN301,2025-03-14,present
STU0328,EN301,2025-03-18,present
STU0328,EN301,2025-03-20,present
STU0328,EN301,2025-03-24,absent
STU0328,EN301,2025-03-26,present
STU0328,EN101,2025-03-28,present
STU0328,EN301,2025-04-01,late
STU0328,EN301,2025-04-03,present
STU0328,EN301,2025-04-07,present
STU0328,EN301,2025-04-09,present
STU0328,EN201,2025-04-11,late
STU0328,EN101,2025-04-15,present
STU0328,EN301,2025-04-17,absent
STU0328,EN101,2025-04-21,present
STU0328,EN101,2025-04-23,present
STU0328,EN101,2025-04-25,present
STU0328,EN201,2025-04-29,present
STU0329,PH101,2025-01-01,present
STU0329,PH201,2025-01-03,present
STU0329,PH301,2025-01-07,present
STU0329,PH301,2025-01-09,present
STU0329,PH101,2025-01-13,present
STU0329,PH101,2025-01-15,present
STU0329,PH301,2025-01-17,present
STU0329,PH201,2025-01-21,present
STU0329,PH101,2025-01-23,present
STU0329,PH101,2025-01-27,present
STU0329,PH201,2025-01-29,present
STU0329,PH301,2025-01-31,present
STU0329,PH101,2025-02-04,present
STU0329,PH301,2025-02-06,present
STU0329,PH301,2025-02-10,late
STU0329,PH201,2025-02-12,present
STU0329,PH301,2025-02-14,present
STU0329,PH301,2025-02-18,present
STU0329,PH301,2025-02-20,present
STU0329,PH201,2025-02-24,present
STU0329,PH201,2025-02-26,present
STU0329,PH201,2025-02-28,present
STU0329,PH101,2025-03-04,present
STU0329,PH201,2025-03-06,present
STU0329,PH101,2025-03-10,present
STU0329,PH101,2025-03-12,present
STU0329,PH101,2025-03-14,present
STU0329,PH101,2025-03-18,present
STU0329,PH201,2025-03-20,present
STU0329,PH301,2025-03-24,present
STU0329,PH301,2025-03-26,present
STU0329,PH201,2025-03-28,present
STU0329,PH201,2025-04-01,present
STU0329,PH201,2025-04-03,present
STU0329,PH101,2025-04-07,present
STU0329,PH301,2025-04-09,present
STU0329,PH101,2025-04-11,present
STU0329,PH101,2025-04-15,present
STU0329,PH301,2025-04-17,present
STU0329,PH301,2025-04-21,present
STU0329,PH101,2025-04-23,present
STU0329,PH301,2025-04-25,present
STU0329,PH301,2025-04-29,present
STU0330,MT101,2025-01-01,present
STU0330,MT301,2025-01-03,present
STU0330,MT201,2025-01-07,present
STU0330,MT301,2025-01-09,present
STU0330,MT201,2025-01-13,absent
STU0330,MT101,2025-01-15,present
STU0330,MT401,2025-01-17,present
STU0330,MT401,2025-01-21,absent
STU0330,MT301,2025-01-23,absent
STU0330,MT401,2025-01-27,absent
STU0330,MT301,2025-01-29,present
STU0330,MT201,2025-01-31,absent
STU0330,MT101,2025-02-04,present
STU0330,MT101,2025-02-06,present
STU0330,MT101,2025-02-10,present
STU0330,MT101,2025-02-12,present
STU0330,MT401,2025-02-14,present
STU0330,MT301,2025-02-18,present
STU0330,MT401,2025-02-20,present
STU0330,MT201,2025-02-24,present
STU0330,MT101,2025-02-26,absent
STU0330,MT201,2025-02-28,present
STU0330,MT101,2025-03-04,present
STU0330,MT101,2025-03-06,absent
STU0330,MT201,2025-03-10,present
STU0330,MT401,2025-03-12,present
STU0330,MT301,2025-03-14,absent
STU0330,MT401,2025-03-18,late
STU0330,MT301,2025-03-20,absent
STU0330,MT401,2025-03-24,present
STU0330,MT101,2025-03-26,present
STU0330,MT201,2025-03-28,present
STU0330,MT101,2025-04-01,present
STU0330,MT201,2025-04-03,present
STU0330,MT201,2025-04-07,present
STU0330,MT101,2025-04-09,absent
STU0330,MT201,2025-04-11,present
STU0330,MT101,2025-04-15,present
STU0330,MT401,2025-04-17,present
STU0330,MT101,2025-04-21,present
STU0330,MT401,2025-04-23,late
STU0330,MT101,2025-04-25,present
STU0330,MT301,2025-04-29,present
STU0331,BU201,2025-01-01,present
STU0331,BU201,2025-01-03,present
STU0331,BU201,2025-01-07,present
STU0331,BU401,2025-01-09,present
STU0331,BU301,2025-01-13,present
STU0331,BU101,2025-01-15,present
STU0331,BU101,2025-01-17,present
STU0331,BU301,2025-01-21,present
STU0331,BU201,2025-01-23,present
STU0331,BU101,2025-01-27,present
STU0331,BU401,2025-01-29,present
STU0331,BU201,2025-01-31,absent
STU0331,BU101,2025-02-04,present
STU0331,BU301,2025-02-06,present
STU0331,BU101,2025-02-10,present
STU0331,BU401,2025-02-12,present
STU0331,BU301,2025-02-14,present
STU0331,BU201,2025-02-18,present
STU0331,BU401,2025-02-20,absent
STU0331,BU201,2025-02-24,present
STU0331,BU401,2025-02-26,present
STU0331,BU101,2025-02-28,absent
STU0331,BU101,2025-03-04,present
STU0331,BU101,2025-03-06,absent
STU0331,BU301,2025-03-10,present
STU0331,BU201,2025-03-12,present
STU0331,BU101,2025-03-14,present
STU0331,BU101,2025-03-18,present
STU0331,BU101,2025-03-20,present
STU0331,BU101,2025-03-24,present
STU0331,BU401,2025-03-26,present
STU0331,BU201,2025-03-28,late
STU0331,BU301,2025-04-01,present
STU0331,BU101,2025-04-03,present
STU0331,BU201,2025-04-07,present
STU0331,BU401,2025-04-09,present
STU0331,BU201,2025-04-11,present
STU0331,BU201,2025-04-15,present
STU0331,BU201,2025-04-17,present
STU0331,BU101,2025-04-21,present
STU0331,BU101,2025-04-23,present
STU0331,BU201,2025-04-25,present
STU0331,BU401,2025-04-29,present
STU0332,PH101,2025-01-01,absent
STU0332,PH101,2025-01-03,absent
STU0332,PH101,2025-01-07,late
STU0332,PH301,2025-01-09,late
STU0332,PH301,2025-01-13,present
STU0332,PH301,2025-01-15,present
STU0332,PH101,2025-01-17,present
STU0332,PH301,2025-01-21,absent
STU0332,PH201,2025-01-23,absent
STU0332,PH101,2025-01-27,absent
STU0332,PH101,2025-01-29,present
STU0332,PH201,2025-01-31,present
STU0332,PH201,2025-02-04,present
STU0332,PH301,2025-02-06,present
STU0332,PH201,2025-02-10,present
STU0332,PH101,2025-02-12,present
STU0332,PH301,2025-02-14,late
STU0332,PH101,2025-02-18,present
STU0332,PH201,2025-02-20,absent
STU0332,PH101,2025-02-24,present
STU0332,PH201,2025-02-26,absent
STU0332,PH201,2025-02-28,absent
STU0332,PH101,2025-03-04,absent
STU0332,PH201,2025-03-06,present
STU0332,PH101,2025-03-10,late
STU0332,PH101,2025-03-12,present
STU0332,PH301,2025-03-14,present
STU0332,PH301,2025-03-18,present
STU0332,PH201,2025-03-20,absent
STU0332,PH201,2025-03-24,present
STU0332,PH101,2025-03-26,absent
STU0332,PH301,2025-03-28,present
STU0332,PH301,2025-04-01,present
STU0332,PH301,2025-04-03,late
STU0332,PH301,2025-04-07,present
STU0332,PH101,2025-04-09,absent
STU0332,PH201,2025-04-11,present
STU0332,PH301,2025-04-15,present
STU0332,PH101,2025-04-17,present
STU0332,PH301,2025-04-21,present
STU0332,PH301,2025-04-23,present
STU0332,PH201,2025-04-25,present
STU0332,PH101,2025-04-29,present
STU0333,EN101,2025-01-01,present
STU0333,EN101,2025-01-03,present
STU0333,EN201,2025-01-07,present
STU0333,EN101,2025-01-09,present
STU0333,EN101,2025-01-13,absent
STU0333,EN201,2025-01-15,present
STU0333,EN301,2025-01-17,present
STU0333,EN101,2025-01-21,present
STU0333,EN201,2025-01-23,present
STU0333,EN101,2025-01-27,present
STU0333,EN201,2025-01-29,present
STU0333,EN101,2025-01-31,present
STU0333,EN101,2025-02-04,present
STU0333,EN201,2025-02-06,present
STU0333,EN301,2025-02-10,present
STU0333,EN201,2025-02-12,present
STU0333,EN201,2025-02-14,present
STU0333,EN101,2025-02-18,present
STU0333,EN201,2025-02-20,present
STU0333,EN101,2025-02-24,present
STU0333,EN101,2025-02-26,present
STU0333,EN201,2025-02-28,present
STU0333,EN301,2025-03-04,present
STU0333,EN101,2025-03-06,present
STU0333,EN301,2025-03-10,present
STU0333,EN201,2025-03-12,present
STU0333,EN101,2025-03-14,present
STU0333,EN101,2025-03-18,present
STU0333,EN101,2025-03-20,present
STU0333,EN301,2025-03-24,present
STU0333,EN101,2025-03-26,present
STU0333,EN101,2025-03-28,present
STU0333,EN301,2025-04-01,present
STU0333,EN201,2025-04-03,present
STU0333,EN201,2025-04-07,present
STU0333,EN101,2025-04-09,present
STU0333,EN101,2025-04-11,present
STU0333,EN301,2025-04-15,present
STU0333,EN101,2025-04-17,present
STU0333,EN201,2025-04-21,present
STU0333,EN101,2025-04-23,present
STU0333,EN201,2025-04-25,present
STU0333,EN201,2025-04-29,present
STU0334,BU101,2025-01-01,present
STU0334,BU201,2025-01-03,present
STU0334,BU301,2025-01-07,present
STU0334,BU401,2025-01-09,present
STU0334,BU401,2025-01-13,present
STU0334,BU301,2025-01-15,late
STU0334,BU201,2025-01-17,absent
STU0334,BU201,2025-01-21,present
STU0334,BU101,2025-01-23,present
STU0334,BU201,2025-01-27,present
STU0334,BU401,2025-01-29,present
STU0334,BU201,2025-01-31,present
STU0334,BU301,2025-02-04,present
STU0334,BU401,2025-02-06,present
STU0334,BU301,2025-02-10,present
STU0334,BU201,2025-02-12,present
STU0334,BU201,2025-02-14,late
STU0334,BU101,2025-02-18,present
STU0334,BU301,2025-02-20,late
STU0334,BU101,2025-02-24,present
STU0334,BU101,2025-02-26,present
STU0334,BU101,2025-02-28,present
STU0334,BU301,2025-03-04,present
STU0334,BU101,2025-03-06,present
STU0334,BU401,2025-03-10,late
STU0334,BU201,2025-03-12,late
STU0334,BU401,2025-03-14,present
STU0334,BU401,2025-03-18,present
STU0334,BU301,2025-03-20,present
STU0334,BU101,2025-03-24,present
STU0334,BU101,2025-03-26,present
STU0334,BU301,2025-03-28,present
STU0334,BU401,2025-04-01,present
STU0334,BU201,2025-04-03,present
STU0334,BU101,2025-04-07,present
STU0334,BU301,2025-04-09,present
STU0334,BU401,2025-04-11,present
STU0334,BU301,2025-04-15,late
STU0334,BU101,2025-04-17,present
STU0334,BU101,2025-04-21,absent
STU0334,BU201,2025-04-23,absent
STU0334,BU301,2025-04-25,late
STU0334,BU301,2025-04-29,absent
STU0335,EN201,2025-01-01,present
STU0335,EN301,2025-01-03,absent
STU0335,EN301,2025-01-07,present
STU0335,EN301,2025-01-09,present
STU0335,EN301,2025-01-13,late
STU0335,EN301,2025-01-15,absent
STU0335,EN201,2025-01-17,late
STU0335,EN201,2025-01-21,absent
STU0335,EN301,2025-01-23,absent
STU0335,EN201,2025-01-27,present
STU0335,EN301,2025-01-29,absent
STU0335,EN101,2025-01-31,present
STU0335,EN101,2025-02-04,absent
STU0335,EN101,2025-02-06,absent
STU0335,EN301,2025-02-10,absent
STU0335,EN101,2025-02-12,present
STU0335,EN301,2025-02-14,present
STU0335,EN301,2025-02-18,present
STU0335,EN101,2025-02-20,late
STU0335,EN101,2025-02-24,present
STU0335,EN101,2025-02-26,present
STU0335,EN101,2025-02-28,present
STU0335,EN101,2025-03-04,absent
STU0335,EN101,2025-03-06,absent
STU0335,EN201,2025-03-10,absent
STU0335,EN201,2025-03-12,present
STU0335,EN101,2025-03-14,present
STU0335,EN301,2025-03-18,present
STU0335,EN301,2025-03-20,present
STU0335,EN301,2025-03-24,absent
STU0335,EN301,2025-03-26,present
STU0335,EN101,2025-03-28,present
STU0335,EN201,2025-04-01,present
STU0335,EN301,2025-04-03,present
STU0335,EN101,2025-04-07,absent
STU0335,EN301,2025-04-09,present
STU0335,EN101,2025-04-11,absent
STU0335,EN201,2025-04-15,present
STU0335,EN201,2025-04-17,present
STU0335,EN101,2025-04-21,present
STU0335,EN201,2025-04-23,present
STU0335,EN201,2025-04-25,absent
STU0335,EN101,2025-04-29,present
STU0336,CS501,2025-01-01,present
STU0336,CS201,2025-01-03,present
STU0336,CS401,2025-01-07,present
STU0336,CS401,2025-01-09,absent
STU0336,CS401,2025-01-13,present
STU0336,CS301,2025-01-15,present
STU0336,CS101,2025-01-17,absent
STU0336,CS301,2025-01-21,present
STU0336,CS401,2025-01-23,present
STU0336,CS101,2025-01-27,present
STU0336,CS401,2025-01-29,present
STU0336,CS201,2025-01-31,absent
STU0336,CS201,2025-02-04,present
STU0336,CS501,2025-02-06,late
STU0336,CS301,2025-02-10,present
STU0336,CS201,2025-02-12,late
STU0336,CS501,2025-02-14,present
STU0336,CS401,2025-02-18,present
STU0336,CS301,2025-02-20,present
STU0336,CS401,2025-02-24,present
STU0336,CS501,2025-02-26,absent
STU0336,CS501,2025-02-28,absent
STU0336,CS401,2025-03-04,present
STU0336,CS201,2025-03-06,present
STU0336,CS101,2025-03-10,present
STU0336,CS201,2025-03-12,late
STU0336,CS101,2025-03-14,absent
STU0336,CS301,2025-03-18,present
STU0336,CS501,2025-03-20,absent
STU0336,CS401,2025-03-24,late
STU0336,CS101,2025-03-26,present
STU0336,CS101,2025-03-28,absent
STU0336,CS201,2025-04-01,present
STU0336,CS401,2025-04-03,present
STU0336,CS301,2025-04-07,present
STU0336,CS201,2025-04-09,present
STU0336,CS301,2025-04-11,present
STU0336,CS401,2025-04-15,present
STU0336,CS401,2025-04-17,absent
STU0336,CS301,2025-04-21,present
STU0336,CS101,2025-04-23,present
STU0336,CS301,2025-04-25,absent
STU0336,CS301,2025-04-29,present
STU0337,PH101,2025-01-01,present
STU0337,PH301,2025-01-03,late
STU0337,PH301,2025-01-07,absent
STU0337,PH301,2025-01-09,present
STU0337,PH201,2025-01-13,present
STU0337,PH101,2025-01-15,late
STU0337,PH301,2025-01-17,present
STU0337,PH301,2025-01-21,present
STU0337,PH201,2025-01-23,present
STU0337,PH201,2025-01-27,present
STU0337,PH201,2025-01-29,absent
STU0337,PH101,2025-01-31,absent
STU0337,PH101,2025-02-04,late
STU0337,PH201,2025-02-06,absent
STU0337,PH201,2025-02-10,present
STU0337,PH301,2025-02-12,present
STU0337,PH201,2025-02-14,late
STU0337,PH201,2025-02-18,present
STU0337,PH101,2025-02-20,present
STU0337,PH301,2025-02-24,absent
STU0337,PH101,2025-02-26,present
STU0337,PH101,2025-02-28,present
STU0337,PH101,2025-03-04,absent
STU0337,PH301,2025-03-06,late
STU0337,PH301,2025-03-10,present
STU0337,PH101,2025-03-12,absent
STU0337,PH201,2025-03-14,present
STU0337,PH301,2025-03-18,present
STU0337,PH301,2025-03-20,late
STU0337,PH201,2025-03-24,late
STU0337,PH201,2025-03-26,present
STU0337,PH201,2025-03-28,present
STU0337,PH101,2025-04-01,present
STU0337,PH201,2025-04-03,present
STU0337,PH201,2025-04-07,present
STU0337,PH201,2025-04-09,present
STU0337,PH101,2025-04-11,present
STU0337,PH201,2025-04-15,present
STU0337,PH301,2025-04-17,present
STU0337,PH101,2025-04-21,absent
STU0337,PH301,2025-04-23,present
STU0337,PH201,2025-04-25,present
STU0337,PH101,2025-04-29,absent
STU0338,MT401,2025-01-01,present
STU0338,MT101,2025-01-03,present
STU0338,MT101,2025-01-07,present
STU0338,MT101,2025-01-09,present
STU0338,MT201,2025-01-13,present
STU0338,MT301,2025-01-15,present
STU0338,MT301,2025-01-17,present
STU0338,MT101,2025-01-21,present
STU0338,MT101,2025-01-23,present
STU0338,MT301,2025-01-27,present
STU0338,MT401,2025-01-29,absent
STU0338,MT301,2025-01-31,present
STU0338,MT401,2025-02-04,present
STU0338,MT101,2025-02-06,present
STU0338,MT201,2025-02-10,present
STU0338,MT201,2025-02-12,absent
STU0338,MT401,2025-02-14,present
STU0338,MT101,2025-02-18,absent
STU0338,MT401,2025-02-20,present
STU0338,MT301,2025-02-24,absent
STU0338,MT101,2025-02-26,present
STU0338,MT401,2025-02-28,present
STU0338,MT101,2025-03-04,present
STU0338,MT401,2025-03-06,present
STU0338,MT101,2025-03-10,present
STU0338,MT201,2025-03-12,present
STU0338,MT201,2025-03-14,present
STU0338,MT301,2025-03-18,late
STU0338,MT201,2025-03-20,present
STU0338,MT301,2025-03-24,absent
STU0338,MT301,2025-03-26,late
STU0338,MT201,2025-03-28,absent
STU0338,MT101,2025-04-01,present
STU0338,MT201,2025-04-03,present
STU0338,MT301,2025-04-07,present
STU0338,MT101,2025-04-09,present
STU0338,MT401,2025-04-11,present
STU0338,MT401,2025-04-15,absent
STU0338,MT201,2025-04-17,present
STU0338,MT201,2025-04-21,present
STU0338,MT101,2025-04-23,late
STU0338,MT301,2025-04-25,present
STU0338,MT301,2025-04-29,present
STU0339,EN101,2025-01-01,present
STU0339,EN201,2025-01-03,present
STU0339,EN201,2025-01-07,present
STU0339,EN201,2025-01-09,present
STU0339,EN301,2025-01-13,absent
STU0339,EN101,2025-01-15,present
STU0339,EN101,2025-01-17,present
STU0339,EN201,2025-01-21,present
STU0339,EN101,2025-01-23,present
STU0339,EN201,2025-01-27,present
STU0339,EN301,2025-01-29,present
STU0339,EN101,2025-01-31,present
STU0339,EN201,2025-02-04,present
STU0339,EN301,2025-02-06,present
STU0339,EN201,2025-02-10,present
STU0339,EN301,2025-02-12,present
STU0339,EN101,2025-02-14,present
STU0339,EN301,2025-02-18,present
STU0339,EN101,2025-02-20,present
STU0339,EN201,2025-02-24,absent
STU0339,EN101,2025-02-26,present
STU0339,EN301,2025-02-28,present
STU0339,EN101,2025-03-04,present
STU0339,EN101,2025-03-06,present
STU0339,EN301,2025-03-10,present
STU0339,EN301,2025-03-12,present
STU0339,EN201,2025-03-14,present
STU0339,EN301,2025-03-18,present
STU0339,EN301,2025-03-20,present
STU0339,EN101,2025-03-24,absent
STU0339,EN101,2025-03-26,present
STU0339,EN301,2025-03-28,present
STU0339,EN101,2025-04-01,late
STU0339,EN301,2025-04-03,absent
STU0339,EN201,2025-04-07,present
STU0339,EN301,2025-04-09,present
STU0339,EN301,2025-04-11,present
STU0339,EN201,2025-04-15,absent
STU0339,EN201,2025-04-17,present
STU0339,EN101,2025-04-21,absent
STU0339,EN101,2025-04-23,present
STU0339,EN101,2025-04-25,present
STU0339,EN201,2025-04-29,late
STU0340,EN201,2025-01-01,present
STU0340,EN201,2025-01-03,present
STU0340,EN201,2025-01-07,present
STU0340,EN301,2025-01-09,present
STU0340,EN201,2025-01-13,present
STU0340,EN201,2025-01-15,present
STU0340,EN201,2025-01-17,present
STU0340,EN201,2025-01-21,absent
STU0340,EN201,2025-01-23,present
STU0340,EN301,2025-01-27,late
STU0340,EN201,2025-01-29,present
STU0340,EN201,2025-01-31,present
STU0340,EN101,2025-02-04,present
STU0340,EN201,2025-02-06,absent
STU0340,EN101,2025-02-10,late
STU0340,EN301,2025-02-12,absent
STU0340,EN201,2025-02-14,present
STU0340,EN201,2025-02-18,present
STU0340,EN101,2025-02-20,absent
STU0340,EN301,2025-02-24,late
STU0340,EN301,2025-02-26,late
STU0340,EN101,2025-02-28,present
STU0340,EN301,2025-03-04,late
STU0340,EN201,2025-03-06,present
STU0340,EN101,2025-03-10,present
STU0340,EN301,2025-03-12,present
STU0340,EN301,2025-03-14,present
STU0340,EN301,2025-03-18,absent
STU0340,EN101,2025-03-20,absent
STU0340,EN201,2025-03-24,absent
STU0340,EN201,2025-03-26,present
STU0340,EN101,2025-03-28,present
STU0340,EN301,2025-04-01,absent
STU0340,EN301,2025-04-03,present
STU0340,EN101,2025-04-07,absent
STU0340,EN301,2025-04-09,absent
STU0340,EN201,2025-04-11,absent
STU0340,EN101,2025-04-15,present
STU0340,EN101,2025-04-17,absent
STU0340,EN101,2025-04-21,present
STU0340,EN301,2025-04-23,present
STU0340,EN201,2025-04-25,absent
STU0340,EN301,2025-04-29,present
STU0341,MT301,2025-01-01,absent
STU0341,MT101,2025-01-03,present
STU0341,MT301,2025-01-07,present
STU0341,MT201,2025-01-09,absent
STU0341,MT201,2025-01-13,present
STU0341,MT301,2025-01-15,present
STU0341,MT301,2025-01-17,present
STU0341,MT201,2025-01-21,present
STU0341,MT101,2025-01-23,present
STU0341,MT201,2025-01-27,present
STU0341,MT201,2025-01-29,absent
STU0341,MT401,2025-01-31,present
STU0341,MT301,2025-02-04,present
STU0341,MT101,2025-02-06,present
STU0341,MT101,2025-02-10,present
STU0341,MT101,2025-02-12,present
STU0341,MT301,2025-02-14,present
STU0341,MT201,2025-02-18,present
STU0341,MT201,2025-02-20,present
STU0341,MT101,2025-02-24,present
STU0341,MT301,2025-02-26,present
STU0341,MT201,2025-02-28,present
STU0341,MT101,2025-03-04,present
STU0341,MT401,2025-03-06,present
STU0341,MT401,2025-03-10,present
STU0341,MT201,2025-03-12,present
STU0341,MT101,2025-03-14,absent
STU0341,MT201,2025-03-18,present
STU0341,MT101,2025-03-20,absent
STU0341,MT201,2025-03-24,present
STU0341,MT301,2025-03-26,present
STU0341,MT101,2025-03-28,present
STU0341,MT101,2025-04-01,present
STU0341,MT401,2025-04-03,present
STU0341,MT401,2025-04-07,present
STU0341,MT401,2025-04-09,absent
STU0341,MT401,2025-04-11,present
STU0341,MT201,2025-04-15,present
STU0341,MT101,2025-04-17,present
STU0341,MT101,2025-04-21,late
STU0341,MT101,2025-04-23,absent
STU0341,MT301,2025-04-25,present
STU0341,MT101,2025-04-29,present
STU0342,EN201,2025-01-01,present
STU0342,EN101,2025-01-03,present
STU0342,EN301,2025-01-07,present
STU0342,EN201,2025-01-09,present
STU0342,EN101,2025-01-13,present
STU0342,EN301,2025-01-15,present
STU0342,EN201,2025-01-17,present
STU0342,EN201,2025-01-21,present
STU0342,EN201,2025-01-23,present
STU0342,EN201,2025-01-27,present
STU0342,EN201,2025-01-29,present
STU0342,EN301,2025-01-31,present
STU0342,EN201,2025-02-04,present
STU0342,EN101,2025-02-06,present
STU0342,EN201,2025-02-10,present
STU0342,EN301,2025-02-12,present
STU0342,EN101,2025-02-14,present
STU0342,EN201,2025-02-18,present
STU0342,EN101,2025-02-20,present
STU0342,EN301,2025-02-24,present
STU0342,EN201,2025-02-26,present
STU0342,EN201,2025-02-28,present
STU0342,EN201,2025-03-04,present
STU0342,EN101,2025-03-06,present
STU0342,EN301,2025-03-10,present
STU0342,EN301,2025-03-12,absent
STU0342,EN201,2025-03-14,present
STU0342,EN101,2025-03-18,present
STU0342,EN101,2025-03-20,present
STU0342,EN301,2025-03-24,present
STU0342,EN301,2025-03-26,present
STU0342,EN201,2025-03-28,present
STU0342,EN301,2025-04-01,present
STU0342,EN201,2025-04-03,present
STU0342,EN201,2025-04-07,present
STU0342,EN201,2025-04-09,present
STU0342,EN201,2025-04-11,present
STU0342,EN301,2025-04-15,late
STU0342,EN201,2025-04-17,present
STU0342,EN301,2025-04-21,present
STU0342,EN201,2025-04-23,present
STU0342,EN301,2025-04-25,absent
STU0342,EN101,2025-04-29,present
STU0343,MT401,2025-01-01,present
STU0343,MT201,2025-01-03,present
STU0343,MT401,2025-01-07,present
STU0343,MT201,2025-01-09,present
STU0343,MT201,2025-01-13,present
STU0343,MT401,2025-01-15,present
STU0343,MT201,2025-01-17,present
STU0343,MT201,2025-01-21,present
STU0343,MT301,2025-01-23,present
STU0343,MT201,2025-01-27,present
STU0343,MT401,2025-01-29,late
STU0343,MT101,2025-01-31,absent
STU0343,MT201,2025-02-04,present
STU0343,MT101,2025-02-06,present
STU0343,MT101,2025-02-10,present
STU0343,MT301,2025-02-12,present
STU0343,MT401,2025-02-14,present
STU0343,MT401,2025-02-18,present
STU0343,MT301,2025-02-20,absent
STU0343,MT101,2025-02-24,absent
STU0343,MT301,2025-02-26,present
STU0343,MT101,2025-02-28,present
STU0343,MT201,2025-03-04,late
STU0343,MT301,2025-03-06,late
STU0343,MT201,2025-03-10,late
STU0343,MT101,2025-03-12,present
STU0343,MT401,2025-03-14,present
STU0343,MT401,2025-03-18,present
STU0343,MT201,2025-03-20,present
STU0343,MT201,2025-03-24,present
STU0343,MT401,2025-03-26,present
STU0343,MT401,2025-03-28,absent
STU0343,MT101,2025-04-01,absent
STU0343,MT401,2025-04-03,present
STU0343,MT101,2025-04-07,absent
STU0343,MT301,2025-04-09,present
STU0343,MT101,2025-04-11,absent
STU0343,MT101,2025-04-15,present
STU0343,MT401,2025-04-17,present
STU0343,MT101,2025-04-21,present
STU0343,MT201,2025-04-23,present
STU0343,MT301,2025-04-25,present
STU0343,MT201,2025-04-29,present
STU0344,MT201,2025-01-01,late
STU0344,MT401,2025-01-03,present
STU0344,MT201,2025-01-07,present
STU0344,MT401,2025-01-09,present
STU0344,MT301,2025-01-13,present
STU0344,MT201,2025-01-15,present
STU0344,MT401,2025-01-17,absent
STU0344,MT201,2025-01-21,present
STU0344,MT101,2025-01-23,present
STU0344,MT101,2025-01-27,present
STU0344,MT201,2025-01-29,present
STU0344,MT101,2025-01-31,present
STU0344,MT301,2025-02-04,absent
STU0344,MT201,2025-02-06,present
STU0344,MT301,2025-02-10,present
STU0344,MT101,2025-02-12,absent
STU0344,MT201,2025-02-14,present
STU0344,MT301,2025-02-18,present
STU0344,MT401,2025-02-20,late
STU0344,MT101,2025-02-24,present
STU0344,MT401,2025-02-26,present
STU0344,MT201,2025-02-28,absent
STU0344,MT401,2025-03-04,absent
STU0344,MT101,2025-03-06,present
STU0344,MT101,2025-03-10,present
STU0344,MT101,2025-03-12,absent
STU0344,MT301,2025-03-14,present
STU0344,MT401,2025-03-18,present
STU0344,MT401,2025-03-20,present
STU0344,MT201,2025-03-24,present
STU0344,MT101,2025-03-26,absent
STU0344,MT401,2025-03-28,absent
STU0344,MT201,2025-04-01,late
STU0344,MT301,2025-04-03,absent
STU0344,MT401,2025-04-07,present
STU0344,MT401,2025-04-09,present
STU0344,MT201,2025-04-11,absent
STU0344,MT301,2025-04-15,present
STU0344,MT301,2025-04-17,present
STU0344,MT101,2025-04-21,present
STU0344,MT301,2025-04-23,absent
STU0344,MT301,2025-04-25,present
STU0344,MT301,2025-04-29,present
STU0345,PH201,2025-01-01,present
STU0345,PH201,2025-01-03,present
STU0345,PH201,2025-01-07,present
STU0345,PH101,2025-01-09,present
STU0345,PH101,2025-01-13,present
STU0345,PH301,2025-01-15,present
STU0345,PH101,2025-01-17,present
STU0345,PH201,2025-01-21,present
STU0345,PH301,2025-01-23,late
STU0345,PH301,2025-01-27,present
STU0345,PH201,2025-01-29,absent
STU0345,PH301,2025-01-31,present
STU0345,PH101,2025-02-04,present
STU0345,PH201,2025-02-06,present
STU0345,PH201,2025-02-10,present
STU0345,PH101,2025-02-12,present
STU0345,PH201,2025-02-14,present
STU0345,PH301,2025-02-18,late
STU0345,PH301,2025-02-20,present
STU0345,PH101,2025-02-24,present
STU0345,PH101,2025-02-26,present
STU0345,PH301,2025-02-28,present
STU0345,PH301,2025-03-04,present
STU0345,PH301,2025-03-06,present
STU0345,PH301,2025-03-10,present
STU0345,PH201,2025-03-12,present
STU0345,PH101,2025-03-14,present
STU0345,PH301,2025-03-18,present
STU0345,PH101,2025-03-20,present
STU0345,PH101,2025-03-24,present
STU0345,PH101,2025-03-26,present
STU0345,PH201,2025-03-28,present
STU0345,PH301,2025-04-01,present
STU0345,PH301,2025-04-03,present
STU0345,PH201,2025-04-07,present
STU0345,PH201,2025-04-09,present
STU0345,PH301,2025-04-11,present
STU0345,PH301,2025-04-15,present
STU0345,PH101,2025-04-17,present
STU0345,PH201,2025-04-21,present
STU0345,PH201,2025-04-23,present
STU0345,PH201,2025-04-25,present
STU0345,PH101,2025-04-29,present
STU0346,PH301,2025-01-01,present
STU0346,PH301,2025-01-03,present
STU0346,PH101,2025-01-07,present
STU0346,PH301,2025-01-09,present
STU0346,PH201,2025-01-13,present
STU0346,PH101,2025-01-15,present
STU0346,PH301,2025-01-17,present
STU0346,PH301,2025-01-21,present
STU0346,PH301,2025-01-23,present
STU0346,PH101,2025-01-27,present
STU0346,PH301,2025-01-29,present
STU0346,PH101,2025-01-31,present
STU0346,PH201,2025-02-04,late
STU0346,PH201,2025-02-06,present
STU0346,PH201,2025-02-10,present
STU0346,PH301,2025-02-12,present
STU0346,PH101,2025-02-14,present
STU0346,PH301,2025-02-18,present
STU0346,PH301,2025-02-20,present
STU0346,PH101,2025-02-24,present
STU0346,PH201,2025-02-26,absent
STU0346,PH101,2025-02-28,present
STU0346,PH201,2025-03-04,present
STU0346,PH101,2025-03-06,present
STU0346,PH201,2025-03-10,absent
STU0346,PH301,2025-03-12,present
STU0346,PH201,2025-03-14,present
STU0346,PH101,2025-03-18,present
STU0346,PH301,2025-03-20,present
STU0346,PH201,2025-03-24,present
STU0346,PH101,2025-03-26,present
STU0346,PH201,2025-03-28,present
STU0346,PH101,2025-04-01,present
STU0346,PH101,2025-04-03,present
STU0346,PH201,2025-04-07,present
STU0346,PH301,2025-04-09,present
STU0346,PH101,2025-04-11,present
STU0346,PH301,2025-04-15,present
STU0346,PH101,2025-04-17,present
STU0346,PH301,2025-04-21,present
STU0346,PH101,2025-04-23,present
STU0346,PH101,2025-04-25,present
STU0346,PH201,2025-04-29,absent
STU0347,PH101,2025-01-01,absent
STU0347,PH101,2025-01-03,present
STU0347,PH301,2025-01-07,absent
STU0347,PH301,2025-01-09,present
STU0347,PH101,2025-01-13,present
STU0347,PH301,2025-01-15,present
STU0347,PH301,2025-01-17,present
STU0347,PH101,2025-01-21,absent
STU0347,PH201,2025-01-23,present
STU0347,PH201,2025-01-27,present
STU0347,PH101,2025-01-29,late
STU0347,PH301,2025-01-31,late
STU0347,PH101,2025-02-04,absent
STU0347,PH101,2025-02-06,present
STU0347,PH301,2025-02-10,present
STU0347,PH301,2025-02-12,absent
STU0347,PH301,2025-02-14,present
STU0347,PH101,2025-02-18,present
STU0347,PH201,2025-02-20,present
STU0347,PH301,2025-02-24,present
STU0347,PH101,2025-02-26,present
STU0347,PH301,2025-02-28,present
STU0347,PH101,2025-03-04,present
STU0347,PH201,2025-03-06,present
STU0347,PH201,2025-03-10,present
STU0347,PH201,2025-03-12,present
STU0347,PH201,2025-03-14,absent
STU0347,PH201,2025-03-18,absent
STU0347,PH301,2025-03-20,present
STU0347,PH101,2025-03-24,present
STU0347,PH301,2025-03-26,present
STU0347,PH201,2025-03-28,present
STU0347,PH101,2025-04-01,present
STU0347,PH301,2025-04-03,present
STU0347,PH301,2025-04-07,absent
STU0347,PH201,2025-04-09,present
STU0347,PH301,2025-04-11,present
STU0347,PH101,2025-04-15,present
STU0347,PH101,2025-04-17,absent
STU0347,PH101,2025-04-21,present
STU0347,PH301,2025-04-23,absent
STU0347,PH201,2025-04-25,present
STU0347,PH301,2025-04-29,absent
STU0348,CS201,2025-01-01,absent
STU0348,CS201,2025-01-03,absent
STU0348,CS401,2025-01-07,present
STU0348,CS501,2025-01-09,present
STU0348,CS101,2025-01-13,present
STU0348,CS501,2025-01-15,absent
STU0348,CS101,2025-01-17,present
STU0348,CS301,2025-01-21,present
STU0348,CS301,2025-01-23,present
STU0348,CS201,2025-01-27,present
STU0348,CS501,2025-01-29,present
STU0348,CS201,2025-01-31,present
STU0348,CS301,2025-02-04,present
STU0348,CS501,2025-02-06,present
STU0348,CS501,2025-02-10,absent
STU0348,CS201,2025-02-12,present
STU0348,CS101,2025-02-14,present
STU0348,CS201,2025-02-18,present
STU0348,CS101,2025-02-20,present
STU0348,CS201,2025-02-24,present
STU0348,CS401,2025-02-26,present
STU0348,CS401,2025-02-28,present
STU0348,CS101,2025-03-04,present
STU0348,CS401,2025-03-06,present
STU0348,CS101,2025-03-10,late
STU0348,CS201,2025-03-12,present
STU0348,CS201,2025-03-14,present
STU0348,CS501,2025-03-18,present
STU0348,CS301,2025-03-20,present
STU0348,CS101,2025-03-24,present
STU0348,CS401,2025-03-26,present
STU0348,CS501,2025-03-28,present
STU0348,CS401,2025-04-01,present
STU0348,CS401,2025-04-03,present
STU0348,CS101,2025-04-07,present
STU0348,CS201,2025-04-09,absent
STU0348,CS501,2025-04-11,present
STU0348,CS401,2025-04-15,present
STU0348,CS301,2025-04-17,present
STU0348,CS501,2025-04-21,present
STU0348,CS101,2025-04-23,present
STU0348,CS401,2025-04-25,present
STU0348,CS201,2025-04-29,present
STU0349,MT401,2025-01-01,present
STU0349,MT301,2025-01-03,present
STU0349,MT101,2025-01-07,present
STU0349,MT101,2025-01-09,present
STU0349,MT301,2025-01-13,present
STU0349,MT101,2025-01-15,present
STU0349,MT201,2025-01-17,late
STU0349,MT101,2025-01-21,present
STU0349,MT401,2025-01-23,present
STU0349,MT401,2025-01-27,present
STU0349,MT101,2025-01-29,present
STU0349,MT201,2025-01-31,present
STU0349,MT201,2025-02-04,present
STU0349,MT401,2025-02-06,present
STU0349,MT201,2025-02-10,present
STU0349,MT301,2025-02-12,present
STU0349,MT201,2025-02-14,present
STU0349,MT101,2025-02-18,present
STU0349,MT201,2025-02-20,late
STU0349,MT201,2025-02-24,present
STU0349,MT401,2025-02-26,present
STU0349,MT101,2025-02-28,present
STU0349,MT301,2025-03-04,present
STU0349,MT401,2025-03-06,present
STU0349,MT301,2025-03-10,present
STU0349,MT201,2025-03-12,present
STU0349,MT301,2025-03-14,absent
STU0349,MT201,2025-03-18,present
STU0349,MT401,2025-03-20,present
STU0349,MT201,2025-03-24,present
STU0349,MT201,2025-03-26,present
STU0349,MT201,2025-03-28,present
STU0349,MT101,2025-04-01,present
STU0349,MT401,2025-04-03,present
STU0349,MT201,2025-04-07,present
STU0349,MT301,2025-04-09,present
STU0349,MT401,2025-04-11,present
STU0349,MT101,2025-04-15,present
STU0349,MT101,2025-04-17,present
STU0349,MT301,2025-04-21,present
STU0349,MT401,2025-04-23,present
STU0349,MT201,2025-04-25,present
STU0349,MT201,2025-04-29,present
STU0350,MT101,2025-01-01,present
STU0350,MT401,2025-01-03,present
STU0350,MT401,2025-01-07,present
STU0350,MT101,2025-01-09,present
STU0350,MT101,2025-01-13,present
STU0350,MT301,2025-01-15,late
STU0350,MT401,2025-01-17,present
STU0350,MT401,2025-01-21,present
STU0350,MT101,2025-01-23,present
STU0350,MT101,2025-01-27,present
STU0350,MT301,2025-01-29,present
STU0350,MT101,2025-01-31,present
STU0350,MT201,2025-02-04,present
STU0350,MT101,2025-02-06,present
STU0350,MT301,2025-02-10,present
STU0350,MT301,2025-02-12,present
STU0350,MT401,2025-02-14,present
STU0350,MT101,2025-02-18,present
STU0350,MT201,2025-02-20,present
STU0350,MT101,2025-02-24,present
STU0350,MT201,2025-02-26,present
STU0350,MT401,2025-02-28,present
STU0350,MT201,2025-03-04,present
STU0350,MT301,2025-03-06,present
STU0350,MT401,2025-03-10,absent
STU0350,MT301,2025-03-12,present
STU0350,MT301,2025-03-14,absent
STU0350,MT401,2025-03-18,present
STU0350,MT201,2025-03-20,present
STU0350,MT201,2025-03-24,present
STU0350,MT401,2025-03-26,present
STU0350,MT401,2025-03-28,present
STU0350,MT101,2025-04-01,present
STU0350,MT401,2025-04-03,present
STU0350,MT201,2025-04-07,present
STU0350,MT201,2025-04-09,present
STU0350,MT401,2025-04-11,present
STU0350,MT401,2025-04-15,present
STU0350,MT401,2025-04-17,present
STU0350,MT101,2025-04-21,present
STU0350,MT401,2025-04-23,present
STU0350,MT201,2025-04-25,present
STU0350,MT301,2025-04-29,present
STU0351,BU101,2025-01-01,absent
STU0351,BU201,2025-01-03,absent
STU0351,BU401,2025-01-07,present
STU0351,BU101,2025-01-09,absent
STU0351,BU401,2025-01-13,present
STU0351,BU301,2025-01-15,absent
STU0351,BU401,2025-01-17,present
STU0351,BU301,2025-01-21,absent
STU0351,BU101,2025-01-23,present
STU0351,BU401,2025-01-27,present
STU0351,BU301,2025-01-29,present
STU0351,BU201,2025-01-31,present
STU0351,BU401,2025-02-04,present
STU0351,BU401,2025-02-06,present
STU0351,BU201,2025-02-10,present
STU0351,BU201,2025-02-12,absent
STU0351,BU401,2025-02-14,present
STU0351,BU301,2025-02-18,present
STU0351,BU401,2025-02-20,present
STU0351,BU101,2025-02-24,late
STU0351,BU301,2025-02-26,late
STU0351,BU301,2025-02-28,present
STU0351,BU201,2025-03-04,present
STU0351,BU301,2025-03-06,present
STU0351,BU401,2025-03-10,late
STU0351,BU401,2025-03-12,present
STU0351,BU401,2025-03-14,present
STU0351,BU401,2025-03-18,present
STU0351,BU301,2025-03-20,present
STU0351,BU201,2025-03-24,present
STU0351,BU301,2025-03-26,absent
STU0351,BU301,2025-03-28,present
STU0351,BU201,2025-04-01,present
STU0351,BU401,2025-04-03,present
STU0351,BU101,2025-04-07,present
STU0351,BU201,2025-04-09,present
STU0351,BU401,2025-04-11,absent
STU0351,BU301,2025-04-15,present
STU0351,BU301,2025-04-17,present
STU0351,BU201,2025-04-21,present
STU0351,BU201,2025-04-23,present
STU0351,BU401,2025-04-25,present
STU0351,BU101,2025-04-29,present
STU0352,MT301,2025-01-01,present
STU0352,MT201,2025-01-03,present
STU0352,MT301,2025-01-07,present
STU0352,MT301,2025-01-09,present
STU0352,MT301,2025-01-13,present
STU0352,MT101,2025-01-15,present
STU0352,MT201,2025-01-17,present
STU0352,MT301,2025-01-21,present
STU0352,MT401,2025-01-23,present
STU0352,MT401,2025-01-27,present
STU0352,MT101,2025-01-29,present
STU0352,MT201,2025-01-31,absent
STU0352,MT101,2025-02-04,absent
STU0352,MT401,2025-02-06,present
STU0352,MT201,2025-02-10,present
STU0352,MT301,2025-02-12,present
STU0352,MT101,2025-02-14,present
STU0352,MT401,2025-02-18,absent
STU0352,MT101,2025-02-20,absent
STU0352,MT101,2025-02-24,absent
STU0352,MT201,2025-02-26,present
STU0352,MT401,2025-02-28,present
STU0352,MT401,2025-03-04,absent
STU0352,MT201,2025-03-06,present
STU0352,MT201,2025-03-10,absent
STU0352,MT301,2025-03-12,present
STU0352,MT101,2025-03-14,present
STU0352,MT201,2025-03-18,present
STU0352,MT101,2025-03-20,present
STU0352,MT301,2025-03-24,present
STU0352,MT201,2025-03-26,present
STU0352,MT401,2025-03-28,present
STU0352,MT301,2025-04-01,present
STU0352,MT101,2025-04-03,present
STU0352,MT201,2025-04-07,present
STU0352,MT401,2025-04-09,absent
STU0352,MT101,2025-04-11,present
STU0352,MT401,2025-04-15,present
STU0352,MT301,2025-04-17,late
STU0352,MT301,2025-04-21,absent
STU0352,MT101,2025-04-23,present
STU0352,MT101,2025-04-25,absent
STU0352,MT401,2025-04-29,present
STU0353,PH101,2025-01-01,present
STU0353,PH301,2025-01-03,present
STU0353,PH301,2025-01-07,present
STU0353,PH201,2025-01-09,present
STU0353,PH101,2025-01-13,present
STU0353,PH201,2025-01-15,late
STU0353,PH301,2025-01-17,present
STU0353,PH301,2025-01-21,present
STU0353,PH301,2025-01-23,present
STU0353,PH101,2025-01-27,late
STU0353,PH301,2025-01-29,present
STU0353,PH101,2025-01-31,present
STU0353,PH301,2025-02-04,absent
STU0353,PH101,2025-02-06,present
STU0353,PH101,2025-02-10,present
STU0353,PH101,2025-02-12,present
STU0353,PH301,2025-02-14,absent
STU0353,PH201,2025-02-18,present
STU0353,PH101,2025-02-20,present
STU0353,PH101,2025-02-24,present
STU0353,PH301,2025-02-26,present
STU0353,PH201,2025-02-28,present
STU0353,PH201,2025-03-04,present
STU0353,PH301,2025-03-06,present
STU0353,PH201,2025-03-10,present
STU0353,PH101,2025-03-12,present
STU0353,PH201,2025-03-14,present
STU0353,PH101,2025-03-18,present
STU0353,PH101,2025-03-20,present
STU0353,PH201,2025-03-24,present
STU0353,PH201,2025-03-26,present
STU0353,PH201,2025-03-28,present
STU0353,PH201,2025-04-01,present
STU0353,PH201,2025-04-03,present
STU0353,PH201,2025-04-07,present
STU0353,PH201,2025-04-09,present
STU0353,PH201,2025-04-11,present
STU0353,PH301,2025-04-15,present
STU0353,PH201,2025-04-17,absent
STU0353,PH101,2025-04-21,present
STU0353,PH301,2025-04-23,present
STU0353,PH101,2025-04-25,present
STU0353,PH301,2025-04-29,present
STU0354,PH101,2025-01-01,present
STU0354,PH101,2025-01-03,present
STU0354,PH301,2025-01-07,present
STU0354,PH301,2025-01-09,absent
STU0354,PH201,2025-01-13,present
STU0354,PH301,2025-01-15,present
STU0354,PH301,2025-01-17,present
STU0354,PH101,2025-01-21,present
STU0354,PH201,2025-01-23,present
STU0354,PH201,2025-01-27,present
STU0354,PH101,2025-01-29,present
STU0354,PH201,2025-01-31,late
STU0354,PH201,2025-02-04,present
STU0354,PH201,2025-02-06,present
STU0354,PH101,2025-02-10,present
STU0354,PH301,2025-02-12,present
STU0354,PH301,2025-02-14,present
STU0354,PH301,2025-02-18,absent
STU0354,PH201,2025-02-20,absent
STU0354,PH101,2025-02-24,present
STU0354,PH101,2025-02-26,present
STU0354,PH301,2025-02-28,present
STU0354,PH201,2025-03-04,present
STU0354,PH101,2025-03-06,present
STU0354,PH101,2025-03-10,present
STU0354,PH301,2025-03-12,present
STU0354,PH201,2025-03-14,present
STU0354,PH201,2025-03-18,absent
STU0354,PH101,2025-03-20,absent
STU0354,PH201,2025-03-24,present
STU0354,PH301,2025-03-26,present
STU0354,PH101,2025-03-28,absent
STU0354,PH301,2025-04-01,present
STU0354,PH201,2025-04-03,absent
STU0354,PH101,2025-04-07,present
STU0354,PH101,2025-04-09,present
STU0354,PH201,2025-04-11,present
STU0354,PH201,2025-04-15,absent
STU0354,PH201,2025-04-17,present
STU0354,PH101,2025-04-21,present
STU0354,PH301,2025-04-23,present
STU0354,PH101,2025-04-25,absent
STU0354,PH201,2025-04-29,late
STU0355,PH201,2025-01-01,late
STU0355,PH301,2025-01-03,late
STU0355,PH201,2025-01-07,present
STU0355,PH201,2025-01-09,present
STU0355,PH301,2025-01-13,present
STU0355,PH201,2025-01-15,present
STU0355,PH301,2025-01-17,absent
STU0355,PH301,2025-01-21,absent
STU0355,PH101,2025-01-23,present
STU0355,PH301,2025-01-27,present
STU0355,PH101,2025-01-29,late
STU0355,PH201,2025-01-31,present
STU0355,PH101,2025-02-04,present
STU0355,PH101,2025-02-06,present
STU0355,PH301,2025-02-10,present
STU0355,PH201,2025-02-12,present
STU0355,PH301,2025-02-14,present
STU0355,PH201,2025-02-18,present
STU0355,PH201,2025-02-20,late
STU0355,PH201,2025-02-24,present
STU0355,PH201,2025-02-26,present
STU0355,PH201,2025-02-28,late
STU0355,PH201,2025-03-04,present
STU0355,PH201,2025-03-06,present
STU0355,PH101,2025-03-10,absent
STU0355,PH201,2025-03-12,present
STU0355,PH301,2025-03-14,absent
STU0355,PH101,2025-03-18,present
STU0355,PH201,2025-03-20,present
STU0355,PH101,2025-03-24,present
STU0355,PH201,2025-03-26,present
STU0355,PH101,2025-03-28,absent
STU0355,PH201,2025-04-01,present
STU0355,PH101,2025-04-03,late
STU0355,PH101,2025-04-07,absent
STU0355,PH301,2025-04-09,present
STU0355,PH301,2025-04-11,absent
STU0355,PH101,2025-04-15,present
STU0355,PH301,2025-04-17,absent
STU0355,PH201,2025-04-21,absent
STU0355,PH301,2025-04-23,present
STU0355,PH301,2025-04-25,present
STU0355,PH301,2025-04-29,present
STU0356,PH201,2025-01-01,present
STU0356,PH301,2025-01-03,present
STU0356,PH201,2025-01-07,present
STU0356,PH201,2025-01-09,present
STU0356,PH301,2025-01-13,present
STU0356,PH101,2025-01-15,present
STU0356,PH301,2025-01-17,present
STU0356,PH301,2025-01-21,present
STU0356,PH301,2025-01-23,absent
STU0356,PH301,2025-01-27,present
STU0356,PH101,2025-01-29,present
STU0356,PH301,2025-01-31,present
STU0356,PH201,2025-02-04,present
STU0356,PH201,2025-02-06,present
STU0356,PH301,2025-02-10,late
STU0356,PH301,2025-02-12,late
STU0356,PH101,2025-02-14,absent
STU0356,PH201,2025-02-18,absent
STU0356,PH101,2025-02-20,present
STU0356,PH201,2025-02-24,present
STU0356,PH301,2025-02-26,present
STU0356,PH101,2025-02-28,present
STU0356,PH101,2025-03-04,absent
STU0356,PH201,2025-03-06,present
STU0356,PH101,2025-03-10,late
STU0356,PH201,2025-03-12,present
STU0356,PH301,2025-03-14,absent
STU0356,PH201,2025-03-18,present
STU0356,PH201,2025-03-20,present
STU0356,PH201,2025-03-24,present
STU0356,PH101,2025-03-26,absent
STU0356,PH101,2025-03-28,absent
STU0356,PH301,2025-04-01,present
STU0356,PH201,2025-04-03,present
STU0356,PH101,2025-04-07,present
STU0356,PH301,2025-04-09,late
STU0356,PH101,2025-04-11,present
STU0356,PH201,2025-04-15,present
STU0356,PH301,2025-04-17,present
STU0356,PH101,2025-04-21,present
STU0356,PH101,2025-04-23,present
STU0356,PH101,2025-04-25,present
STU0356,PH301,2025-04-29,late
STU0357,EN301,2025-01-01,absent
STU0357,EN301,2025-01-03,present
STU0357,EN101,2025-01-07,late
STU0357,EN101,2025-01-09,present
STU0357,EN301,2025-01-13,present
STU0357,EN301,2025-01-15,present
STU0357,EN301,2025-01-17,present
STU0357,EN201,2025-01-21,absent
STU0357,EN201,2025-01-23,present
STU0357,EN101,2025-01-27,present
STU0357,EN101,2025-01-29,present
STU0357,EN301,2025-01-31,present
STU0357,EN101,2025-02-04,present
STU0357,EN101,2025-02-06,present
STU0357,EN101,2025-02-10,present
STU0357,EN201,2025-02-12,absent
STU0357,EN301,2025-02-14,present
STU0357,EN201,2025-02-18,present
STU0357,EN201,2025-02-20,present
STU0357,EN201,2025-02-24,present
STU0357,EN301,2025-02-26,late
STU0357,EN301,2025-02-28,present
STU0357,EN301,2025-03-04,present
STU0357,EN101,2025-03-06,absent
STU0357,EN101,2025-03-10,present
STU0357,EN201,2025-03-12,present
STU0357,EN101,2025-03-14,present
STU0357,EN201,2025-03-18,absent
STU0357,EN201,2025-03-20,present
STU0357,EN201,2025-03-24,present
STU0357,EN301,2025-03-26,present
STU0357,EN201,2025-03-28,present
STU0357,EN101,2025-04-01,present
STU0357,EN101,2025-04-03,present
STU0357,EN101,2025-04-07,present
STU0357,EN201,2025-04-09,present
STU0357,EN301,2025-04-11,present
STU0357,EN101,2025-04-15,absent
STU0357,EN201,2025-04-17,present
STU0357,EN201,2025-04-21,present
STU0357,EN201,2025-04-23,present
STU0357,EN301,2025-04-25,present
STU0357,EN101,2025-04-29,present
STU0358,MT401,2025-01-01,present
STU0358,MT101,2025-01-03,present
STU0358,MT301,2025-01-07,absent
STU0358,MT101,2025-01-09,present
STU0358,MT101,2025-01-13,absent
STU0358,MT301,2025-01-15,present
STU0358,MT101,2025-01-17,late
STU0358,MT201,2025-01-21,present
STU0358,MT401,2025-01-23,present
STU0358,MT401,2025-01-27,absent
STU0358,MT401,2025-01-29,present
STU0358,MT401,2025-01-31,present
STU0358,MT401,2025-02-04,present
STU0358,MT401,2025-02-06,absent
STU0358,MT301,2025-02-10,present
STU0358,MT201,2025-02-12,absent
STU0358,MT201,2025-02-14,present
STU0358,MT201,2025-02-18,present
STU0358,MT301,2025-02-20,present
STU0358,MT401,2025-02-24,present
STU0358,MT401,2025-02-26,present
STU0358,MT201,2025-02-28,present
STU0358,MT401,2025-03-04,present
STU0358,MT101,2025-03-06,present
STU0358,MT401,2025-03-10,present
STU0358,MT401,2025-03-12,absent
STU0358,MT301,2025-03-14,present
STU0358,MT301,2025-03-18,absent
STU0358,MT401,2025-03-20,present
STU0358,MT101,2025-03-24,absent
STU0358,MT201,2025-03-26,present
STU0358,MT101,2025-03-28,present
STU0358,MT301,2025-04-01,absent
STU0358,MT301,2025-04-03,late
STU0358,MT301,2025-04-07,present
STU0358,MT101,2025-04-09,present
STU0358,MT201,2025-04-11,present
STU0358,MT301,2025-04-15,present
STU0358,MT301,2025-04-17,absent
STU0358,MT201,2025-04-21,present
STU0358,MT201,2025-04-23,absent
STU0358,MT401,2025-04-25,present
STU0358,MT401,2025-04-29,absent
STU0359,EN201,2025-01-01,late
STU0359,EN301,2025-01-03,present
STU0359,EN201,2025-01-07,present
STU0359,EN101,2025-01-09,absent
STU0359,EN101,2025-01-13,present
STU0359,EN301,2025-01-15,present
STU0359,EN201,2025-01-17,present
STU0359,EN201,2025-01-21,present
STU0359,EN201,2025-01-23,absent
STU0359,EN201,2025-01-27,present
STU0359,EN301,2025-01-29,late
STU0359,EN301,2025-01-31,present
STU0359,EN201,2025-02-04,absent
STU0359,EN301,2025-02-06,present
STU0359,EN301,2025-02-10,present
STU0359,EN301,2025-02-12,present
STU0359,EN201,2025-02-14,absent
STU0359,EN301,2025-02-18,present
STU0359,EN101,2025-02-20,absent
STU0359,EN301,2025-02-24,present
STU0359,EN201,2025-02-26,present
STU0359,EN301,2025-02-28,absent
STU0359,EN201,2025-03-04,present
STU0359,EN101,2025-03-06,present
STU0359,EN301,2025-03-10,present
STU0359,EN101,2025-03-12,present
STU0359,EN201,2025-03-14,present
STU0359,EN101,2025-03-18,present
STU0359,EN301,2025-03-20,present
STU0359,EN301,2025-03-24,absent
STU0359,EN101,2025-03-26,late
STU0359,EN201,2025-03-28,present
STU0359,EN301,2025-04-01,present
STU0359,EN101,2025-04-03,present
STU0359,EN301,2025-04-07,absent
STU0359,EN301,2025-04-09,present
STU0359,EN301,2025-04-11,present
STU0359,EN201,2025-04-15,late
STU0359,EN301,2025-04-17,present
STU0359,EN101,2025-04-21,absent
STU0359,EN301,2025-04-23,present
STU0359,EN201,2025-04-25,present
STU0359,EN201,2025-04-29,absent
STU0360,EN201,2025-01-01,present
STU0360,EN201,2025-01-03,absent
STU0360,EN201,2025-01-07,present
STU0360,EN101,2025-01-09,absent
STU0360,EN201,2025-01-13,present
STU0360,EN101,2025-01-15,present
STU0360,EN201,2025-01-17,present
STU0360,EN101,2025-01-21,present
STU0360,EN201,2025-01-23,present
STU0360,EN201,2025-01-27,present
STU0360,EN201,2025-01-29,present
STU0360,EN201,2025-01-31,present
STU0360,EN301,2025-02-04,present
STU0360,EN101,2025-02-06,present
STU0360,EN201,2025-02-10,present
STU0360,EN301,2025-02-12,late
STU0360,EN201,2025-02-14,present
STU0360,EN101,2025-02-18,present
STU0360,EN101,2025-02-20,present
STU0360,EN301,2025-02-24,absent
STU0360,EN201,2025-02-26,present
STU0360,EN201,2025-02-28,absent
STU0360,EN201,2025-03-04,present
STU0360,EN301,2025-03-06,present
STU0360,EN101,2025-03-10,absent
STU0360,EN301,2025-03-12,present
STU0360,EN201,2025-03-14,present
STU0360,EN201,2025-03-18,absent
STU0360,EN101,2025-03-20,present
STU0360,EN201,2025-03-24,late
STU0360,EN201,2025-03-26,present
STU0360,EN101,2025-03-28,absent
STU0360,EN301,2025-04-01,absent
STU0360,EN101,2025-04-03,present
STU0360,EN301,2025-04-07,absent
STU0360,EN101,2025-04-09,present
STU0360,EN201,2025-04-11,present
STU0360,EN201,2025-04-15,present
STU0360,EN101,2025-04-17,present
STU0360,EN101,2025-04-21,absent
STU0360,EN201,2025-04-23,present
STU0360,EN301,2025-04-25,late
STU0360,EN101,2025-04-29,present
STU0361,EN301,2025-01-01,present
STU0361,EN101,2025-01-03,present
STU0361,EN101,2025-01-07,present
STU0361,EN201,2025-01-09,present
STU0361,EN201,2025-01-13,present
STU0361,EN301,2025-01-15,absent
STU0361,EN301,2025-01-17,absent
STU0361,EN301,2025-01-21,present
STU0361,EN301,2025-01-23,present
STU0361,EN101,2025-01-27,present
STU0361,EN301,2025-01-29,present
STU0361,EN101,2025-01-31,present
STU0361,EN301,2025-02-04,present
STU0361,EN301,2025-02-06,present
STU0361,EN301,2025-02-10,present
STU0361,EN201,2025-02-12,absent
STU0361,EN301,2025-02-14,present
STU0361,EN201,2025-02-18,present
STU0361,EN201,2025-02-20,present
STU0361,EN201,2025-02-24,absent
STU0361,EN101,2025-02-26,late
STU0361,EN301,2025-02-28,present
STU0361,EN201,2025-03-04,present
STU0361,EN201,2025-03-06,absent
STU0361,EN101,2025-03-10,present
STU0361,EN101,2025-03-12,absent
STU0361,EN101,2025-03-14,present
STU0361,EN301,2025-03-18,present
STU0361,EN301,2025-03-20,present
STU0361,EN301,2025-03-24,present
STU0361,EN301,2025-03-26,present
STU0361,EN101,2025-03-28,present
STU0361,EN301,2025-04-01,absent
STU0361,EN301,2025-04-03,present
STU0361,EN101,2025-04-07,present
STU0361,EN201,2025-04-09,present
STU0361,EN201,2025-04-11,present
STU0361,EN201,2025-04-15,present
STU0361,EN301,2025-04-17,present
STU0361,EN201,2025-04-21,present
STU0361,EN301,2025-04-23,present
STU0361,EN201,2025-04-25,late
STU0361,EN301,2025-04-29,present
STU0362,PH201,2025-01-01,absent
STU0362,PH101,2025-01-03,present
STU0362,PH101,2025-01-07,present
STU0362,PH201,2025-01-09,absent
STU0362,PH201,2025-01-13,present
STU0362,PH101,2025-01-15,present
STU0362,PH301,2025-01-17,present
STU0362,PH201,2025-01-21,present
STU0362,PH101,2025-01-23,present
STU0362,PH201,2025-01-27,absent
STU0362,PH201,2025-01-29,present
STU0362,PH301,2025-01-31,present
STU0362,PH201,2025-02-04,absent
STU0362,PH301,2025-02-06,present
STU0362,PH301,2025-02-10,present
STU0362,PH201,2025-02-12,present
STU0362,PH101,2025-02-14,present
STU0362,PH201,2025-02-18,present
STU0362,PH101,2025-02-20,present
STU0362,PH101,2025-02-24,present
STU0362,PH301,2025-02-26,present
STU0362,PH201,2025-02-28,present
STU0362,PH101,2025-03-04,present
STU0362,PH301,2025-03-06,present
STU0362,PH101,2025-03-10,present
STU0362,PH101,2025-03-12,present
STU0362,PH101,2025-03-14,absent
STU0362,PH101,2025-03-18,present
STU0362,PH101,2025-03-20,present
STU0362,PH301,2025-03-24,present
STU0362,PH201,2025-03-26,present
STU0362,PH101,2025-03-28,present
STU0362,PH201,2025-04-01,absent
STU0362,PH301,2025-04-03,absent
STU0362,PH301,2025-04-07,absent
STU0362,PH301,2025-04-09,absent
STU0362,PH201,2025-04-11,absent
STU0362,PH201,2025-04-15,present
STU0362,PH101,2025-04-17,present
STU0362,PH301,2025-04-21,absent
STU0362,PH201,2025-04-23,present
STU0362,PH201,2025-04-25,present
STU0362,PH201,2025-04-29,present
STU0363,EN201,2025-01-01,present
STU0363,EN201,2025-01-03,present
STU0363,EN301,2025-01-07,present
STU0363,EN201,2025-01-09,present
STU0363,EN201,2025-01-13,absent
STU0363,EN101,2025-01-15,present
STU0363,EN201,2025-01-17,absent
STU0363,EN101,2025-01-21,present
STU0363,EN201,2025-01-23,present
STU0363,EN201,2025-01-27,present
STU0363,EN201,2025-01-29,present
STU0363,EN101,2025-01-31,present
STU0363,EN201,2025-02-04,present
STU0363,EN301,2025-02-06,present
STU0363,EN301,2025-02-10,absent
STU0363,EN201,2025-02-12,present
STU0363,EN201,2025-02-14,present
STU0363,EN101,2025-02-18,present
STU0363,EN101,2025-02-20,present
STU0363,EN101,2025-02-24,present
STU0363,EN301,2025-02-26,present
STU0363,EN201,2025-02-28,present
STU0363,EN201,2025-03-04,present
STU0363,EN101,2025-03-06,present
STU0363,EN101,2025-03-10,present
STU0363,EN301,2025-03-12,present
STU0363,EN301,2025-03-14,present
STU0363,EN101,2025-03-18,present
STU0363,EN101,2025-03-20,present
STU0363,EN301,2025-03-24,present
STU0363,EN101,2025-03-26,present
STU0363,EN301,2025-03-28,present
STU0363,EN301,2025-04-01,present
STU0363,EN101,2025-04-03,present
STU0363,EN201,2025-04-07,present
STU0363,EN301,2025-04-09,late
STU0363,EN101,2025-04-11,present
STU0363,EN301,2025-04-15,present
STU0363,EN101,2025-04-17,present
STU0363,EN101,2025-04-21,present
STU0363,EN301,2025-04-23,present
STU0363,EN301,2025-04-25,present
STU0363,EN101,2025-04-29,present
STU0364,EN101,2025-01-01,present
STU0364,EN201,2025-01-03,present
STU0364,EN101,2025-01-07,present
STU0364,EN201,2025-01-09,present
STU0364,EN201,2025-01-13,present
STU0364,EN101,2025-01-15,absent
STU0364,EN201,2025-01-17,present
STU0364,EN301,2025-01-21,present
STU0364,EN201,2025-01-23,present
STU0364,EN201,2025-01-27,late
STU0364,EN301,2025-01-29,present
STU0364,EN201,2025-01-31,present
STU0364,EN301,2025-02-04,present
STU0364,EN201,2025-02-06,present
STU0364,EN301,2025-02-10,present
STU0364,EN101,2025-02-12,present
STU0364,EN101,2025-02-14,present
STU0364,EN101,2025-02-18,present
STU0364,EN301,2025-02-20,absent
STU0364,EN101,2025-02-24,absent
STU0364,EN101,2025-02-26,present
STU0364,EN101,2025-02-28,present
STU0364,EN101,2025-03-04,present
STU0364,EN201,2025-03-06,late
STU0364,EN101,2025-03-10,present
STU0364,EN201,2025-03-12,present
STU0364,EN101,2025-03-14,present
STU0364,EN201,2025-03-18,present
STU0364,EN101,2025-03-20,present
STU0364,EN201,2025-03-24,present
STU0364,EN301,2025-03-26,present
STU0364,EN201,2025-03-28,present
STU0364,EN201,2025-04-01,present
STU0364,EN301,2025-04-03,absent
STU0364,EN301,2025-04-07,present
STU0364,EN201,2025-04-09,present
STU0364,EN301,2025-04-11,absent
STU0364,EN101,2025-04-15,present
STU0364,EN201,2025-04-17,present
STU0364,EN201,2025-04-21,present
STU0364,EN301,2025-04-23,present
STU0364,EN201,2025-04-25,present
STU0364,EN101,2025-04-29,present
STU0365,PH301,2025-01-01,present
STU0365,PH101,2025-01-03,present
STU0365,PH201,2025-01-07,present
STU0365,PH201,2025-01-09,present
STU0365,PH301,2025-01-13,present
STU0365,PH301,2025-01-15,late
STU0365,PH301,2025-01-17,present
STU0365,PH101,2025-01-21,present
STU0365,PH101,2025-01-23,present
STU0365,PH101,2025-01-27,present
STU0365,PH101,2025-01-29,present
STU0365,PH201,2025-01-31,present
STU0365,PH201,2025-02-04,present
STU0365,PH301,2025-02-06,absent
STU0365,PH201,2025-02-10,present
STU0365,PH101,2025-02-12,present
STU0365,PH101,2025-02-14,present
STU0365,PH101,2025-02-18,present
STU0365,PH301,2025-02-20,present
STU0365,PH201,2025-02-24,present
STU0365,PH201,2025-02-26,present
STU0365,PH201,2025-02-28,absent
STU0365,PH201,2025-03-04,absent
STU0365,PH201,2025-03-06,absent
STU0365,PH201,2025-03-10,present
STU0365,PH101,2025-03-12,present
STU0365,PH201,2025-03-14,absent
STU0365,PH301,2025-03-18,present
STU0365,PH301,2025-03-20,absent
STU0365,PH101,2025-03-24,present
STU0365,PH301,2025-03-26,present
STU0365,PH301,2025-03-28,present
STU0365,PH201,2025-04-01,present
STU0365,PH101,2025-04-03,present
STU0365,PH301,2025-04-07,absent
STU0365,PH201,2025-04-09,present
STU0365,PH201,2025-04-11,present
STU0365,PH101,2025-04-15,absent
STU0365,PH101,2025-04-17,present
STU0365,PH101,2025-04-21,present
STU0365,PH101,2025-04-23,present
STU0365,PH301,2025-04-25,present
STU0365,PH201,2025-04-29,present
STU0366,EN101,2025-01-01,present
STU0366,EN301,2025-01-03,present
STU0366,EN301,2025-01-07,present
STU0366,EN201,2025-01-09,present
STU0366,EN101,2025-01-13,present
STU0366,EN301,2025-01-15,present
STU0366,EN101,2025-01-17,present
STU0366,EN301,2025-01-21,present
STU0366,EN201,2025-01-23,present
STU0366,EN201,2025-01-27,present
STU0366,EN101,2025-01-29,present
STU0366,EN101,2025-01-31,present
STU0366,EN201,2025-02-04,present
STU0366,EN301,2025-02-06,present
STU0366,EN201,2025-02-10,present
STU0366,EN201,2025-02-12,present
STU0366,EN301,2025-02-14,absent
STU0366,EN201,2025-02-18,present
STU0366,EN201,2025-02-20,present
STU0366,EN201,2025-02-24,present
STU0366,EN301,2025-02-26,present
STU0366,EN101,2025-02-28,present
STU0366,EN101,2025-03-04,present
STU0366,EN301,2025-03-06,present
STU0366,EN101,2025-03-10,present
STU0366,EN101,2025-03-12,present
STU0366,EN301,2025-03-14,present
STU0366,EN201,2025-03-18,present
STU0366,EN301,2025-03-20,present
STU0366,EN201,2025-03-24,absent
STU0366,EN201,2025-03-26,present
STU0366,EN301,2025-03-28,present
STU0366,EN101,2025-04-01,present
STU0366,EN201,2025-04-03,present
STU0366,EN201,2025-04-07,present
STU0366,EN201,2025-04-09,present
STU0366,EN301,2025-04-11,present
STU0366,EN101,2025-04-15,absent
STU0366,EN101,2025-04-17,present
STU0366,EN301,2025-04-21,present
STU0366,EN301,2025-04-23,present
STU0366,EN301,2025-04-25,present
STU0366,EN101,2025-04-29,present
STU0367,CS501,2025-01-01,present
STU0367,CS501,2025-01-03,present
STU0367,CS101,2025-01-07,present
STU0367,CS301,2025-01-09,present
STU0367,CS201,2025-01-13,absent
STU0367,CS301,2025-01-15,present
STU0367,CS201,2025-01-17,present
STU0367,CS301,2025-01-21,present
STU0367,CS301,2025-01-23,present
STU0367,CS201,2025-01-27,present
STU0367,CS301,2025-01-29,present
STU0367,CS401,2025-01-31,present
STU0367,CS201,2025-02-04,present
STU0367,CS501,2025-02-06,absent
STU0367,CS401,2025-02-10,present
STU0367,CS101,2025-02-12,present
STU0367,CS401,2025-02-14,absent
STU0367,CS501,2025-02-18,absent
STU0367,CS101,2025-02-20,present
STU0367,CS201,2025-02-24,present
STU0367,CS501,2025-02-26,present
STU0367,CS301,2025-02-28,present
STU0367,CS401,2025-03-04,present
STU0367,CS301,2025-03-06,present
STU0367,CS101,2025-03-10,present
STU0367,CS201,2025-03-12,present
STU0367,CS301,2025-03-14,present
STU0367,CS101,2025-03-18,present
STU0367,CS401,2025-03-20,present
STU0367,CS301,2025-03-24,present
STU0367,CS501,2025-03-26,present
STU0367,CS101,2025-03-28,present
STU0367,CS501,2025-04-01,present
STU0367,CS301,2025-04-03,present
STU0367,CS101,2025-04-07,present
STU0367,CS301,2025-04-09,absent
STU0367,CS501,2025-04-11,late
STU0367,CS201,2025-04-15,present
STU0367,CS301,2025-04-17,absent
STU0367,CS101,2025-04-21,present
STU0367,CS301,2025-04-23,present
STU0367,CS301,2025-04-25,late
STU0367,CS301,2025-04-29,present
STU0368,MT401,2025-01-01,present
STU0368,MT301,2025-01-03,present
STU0368,MT101,2025-01-07,present
STU0368,MT201,2025-01-09,present
STU0368,MT101,2025-01-13,present
STU0368,MT401,2025-01-15,present
STU0368,MT101,2025-01-17,present
STU0368,MT401,2025-01-21,present
STU0368,MT101,2025-01-23,late
STU0368,MT101,2025-01-27,absent
STU0368,MT301,2025-01-29,present
STU0368,MT401,2025-01-31,present
STU0368,MT201,2025-02-04,absent
STU0368,MT401,2025-02-06,present
STU0368,MT201,2025-02-10,present
STU0368,MT301,2025-02-12,present
STU0368,MT201,2025-02-14,absent
STU0368,MT101,2025-02-18,present
STU0368,MT201,2025-02-20,present
STU0368,MT101,2025-02-24,present
STU0368,MT301,2025-02-26,present
STU0368,MT301,2025-02-28,present
STU0368,MT401,2025-03-04,present
STU0368,MT301,2025-03-06,present
STU0368,MT201,2025-03-10,present
STU0368,MT301,2025-03-12,present
STU0368,MT301,2025-03-14,absent
STU0368,MT201,2025-03-18,absent
STU0368,MT101,2025-03-20,present
STU0368,MT301,2025-03-24,present
STU0368,MT301,2025-03-26,present
STU0368,MT101,2025-03-28,present
STU0368,MT101,2025-04-01,present
STU0368,MT201,2025-04-03,present
STU0368,MT201,2025-04-07,present
STU0368,MT101,2025-04-09,present
STU0368,MT301,2025-04-11,absent
STU0368,MT101,2025-04-15,present
STU0368,MT401,2025-04-17,present
STU0368,MT401,2025-04-21,present
STU0368,MT201,2025-04-23,absent
STU0368,MT101,2025-04-25,present
STU0368,MT301,2025-04-29,present
STU0369,MT201,2025-01-01,present
STU0369,MT101,2025-01-03,present
STU0369,MT101,2025-01-07,present
STU0369,MT201,2025-01-09,present
STU0369,MT301,2025-01-13,present
STU0369,MT201,2025-01-15,present
STU0369,MT201,2025-01-17,absent
STU0369,MT201,2025-01-21,present
STU0369,MT401,2025-01-23,present
STU0369,MT201,2025-01-27,present
STU0369,MT101,2025-01-29,absent
STU0369,MT301,2025-01-31,present
STU0369,MT301,2025-02-04,absent
STU0369,MT301,2025-02-06,present
STU0369,MT301,2025-02-10,late
STU0369,MT401,2025-02-12,absent
STU0369,MT201,2025-02-14,present
STU0369,MT301,2025-02-18,late
STU0369,MT401,2025-02-20,present
STU0369,MT301,2025-02-24,present
STU0369,MT401,2025-02-26,present
STU0369,MT301,2025-02-28,present
STU0369,MT401,2025-03-04,present
STU0369,MT201,2025-03-06,absent
STU0369,MT201,2025-03-10,present
STU0369,MT201,2025-03-12,present
STU0369,MT301,2025-03-14,present
STU0369,MT201,2025-03-18,present
STU0369,MT101,2025-03-20,present
STU0369,MT101,2025-03-24,absent
STU0369,MT301,2025-03-26,present
STU0369,MT101,2025-03-28,present
STU0369,MT301,2025-04-01,absent
STU0369,MT401,2025-04-03,present
STU0369,MT401,2025-04-07,present
STU0369,MT201,2025-04-09,present
STU0369,MT101,2025-04-11,present
STU0369,MT301,2025-04-15,late
STU0369,MT401,2025-04-17,present
STU0369,MT201,2025-04-21,present
STU0369,MT201,2025-04-23,present
STU0369,MT401,2025-04-25,present
STU0369,MT201,2025-04-29,absent
STU0370,BU101,2025-01-01,absent
STU0370,BU101,2025-01-03,absent
STU0370,BU401,2025-01-07,present
STU0370,BU301,2025-01-09,present
STU0370,BU301,2025-01-13,present
STU0370,BU401,2025-01-15,present
STU0370,BU101,2025-01-17,present
STU0370,BU401,2025-01-21,present
STU0370,BU301,2025-01-23,absent
STU0370,BU301,2025-01-27,present
STU0370,BU401,2025-01-29,present
STU0370,BU201,2025-01-31,present
STU0370,BU301,2025-02-04,present
STU0370,BU401,2025-02-06,present
STU0370,BU401,2025-02-10,present
STU0370,BU101,2025-02-12,present
STU0370,BU201,2025-02-14,present
STU0370,BU201,2025-02-18,present
STU0370,BU401,2025-02-20,present
STU0370,BU101,2025-02-24,present
STU0370,BU401,2025-02-26,present
STU0370,BU301,2025-02-28,present
STU0370,BU401,2025-03-04,late
STU0370,BU301,2025-03-06,present
STU0370,BU101,2025-03-10,present
STU0370,BU101,2025-03-12,absent
STU0370,BU201,2025-03-14,present
STU0370,BU101,2025-03-18,present
STU0370,BU401,2025-03-20,present
STU0370,BU301,2025-03-24,present
STU0370,BU201,2025-03-26,absent
STU0370,BU101,2025-03-28,present
STU0370,BU301,2025-04-01,present
STU0370,BU401,2025-04-03,present
STU0370,BU101,2025-04-07,present
STU0370,BU401,2025-04-09,present
STU0370,BU301,2025-04-11,present
STU0370,BU201,2025-04-15,present
STU0370,BU101,2025-04-17,present
STU0370,BU401,2025-04-21,late
STU0370,BU301,2025-04-23,present
STU0370,BU301,2025-04-25,present
STU0370,BU401,2025-04-29,present
STU0371,CS401,2025-01-01,late
STU0371,CS201,2025-01-03,absent
STU0371,CS501,2025-01-07,absent
STU0371,CS201,2025-01-09,present
STU0371,CS101,2025-01-13,absent
STU0371,CS201,2025-01-15,present
STU0371,CS301,2025-01-17,present
STU0371,CS301,2025-01-21,present
STU0371,CS301,2025-01-23,absent
STU0371,CS101,2025-01-27,absent
STU0371,CS401,2025-01-29,absent
STU0371,CS201,2025-01-31,late
STU0371,CS101,2025-02-04,present
STU0371,CS501,2025-02-06,present
STU0371,CS401,2025-02-10,present
STU0371,CS101,2025-02-12,absent
STU0371,CS501,2025-02-14,present
STU0371,CS501,2025-02-18,absent
STU0371,CS101,2025-02-20,present
STU0371,CS101,2025-02-24,present
STU0371,CS101,2025-02-26,present
STU0371,CS201,2025-02-28,present
STU0371,CS101,2025-03-04,absent
STU0371,CS201,2025-03-06,present
STU0371,CS401,2025-03-10,present
STU0371,CS401,2025-03-12,present
STU0371,CS201,2025-03-14,present
STU0371,CS501,2025-03-18,present
STU0371,CS101,2025-03-20,present
STU0371,CS401,2025-03-24,absent
STU0371,CS501,2025-03-26,present
STU0371,CS301,2025-03-28,present
STU0371,CS201,2025-04-01,present
STU0371,CS401,2025-04-03,present
STU0371,CS101,2025-04-07,present
STU0371,CS401,2025-04-09,present
STU0371,CS401,2025-04-11,present
STU0371,CS401,2025-04-15,present
STU0371,CS301,2025-04-17,present
STU0371,CS401,2025-04-21,absent
STU0371,CS101,2025-04-23,late
STU0371,CS101,2025-04-25,present
STU0371,CS401,2025-04-29,present
STU0372,BU201,2025-01-01,present
STU0372,BU301,2025-01-03,present
STU0372,BU201,2025-01-07,present
STU0372,BU401,2025-01-09,present
STU0372,BU301,2025-01-13,present
STU0372,BU401,2025-01-15,present
STU0372,BU301,2025-01-17,present
STU0372,BU201,2025-01-21,present
STU0372,BU101,2025-01-23,present
STU0372,BU201,2025-01-27,present
STU0372,BU101,2025-01-29,present
STU0372,BU201,2025-01-31,present
STU0372,BU101,2025-02-04,present
STU0372,BU101,2025-02-06,present
STU0372,BU101,2025-02-10,present
STU0372,BU401,2025-02-12,present
STU0372,BU101,2025-02-14,present
STU0372,BU201,2025-02-18,present
STU0372,BU201,2025-02-20,present
STU0372,BU101,2025-02-24,absent
STU0372,BU301,2025-02-26,present
STU0372,BU201,2025-02-28,present
STU0372,BU101,2025-03-04,present
STU0372,BU101,2025-03-06,present
STU0372,BU401,2025-03-10,present
STU0372,BU301,2025-03-12,present
STU0372,BU101,2025-03-14,present
STU0372,BU401,2025-03-18,present
STU0372,BU401,2025-03-20,present
STU0372,BU301,2025-03-24,absent
STU0372,BU201,2025-03-26,present
STU0372,BU101,2025-03-28,present
STU0372,BU401,2025-04-01,present
STU0372,BU101,2025-04-03,late
STU0372,BU301,2025-04-07,present
STU0372,BU201,2025-04-09,present
STU0372,BU201,2025-04-11,present
STU0372,BU101,2025-04-15,present
STU0372,BU401,2025-04-17,present
STU0372,BU401,2025-04-21,absent
STU0372,BU201,2025-04-23,present
STU0372,BU201,2025-04-25,absent
STU0372,BU201,2025-04-29,present
STU0373,EN201,2025-01-01,present
STU0373,EN201,2025-01-03,present
STU0373,EN301,2025-01-07,absent
STU0373,EN201,2025-01-09,absent
STU0373,EN201,2025-01-13,present
STU0373,EN201,2025-01-15,present
STU0373,EN101,2025-01-17,present
STU0373,EN101,2025-01-21,present
STU0373,EN201,2025-01-23,late
STU0373,EN101,2025-01-27,present
STU0373,EN201,2025-01-29,present
STU0373,EN101,2025-01-31,present
STU0373,EN201,2025-02-04,present
STU0373,EN201,2025-02-06,present
STU0373,EN301,2025-02-10,present
STU0373,EN101,2025-02-12,present
STU0373,EN201,2025-02-14,present
STU0373,EN201,2025-02-18,late
STU0373,EN301,2025-02-20,present
STU0373,EN301,2025-02-24,present
STU0373,EN301,2025-02-26,late
STU0373,EN101,2025-02-28,absent
STU0373,EN101,2025-03-04,late
STU0373,EN201,2025-03-06,late
STU0373,EN101,2025-03-10,present
STU0373,EN301,2025-03-12,present
STU0373,EN101,2025-03-14,present
STU0373,EN101,2025-03-18,present
STU0373,EN101,2025-03-20,absent
STU0373,EN201,2025-03-24,present
STU0373,EN101,2025-03-26,present
STU0373,EN301,2025-03-28,absent
STU0373,EN101,2025-04-01,present
STU0373,EN301,2025-04-03,absent
STU0373,EN301,2025-04-07,present
STU0373,EN201,2025-04-09,present
STU0373,EN201,2025-04-11,absent
STU0373,EN301,2025-04-15,present
STU0373,EN301,2025-04-17,absent
STU0373,EN301,2025-04-21,present
STU0373,EN101,2025-04-23,present
STU0373,EN301,2025-04-25,absent
STU0373,EN101,2025-04-29,present
STU0374,EN301,2025-01-01,present
STU0374,EN101,2025-01-03,present
STU0374,EN201,2025-01-07,absent
STU0374,EN101,2025-01-09,present
STU0374,EN301,2025-01-13,present
STU0374,EN201,2025-01-15,present
STU0374,EN201,2025-01-17,present
STU0374,EN201,2025-01-21,absent
STU0374,EN201,2025-01-23,present
STU0374,EN301,2025-01-27,present
STU0374,EN301,2025-01-29,present
STU0374,EN201,2025-01-31,present
STU0374,EN301,2025-02-04,present
STU0374,EN201,2025-02-06,present
STU0374,EN301,2025-02-10,present
STU0374,EN301,2025-02-12,present
STU0374,EN201,2025-02-14,present
STU0374,EN201,2025-02-18,present
STU0374,EN201,2025-02-20,late
STU0374,EN201,2025-02-24,present
STU0374,EN301,2025-02-26,present
STU0374,EN101,2025-02-28,present
STU0374,EN101,2025-03-04,present
STU0374,EN301,2025-03-06,present
STU0374,EN101,2025-03-10,present
STU0374,EN201,2025-03-12,present
STU0374,EN301,2025-03-14,present
STU0374,EN201,2025-03-18,present
STU0374,EN301,2025-03-20,present
STU0374,EN201,2025-03-24,present
STU0374,EN301,2025-03-26,present
STU0374,EN301,2025-03-28,present
STU0374,EN301,2025-04-01,present
STU0374,EN201,2025-04-03,absent
STU0374,EN201,2025-04-07,present
STU0374,EN301,2025-04-09,present
STU0374,EN101,2025-04-11,present
STU0374,EN101,2025-04-15,present
STU0374,EN301,2025-04-17,present
STU0374,EN301,2025-04-21,present
STU0374,EN301,2025-04-23,present
STU0374,EN301,2025-04-25,present
STU0374,EN301,2025-04-29,present
STU0375,EN301,2025-01-01,present
STU0375,EN101,2025-01-03,late
STU0375,EN301,2025-01-07,present
STU0375,EN201,2025-01-09,present
STU0375,EN301,2025-01-13,present
STU0375,EN201,2025-01-15,present
STU0375,EN301,2025-01-17,present
STU0375,EN301,2025-01-21,absent
STU0375,EN201,2025-01-23,present
STU0375,EN201,2025-01-27,present
STU0375,EN101,2025-01-29,present
STU0375,EN101,2025-01-31,present
STU0375,EN101,2025-02-04,present
STU0375,EN301,2025-02-06,late
STU0375,EN101,2025-02-10,present
STU0375,EN201,2025-02-12,present
STU0375,EN201,2025-02-14,present
STU0375,EN101,2025-02-18,present
STU0375,EN101,2025-02-20,present
STU0375,EN201,2025-02-24,present
STU0375,EN101,2025-02-26,present
STU0375,EN101,2025-02-28,present
STU0375,EN201,2025-03-04,present
STU0375,EN301,2025-03-06,present
STU0375,EN301,2025-03-10,present
STU0375,EN101,2025-03-12,present
STU0375,EN101,2025-03-14,present
STU0375,EN201,2025-03-18,present
STU0375,EN101,2025-03-20,present
STU0375,EN101,2025-03-24,present
STU0375,EN101,2025-03-26,present
STU0375,EN101,2025-03-28,late
STU0375,EN201,2025-04-01,present
STU0375,EN201,2025-04-03,present
STU0375,EN201,2025-04-07,absent
STU0375,EN201,2025-04-09,present
STU0375,EN201,2025-04-11,present
STU0375,EN201,2025-04-15,present
STU0375,EN201,2025-04-17,present
STU0375,EN101,2025-04-21,present
STU0375,EN301,2025-04-23,present
STU0375,EN301,2025-04-25,present
STU0375,EN201,2025-04-29,present
STU0376,PH201,2025-01-01,present
STU0376,PH301,2025-01-03,absent
STU0376,PH101,2025-01-07,present
STU0376,PH201,2025-01-09,absent
STU0376,PH101,2025-01-13,present
STU0376,PH301,2025-01-15,absent
STU0376,PH101,2025-01-17,late
STU0376,PH201,2025-01-21,absent
STU0376,PH101,2025-01-23,present
STU0376,PH101,2025-01-27,present
STU0376,PH201,2025-01-29,present
STU0376,PH101,2025-01-31,present
STU0376,PH301,2025-02-04,present
STU0376,PH101,2025-02-06,late
STU0376,PH101,2025-02-10,present
STU0376,PH101,2025-02-12,present
STU0376,PH201,2025-02-14,present
STU0376,PH301,2025-02-18,absent
STU0376,PH101,2025-02-20,late
STU0376,PH101,2025-02-24,present
STU0376,PH201,2025-02-26,present
STU0376,PH101,2025-02-28,absent
STU0376,PH201,2025-03-04,present
STU0376,PH101,2025-03-06,present
STU0376,PH301,2025-03-10,absent
STU0376,PH101,2025-03-12,late
STU0376,PH101,2025-03-14,present
STU0376,PH301,2025-03-18,present
STU0376,PH101,2025-03-20,present
STU0376,PH301,2025-03-24,present
STU0376,PH201,2025-03-26,present
STU0376,PH301,2025-03-28,present
STU0376,PH301,2025-04-01,present
STU0376,PH301,2025-04-03,present
STU0376,PH101,2025-04-07,present
STU0376,PH301,2025-04-09,present
STU0376,PH301,2025-04-11,present
STU0376,PH301,2025-04-15,present
STU0376,PH301,2025-04-17,present
STU0376,PH201,2025-04-21,present
STU0376,PH301,2025-04-23,absent
STU0376,PH101,2025-04-25,present
STU0376,PH101,2025-04-29,late
STU0377,EN101,2025-01-01,present
STU0377,EN201,2025-01-03,present
STU0377,EN301,2025-01-07,present
STU0377,EN101,2025-01-09,present
STU0377,EN201,2025-01-13,absent
STU0377,EN201,2025-01-15,late
STU0377,EN301,2025-01-17,late
STU0377,EN101,2025-01-21,present
STU0377,EN101,2025-01-23,present
STU0377,EN201,2025-01-27,present
STU0377,EN201,2025-01-29,present
STU0377,EN301,2025-01-31,present
STU0377,EN201,2025-02-04,absent
STU0377,EN201,2025-02-06,late
STU0377,EN101,2025-02-10,present
STU0377,EN101,2025-02-12,present
STU0377,EN101,2025-02-14,present
STU0377,EN101,2025-02-18,absent
STU0377,EN201,2025-02-20,present
STU0377,EN101,2025-02-24,late
STU0377,EN301,2025-02-26,present
STU0377,EN201,2025-02-28,present
STU0377,EN301,2025-03-04,present
STU0377,EN101,2025-03-06,present
STU0377,EN101,2025-03-10,late
STU0377,EN301,2025-03-12,present
STU0377,EN301,2025-03-14,late
STU0377,EN101,2025-03-18,present
STU0377,EN301,2025-03-20,absent
STU0377,EN201,2025-03-24,present
STU0377,EN201,2025-03-26,present
STU0377,EN201,2025-03-28,absent
STU0377,EN101,2025-04-01,absent
STU0377,EN201,2025-04-03,absent
STU0377,EN101,2025-04-07,present
STU0377,EN101,2025-04-09,late
STU0377,EN201,2025-04-11,late
STU0377,EN101,2025-04-15,present
STU0377,EN201,2025-04-17,late
STU0377,EN201,2025-04-21,present
STU0377,EN101,2025-04-23,absent
STU0377,EN301,2025-04-25,present
STU0377,EN201,2025-04-29,late
STU0378,BU101,2025-01-01,present
STU0378,BU101,2025-01-03,present
STU0378,BU101,2025-01-07,present
STU0378,BU401,2025-01-09,present
STU0378,BU101,2025-01-13,present
STU0378,BU401,2025-01-15,present
STU0378,BU401,2025-01-17,present
STU0378,BU401,2025-01-21,late
STU0378,BU301,2025-01-23,absent
STU0378,BU401,2025-01-27,absent
STU0378,BU301,2025-01-29,present
STU0378,BU101,2025-01-31,present
STU0378,BU301,2025-02-04,present
STU0378,BU401,2025-02-06,present
STU0378,BU201,2025-02-10,late
STU0378,BU301,2025-02-12,present
STU0378,BU301,2025-02-14,absent
STU0378,BU401,2025-02-18,present
STU0378,BU301,2025-02-20,absent
STU0378,BU201,2025-02-24,present
STU0378,BU401,2025-02-26,present
STU0378,BU301,2025-02-28,present
STU0378,BU201,2025-03-04,present
STU0378,BU301,2025-03-06,present
STU0378,BU201,2025-03-10,present
STU0378,BU301,2025-03-12,present
STU0378,BU401,2025-03-14,late
STU0378,BU401,2025-03-18,present
STU0378,BU401,2025-03-20,absent
STU0378,BU401,2025-03-24,present
STU0378,BU401,2025-03-26,present
STU0378,BU201,2025-03-28,present
STU0378,BU301,2025-04-01,present
STU0378,BU101,2025-04-03,present
STU0378,BU401,2025-04-07,present
STU0378,BU401,2025-04-09,present
STU0378,BU101,2025-04-11,present
STU0378,BU201,2025-04-15,present
STU0378,BU201,2025-04-17,present
STU0378,BU201,2025-04-21,present
STU0378,BU401,2025-04-23,present
STU0378,BU101,2025-04-25,present
STU0378,BU101,2025-04-29,present
STU0379,CS301,2025-01-01,present
STU0379,CS101,2025-01-03,late
STU0379,CS501,2025-01-07,present
STU0379,CS301,2025-01-09,present
STU0379,CS101,2025-01-13,present
STU0379,CS401,2025-01-15,present
STU0379,CS101,2025-01-17,present
STU0379,CS301,2025-01-21,present
STU0379,CS101,2025-01-23,absent
STU0379,CS501,2025-01-27,present
STU0379,CS501,2025-01-29,present
STU0379,CS401,2025-01-31,present
STU0379,CS201,2025-02-04,late
STU0379,CS201,2025-02-06,present
STU0379,CS201,2025-02-10,present
STU0379,CS101,2025-02-12,present
STU0379,CS301,2025-02-14,present
STU0379,CS401,2025-02-18,present
STU0379,CS401,2025-02-20,absent
STU0379,CS201,2025-02-24,present
STU0379,CS301,2025-02-26,present
STU0379,CS501,2025-02-28,present
STU0379,CS401,2025-03-04,present
STU0379,CS101,2025-03-06,present
STU0379,CS101,2025-03-10,present
STU0379,CS301,2025-03-12,present
STU0379,CS501,2025-03-14,present
STU0379,CS301,2025-03-18,present
STU0379,CS201,2025-03-20,present
STU0379,CS201,2025-03-24,present
STU0379,CS501,2025-03-26,present
STU0379,CS301,2025-03-28,present
STU0379,CS101,2025-04-01,late
STU0379,CS401,2025-04-03,present
STU0379,CS201,2025-04-07,present
STU0379,CS501,2025-04-09,present
STU0379,CS101,2025-04-11,present
STU0379,CS401,2025-04-15,present
STU0379,CS201,2025-04-17,present
STU0379,CS501,2025-04-21,absent
STU0379,CS501,2025-04-23,present
STU0379,CS101,2025-04-25,present
STU0379,CS301,2025-04-29,present
STU0380,MT401,2025-01-01,absent
STU0380,MT401,2025-01-03,present
STU0380,MT101,2025-01-07,present
STU0380,MT201,2025-01-09,present
STU0380,MT101,2025-01-13,present
STU0380,MT101,2025-01-15,present
STU0380,MT301,2025-01-17,present
STU0380,MT101,2025-01-21,present
STU0380,MT201,2025-01-23,present
STU0380,MT301,2025-01-27,present
STU0380,MT201,2025-01-29,present
STU0380,MT301,2025-01-31,present
STU0380,MT201,2025-02-04,present
STU0380,MT401,2025-02-06,present
STU0380,MT201,2025-02-10,absent
STU0380,MT301,2025-02-12,present
STU0380,MT401,2025-02-14,present
STU0380,MT101,2025-02-18,present
STU0380,MT401,2025-02-20,present
STU0380,MT401,2025-02-24,present
STU0380,MT201,2025-02-26,absent
STU0380,MT301,2025-02-28,present
STU0380,MT401,2025-03-04,present
STU0380,MT201,2025-03-06,absent
STU0380,MT301,2025-03-10,absent
STU0380,MT301,2025-03-12,late
STU0380,MT101,2025-03-14,absent
STU0380,MT401,2025-03-18,absent
STU0380,MT401,2025-03-20,present
STU0380,MT401,2025-03-24,present
STU0380,MT201,2025-03-26,present
STU0380,MT101,2025-03-28,present
STU0380,MT401,2025-04-01,late
STU0380,MT301,2025-04-03,present
STU0380,MT201,2025-04-07,present
STU0380,MT101,2025-04-09,absent
STU0380,MT401,2025-04-11,late
STU0380,MT301,2025-04-15,present
STU0380,MT401,2025-04-17,late
STU0380,MT301,2025-04-21,present
STU0380,MT201,2025-04-23,present
STU0380,MT201,2025-04-25,present
STU0380,MT201,2025-04-29,present
STU0381,MT401,2025-01-01,present
STU0381,MT201,2025-01-03,present
STU0381,MT301,2025-01-07,present
STU0381,MT401,2025-01-09,present
STU0381,MT101,2025-01-13,present
STU0381,MT201,2025-01-15,present
STU0381,MT301,2025-01-17,present
STU0381,MT101,2025-01-21,present
STU0381,MT401,2025-01-23,present
STU0381,MT201,2025-01-27,present
STU0381,MT101,2025-01-29,present
STU0381,MT301,2025-01-31,present
STU0381,MT301,2025-02-04,present
STU0381,MT301,2025-02-06,late
STU0381,MT201,2025-02-10,present
STU0381,MT401,2025-02-12,late
STU0381,MT201,2025-02-14,present
STU0381,MT401,2025-02-18,present
STU0381,MT401,2025-02-20,present
STU0381,MT201,2025-02-24,absent
STU0381,MT201,2025-02-26,present
STU0381,MT101,2025-02-28,present
STU0381,MT201,2025-03-04,absent
STU0381,MT301,2025-03-06,present
STU0381,MT101,2025-03-10,present
STU0381,MT201,2025-03-12,present
STU0381,MT401,2025-03-14,present
STU0381,MT401,2025-03-18,present
STU0381,MT401,2025-03-20,present
STU0381,MT201,2025-03-24,present
STU0381,MT301,2025-03-26,present
STU0381,MT101,2025-03-28,present
STU0381,MT301,2025-04-01,present
STU0381,MT101,2025-04-03,present
STU0381,MT401,2025-04-07,present
STU0381,MT301,2025-04-09,present
STU0381,MT301,2025-04-11,present
STU0381,MT401,2025-04-15,present
STU0381,MT401,2025-04-17,present
STU0381,MT301,2025-04-21,absent
STU0381,MT201,2025-04-23,present
STU0381,MT201,2025-04-25,present
STU0381,MT301,2025-04-29,present
STU0382,MT401,2025-01-01,present
STU0382,MT401,2025-01-03,present
STU0382,MT301,2025-01-07,present
STU0382,MT101,2025-01-09,present
STU0382,MT401,2025-01-13,present
STU0382,MT201,2025-01-15,present
STU0382,MT101,2025-01-17,present
STU0382,MT401,2025-01-21,present
STU0382,MT301,2025-01-23,present
STU0382,MT101,2025-01-27,present
STU0382,MT401,2025-01-29,present
STU0382,MT101,2025-01-31,present
STU0382,MT201,2025-02-04,present
STU0382,MT301,2025-02-06,present
STU0382,MT201,2025-02-10,late
STU0382,MT301,2025-02-12,present
STU0382,MT301,2025-02-14,absent
STU0382,MT301,2025-02-18,present
STU0382,MT401,2025-02-20,present
STU0382,MT101,2025-02-24,present
STU0382,MT301,2025-02-26,present
STU0382,MT101,2025-02-28,absent
STU0382,MT101,2025-03-04,absent
STU0382,MT301,2025-03-06,present
STU0382,MT401,2025-03-10,present
STU0382,MT301,2025-03-12,present
STU0382,MT301,2025-03-14,absent
STU0382,MT101,2025-03-18,present
STU0382,MT401,2025-03-20,present
STU0382,MT401,2025-03-24,present
STU0382,MT401,2025-03-26,present
STU0382,MT301,2025-03-28,present
STU0382,MT401,2025-04-01,present
STU0382,MT301,2025-04-03,late
STU0382,MT101,2025-04-07,present
STU0382,MT201,2025-04-09,present
STU0382,MT201,2025-04-11,present
STU0382,MT101,2025-04-15,present
STU0382,MT201,2025-04-17,present
STU0382,MT401,2025-04-21,present
STU0382,MT401,2025-04-23,present
STU0382,MT101,2025-04-25,present
STU0382,MT401,2025-04-29,present
STU0383,MT201,2025-01-01,present
STU0383,MT201,2025-01-03,present
STU0383,MT301,2025-01-07,present
STU0383,MT301,2025-01-09,present
STU0383,MT201,2025-01-13,present
STU0383,MT201,2025-01-15,present
STU0383,MT301,2025-01-17,absent
STU0383,MT301,2025-01-21,present
STU0383,MT201,2025-01-23,present
STU0383,MT301,2025-01-27,present
STU0383,MT101,2025-01-29,present
STU0383,MT401,2025-01-31,present
STU0383,MT101,2025-02-04,present
STU0383,MT201,2025-02-06,present
STU0383,MT301,2025-02-10,present
STU0383,MT201,2025-02-12,present
STU0383,MT301,2025-02-14,present
STU0383,MT101,2025-02-18,present
STU0383,MT401,2025-02-20,present
STU0383,MT401,2025-02-24,late
STU0383,MT301,2025-02-26,absent
STU0383,MT301,2025-02-28,absent
STU0383,MT401,2025-03-04,absent
STU0383,MT101,2025-03-06,present
STU0383,MT301,2025-03-10,absent
STU0383,MT101,2025-03-12,present
STU0383,MT101,2025-03-14,present
STU0383,MT101,2025-03-18,absent
STU0383,MT101,2025-03-20,present
STU0383,MT101,2025-03-24,late
STU0383,MT301,2025-03-26,present
STU0383,MT401,2025-03-28,absent
STU0383,MT201,2025-04-01,present
STU0383,MT101,2025-04-03,present
STU0383,MT201,2025-04-07,present
STU0383,MT201,2025-04-09,absent
STU0383,MT301,2025-04-11,present
STU0383,MT301,2025-04-15,present
STU0383,MT301,2025-04-17,present
STU0383,MT101,2025-04-21,present
STU0383,MT101,2025-04-23,present
STU0383,MT201,2025-04-25,present
STU0383,MT401,2025-04-29,present
STU0384,CS401,2025-01-01,present
STU0384,CS101,2025-01-03,present
STU0384,CS201,2025-01-07,present
STU0384,CS401,2025-01-09,present
STU0384,CS401,2025-01-13,present
STU0384,CS101,2025-01-15,present
STU0384,CS301,2025-01-17,present
STU0384,CS401,2025-01-21,present
STU0384,CS501,2025-01-23,present
STU0384,CS301,2025-01-27,present
STU0384,CS201,2025-01-29,present
STU0384,CS501,2025-01-31,present
STU0384,CS101,2025-02-04,present
STU0384,CS501,2025-02-06,present
STU0384,CS101,2025-02-10,present
STU0384,CS401,2025-02-12,present
STU0384,CS301,2025-02-14,present
STU0384,CS301,2025-02-18,absent
STU0384,CS401,2025-02-20,present
STU0384,CS501,2025-02-24,late
STU0384,CS301,2025-02-26,present
STU0384,CS101,2025-02-28,present
STU0384,CS501,2025-03-04,present
STU0384,CS101,2025-03-06,present
STU0384,CS201,2025-03-10,present
STU0384,CS101,2025-03-12,present
STU0384,CS501,2025-03-14,present
STU0384,CS501,2025-03-18,present
STU0384,CS201,2025-03-20,present
STU0384,CS201,2025-03-24,present
STU0384,CS501,2025-03-26,present
STU0384,CS101,2025-03-28,present
STU0384,CS401,2025-04-01,present
STU0384,CS301,2025-04-03,present
STU0384,CS101,2025-04-07,present
STU0384,CS501,2025-04-09,present
STU0384,CS501,2025-04-11,present
STU0384,CS401,2025-04-15,present
STU0384,CS301,2025-04-17,present
STU0384,CS501,2025-04-21,present
STU0384,CS301,2025-04-23,present
STU0384,CS101,2025-04-25,present
STU0384,CS201,2025-04-29,present
STU0385,BU201,2025-01-01,present
STU0385,BU401,2025-01-03,present
STU0385,BU401,2025-01-07,absent
STU0385,BU301,2025-01-09,present
STU0385,BU301,2025-01-13,present
STU0385,BU201,2025-01-15,absent
STU0385,BU401,2025-01-17,present
STU0385,BU301,2025-01-21,present
STU0385,BU401,2025-01-23,present
STU0385,BU201,2025-01-27,present
STU0385,BU101,2025-01-29,absent
STU0385,BU201,2025-01-31,present
STU0385,BU201,2025-02-04,present
STU0385,BU401,2025-02-06,present
STU0385,BU301,2025-02-10,present
STU0385,BU401,2025-02-12,present
STU0385,BU201,2025-02-14,present
STU0385,BU401,2025-02-18,late
STU0385,BU101,2025-02-20,present
STU0385,BU101,2025-02-24,present
STU0385,BU101,2025-02-26,present
STU0385,BU301,2025-02-28,present
STU0385,BU101,2025-03-04,present
STU0385,BU101,2025-03-06,present
STU0385,BU101,2025-03-10,present
STU0385,BU101,2025-03-12,present
STU0385,BU201,2025-03-14,present
STU0385,BU101,2025-03-18,absent
STU0385,BU101,2025-03-20,present
STU0385,BU301,2025-03-24,present
STU0385,BU201,2025-03-26,present
STU0385,BU401,2025-03-28,present
STU0385,BU201,2025-04-01,present
STU0385,BU401,2025-04-03,present
STU0385,BU401,2025-04-07,late
STU0385,BU201,2025-04-09,present
STU0385,BU201,2025-04-11,present
STU0385,BU101,2025-04-15,present
STU0385,BU201,2025-04-17,present
STU0385,BU101,2025-04-21,present
STU0385,BU401,2025-04-23,present
STU0385,BU101,2025-04-25,late
STU0385,BU101,2025-04-29,late
STU0386,PH301,2025-01-01,present
STU0386,PH101,2025-01-03,present
STU0386,PH201,2025-01-07,present
STU0386,PH301,2025-01-09,absent
STU0386,PH301,2025-01-13,present
STU0386,PH101,2025-01-15,present
STU0386,PH101,2025-01-17,absent
STU0386,PH101,2025-01-21,absent
STU0386,PH301,2025-01-23,present
STU0386,PH301,2025-01-27,late
STU0386,PH201,2025-01-29,late
STU0386,PH201,2025-01-31,present
STU0386,PH301,2025-02-04,present
STU0386,PH201,2025-02-06,late
STU0386,PH101,2025-02-10,present
STU0386,PH101,2025-02-12,present
STU0386,PH201,2025-02-14,present
STU0386,PH201,2025-02-18,absent
STU0386,PH101,2025-02-20,absent
STU0386,PH201,2025-02-24,present
STU0386,PH301,2025-02-26,late
STU0386,PH101,2025-02-28,absent
STU0386,PH301,2025-03-04,absent
STU0386,PH301,2025-03-06,present
STU0386,PH101,2025-03-10,present
STU0386,PH201,2025-03-12,absent
STU0386,PH101,2025-03-14,present
STU0386,PH301,2025-03-18,absent
STU0386,PH101,2025-03-20,absent
STU0386,PH201,2025-03-24,present
STU0386,PH301,2025-03-26,absent
STU0386,PH101,2025-03-28,present
STU0386,PH301,2025-04-01,present
STU0386,PH301,2025-04-03,present
STU0386,PH101,2025-04-07,present
STU0386,PH301,2025-04-09,present
STU0386,PH301,2025-04-11,absent
STU0386,PH201,2025-04-15,present
STU0386,PH101,2025-04-17,present
STU0386,PH301,2025-04-21,present
STU0386,PH301,2025-04-23,present
STU0386,PH201,2025-04-25,present
STU0386,PH101,2025-04-29,present
STU0387,EN201,2025-01-01,present
STU0387,EN301,2025-01-03,absent
STU0387,EN101,2025-01-07,present
STU0387,EN201,2025-01-09,present
STU0387,EN301,2025-01-13,present
STU0387,EN101,2025-01-15,late
STU0387,EN301,2025-01-17,present
STU0387,EN201,2025-01-21,present
STU0387,EN101,2025-01-23,present
STU0387,EN301,2025-01-27,late
STU0387,EN301,2025-01-29,present
STU0387,EN301,2025-01-31,present
STU0387,EN301,2025-02-04,present
STU0387,EN201,2025-02-06,present
STU0387,EN301,2025-02-10,present
STU0387,EN301,2025-02-12,present
STU0387,EN201,2025-02-14,present
STU0387,EN301,2025-02-18,present
STU0387,EN201,2025-02-20,present
STU0387,EN201,2025-02-24,present
STU0387,EN301,2025-02-26,present
STU0387,EN101,2025-02-28,late
STU0387,EN101,2025-03-04,present
STU0387,EN301,2025-03-06,absent
STU0387,EN101,2025-03-10,present
STU0387,EN301,2025-03-12,absent
STU0387,EN101,2025-03-14,present
STU0387,EN101,2025-03-18,present
STU0387,EN201,2025-03-20,present
STU0387,EN201,2025-03-24,present
STU0387,EN301,2025-03-26,present
STU0387,EN301,2025-03-28,present
STU0387,EN201,2025-04-01,present
STU0387,EN201,2025-04-03,present
STU0387,EN101,2025-04-07,present
STU0387,EN301,2025-04-09,present
STU0387,EN301,2025-04-11,present
STU0387,EN101,2025-04-15,present
STU0387,EN201,2025-04-17,absent
STU0387,EN201,2025-04-21,present
STU0387,EN301,2025-04-23,present
STU0387,EN101,2025-04-25,absent
STU0387,EN301,2025-04-29,present
STU0388,CS501,2025-01-01,present
STU0388,CS501,2025-01-03,absent
STU0388,CS101,2025-01-07,present
STU0388,CS401,2025-01-09,present
STU0388,CS101,2025-01-13,late
STU0388,CS501,2025-01-15,late
STU0388,CS101,2025-01-17,present
STU0388,CS301,2025-01-21,present
STU0388,CS301,2025-01-23,present
STU0388,CS501,2025-01-27,present
STU0388,CS401,2025-01-29,present
STU0388,CS301,2025-01-31,present
STU0388,CS201,2025-02-04,late
STU0388,CS101,2025-02-06,absent
STU0388,CS201,2025-02-10,present
STU0388,CS501,2025-02-12,present
STU0388,CS401,2025-02-14,present
STU0388,CS101,2025-02-18,present
STU0388,CS301,2025-02-20,present
STU0388,CS501,2025-02-24,absent
STU0388,CS501,2025-02-26,present
STU0388,CS101,2025-02-28,absent
STU0388,CS501,2025-03-04,present
STU0388,CS301,2025-03-06,present
STU0388,CS101,2025-03-10,present
STU0388,CS401,2025-03-12,present
STU0388,CS401,2025-03-14,absent
STU0388,CS501,2025-03-18,absent
STU0388,CS301,2025-03-20,present
STU0388,CS201,2025-03-24,present
STU0388,CS101,2025-03-26,present
STU0388,CS201,2025-03-28,late
STU0388,CS401,2025-04-01,absent
STU0388,CS501,2025-04-03,present
STU0388,CS501,2025-04-07,present
STU0388,CS501,2025-04-09,present
STU0388,CS101,2025-04-11,present
STU0388,CS301,2025-04-15,present
STU0388,CS301,2025-04-17,present
STU0388,CS301,2025-04-21,late
STU0388,CS501,2025-04-23,present
STU0388,CS101,2025-04-25,present
STU0388,CS101,2025-04-29,absent
STU0389,CS501,2025-01-01,present
STU0389,CS501,2025-01-03,present
STU0389,CS101,2025-01-07,present
STU0389,CS401,2025-01-09,present
STU0389,CS201,2025-01-13,present
STU0389,CS501,2025-01-15,present
STU0389,CS301,2025-01-17,present
STU0389,CS301,2025-01-21,present
STU0389,CS501,2025-01-23,present
STU0389,CS301,2025-01-27,present
STU0389,CS501,2025-01-29,present
STU0389,CS401,2025-01-31,present
STU0389,CS301,2025-02-04,present
STU0389,CS501,2025-02-06,present
STU0389,CS301,2025-02-10,present
STU0389,CS101,2025-02-12,present
STU0389,CS101,2025-02-14,absent
STU0389,CS501,2025-02-18,present
STU0389,CS201,2025-02-20,present
STU0389,CS401,2025-02-24,present
STU0389,CS201,2025-02-26,present
STU0389,CS501,2025-02-28,present
STU0389,CS501,2025-03-04,absent
STU0389,CS401,2025-03-06,late
STU0389,CS301,2025-03-10,present
STU0389,CS501,2025-03-12,present
STU0389,CS101,2025-03-14,present
STU0389,CS401,2025-03-18,present
STU0389,CS201,2025-03-20,present
STU0389,CS101,2025-03-24,absent
STU0389,CS101,2025-03-26,late
STU0389,CS501,2025-03-28,absent
STU0389,CS101,2025-04-01,present
STU0389,CS301,2025-04-03,present
STU0389,CS401,2025-04-07,present
STU0389,CS101,2025-04-09,present
STU0389,CS101,2025-04-11,present
STU0389,CS501,2025-04-15,present
STU0389,CS401,2025-04-17,present
STU0389,CS301,2025-04-21,present
STU0389,CS201,2025-04-23,present
STU0389,CS301,2025-04-25,absent
STU0389,CS401,2025-04-29,present
STU0390,PH201,2025-01-01,present
STU0390,PH301,2025-01-03,present
STU0390,PH101,2025-01-07,present
STU0390,PH301,2025-01-09,present
STU0390,PH301,2025-01-13,present
STU0390,PH101,2025-01-15,present
STU0390,PH201,2025-01-17,present
STU0390,PH201,2025-01-21,present
STU0390,PH301,2025-01-23,absent
STU0390,PH201,2025-01-27,present
STU0390,PH301,2025-01-29,present
STU0390,PH201,2025-01-31,present
STU0390,PH301,2025-02-04,present
STU0390,PH101,2025-02-06,present
STU0390,PH301,2025-02-10,absent
STU0390,PH301,2025-02-12,present
STU0390,PH301,2025-02-14,absent
STU0390,PH201,2025-02-18,present
STU0390,PH201,2025-02-20,present
STU0390,PH301,2025-02-24,present
STU0390,PH301,2025-02-26,present
STU0390,PH101,2025-02-28,present
STU0390,PH101,2025-03-04,present
STU0390,PH101,2025-03-06,present
STU0390,PH201,2025-03-10,present
STU0390,PH301,2025-03-12,present
STU0390,PH301,2025-03-14,present
STU0390,PH301,2025-03-18,present
STU0390,PH101,2025-03-20,present
STU0390,PH101,2025-03-24,present
STU0390,PH101,2025-03-26,absent
STU0390,PH201,2025-03-28,present
STU0390,PH101,2025-04-01,present
STU0390,PH201,2025-04-03,present
STU0390,PH301,2025-04-07,absent
STU0390,PH101,2025-04-09,present
STU0390,PH201,2025-04-11,present
STU0390,PH301,2025-04-15,present
STU0390,PH301,2025-04-17,present
STU0390,PH301,2025-04-21,present
STU0390,PH201,2025-04-23,present
STU0390,PH201,2025-04-25,present
STU0390,PH301,2025-04-29,present
STU0391,MT101,2025-01-01,absent
STU0391,MT101,2025-01-03,absent
STU0391,MT201,2025-01-07,present
STU0391,MT301,2025-01-09,absent
STU0391,MT101,2025-01-13,present
STU0391,MT101,2025-01-15,present
STU0391,MT401,2025-01-17,present
STU0391,MT401,2025-01-21,absent
STU0391,MT201,2025-01-23,present
STU0391,MT301,2025-01-27,present
STU0391,MT301,2025-01-29,present
STU0391,MT401,2025-01-31,present
STU0391,MT101,2025-02-04,present
STU0391,MT301,2025-02-06,present
STU0391,MT401,2025-02-10,present
STU0391,MT401,2025-02-12,present
STU0391,MT201,2025-02-14,present
STU0391,MT301,2025-02-18,present
STU0391,MT401,2025-02-20,absent
STU0391,MT401,2025-02-24,late
STU0391,MT301,2025-02-26,present
STU0391,MT401,2025-02-28,present
STU0391,MT401,2025-03-04,late
STU0391,MT201,2025-03-06,absent
STU0391,MT101,2025-03-10,present
STU0391,MT201,2025-03-12,present
STU0391,MT301,2025-03-14,present
STU0391,MT401,2025-03-18,present
STU0391,MT201,2025-03-20,present
STU0391,MT101,2025-03-24,absent
STU0391,MT101,2025-03-26,present
STU0391,MT101,2025-03-28,absent
STU0391,MT101,2025-04-01,absent
STU0391,MT401,2025-04-03,absent
STU0391,MT201,2025-04-07,absent
STU0391,MT301,2025-04-09,late
STU0391,MT401,2025-04-11,present
STU0391,MT301,2025-04-15,late
STU0391,MT101,2025-04-17,absent
STU0391,MT101,2025-04-21,present
STU0391,MT301,2025-04-23,present
STU0391,MT201,2025-04-25,present
STU0391,MT101,2025-04-29,absent
STU0392,BU201,2025-01-01,present
STU0392,BU201,2025-01-03,present
STU0392,BU201,2025-01-07,present
STU0392,BU101,2025-01-09,present
STU0392,BU301,2025-01-13,present
STU0392,BU401,2025-01-15,present
STU0392,BU301,2025-01-17,absent
STU0392,BU401,2025-01-21,present
STU0392,BU201,2025-01-23,present
STU0392,BU201,2025-01-27,present
STU0392,BU401,2025-01-29,present
STU0392,BU201,2025-01-31,present
STU0392,BU401,2025-02-04,present
STU0392,BU401,2025-02-06,present
STU0392,BU301,2025-02-10,present
STU0392,BU401,2025-02-12,present
STU0392,BU301,2025-02-14,present
STU0392,BU301,2025-02-18,present
STU0392,BU301,2025-02-20,present
STU0392,BU201,2025-02-24,present
STU0392,BU301,2025-02-26,absent
STU0392,BU401,2025-02-28,absent
STU0392,BU301,2025-03-04,present
STU0392,BU401,2025-03-06,present
STU0392,BU301,2025-03-10,absent
STU0392,BU101,2025-03-12,present
STU0392,BU401,2025-03-14,absent
STU0392,BU401,2025-03-18,late
STU0392,BU301,2025-03-20,absent
STU0392,BU401,2025-03-24,absent
STU0392,BU201,2025-03-26,absent
STU0392,BU401,2025-03-28,present
STU0392,BU301,2025-04-01,absent
STU0392,BU401,2025-04-03,absent
STU0392,BU101,2025-04-07,absent
STU0392,BU201,2025-04-09,present
STU0392,BU101,2025-04-11,present
STU0392,BU101,2025-04-15,late
STU0392,BU101,2025-04-17,present
STU0392,BU201,2025-04-21,absent
STU0392,BU301,2025-04-23,late
STU0392,BU301,2025-04-25,absent
STU0392,BU301,2025-04-29,late
STU0393,EN201,2025-01-01,present
STU0393,EN301,2025-01-03,present
STU0393,EN201,2025-01-07,absent
STU0393,EN201,2025-01-09,present
STU0393,EN101,2025-01-13,present
STU0393,EN101,2025-01-15,present
STU0393,EN201,2025-01-17,present
STU0393,EN201,2025-01-21,present
STU0393,EN301,2025-01-23,present
STU0393,EN301,2025-01-27,present
STU0393,EN201,2025-01-29,absent
STU0393,EN101,2025-01-31,present
STU0393,EN301,2025-02-04,present
STU0393,EN201,2025-02-06,present
STU0393,EN301,2025-02-10,present
STU0393,EN301,2025-02-12,absent
STU0393,EN301,2025-02-14,present
STU0393,EN201,2025-02-18,absent
STU0393,EN201,2025-02-20,present
STU0393,EN201,2025-02-24,present
STU0393,EN101,2025-02-26,present
STU0393,EN201,2025-02-28,present
STU0393,EN101,2025-03-04,present
STU0393,EN301,2025-03-06,present
STU0393,EN301,2025-03-10,present
STU0393,EN201,2025-03-12,absent
STU0393,EN201,2025-03-14,present
STU0393,EN101,2025-03-18,present
STU0393,EN201,2025-03-20,present
STU0393,EN301,2025-03-24,present
STU0393,EN301,2025-03-26,late
STU0393,EN201,2025-03-28,present
STU0393,EN101,2025-04-01,present
STU0393,EN101,2025-04-03,present
STU0393,EN201,2025-04-07,present
STU0393,EN101,2025-04-09,present
STU0393,EN201,2025-04-11,present
STU0393,EN301,2025-04-15,absent
STU0393,EN201,2025-04-17,present
STU0393,EN301,2025-04-21,present
STU0393,EN101,2025-04-23,present
STU0393,EN101,2025-04-25,present
STU0393,EN301,2025-04-29,absent
STU0394,BU101,2025-01-01,absent
STU0394,BU401,2025-01-03,present
STU0394,BU101,2025-01-07,present
STU0394,BU201,2025-01-09,present
STU0394,BU401,2025-01-13,present
STU0394,BU301,2025-01-15,present
STU0394,BU301,2025-01-17,late
STU0394,BU301,2025-01-21,present
STU0394,BU301,2025-01-23,present
STU0394,BU201,2025-01-27,absent
STU0394,BU201,2025-01-29,present
STU0394,BU101,2025-01-31,late
STU0394,BU201,2025-02-04,present
STU0394,BU201,2025-02-06,late
STU0394,BU201,2025-02-10,present
STU0394,BU301,2025-02-12,present
STU0394,BU101,2025-02-14,present
STU0394,BU401,2025-02-18,present
STU0394,BU401,2025-02-20,present
STU0394,BU101,2025-02-24,late
STU0394,BU101,2025-02-26,absent
STU0394,BU101,2025-02-28,present
STU0394,BU101,2025-03-04,present
STU0394,BU401,2025-03-06,present
STU0394,BU401,2025-03-10,present
STU0394,BU401,2025-03-12,present
STU0394,BU301,2025-03-14,absent
STU0394,BU201,2025-03-18,present
STU0394,BU401,2025-03-20,present
STU0394,BU101,2025-03-24,present
STU0394,BU301,2025-03-26,absent
STU0394,BU101,2025-03-28,present
STU0394,BU301,2025-04-01,present
STU0394,BU201,2025-04-03,present
STU0394,BU401,2025-04-07,present
STU0394,BU101,2025-04-09,present
STU0394,BU301,2025-04-11,present
STU0394,BU201,2025-04-15,present
STU0394,BU401,2025-04-17,present
STU0394,BU301,2025-04-21,absent
STU0394,BU401,2025-04-23,present
STU0394,BU301,2025-04-25,present
STU0394,BU201,2025-04-29,present
STU0395,MT301,2025-01-01,present
STU0395,MT401,2025-01-03,present
STU0395,MT401,2025-01-07,present
STU0395,MT201,2025-01-09,present
STU0395,MT401,2025-01-13,absent
STU0395,MT101,2025-01-15,late
STU0395,MT401,2025-01-17,present
STU0395,MT101,2025-01-21,present
STU0395,MT401,2025-01-23,late
STU0395,MT401,2025-01-27,present
STU0395,MT401,2025-01-29,present
STU0395,MT301,2025-01-31,late
STU0395,MT301,2025-02-04,late
STU0395,MT101,2025-02-06,present
STU0395,MT301,2025-02-10,present
STU0395,MT201,2025-02-12,present
STU0395,MT101,2025-02-14,absent
STU0395,MT401,2025-02-18,absent
STU0395,MT301,2025-02-20,present
STU0395,MT201,2025-02-24,absent
STU0395,MT101,2025-02-26,absent
STU0395,MT401,2025-02-28,present
STU0395,MT101,2025-03-04,absent
STU0395,MT101,2025-03-06,present
STU0395,MT301,2025-03-10,present
STU0395,MT201,2025-03-12,present
STU0395,MT101,2025-03-14,absent
STU0395,MT201,2025-03-18,present
STU0395,MT401,2025-03-20,present
STU0395,MT101,2025-03-24,absent
STU0395,MT301,2025-03-26,present
STU0395,MT301,2025-03-28,late
STU0395,MT401,2025-04-01,present
STU0395,MT301,2025-04-03,present
STU0395,MT101,2025-04-07,present
STU0395,MT201,2025-04-09,absent
STU0395,MT301,2025-04-11,present
STU0395,MT301,2025-04-15,present
STU0395,MT301,2025-04-17,absent
STU0395,MT401,2025-04-21,present
STU0395,MT401,2025-04-23,late
STU0395,MT301,2025-04-25,absent
STU0395,MT301,2025-04-29,present
STU0396,CS501,2025-01-01,present
STU0396,CS101,2025-01-03,present
STU0396,CS201,2025-01-07,present
STU0396,CS401,2025-01-09,absent
STU0396,CS501,2025-01-13,late
STU0396,CS101,2025-01-15,present
STU0396,CS201,2025-01-17,present
STU0396,CS101,2025-01-21,present
STU0396,CS401,2025-01-23,present
STU0396,CS501,2025-01-27,present
STU0396,CS201,2025-01-29,present
STU0396,CS401,2025-01-31,present
STU0396,CS201,2025-02-04,present
STU0396,CS101,2025-02-06,present
STU0396,CS501,2025-02-10,present
STU0396,CS201,2025-02-12,absent
STU0396,CS301,2025-02-14,present
STU0396,CS501,2025-02-18,absent
STU0396,CS301,2025-02-20,present
STU0396,CS101,2025-02-24,absent
STU0396,CS201,2025-02-26,absent
STU0396,CS201,2025-02-28,present
STU0396,CS301,2025-03-04,present
STU0396,CS301,2025-03-06,late
STU0396,CS501,2025-03-10,absent
STU0396,CS201,2025-03-12,late
STU0396,CS201,2025-03-14,absent
STU0396,CS201,2025-03-18,present
STU0396,CS301,2025-03-20,present
STU0396,CS501,2025-03-24,present
STU0396,CS101,2025-03-26,late
STU0396,CS201,2025-03-28,present
STU0396,CS301,2025-04-01,present
STU0396,CS301,2025-04-03,present
STU0396,CS301,2025-04-07,absent
STU0396,CS401,2025-04-09,present
STU0396,CS101,2025-04-11,present
STU0396,CS101,2025-04-15,present
STU0396,CS401,2025-04-17,present
STU0396,CS201,2025-04-21,absent
STU0396,CS401,2025-04-23,present
STU0396,CS301,2025-04-25,absent
STU0396,CS201,2025-04-29,absent
STU0397,PH201,2025-01-01,present
STU0397,PH101,2025-01-03,present
STU0397,PH201,2025-01-07,present
STU0397,PH301,2025-01-09,present
STU0397,PH101,2025-01-13,present
STU0397,PH301,2025-01-15,absent
STU0397,PH201,2025-01-17,present
STU0397,PH101,2025-01-21,absent
STU0397,PH101,2025-01-23,present
STU0397,PH201,2025-01-27,present
STU0397,PH301,2025-01-29,late
STU0397,PH101,2025-01-31,present
STU0397,PH101,2025-02-04,present
STU0397,PH101,2025-02-06,present
STU0397,PH101,2025-02-10,present
STU0397,PH201,2025-02-12,present
STU0397,PH201,2025-02-14,present
STU0397,PH301,2025-02-18,present
STU0397,PH101,2025-02-20,present
STU0397,PH101,2025-02-24,absent
STU0397,PH301,2025-02-26,present
STU0397,PH301,2025-02-28,present
STU0397,PH101,2025-03-04,present
STU0397,PH101,2025-03-06,present
STU0397,PH201,2025-03-10,present
STU0397,PH101,2025-03-12,present
STU0397,PH301,2025-03-14,present
STU0397,PH201,2025-03-18,present
STU0397,PH201,2025-03-20,present
STU0397,PH101,2025-03-24,absent
STU0397,PH201,2025-03-26,present
STU0397,PH201,2025-03-28,present
STU0397,PH101,2025-04-01,present
STU0397,PH101,2025-04-03,present
STU0397,PH201,2025-04-07,absent
STU0397,PH301,2025-04-09,present
STU0397,PH201,2025-04-11,present
STU0397,PH101,2025-04-15,present
STU0397,PH101,2025-04-17,present
STU0397,PH301,2025-04-21,late
STU0397,PH301,2025-04-23,present
STU0397,PH201,2025-04-25,absent
STU0397,PH101,2025-04-29,present
STU0398,PH101,2025-01-01,present
STU0398,PH301,2025-01-03,present
STU0398,PH201,2025-01-07,present
STU0398,PH201,2025-01-09,present
STU0398,PH201,2025-01-13,present
STU0398,PH101,2025-01-15,present
STU0398,PH301,2025-01-17,present
STU0398,PH201,2025-01-21,absent
STU0398,PH301,2025-01-23,late
STU0398,PH101,2025-01-27,present
STU0398,PH301,2025-01-29,present
STU0398,PH301,2025-01-31,present
STU0398,PH301,2025-02-04,late
STU0398,PH201,2025-02-06,present
STU0398,PH101,2025-02-10,absent
STU0398,PH101,2025-02-12,absent
STU0398,PH201,2025-02-14,present
STU0398,PH101,2025-02-18,present
STU0398,PH101,2025-02-20,late
STU0398,PH201,2025-02-24,present
STU0398,PH301,2025-02-26,absent
STU0398,PH301,2025-02-28,late
STU0398,PH101,2025-03-04,present
STU0398,PH201,2025-03-06,absent
STU0398,PH301,2025-03-10,late
STU0398,PH301,2025-03-12,absent
STU0398,PH301,2025-03-14,present
STU0398,PH101,2025-03-18,present
STU0398,PH201,2025-03-20,present
STU0398,PH101,2025-03-24,absent
STU0398,PH201,2025-03-26,absent
STU0398,PH101,2025-03-28,present
STU0398,PH301,2025-04-01,present
STU0398,PH101,2025-04-03,present
STU0398,PH301,2025-04-07,absent
STU0398,PH201,2025-04-09,absent
STU0398,PH301,2025-04-11,late
STU0398,PH201,2025-04-15,absent
STU0398,PH101,2025-04-17,absent
STU0398,PH201,2025-04-21,absent
STU0398,PH301,2025-04-23,present
STU0398,PH301,2025-04-25,present
STU0398,PH301,2025-04-29,late
STU0399,MT301,2025-01-01,present
STU0399,MT301,2025-01-03,present
STU0399,MT201,2025-01-07,present
STU0399,MT401,2025-01-09,present
STU0399,MT101,2025-01-13,present
STU0399,MT201,2025-01-15,present
STU0399,MT201,2025-01-17,present
STU0399,MT301,2025-01-21,present
STU0399,MT301,2025-01-23,present
STU0399,MT401,2025-01-27,absent
STU0399,MT201,2025-01-29,present
STU0399,MT201,2025-01-31,present
STU0399,MT301,2025-02-04,present
STU0399,MT101,2025-02-06,present
STU0399,MT301,2025-02-10,present
STU0399,MT301,2025-02-12,absent
STU0399,MT201,2025-02-14,present
STU0399,MT101,2025-02-18,present
STU0399,MT401,2025-02-20,present
STU0399,MT101,2025-02-24,present
STU0399,MT101,2025-02-26,late
STU0399,MT201,2025-02-28,late
STU0399,MT101,2025-03-04,present
STU0399,MT101,2025-03-06,present
STU0399,MT301,2025-03-10,absent
STU0399,MT301,2025-03-12,present
STU0399,MT201,2025-03-14,present
STU0399,MT401,2025-03-18,late
STU0399,MT301,2025-03-20,present
STU0399,MT201,2025-03-24,present
STU0399,MT201,2025-03-26,absent
STU0399,MT301,2025-03-28,present
STU0399,MT101,2025-04-01,present
STU0399,MT401,2025-04-03,present
STU0399,MT101,2025-04-07,present
STU0399,MT301,2025-04-09,present
STU0399,MT401,2025-04-11,present
STU0399,MT201,2025-04-15,present
STU0399,MT201,2025-04-17,late
STU0399,MT301,2025-04-21,present
STU0399,MT301,2025-04-23,absent
STU0399,MT301,2025-04-25,present
STU0399,MT401,2025-04-29,absent
STU0400,CS201,2025-01-01,present
STU0400,CS501,2025-01-03,present
STU0400,CS301,2025-01-07,present
STU0400,CS501,2025-01-09,present
STU0400,CS501,2025-01-13,present
STU0400,CS101,2025-01-15,present
STU0400,CS501,2025-01-17,absent
STU0400,CS201,2025-01-21,absent
STU0400,CS501,2025-01-23,late
STU0400,CS301,2025-01-27,present
STU0400,CS201,2025-01-29,late
STU0400,CS501,2025-01-31,absent
STU0400,CS501,2025-02-04,present
STU0400,CS401,2025-02-06,present
STU0400,CS301,2025-02-10,present
STU0400,CS501,2025-02-12,present
STU0400,CS401,2025-02-14,present
STU0400,CS501,2025-02-18,present
STU0400,CS501,2025-02-20,present
STU0400,CS101,2025-02-24,present
STU0400,CS101,2025-02-26,present
STU0400,CS301,2025-02-28,present
STU0400,CS301,2025-03-04,absent
STU0400,CS401,2025-03-06,late
STU0400,CS201,2025-03-10,present
STU0400,CS201,2025-03-12,present
STU0400,CS501,2025-03-14,present
STU0400,CS101,2025-03-18,present
STU0400,CS401,2025-03-20,present
STU0400,CS501,2025-03-24,present
STU0400,CS201,2025-03-26,late
STU0400,CS401,2025-03-28,present
STU0400,CS401,2025-04-01,present
STU0400,CS101,2025-04-03,present
STU0400,CS501,2025-04-07,present
STU0400,CS301,2025-04-09,present
STU0400,CS101,2025-04-11,present
STU0400,CS301,2025-04-15,present
STU0400,CS301,2025-04-17,present
STU0400,CS401,2025-04-21,present
STU0400,CS301,2025-04-23,present
STU0400,CS101,2025-04-25,present
STU0400,CS101,2025-04-29,present
STU0401,MT401,2025-01-01,present
STU0401,MT301,2025-01-03,present
STU0401,MT101,2025-01-07,present
STU0401,MT301,2025-01-09,present
STU0401,MT401,2025-01-13,present
STU0401,MT401,2025-01-15,present
STU0401,MT301,2025-01-17,present
STU0401,MT301,2025-01-21,present
STU0401,MT101,2025-01-23,present
STU0401,MT401,2025-01-27,absent
STU0401,MT301,2025-01-29,present
STU0401,MT401,2025-01-31,present
STU0401,MT401,2025-02-04,present
STU0401,MT201,2025-02-06,present
STU0401,MT201,2025-02-10,present
STU0401,MT201,2025-02-12,present
STU0401,MT201,2025-02-14,present
STU0401,MT301,2025-02-18,absent
STU0401,MT201,2025-02-20,present
STU0401,MT101,2025-02-24,present
STU0401,MT301,2025-02-26,present
STU0401,MT201,2025-02-28,present
STU0401,MT101,2025-03-04,absent
STU0401,MT101,2025-03-06,present
STU0401,MT401,2025-03-10,late
STU0401,MT201,2025-03-12,present
STU0401,MT101,2025-03-14,present
STU0401,MT101,2025-03-18,absent
STU0401,MT101,2025-03-20,present
STU0401,MT401,2025-03-24,present
STU0401,MT401,2025-03-26,present
STU0401,MT101,2025-03-28,present
STU0401,MT201,2025-04-01,present
STU0401,MT401,2025-04-03,present
STU0401,MT201,2025-04-07,absent
STU0401,MT301,2025-04-09,present
STU0401,MT101,2025-04-11,present
STU0401,MT101,2025-04-15,present
STU0401,MT301,2025-04-17,absent
STU0401,MT201,2025-04-21,late
STU0401,MT101,2025-04-23,present
STU0401,MT201,2025-04-25,present
STU0401,MT401,2025-04-29,present
STU0402,BU101,2025-01-01,present
STU0402,BU201,2025-01-03,present
STU0402,BU201,2025-01-07,present
STU0402,BU201,2025-01-09,present
STU0402,BU201,2025-01-13,present
STU0402,BU401,2025-01-15,present
STU0402,BU101,2025-01-17,late
STU0402,BU301,2025-01-21,present
STU0402,BU101,2025-01-23,present
STU0402,BU201,2025-01-27,present
STU0402,BU301,2025-01-29,present
STU0402,BU301,2025-01-31,present
STU0402,BU301,2025-02-04,present
STU0402,BU201,2025-02-06,present
STU0402,BU201,2025-02-10,late
STU0402,BU301,2025-02-12,present
STU0402,BU201,2025-02-14,present
STU0402,BU201,2025-02-18,present
STU0402,BU301,2025-02-20,present
STU0402,BU201,2025-02-24,present
STU0402,BU101,2025-02-26,present
STU0402,BU201,2025-02-28,absent
STU0402,BU201,2025-03-04,present
STU0402,BU201,2025-03-06,present
STU0402,BU101,2025-03-10,present
STU0402,BU101,2025-03-12,present
STU0402,BU101,2025-03-14,present
STU0402,BU101,2025-03-18,present
STU0402,BU201,2025-03-20,absent
STU0402,BU201,2025-03-24,present
STU0402,BU401,2025-03-26,present
STU0402,BU201,2025-03-28,present
STU0402,BU201,2025-04-01,present
STU0402,BU301,2025-04-03,present
STU0402,BU201,2025-04-07,present
STU0402,BU301,2025-04-09,present
STU0402,BU101,2025-04-11,present
STU0402,BU401,2025-04-15,present
STU0402,BU101,2025-04-17,present
STU0402,BU201,2025-04-21,present
STU0402,BU301,2025-04-23,present
STU0402,BU201,2025-04-25,present
STU0402,BU201,2025-04-29,present
STU0403,MT301,2025-01-01,present
STU0403,MT401,2025-01-03,present
STU0403,MT101,2025-01-07,present
STU0403,MT401,2025-01-09,present
STU0403,MT401,2025-01-13,present
STU0403,MT201,2025-01-15,absent
STU0403,MT301,2025-01-17,present
STU0403,MT301,2025-01-21,absent
STU0403,MT401,2025-01-23,present
STU0403,MT401,2025-01-27,present
STU0403,MT401,2025-01-29,absent
STU0403,MT301,2025-01-31,absent
STU0403,MT101,2025-02-04,present
STU0403,MT401,2025-02-06,present
STU0403,MT401,2025-02-10,present
STU0403,MT301,2025-02-12,present
STU0403,MT201,2025-02-14,present
STU0403,MT401,2025-02-18,present
STU0403,MT101,2025-02-20,absent
STU0403,MT301,2025-02-24,present
STU0403,MT101,2025-02-26,present
STU0403,MT201,2025-02-28,absent
STU0403,MT101,2025-03-04,present
STU0403,MT401,2025-03-06,present
STU0403,MT101,2025-03-10,present
STU0403,MT101,2025-03-12,present
STU0403,MT401,2025-03-14,absent
STU0403,MT201,2025-03-18,present
STU0403,MT201,2025-03-20,present
STU0403,MT401,2025-03-24,present
STU0403,MT101,2025-03-26,present
STU0403,MT201,2025-03-28,present
STU0403,MT401,2025-04-01,absent
STU0403,MT201,2025-04-03,present
STU0403,MT101,2025-04-07,present
STU0403,MT301,2025-04-09,present
STU0403,MT401,2025-04-11,present
STU0403,MT401,2025-04-15,present
STU0403,MT201,2025-04-17,present
STU0403,MT401,2025-04-21,absent
STU0403,MT101,2025-04-23,present
STU0403,MT401,2025-04-25,present
STU0403,MT201,2025-04-29,absent
STU0404,CS401,2025-01-01,present
STU0404,CS201,2025-01-03,present
STU0404,CS501,2025-01-07,present
STU0404,CS201,2025-01-09,present
STU0404,CS301,2025-01-13,absent
STU0404,CS301,2025-01-15,present
STU0404,CS501,2025-01-17,late
STU0404,CS501,2025-01-21,present
STU0404,CS501,2025-01-23,present
STU0404,CS401,2025-01-27,present
STU0404,CS401,2025-01-29,present
STU0404,CS401,2025-01-31,present
STU0404,CS201,2025-02-04,present
STU0404,CS501,2025-02-06,present
STU0404,CS201,2025-02-10,present
STU0404,CS301,2025-02-12,present
STU0404,CS201,2025-02-14,present
STU0404,CS501,2025-02-18,present
STU0404,CS201,2025-02-20,present
STU0404,CS101,2025-02-24,present
STU0404,CS301,2025-02-26,present
STU0404,CS401,2025-02-28,present
STU0404,CS201,2025-03-04,present
STU0404,CS501,2025-03-06,present
STU0404,CS201,2025-03-10,present
STU0404,CS201,2025-03-12,present
STU0404,CS201,2025-03-14,present
STU0404,CS201,2025-03-18,present
STU0404,CS501,2025-03-20,present
STU0404,CS201,2025-03-24,present
STU0404,CS201,2025-03-26,present
STU0404,CS501,2025-03-28,present
STU0404,CS101,2025-04-01,present
STU0404,CS201,2025-04-03,absent
STU0404,CS501,2025-04-07,present
STU0404,CS301,2025-04-09,present
STU0404,CS201,2025-04-11,late
STU0404,CS201,2025-04-15,present
STU0404,CS201,2025-04-17,late
STU0404,CS301,2025-04-21,present
STU0404,CS501,2025-04-23,present
STU0404,CS101,2025-04-25,present
STU0404,CS401,2025-04-29,present
STU0405,EN101,2025-01-01,present
STU0405,EN201,2025-01-03,present
STU0405,EN301,2025-01-07,present
STU0405,EN101,2025-01-09,absent
STU0405,EN301,2025-01-13,present
STU0405,EN301,2025-01-15,present
STU0405,EN201,2025-01-17,late
STU0405,EN101,2025-01-21,present
STU0405,EN301,2025-01-23,present
STU0405,EN301,2025-01-27,absent
STU0405,EN101,2025-01-29,present
STU0405,EN201,2025-01-31,present
STU0405,EN201,2025-02-04,present
STU0405,EN101,2025-02-06,absent
STU0405,EN101,2025-02-10,present
STU0405,EN201,2025-02-12,present
STU0405,EN201,2025-02-14,absent
STU0405,EN101,2025-02-18,present
STU0405,EN101,2025-02-20,absent
STU0405,EN301,2025-02-24,absent
STU0405,EN101,2025-02-26,absent
STU0405,EN201,2025-02-28,absent
STU0405,EN201,2025-03-04,present
STU0405,EN201,2025-03-06,late
STU0405,EN201,2025-03-10,present
STU0405,EN301,2025-03-12,present
STU0405,EN101,2025-03-14,present
STU0405,EN301,2025-03-18,late
STU0405,EN301,2025-03-20,present
STU0405,EN301,2025-03-24,absent
STU0405,EN301,2025-03-26,present
STU0405,EN101,2025-03-28,absent
STU0405,EN301,2025-04-01,absent
STU0405,EN301,2025-04-03,present
STU0405,EN101,2025-04-07,present
STU0405,EN301,2025-04-09,present
STU0405,EN301,2025-04-11,present
STU0405,EN201,2025-04-15,present
STU0405,EN101,2025-04-17,present
STU0405,EN201,2025-04-21,present
STU0405,EN201,2025-04-23,present
STU0405,EN101,2025-04-25,present
STU0405,EN301,2025-04-29,present
STU0406,CS501,2025-01-01,absent
STU0406,CS201,2025-01-03,present
STU0406,CS201,2025-01-07,present
STU0406,CS401,2025-01-09,present
STU0406,CS301,2025-01-13,present
STU0406,CS101,2025-01-15,absent
STU0406,CS301,2025-01-17,present
STU0406,CS201,2025-01-21,present
STU0406,CS301,2025-01-23,late
STU0406,CS501,2025-01-27,present
STU0406,CS201,2025-01-29,present
STU0406,CS201,2025-01-31,present
STU0406,CS501,2025-02-04,present
STU0406,CS401,2025-02-06,late
STU0406,CS501,2025-02-10,present
STU0406,CS501,2025-02-12,absent
STU0406,CS301,2025-02-14,late
STU0406,CS501,2025-02-18,present
STU0406,CS101,2025-02-20,present
STU0406,CS501,2025-02-24,present
STU0406,CS101,2025-02-26,present
STU0406,CS301,2025-02-28,present
STU0406,CS201,2025-03-04,present
STU0406,CS101,2025-03-06,present
STU0406,CS501,2025-03-10,late
STU0406,CS301,2025-03-12,present
STU0406,CS301,2025-03-14,present
STU0406,CS501,2025-03-18,absent
STU0406,CS401,2025-03-20,present
STU0406,CS301,2025-03-24,present
STU0406,CS501,2025-03-26,present
STU0406,CS301,2025-03-28,present
STU0406,CS101,2025-04-01,present
STU0406,CS501,2025-04-03,present
STU0406,CS201,2025-04-07,present
STU0406,CS301,2025-04-09,late
STU0406,CS401,2025-04-11,present
STU0406,CS201,2025-04-15,present
STU0406,CS201,2025-04-17,present
STU0406,CS201,2025-04-21,present
STU0406,CS201,2025-04-23,present
STU0406,CS101,2025-04-25,late
STU0406,CS101,2025-04-29,present
STU0407,CS401,2025-01-01,present
STU0407,CS101,2025-01-03,present
STU0407,CS501,2025-01-07,present
STU0407,CS401,2025-01-09,present
STU0407,CS101,2025-01-13,present
STU0407,CS501,2025-01-15,present
STU0407,CS401,2025-01-17,present
STU0407,CS501,2025-01-21,present
STU0407,CS301,2025-01-23,present
STU0407,CS501,2025-01-27,present
STU0407,CS301,2025-01-29,late
STU0407,CS401,2025-01-31,present
STU0407,CS401,2025-02-04,absent
STU0407,CS301,2025-02-06,present
STU0407,CS401,2025-02-10,present
STU0407,CS301,2025-02-12,present
STU0407,CS201,2025-02-14,present
STU0407,CS501,2025-02-18,present
STU0407,CS101,2025-02-20,present
STU0407,CS301,2025-02-24,absent
STU0407,CS501,2025-02-26,present
STU0407,CS201,2025-02-28,present
STU0407,CS301,2025-03-04,present
STU0407,CS401,2025-03-06,absent
STU0407,CS301,2025-03-10,present
STU0407,CS101,2025-03-12,present
STU0407,CS501,2025-03-14,absent
STU0407,CS401,2025-03-18,present
STU0407,CS501,2025-03-20,present
STU0407,CS201,2025-03-24,present
STU0407,CS201,2025-03-26,absent
STU0407,CS401,2025-03-28,absent
STU0407,CS101,2025-04-01,absent
STU0407,CS201,2025-04-03,present
STU0407,CS301,2025-04-07,absent
STU0407,CS201,2025-04-09,present
STU0407,CS301,2025-04-11,present
STU0407,CS301,2025-04-15,present
STU0407,CS101,2025-04-17,present
STU0407,CS101,2025-04-21,present
STU0407,CS101,2025-04-23,present
STU0407,CS301,2025-04-25,late
STU0407,CS301,2025-04-29,present
STU0408,EN301,2025-01-01,present
STU0408,EN201,2025-01-03,absent
STU0408,EN101,2025-01-07,present
STU0408,EN301,2025-01-09,present
STU0408,EN201,2025-01-13,present
STU0408,EN101,2025-01-15,present
STU0408,EN101,2025-01-17,present
STU0408,EN201,2025-01-21,present
STU0408,EN301,2025-01-23,absent
STU0408,EN201,2025-01-27,present
STU0408,EN201,2025-01-29,present
STU0408,EN201,2025-01-31,present
STU0408,EN301,2025-02-04,present
STU0408,EN301,2025-02-06,present
STU0408,EN101,2025-02-10,late
STU0408,EN301,2025-02-12,present
STU0408,EN301,2025-02-14,present
STU0408,EN201,2025-02-18,late
STU0408,EN101,2025-02-20,present
STU0408,EN301,2025-02-24,present
STU0408,EN201,2025-02-26,present
STU0408,EN301,2025-02-28,present
STU0408,EN201,2025-03-04,absent
STU0408,EN201,2025-03-06,present
STU0408,EN201,2025-03-10,present
STU0408,EN101,2025-03-12,present
STU0408,EN101,2025-03-14,absent
STU0408,EN101,2025-03-18,absent
STU0408,EN201,2025-03-20,present
STU0408,EN201,2025-03-24,present
STU0408,EN101,2025-03-26,present
STU0408,EN201,2025-03-28,present
STU0408,EN201,2025-04-01,absent
STU0408,EN101,2025-04-03,late
STU0408,EN301,2025-04-07,absent
STU0408,EN101,2025-04-09,present
STU0408,EN101,2025-04-11,absent
STU0408,EN201,2025-04-15,late
STU0408,EN201,2025-04-17,present
STU0408,EN201,2025-04-21,present
STU0408,EN301,2025-04-23,absent
STU0408,EN301,2025-04-25,present
STU0408,EN101,2025-04-29,late
STU0409,CS201,2025-01-01,present
STU0409,CS401,2025-01-03,present
STU0409,CS101,2025-01-07,present
STU0409,CS301,2025-01-09,present
STU0409,CS201,2025-01-13,absent
STU0409,CS301,2025-01-15,present
STU0409,CS101,2025-01-17,present
STU0409,CS201,2025-01-21,present
STU0409,CS401,2025-01-23,present
STU0409,CS101,2025-01-27,present
STU0409,CS301,2025-01-29,absent
STU0409,CS201,2025-01-31,present
STU0409,CS301,2025-02-04,present
STU0409,CS201,2025-02-06,present
STU0409,CS101,2025-02-10,present
STU0409,CS101,2025-02-12,late
STU0409,CS501,2025-02-14,present
STU0409,CS101,2025-02-18,present
STU0409,CS301,2025-02-20,present
STU0409,CS401,2025-02-24,present
STU0409,CS501,2025-02-26,present
STU0409,CS201,2025-02-28,present
STU0409,CS101,2025-03-04,present
STU0409,CS501,2025-03-06,absent
STU0409,CS301,2025-03-10,present
STU0409,CS201,2025-03-12,present
STU0409,CS101,2025-03-14,absent
STU0409,CS201,2025-03-18,late
STU0409,CS201,2025-03-20,present
STU0409,CS301,2025-03-24,present
STU0409,CS201,2025-03-26,present
STU0409,CS401,2025-03-28,present
STU0409,CS301,2025-04-01,present
STU0409,CS501,2025-04-03,present
STU0409,CS401,2025-04-07,present
STU0409,CS301,2025-04-09,present
STU0409,CS401,2025-04-11,present
STU0409,CS501,2025-04-15,present
STU0409,CS401,2025-04-17,present
STU0409,CS101,2025-04-21,present
STU0409,CS401,2025-04-23,present
STU0409,CS401,2025-04-25,present
STU0409,CS401,2025-04-29,present
STU0410,EN201,2025-01-01,present
STU0410,EN201,2025-01-03,present
STU0410,EN101,2025-01-07,present
STU0410,EN301,2025-01-09,present
STU0410,EN201,2025-01-13,absent
STU0410,EN301,2025-01-15,present
STU0410,EN101,2025-01-17,present
STU0410,EN101,2025-01-21,absent
STU0410,EN201,2025-01-23,present
STU0410,EN301,2025-01-27,present
STU0410,EN301,2025-01-29,present
STU0410,EN101,2025-01-31,absent
STU0410,EN201,2025-02-04,absent
STU0410,EN301,2025-02-06,present
STU0410,EN101,2025-02-10,present
STU0410,EN301,2025-02-12,present
STU0410,EN101,2025-02-14,present
STU0410,EN301,2025-02-18,present
STU0410,EN101,2025-02-20,present
STU0410,EN301,2025-02-24,present
STU0410,EN101,2025-02-26,present
STU0410,EN101,2025-02-28,present
STU0410,EN101,2025-03-04,present
STU0410,EN201,2025-03-06,present
STU0410,EN201,2025-03-10,present
STU0410,EN301,2025-03-12,absent
STU0410,EN101,2025-03-14,present
STU0410,EN201,2025-03-18,present
STU0410,EN201,2025-03-20,present
STU0410,EN301,2025-03-24,present
STU0410,EN301,2025-03-26,present
STU0410,EN201,2025-03-28,late
STU0410,EN101,2025-04-01,present
STU0410,EN101,2025-04-03,present
STU0410,EN101,2025-04-07,present
STU0410,EN301,2025-04-09,late
STU0410,EN301,2025-04-11,late
STU0410,EN201,2025-04-15,present
STU0410,EN201,2025-04-17,present
STU0410,EN301,2025-04-21,present
STU0410,EN301,2025-04-23,present
STU0410,EN301,2025-04-25,present
STU0410,EN101,2025-04-29,absent
STU0411,EN101,2025-01-01,present
STU0411,EN201,2025-01-03,present
STU0411,EN201,2025-01-07,present
STU0411,EN301,2025-01-09,present
STU0411,EN101,2025-01-13,present
STU0411,EN101,2025-01-15,present
STU0411,EN301,2025-01-17,present
STU0411,EN301,2025-01-21,present
STU0411,EN101,2025-01-23,present
STU0411,EN201,2025-01-27,present
STU0411,EN101,2025-01-29,present
STU0411,EN301,2025-01-31,present
STU0411,EN101,2025-02-04,present
STU0411,EN301,2025-02-06,present
STU0411,EN101,2025-02-10,absent
STU0411,EN301,2025-02-12,present
STU0411,EN201,2025-02-14,present
STU0411,EN301,2025-02-18,present
STU0411,EN101,2025-02-20,present
STU0411,EN101,2025-02-24,late
STU0411,EN201,2025-02-26,present
STU0411,EN301,2025-02-28,present
STU0411,EN301,2025-03-04,present
STU0411,EN101,2025-03-06,present
STU0411,EN101,2025-03-10,present
STU0411,EN301,2025-03-12,present
STU0411,EN201,2025-03-14,present
STU0411,EN201,2025-03-18,absent
STU0411,EN101,2025-03-20,present
STU0411,EN201,2025-03-24,absent
STU0411,EN101,2025-03-26,present
STU0411,EN101,2025-03-28,present
STU0411,EN101,2025-04-01,late
STU0411,EN101,2025-04-03,late
STU0411,EN201,2025-04-07,present
STU0411,EN101,2025-04-09,present
STU0411,EN301,2025-04-11,present
STU0411,EN201,2025-04-15,present
STU0411,EN301,2025-04-17,present
STU0411,EN101,2025-04-21,present
STU0411,EN101,2025-04-23,present
STU0411,EN101,2025-04-25,present
STU0411,EN201,2025-04-29,present
STU0412,CS301,2025-01-01,present
STU0412,CS101,2025-01-03,present
STU0412,CS201,2025-01-07,present
STU0412,CS101,2025-01-09,present
STU0412,CS301,2025-01-13,present
STU0412,CS501,2025-01-15,present
STU0412,CS501,2025-01-17,present
STU0412,CS401,2025-01-21,present
STU0412,CS501,2025-01-23,absent
STU0412,CS301,2025-01-27,absent
STU0412,CS101,2025-01-29,present
STU0412,CS401,2025-01-31,present
STU0412,CS401,2025-02-04,late
STU0412,CS101,2025-02-06,present
STU0412,CS401,2025-02-10,absent
STU0412,CS401,2025-02-12,absent
STU0412,CS301,2025-02-14,absent
STU0412,CS101,2025-02-18,present
STU0412,CS301,2025-02-20,present
STU0412,CS101,2025-02-24,absent
STU0412,CS301,2025-02-26,present
STU0412,CS501,2025-02-28,present
STU0412,CS201,2025-03-04,present
STU0412,CS301,2025-03-06,present
STU0412,CS101,2025-03-10,absent
STU0412,CS301,2025-03-12,present
STU0412,CS401,2025-03-14,absent
STU0412,CS101,2025-03-18,absent
STU0412,CS501,2025-03-20,present
STU0412,CS301,2025-03-24,present
STU0412,CS101,2025-03-26,absent
STU0412,CS301,2025-03-28,present
STU0412,CS201,2025-04-01,late
STU0412,CS401,2025-04-03,absent
STU0412,CS401,2025-04-07,present
STU0412,CS101,2025-04-09,absent
STU0412,CS201,2025-04-11,present
STU0412,CS101,2025-04-15,present
STU0412,CS301,2025-04-17,absent
STU0412,CS201,2025-04-21,absent
STU0412,CS501,2025-04-23,present
STU0412,CS401,2025-04-25,present
STU0412,CS101,2025-04-29,present
STU0413,PH101,2025-01-01,present
STU0413,PH201,2025-01-03,present
STU0413,PH101,2025-01-07,present
STU0413,PH101,2025-01-09,present
STU0413,PH101,2025-01-13,absent
STU0413,PH301,2025-01-15,present
STU0413,PH201,2025-01-17,present
STU0413,PH101,2025-01-21,present
STU0413,PH301,2025-01-23,present
STU0413,PH201,2025-01-27,absent
STU0413,PH101,2025-01-29,present
STU0413,PH201,2025-01-31,present
STU0413,PH101,2025-02-04,present
STU0413,PH201,2025-02-06,present
STU0413,PH301,2025-02-10,present
STU0413,PH101,2025-02-12,present
STU0413,PH201,2025-02-14,present
STU0413,PH101,2025-02-18,present
STU0413,PH101,2025-02-20,present
STU0413,PH201,2025-02-24,present
STU0413,PH101,2025-02-26,present
STU0413,PH301,2025-02-28,present
STU0413,PH201,2025-03-04,present
STU0413,PH201,2025-03-06,present
STU0413,PH101,2025-03-10,present
STU0413,PH301,2025-03-12,present
STU0413,PH201,2025-03-14,present
STU0413,PH301,2025-03-18,present
STU0413,PH201,2025-03-20,present
STU0413,PH101,2025-03-24,present
STU0413,PH201,2025-03-26,late
STU0413,PH201,2025-03-28,present
STU0413,PH101,2025-04-01,present
STU0413,PH101,2025-04-03,present
STU0413,PH301,2025-04-07,present
STU0413,PH101,2025-04-09,present
STU0413,PH201,2025-04-11,present
STU0413,PH101,2025-04-15,present
STU0413,PH201,2025-04-17,present
STU0413,PH101,2025-04-21,present
STU0413,PH101,2025-04-23,present
STU0413,PH101,2025-04-25,present
STU0413,PH101,2025-04-29,present
STU0414,BU401,2025-01-01,present
STU0414,BU201,2025-01-03,present
STU0414,BU301,2025-01-07,present
STU0414,BU101,2025-01-09,present
STU0414,BU301,2025-01-13,present
STU0414,BU301,2025-01-15,present
STU0414,BU201,2025-01-17,present
STU0414,BU301,2025-01-21,present
STU0414,BU101,2025-01-23,present
STU0414,BU401,2025-01-27,present
STU0414,BU101,2025-01-29,present
STU0414,BU401,2025-01-31,present
STU0414,BU201,2025-02-04,present
STU0414,BU301,2025-02-06,present
STU0414,BU201,2025-02-10,present
STU0414,BU201,2025-02-12,late
STU0414,BU401,2025-02-14,present
STU0414,BU101,2025-02-18,present
STU0414,BU101,2025-02-20,present
STU0414,BU101,2025-02-24,present
STU0414,BU201,2025-02-26,present
STU0414,BU101,2025-02-28,present
STU0414,BU101,2025-03-04,present
STU0414,BU301,2025-03-06,present
STU0414,BU101,2025-03-10,present
STU0414,BU101,2025-03-12,present
STU0414,BU101,2025-03-14,present
STU0414,BU201,2025-03-18,present
STU0414,BU401,2025-03-20,present
STU0414,BU101,2025-03-24,present
STU0414,BU201,2025-03-26,present
STU0414,BU201,2025-03-28,absent
STU0414,BU401,2025-04-01,present
STU0414,BU301,2025-04-03,present
STU0414,BU101,2025-04-07,present
STU0414,BU301,2025-04-09,absent
STU0414,BU301,2025-04-11,present
STU0414,BU201,2025-04-15,present
STU0414,BU301,2025-04-17,present
STU0414,BU301,2025-04-21,present
STU0414,BU201,2025-04-23,present
STU0414,BU301,2025-04-25,late
STU0414,BU301,2025-04-29,absent
STU0415,PH101,2025-01-01,present
STU0415,PH101,2025-01-03,present
STU0415,PH201,2025-01-07,absent
STU0415,PH201,2025-01-09,present
STU0415,PH201,2025-01-13,present
STU0415,PH301,2025-01-15,present
STU0415,PH101,2025-01-17,present
STU0415,PH201,2025-01-21,present
STU0415,PH101,2025-01-23,present
STU0415,PH301,2025-01-27,present
STU0415,PH301,2025-01-29,present
STU0415,PH201,2025-01-31,present
STU0415,PH301,2025-02-04,present
STU0415,PH301,2025-02-06,present
STU0415,PH201,2025-02-10,present
STU0415,PH201,2025-02-12,present
STU0415,PH201,2025-02-14,present
STU0415,PH301,2025-02-18,present
STU0415,PH101,2025-02-20,present
STU0415,PH101,2025-02-24,present
STU0415,PH101,2025-02-26,present
STU0415,PH201,2025-02-28,present
STU0415,PH101,2025-03-04,present
STU0415,PH101,2025-03-06,present
STU0415,PH301,2025-03-10,present
STU0415,PH301,2025-03-12,present
STU0415,PH301,2025-03-14,present
STU0415,PH101,2025-03-18,present
STU0415,PH301,2025-03-20,present
STU0415,PH201,2025-03-24,present
STU0415,PH101,2025-03-26,present
STU0415,PH201,2025-03-28,present
STU0415,PH101,2025-04-01,present
STU0415,PH101,2025-04-03,present
STU0415,PH301,2025-04-07,present
STU0415,PH201,2025-04-09,present
STU0415,PH201,2025-04-11,present
STU0415,PH201,2025-04-15,present
STU0415,PH201,2025-04-17,present
STU0415,PH301,2025-04-21,present
STU0415,PH301,2025-04-23,absent
STU0415,PH101,2025-04-25,present
STU0415,PH301,2025-04-29,late
STU0416,EN201,2025-01-01,present
STU0416,EN201,2025-01-03,present
STU0416,EN201,2025-01-07,present
STU0416,EN301,2025-01-09,present
STU0416,EN101,2025-01-13,present
STU0416,EN101,2025-01-15,present
STU0416,EN201,2025-01-17,late
STU0416,EN101,2025-01-21,present
STU0416,EN301,2025-01-23,present
STU0416,EN301,2025-01-27,present
STU0416,EN101,2025-01-29,late
STU0416,EN201,2025-01-31,present
STU0416,EN101,2025-02-04,present
STU0416,EN301,2025-02-06,present
STU0416,EN301,2025-02-10,present
STU0416,EN101,2025-02-12,absent
STU0416,EN301,2025-02-14,present
STU0416,EN201,2025-02-18,present
STU0416,EN101,2025-02-20,present
STU0416,EN301,2025-02-24,present
STU0416,EN301,2025-02-26,present
STU0416,EN101,2025-02-28,present
STU0416,EN101,2025-03-04,present
STU0416,EN301,2025-03-06,present
STU0416,EN101,2025-03-10,present
STU0416,EN201,2025-03-12,present
STU0416,EN201,2025-03-14,absent
STU0416,EN301,2025-03-18,absent
STU0416,EN101,2025-03-20,present
STU0416,EN101,2025-03-24,present
STU0416,EN301,2025-03-26,present
STU0416,EN101,2025-03-28,present
STU0416,EN301,2025-04-01,present
STU0416,EN101,2025-04-03,present
STU0416,EN201,2025-04-07,present
STU0416,EN201,2025-04-09,present
STU0416,EN101,2025-04-11,present
STU0416,EN301,2025-04-15,present
STU0416,EN201,2025-04-17,present
STU0416,EN301,2025-04-21,present
STU0416,EN101,2025-04-23,present
STU0416,EN101,2025-04-25,present
STU0416,EN101,2025-04-29,present
STU0417,PH201,2025-01-01,present
STU0417,PH101,2025-01-03,present
STU0417,PH301,2025-01-07,present
STU0417,PH201,2025-01-09,present
STU0417,PH301,2025-01-13,absent
STU0417,PH101,2025-01-15,present
STU0417,PH301,2025-01-17,present
STU0417,PH101,2025-01-21,present
STU0417,PH201,2025-01-23,present
STU0417,PH301,2025-01-27,absent
STU0417,PH201,2025-01-29,present
STU0417,PH101,2025-01-31,present
STU0417,PH301,2025-02-04,present
STU0417,PH301,2025-02-06,present
STU0417,PH201,2025-02-10,absent
STU0417,PH301,2025-02-12,present
STU0417,PH201,2025-02-14,present
STU0417,PH101,2025-02-18,absent
STU0417,PH101,2025-02-20,present
STU0417,PH101,2025-02-24,present
STU0417,PH301,2025-02-26,present
STU0417,PH201,2025-02-28,present
STU0417,PH101,2025-03-04,present
STU0417,PH301,2025-03-06,present
STU0417,PH101,2025-03-10,present
STU0417,PH301,2025-03-12,absent
STU0417,PH101,2025-03-14,present
STU0417,PH301,2025-03-18,present
STU0417,PH301,2025-03-20,present
STU0417,PH101,2025-03-24,present
STU0417,PH301,2025-03-26,present
STU0417,PH301,2025-03-28,absent
STU0417,PH301,2025-04-01,present
STU0417,PH201,2025-04-03,absent
STU0417,PH201,2025-04-07,present
STU0417,PH201,2025-04-09,present
STU0417,PH101,2025-04-11,present
STU0417,PH201,2025-04-15,present
STU0417,PH101,2025-04-17,present
STU0417,PH301,2025-04-21,present
STU0417,PH201,2025-04-23,present
STU0417,PH101,2025-04-25,absent
STU0417,PH101,2025-04-29,present
STU0418,EN101,2025-01-01,present
STU0418,EN301,2025-01-03,present
STU0418,EN301,2025-01-07,present
STU0418,EN301,2025-01-09,absent
STU0418,EN201,2025-01-13,absent
STU0418,EN101,2025-01-15,present
STU0418,EN201,2025-01-17,present
STU0418,EN201,2025-01-21,late
STU0418,EN301,2025-01-23,absent
STU0418,EN201,2025-01-27,present
STU0418,EN301,2025-01-29,present
STU0418,EN201,2025-01-31,present
STU0418,EN201,2025-02-04,present
STU0418,EN101,2025-02-06,present
STU0418,EN301,2025-02-10,present
STU0418,EN201,2025-02-12,present
STU0418,EN201,2025-02-14,present
STU0418,EN101,2025-02-18,present
STU0418,EN301,2025-02-20,present
STU0418,EN301,2025-02-24,absent
STU0418,EN101,2025-02-26,present
STU0418,EN301,2025-02-28,present
STU0418,EN101,2025-03-04,present
STU0418,EN201,2025-03-06,absent
STU0418,EN101,2025-03-10,absent
STU0418,EN301,2025-03-12,present
STU0418,EN301,2025-03-14,late
STU0418,EN101,2025-03-18,present
STU0418,EN301,2025-03-20,late
STU0418,EN101,2025-03-24,present
STU0418,EN101,2025-03-26,present
STU0418,EN201,2025-03-28,present
STU0418,EN301,2025-04-01,present
STU0418,EN301,2025-04-03,present
STU0418,EN101,2025-04-07,absent
STU0418,EN201,2025-04-09,absent
STU0418,EN101,2025-04-11,present
STU0418,EN301,2025-04-15,present
STU0418,EN301,2025-04-17,present
STU0418,EN301,2025-04-21,present
STU0418,EN301,2025-04-23,present
STU0418,EN101,2025-04-25,present
STU0418,EN201,2025-04-29,absent
STU0419,MT301,2025-01-01,present
STU0419,MT401,2025-01-03,present
STU0419,MT301,2025-01-07,present
STU0419,MT301,2025-01-09,present
STU0419,MT101,2025-01-13,present
STU0419,MT301,2025-01-15,present
STU0419,MT101,2025-01-17,present
STU0419,MT201,2025-01-21,present
STU0419,MT301,2025-01-23,present
STU0419,MT201,2025-01-27,present
STU0419,MT401,2025-01-29,present
STU0419,MT101,2025-01-31,present
STU0419,MT401,2025-02-04,present
STU0419,MT101,2025-02-06,present
STU0419,MT301,2025-02-10,present
STU0419,MT101,2025-02-12,present
STU0419,MT201,2025-02-14,present
STU0419,MT101,2025-02-18,present
STU0419,MT401,2025-02-20,present
STU0419,MT401,2025-02-24,present
STU0419,MT101,2025-02-26,present
STU0419,MT101,2025-02-28,present
STU0419,MT101,2025-03-04,present
STU0419,MT301,2025-03-06,present
STU0419,MT201,2025-03-10,present
STU0419,MT401,2025-03-12,present
STU0419,MT401,2025-03-14,present
STU0419,MT301,2025-03-18,present
STU0419,MT101,2025-03-20,present
STU0419,MT201,2025-03-24,present
STU0419,MT201,2025-03-26,present
STU0419,MT101,2025-03-28,present
STU0419,MT401,2025-04-01,present
STU0419,MT401,2025-04-03,absent
STU0419,MT301,2025-04-07,present
STU0419,MT101,2025-04-09,present
STU0419,MT101,2025-04-11,present
STU0419,MT401,2025-04-15,late
STU0419,MT401,2025-04-17,present
STU0419,MT401,2025-04-21,present
STU0419,MT301,2025-04-23,present
STU0419,MT301,2025-04-25,present
STU0419,MT101,2025-04-29,present
STU0420,CS101,2025-01-01,absent
STU0420,CS301,2025-01-03,present
STU0420,CS201,2025-01-07,present
STU0420,CS401,2025-01-09,present
STU0420,CS301,2025-01-13,present
STU0420,CS201,2025-01-15,present
STU0420,CS101,2025-01-17,late
STU0420,CS301,2025-01-21,present
STU0420,CS401,2025-01-23,absent
STU0420,CS301,2025-01-27,present
STU0420,CS201,2025-01-29,present
STU0420,CS201,2025-01-31,absent
STU0420,CS501,2025-02-04,present
STU0420,CS301,2025-02-06,present
STU0420,CS101,2025-02-10,present
STU0420,CS501,2025-02-12,present
STU0420,CS201,2025-02-14,present
STU0420,CS501,2025-02-18,present
STU0420,CS401,2025-02-20,absent
STU0420,CS101,2025-02-24,present
STU0420,CS201,2025-02-26,present
STU0420,CS501,2025-02-28,present
STU0420,CS101,2025-03-04,present
STU0420,CS201,2025-03-06,present
STU0420,CS401,2025-03-10,absent
STU0420,CS401,2025-03-12,present
STU0420,CS301,2025-03-14,present
STU0420,CS501,2025-03-18,absent
STU0420,CS401,2025-03-20,present
STU0420,CS401,2025-03-24,absent
STU0420,CS301,2025-03-26,present
STU0420,CS401,2025-03-28,present
STU0420,CS401,2025-04-01,absent
STU0420,CS301,2025-04-03,present
STU0420,CS201,2025-04-07,present
STU0420,CS301,2025-04-09,present
STU0420,CS101,2025-04-11,present
STU0420,CS301,2025-04-15,present
STU0420,CS201,2025-04-17,present
STU0420,CS301,2025-04-21,absent
STU0420,CS401,2025-04-23,present
STU0420,CS301,2025-04-25,present
STU0420,CS201,2025-04-29,present
STU0421,MT201,2025-01-01,present
STU0421,MT401,2025-01-03,absent
STU0421,MT101,2025-01-07,absent
STU0421,MT101,2025-01-09,late
STU0421,MT201,2025-01-13,present
STU0421,MT101,2025-01-15,absent
STU0421,MT401,2025-01-17,present
STU0421,MT101,2025-01-21,present
STU0421,MT101,2025-01-23,present
STU0421,MT201,2025-01-27,absent
STU0421,MT401,2025-01-29,absent
STU0421,MT101,2025-01-31,late
STU0421,MT101,2025-02-04,absent
STU0421,MT101,2025-02-06,absent
STU0421,MT101,2025-02-10,present
STU0421,MT201,2025-02-12,absent
STU0421,MT201,2025-02-14,present
STU0421,MT101,2025-02-18,present
STU0421,MT201,2025-02-20,present
STU0421,MT201,2025-02-24,absent
STU0421,MT301,2025-02-26,present
STU0421,MT101,2025-02-28,present
STU0421,MT401,2025-03-04,absent
STU0421,MT101,2025-03-06,late
STU0421,MT101,2025-03-10,absent
STU0421,MT401,2025-03-12,present
STU0421,MT301,2025-03-14,present
STU0421,MT401,2025-03-18,present
STU0421,MT301,2025-03-20,present
STU0421,MT101,2025-03-24,present
STU0421,MT401,2025-03-26,late
STU0421,MT401,2025-03-28,present
STU0421,MT101,2025-04-01,present
STU0421,MT101,2025-04-03,present
STU0421,MT401,2025-04-07,present
STU0421,MT401,2025-04-09,present
STU0421,MT301,2025-04-11,present
STU0421,MT301,2025-04-15,late
STU0421,MT301,2025-04-17,present
STU0421,MT101,2025-04-21,present
STU0421,MT301,2025-04-23,present
STU0421,MT201,2025-04-25,present
STU0421,MT301,2025-04-29,present
STU0422,MT401,2025-01-01,present
STU0422,MT101,2025-01-03,present
STU0422,MT401,2025-01-07,present
STU0422,MT201,2025-01-09,present
STU0422,MT201,2025-01-13,present
STU0422,MT201,2025-01-15,present
STU0422,MT401,2025-01-17,present
STU0422,MT401,2025-01-21,present
STU0422,MT201,2025-01-23,present
STU0422,MT401,2025-01-27,present
STU0422,MT101,2025-01-29,present
STU0422,MT101,2025-01-31,present
STU0422,MT301,2025-02-04,present
STU0422,MT301,2025-02-06,present
STU0422,MT101,2025-02-10,absent
STU0422,MT201,2025-02-12,present
STU0422,MT401,2025-02-14,absent
STU0422,MT101,2025-02-18,absent
STU0422,MT201,2025-02-20,late
STU0422,MT301,2025-02-24,absent
STU0422,MT401,2025-02-26,present
STU0422,MT301,2025-02-28,present
STU0422,MT301,2025-03-04,present
STU0422,MT201,2025-03-06,present
STU0422,MT101,2025-03-10,late
STU0422,MT301,2025-03-12,present
STU0422,MT401,2025-03-14,present
STU0422,MT401,2025-03-18,present
STU0422,MT301,2025-03-20,present
STU0422,MT201,2025-03-24,present
STU0422,MT201,2025-03-26,present
STU0422,MT401,2025-03-28,present
STU0422,MT301,2025-04-01,present
STU0422,MT301,2025-04-03,absent
STU0422,MT201,2025-04-07,absent
STU0422,MT101,2025-04-09,present
STU0422,MT101,2025-04-11,absent
STU0422,MT201,2025-04-15,present
STU0422,MT201,2025-04-17,present
STU0422,MT301,2025-04-21,present
STU0422,MT401,2025-04-23,present
STU0422,MT401,2025-04-25,present
STU0422,MT101,2025-04-29,present
STU0423,CS301,2025-01-01,present
STU0423,CS301,2025-01-03,present
STU0423,CS301,2025-01-07,present
STU0423,CS201,2025-01-09,present
STU0423,CS201,2025-01-13,present
STU0423,CS401,2025-01-15,present
STU0423,CS201,2025-01-17,present
STU0423,CS401,2025-01-21,present
STU0423,CS101,2025-01-23,present
STU0423,CS501,2025-01-27,present
STU0423,CS101,2025-01-29,present
STU0423,CS501,2025-01-31,present
STU0423,CS301,2025-02-04,present
STU0423,CS401,2025-02-06,present
STU0423,CS301,2025-02-10,present
STU0423,CS201,2025-02-12,present
STU0423,CS401,2025-02-14,present
STU0423,CS501,2025-02-18,present
STU0423,CS301,2025-02-20,present
STU0423,CS401,2025-02-24,present
STU0423,CS401,2025-02-26,late
STU0423,CS201,2025-02-28,present
STU0423,CS101,2025-03-04,present
STU0423,CS501,2025-03-06,present
STU0423,CS201,2025-03-10,present
STU0423,CS301,2025-03-12,absent
STU0423,CS201,2025-03-14,present
STU0423,CS501,2025-03-18,present
STU0423,CS101,2025-03-20,present
STU0423,CS101,2025-03-24,absent
STU0423,CS201,2025-03-26,present
STU0423,CS301,2025-03-28,present
STU0423,CS501,2025-04-01,present
STU0423,CS201,2025-04-03,present
STU0423,CS401,2025-04-07,present
STU0423,CS501,2025-04-09,present
STU0423,CS301,2025-04-11,present
STU0423,CS201,2025-04-15,present
STU0423,CS201,2025-04-17,present
STU0423,CS301,2025-04-21,present
STU0423,CS401,2025-04-23,present
STU0423,CS101,2025-04-25,present
STU0423,CS301,2025-04-29,present
STU0424,EN101,2025-01-01,absent
STU0424,EN101,2025-01-03,present
STU0424,EN101,2025-01-07,present
STU0424,EN201,2025-01-09,present
STU0424,EN201,2025-01-13,present
STU0424,EN201,2025-01-15,present
STU0424,EN301,2025-01-17,present
STU0424,EN101,2025-01-21,present
STU0424,EN301,2025-01-23,present
STU0424,EN301,2025-01-27,present
STU0424,EN201,2025-01-29,present
STU0424,EN101,2025-01-31,absent
STU0424,EN101,2025-02-04,present
STU0424,EN101,2025-02-06,late
STU0424,EN201,2025-02-10,absent
STU0424,EN201,2025-02-12,present
STU0424,EN201,2025-02-14,present
STU0424,EN301,2025-02-18,present
STU0424,EN301,2025-02-20,present
STU0424,EN201,2025-02-24,present
STU0424,EN301,2025-02-26,present
STU0424,EN301,2025-02-28,present
STU0424,EN101,2025-03-04,present
STU0424,EN301,2025-03-06,present
STU0424,EN201,2025-03-10,present
STU0424,EN101,2025-03-12,present
STU0424,EN301,2025-03-14,present
STU0424,EN201,2025-03-18,present
STU0424,EN201,2025-03-20,present
STU0424,EN201,2025-03-24,present
STU0424,EN301,2025-03-26,present
STU0424,EN101,2025-03-28,present
STU0424,EN301,2025-04-01,present
STU0424,EN101,2025-04-03,absent
STU0424,EN301,2025-04-07,absent
STU0424,EN201,2025-04-09,present
STU0424,EN201,2025-04-11,present
STU0424,EN301,2025-04-15,present
STU0424,EN301,2025-04-17,present
STU0424,EN101,2025-04-21,present
STU0424,EN301,2025-04-23,present
STU0424,EN301,2025-04-25,present
STU0424,EN201,2025-04-29,present
STU0425,MT301,2025-01-01,present
STU0425,MT301,2025-01-03,present
STU0425,MT101,2025-01-07,present
STU0425,MT201,2025-01-09,present
STU0425,MT401,2025-01-13,present
STU0425,MT201,2025-01-15,present
STU0425,MT201,2025-01-17,present
STU0425,MT301,2025-01-21,present
STU0425,MT401,2025-01-23,present
STU0425,MT401,2025-01-27,present
STU0425,MT101,2025-01-29,present
STU0425,MT101,2025-01-31,present
STU0425,MT301,2025-02-04,present
STU0425,MT301,2025-02-06,present
STU0425,MT401,2025-02-10,present
STU0425,MT101,2025-02-12,present
STU0425,MT201,2025-02-14,present
STU0425,MT401,2025-02-18,present
STU0425,MT301,2025-02-20,present
STU0425,MT201,2025-02-24,present
STU0425,MT201,2025-02-26,present
STU0425,MT201,2025-02-28,present
STU0425,MT101,2025-03-04,present
STU0425,MT301,2025-03-06,present
STU0425,MT201,2025-03-10,present
STU0425,MT101,2025-03-12,present
STU0425,MT401,2025-03-14,present
STU0425,MT101,2025-03-18,present
STU0425,MT401,2025-03-20,present
STU0425,MT101,2025-03-24,present
STU0425,MT101,2025-03-26,present
STU0425,MT301,2025-03-28,absent
STU0425,MT401,2025-04-01,present
STU0425,MT401,2025-04-03,present
STU0425,MT101,2025-04-07,present
STU0425,MT101,2025-04-09,present
STU0425,MT301,2025-04-11,present
STU0425,MT101,2025-04-15,present
STU0425,MT201,2025-04-17,present
STU0425,MT201,2025-04-21,present
STU0425,MT301,2025-04-23,present
STU0425,MT301,2025-04-25,present
STU0425,MT101,2025-04-29,present
STU0426,BU201,2025-01-01,absent
STU0426,BU201,2025-01-03,present
STU0426,BU301,2025-01-07,present
STU0426,BU301,2025-01-09,present
STU0426,BU301,2025-01-13,absent
STU0426,BU101,2025-01-15,late
STU0426,BU201,2025-01-17,present
STU0426,BU201,2025-01-21,present
STU0426,BU401,2025-01-23,present
STU0426,BU101,2025-01-27,absent
STU0426,BU301,2025-01-29,present
STU0426,BU401,2025-01-31,present
STU0426,BU301,2025-02-04,late
STU0426,BU201,2025-02-06,absent
STU0426,BU301,2025-02-10,present
STU0426,BU101,2025-02-12,late
STU0426,BU401,2025-02-14,present
STU0426,BU301,2025-02-18,present
STU0426,BU201,2025-02-20,present
STU0426,BU201,2025-02-24,absent
STU0426,BU101,2025-02-26,present
STU0426,BU201,2025-02-28,present
STU0426,BU301,2025-03-04,late
STU0426,BU101,2025-03-06,present
STU0426,BU101,2025-03-10,absent
STU0426,BU401,2025-03-12,present
STU0426,BU401,2025-03-14,present
STU0426,BU401,2025-03-18,present
STU0426,BU401,2025-03-20,absent
STU0426,BU301,2025-03-24,present
STU0426,BU301,2025-03-26,present
STU0426,BU101,2025-03-28,present
STU0426,BU101,2025-04-01,absent
STU0426,BU301,2025-04-03,present
STU0426,BU201,2025-04-07,present
STU0426,BU301,2025-04-09,present
STU0426,BU401,2025-04-11,absent
STU0426,BU401,2025-04-15,present
STU0426,BU101,2025-04-17,present
STU0426,BU201,2025-04-21,late
STU0426,BU401,2025-04-23,absent
STU0426,BU401,2025-04-25,present
STU0426,BU201,2025-04-29,late
STU0427,BU201,2025-01-01,present
STU0427,BU401,2025-01-03,present
STU0427,BU101,2025-01-07,present
STU0427,BU301,2025-01-09,present
STU0427,BU201,2025-01-13,present
STU0427,BU301,2025-01-15,present
STU0427,BU401,2025-01-17,present
STU0427,BU301,2025-01-21,present
STU0427,BU101,2025-01-23,present
STU0427,BU301,2025-01-27,present
STU0427,BU101,2025-01-29,present
STU0427,BU401,2025-01-31,present
STU0427,BU201,2025-02-04,present
STU0427,BU201,2025-02-06,present
STU0427,BU301,2025-02-10,present
STU0427,BU401,2025-02-12,present
STU0427,BU401,2025-02-14,present
STU0427,BU101,2025-02-18,absent
STU0427,BU301,2025-02-20,present
STU0427,BU201,2025-02-24,present
STU0427,BU301,2025-02-26,present
STU0427,BU201,2025-02-28,present
STU0427,BU401,2025-03-04,present
STU0427,BU301,2025-03-06,present
STU0427,BU301,2025-03-10,present
STU0427,BU101,2025-03-12,present
STU0427,BU401,2025-03-14,present
STU0427,BU201,2025-03-18,present
STU0427,BU401,2025-03-20,present
STU0427,BU301,2025-03-24,present
STU0427,BU401,2025-03-26,absent
STU0427,BU401,2025-03-28,present
STU0427,BU201,2025-04-01,present
STU0427,BU101,2025-04-03,present
STU0427,BU401,2025-04-07,present
STU0427,BU101,2025-04-09,absent
STU0427,BU301,2025-04-11,present
STU0427,BU401,2025-04-15,present
STU0427,BU101,2025-04-17,present
STU0427,BU101,2025-04-21,present
STU0427,BU401,2025-04-23,present
STU0427,BU301,2025-04-25,present
STU0427,BU101,2025-04-29,present
STU0428,EN301,2025-01-01,present
STU0428,EN201,2025-01-03,present
STU0428,EN201,2025-01-07,present
STU0428,EN101,2025-01-09,present
STU0428,EN301,2025-01-13,present
STU0428,EN101,2025-01-15,late
STU0428,EN101,2025-01-17,present
STU0428,EN301,2025-01-21,present
STU0428,EN301,2025-01-23,absent
STU0428,EN101,2025-01-27,present
STU0428,EN201,2025-01-29,present
STU0428,EN201,2025-01-31,present
STU0428,EN301,2025-02-04,late
STU0428,EN301,2025-02-06,present
STU0428,EN101,2025-02-10,late
STU0428,EN301,2025-02-12,absent
STU0428,EN201,2025-02-14,present
STU0428,EN301,2025-02-18,present
STU0428,EN301,2025-02-20,present
STU0428,EN201,2025-02-24,present
STU0428,EN101,2025-02-26,present
STU0428,EN201,2025-02-28,late
STU0428,EN301,2025-03-04,present
STU0428,EN101,2025-03-06,present
STU0428,EN301,2025-03-10,absent
STU0428,EN301,2025-03-12,present
STU0428,EN201,2025-03-14,present
STU0428,EN201,2025-03-18,present
STU0428,EN201,2025-03-20,present
STU0428,EN201,2025-03-24,present
STU0428,EN201,2025-03-26,late
STU0428,EN201,2025-03-28,present
STU0428,EN101,2025-04-01,present
STU0428,EN101,2025-04-03,present
STU0428,EN101,2025-04-07,present
STU0428,EN201,2025-04-09,present
STU0428,EN201,2025-04-11,present
STU0428,EN101,2025-04-15,absent
STU0428,EN201,2025-04-17,present
STU0428,EN201,2025-04-21,absent
STU0428,EN101,2025-04-23,present
STU0428,EN101,2025-04-25,late
STU0428,EN201,2025-04-29,present
STU0429,BU301,2025-01-01,present
STU0429,BU101,2025-01-03,present
STU0429,BU201,2025-01-07,absent
STU0429,BU201,2025-01-09,absent
STU0429,BU401,2025-01-13,present
STU0429,BU301,2025-01-15,present
STU0429,BU401,2025-01-17,present
STU0429,BU301,2025-01-21,late
STU0429,BU201,2025-01-23,late
STU0429,BU201,2025-01-27,late
STU0429,BU401,2025-01-29,absent
STU0429,BU401,2025-01-31,absent
STU0429,BU301,2025-02-04,present
STU0429,BU401,2025-02-06,absent
STU0429,BU201,2025-02-10,present
STU0429,BU401,2025-02-12,late
STU0429,BU301,2025-02-14,present
STU0429,BU301,2025-02-18,present
STU0429,BU301,2025-02-20,present
STU0429,BU301,2025-02-24,present
STU0429,BU101,2025-02-26,present
STU0429,BU201,2025-02-28,present
STU0429,BU301,2025-03-04,present
STU0429,BU201,2025-03-06,present
STU0429,BU401,2025-03-10,present
STU0429,BU301,2025-03-12,present
STU0429,BU301,2025-03-14,late
STU0429,BU301,2025-03-18,present
STU0429,BU201,2025-03-20,present
STU0429,BU401,2025-03-24,present
STU0429,BU301,2025-03-26,present
STU0429,BU201,2025-03-28,present
STU0429,BU201,2025-04-01,present
STU0429,BU101,2025-04-03,present
STU0429,BU301,2025-04-07,present
STU0429,BU401,2025-04-09,absent
STU0429,BU101,2025-04-11,present
STU0429,BU301,2025-04-15,present
STU0429,BU301,2025-04-17,late
STU0429,BU301,2025-04-21,present
STU0429,BU401,2025-04-23,present
STU0429,BU401,2025-04-25,present
STU0429,BU301,2025-04-29,present
STU0430,PH301,2025-01-01,present
STU0430,PH301,2025-01-03,present
STU0430,PH301,2025-01-07,present
STU0430,PH101,2025-01-09,present
STU0430,PH301,2025-01-13,present
STU0430,PH301,2025-01-15,present
STU0430,PH301,2025-01-17,present
STU0430,PH101,2025-01-21,present
STU0430,PH101,2025-01-23,present
STU0430,PH301,2025-01-27,present
STU0430,PH301,2025-01-29,present
STU0430,PH301,2025-01-31,present
STU0430,PH201,2025-02-04,present
STU0430,PH201,2025-02-06,present
STU0430,PH301,2025-02-10,present
STU0430,PH301,2025-02-12,present
STU0430,PH101,2025-02-14,present
STU0430,PH201,2025-02-18,present
STU0430,PH101,2025-02-20,present
STU0430,PH201,2025-02-24,present
STU0430,PH101,2025-02-26,present
STU0430,PH301,2025-02-28,present
STU0430,PH301,2025-03-04,present
STU0430,PH201,2025-03-06,present
STU0430,PH301,2025-03-10,present
STU0430,PH101,2025-03-12,present
STU0430,PH301,2025-03-14,present
STU0430,PH201,2025-03-18,absent
STU0430,PH101,2025-03-20,present
STU0430,PH201,2025-03-24,present
STU0430,PH301,2025-03-26,present
STU0430,PH301,2025-03-28,present
STU0430,PH101,2025-04-01,present
STU0430,PH201,2025-04-03,present
STU0430,PH301,2025-04-07,late
STU0430,PH301,2025-04-09,absent
STU0430,PH201,2025-04-11,present
STU0430,PH101,2025-04-15,present
STU0430,PH101,2025-04-17,present
STU0430,PH101,2025-04-21,present
STU0430,PH301,2025-04-23,present
STU0430,PH301,2025-04-25,present
STU0430,PH301,2025-04-29,present
STU0431,BU401,2025-01-01,absent
STU0431,BU201,2025-01-03,present
STU0431,BU301,2025-01-07,present
STU0431,BU301,2025-01-09,present
STU0431,BU301,2025-01-13,present
STU0431,BU201,2025-01-15,absent
STU0431,BU301,2025-01-17,late
STU0431,BU101,2025-01-21,present
STU0431,BU201,2025-01-23,present
STU0431,BU301,2025-01-27,present
STU0431,BU101,2025-01-29,present
STU0431,BU301,2025-01-31,present
STU0431,BU401,2025-02-04,absent
STU0431,BU401,2025-02-06,present
STU0431,BU101,2025-02-10,present
STU0431,BU401,2025-02-12,absent
STU0431,BU401,2025-02-14,present
STU0431,BU201,2025-02-18,present
STU0431,BU301,2025-02-20,present
STU0431,BU201,2025-02-24,present
STU0431,BU401,2025-02-26,present
STU0431,BU201,2025-02-28,present
STU0431,BU301,2025-03-04,absent
STU0431,BU401,2025-03-06,absent
STU0431,BU401,2025-03-10,absent
STU0431,BU101,2025-03-12,present
STU0431,BU101,2025-03-14,absent
STU0431,BU301,2025-03-18,present
STU0431,BU401,2025-03-20,present
STU0431,BU401,2025-03-24,present
STU0431,BU201,2025-03-26,present
STU0431,BU401,2025-03-28,present
STU0431,BU101,2025-04-01,present
STU0431,BU301,2025-04-03,late
STU0431,BU401,2025-04-07,present
STU0431,BU101,2025-04-09,absent
STU0431,BU401,2025-04-11,present
STU0431,BU201,2025-04-15,present
STU0431,BU101,2025-04-17,present
STU0431,BU401,2025-04-21,present
STU0431,BU201,2025-04-23,present
STU0431,BU401,2025-04-25,present
STU0431,BU401,2025-04-29,present
STU0432,PH101,2025-01-01,present
STU0432,PH101,2025-01-03,present
STU0432,PH301,2025-01-07,present
STU0432,PH301,2025-01-09,present
STU0432,PH301,2025-01-13,absent
STU0432,PH201,2025-01-15,present
STU0432,PH101,2025-01-17,present
STU0432,PH101,2025-01-21,present
STU0432,PH201,2025-01-23,late
STU0432,PH101,2025-01-27,present
STU0432,PH301,2025-01-29,present
STU0432,PH301,2025-01-31,present
STU0432,PH101,2025-02-04,present
STU0432,PH101,2025-02-06,present
STU0432,PH301,2025-02-10,present
STU0432,PH301,2025-02-12,present
STU0432,PH101,2025-02-14,present
STU0432,PH201,2025-02-18,absent
STU0432,PH201,2025-02-20,present
STU0432,PH201,2025-02-24,present
STU0432,PH301,2025-02-26,present
STU0432,PH101,2025-02-28,present
STU0432,PH201,2025-03-04,late
STU0432,PH101,2025-03-06,present
STU0432,PH201,2025-03-10,present
STU0432,PH301,2025-03-12,present
STU0432,PH301,2025-03-14,absent
STU0432,PH301,2025-03-18,present
STU0432,PH201,2025-03-20,present
STU0432,PH301,2025-03-24,present
STU0432,PH301,2025-03-26,present
STU0432,PH301,2025-03-28,present
STU0432,PH301,2025-04-01,absent
STU0432,PH301,2025-04-03,present
STU0432,PH301,2025-04-07,present
STU0432,PH301,2025-04-09,present
STU0432,PH301,2025-04-11,present
STU0432,PH201,2025-04-15,present
STU0432,PH201,2025-04-17,present
STU0432,PH201,2025-04-21,present
STU0432,PH101,2025-04-23,present
STU0432,PH301,2025-04-25,present
STU0432,PH101,2025-04-29,present
STU0433,EN301,2025-01-01,present
STU0433,EN101,2025-01-03,present
STU0433,EN101,2025-01-07,present
STU0433,EN201,2025-01-09,present
STU0433,EN201,2025-01-13,present
STU0433,EN301,2025-01-15,present
STU0433,EN301,2025-01-17,present
STU0433,EN301,2025-01-21,absent
STU0433,EN101,2025-01-23,absent
STU0433,EN101,2025-01-27,present
STU0433,EN201,2025-01-29,absent
STU0433,EN201,2025-01-31,present
STU0433,EN201,2025-02-04,absent
STU0433,EN301,2025-02-06,present
STU0433,EN301,2025-02-10,present
STU0433,EN201,2025-02-12,present
STU0433,EN201,2025-02-14,present
STU0433,EN101,2025-02-18,absent
STU0433,EN301,2025-02-20,absent
STU0433,EN201,2025-02-24,late
STU0433,EN101,2025-02-26,present
STU0433,EN201,2025-02-28,present
STU0433,EN201,2025-03-04,present
STU0433,EN101,2025-03-06,present
STU0433,EN301,2025-03-10,present
STU0433,EN201,2025-03-12,present
STU0433,EN301,2025-03-14,present
STU0433,EN301,2025-03-18,present
STU0433,EN301,2025-03-20,present
STU0433,EN201,2025-03-24,present
STU0433,EN201,2025-03-26,absent
STU0433,EN301,2025-03-28,present
STU0433,EN101,2025-04-01,late
STU0433,EN201,2025-04-03,present
STU0433,EN201,2025-04-07,late
STU0433,EN301,2025-04-09,present
STU0433,EN201,2025-04-11,present
STU0433,EN301,2025-04-15,present
STU0433,EN101,2025-04-17,absent
STU0433,EN101,2025-04-21,present
STU0433,EN201,2025-04-23,present
STU0433,EN101,2025-04-25,absent
STU0433,EN301,2025-04-29,present
STU0434,CS501,2025-01-01,present
STU0434,CS101,2025-01-03,present
STU0434,CS101,2025-01-07,present
STU0434,CS501,2025-01-09,present
STU0434,CS201,2025-01-13,present
STU0434,CS301,2025-01-15,late
STU0434,CS101,2025-01-17,present
STU0434,CS201,2025-01-21,present
STU0434,CS401,2025-01-23,present
STU0434,CS201,2025-01-27,late
STU0434,CS301,2025-01-29,present
STU0434,CS301,2025-01-31,absent
STU0434,CS301,2025-02-04,present
STU0434,CS201,2025-02-06,present
STU0434,CS301,2025-02-10,present
STU0434,CS401,2025-02-12,present
STU0434,CS101,2025-02-14,present
STU0434,CS101,2025-02-18,present
STU0434,CS301,2025-02-20,present
STU0434,CS301,2025-02-24,present
STU0434,CS501,2025-02-26,absent
STU0434,CS201,2025-02-28,absent
STU0434,CS201,2025-03-04,present
STU0434,CS101,2025-03-06,present
STU0434,CS501,2025-03-10,present
STU0434,CS101,2025-03-12,absent
STU0434,CS501,2025-03-14,present
STU0434,CS301,2025-03-18,present
STU0434,CS101,2025-03-20,present
STU0434,CS401,2025-03-24,present
STU0434,CS101,2025-03-26,present
STU0434,CS501,2025-03-28,present
STU0434,CS101,2025-04-01,present
STU0434,CS401,2025-04-03,late
STU0434,CS101,2025-04-07,present
STU0434,CS401,2025-04-09,present
STU0434,CS401,2025-04-11,present
STU0434,CS401,2025-04-15,absent
STU0434,CS401,2025-04-17,present
STU0434,CS501,2025-04-21,present
STU0434,CS201,2025-04-23,late
STU0434,CS101,2025-04-25,present
STU0434,CS201,2025-04-29,absent
STU0435,BU101,2025-01-01,present
STU0435,BU401,2025-01-03,present
STU0435,BU301,2025-01-07,present
STU0435,BU301,2025-01-09,present
STU0435,BU201,2025-01-13,present
STU0435,BU201,2025-01-15,late
STU0435,BU201,2025-01-17,late
STU0435,BU401,2025-01-21,late
STU0435,BU301,2025-01-23,present
STU0435,BU201,2025-01-27,late
STU0435,BU301,2025-01-29,present
STU0435,BU301,2025-01-31,absent
STU0435,BU101,2025-02-04,present
STU0435,BU201,2025-02-06,present
STU0435,BU301,2025-02-10,late
STU0435,BU201,2025-02-12,late
STU0435,BU201,2025-02-14,present
STU0435,BU201,2025-02-18,absent
STU0435,BU101,2025-02-20,present
STU0435,BU101,2025-02-24,present
STU0435,BU101,2025-02-26,present
STU0435,BU201,2025-02-28,present
STU0435,BU301,2025-03-04,present
STU0435,BU301,2025-03-06,present
STU0435,BU401,2025-03-10,present
STU0435,BU401,2025-03-12,present
STU0435,BU301,2025-03-14,present
STU0435,BU101,2025-03-18,present
STU0435,BU301,2025-03-20,present
STU0435,BU301,2025-03-24,present
STU0435,BU401,2025-03-26,present
STU0435,BU401,2025-03-28,present
STU0435,BU101,2025-04-01,present
STU0435,BU201,2025-04-03,present
STU0435,BU101,2025-04-07,absent
STU0435,BU401,2025-04-09,present
STU0435,BU101,2025-04-11,present
STU0435,BU301,2025-04-15,absent
STU0435,BU401,2025-04-17,present
STU0435,BU201,2025-04-21,absent
STU0435,BU301,2025-04-23,present
STU0435,BU201,2025-04-25,present
STU0435,BU201,2025-04-29,present
STU0436,MT101,2025-01-01,present
STU0436,MT101,2025-01-03,present
STU0436,MT301,2025-01-07,present
STU0436,MT201,2025-01-09,late
STU0436,MT301,2025-01-13,present
STU0436,MT301,2025-01-15,present
STU0436,MT301,2025-01-17,present
STU0436,MT401,2025-01-21,late
STU0436,MT201,2025-01-23,present
STU0436,MT401,2025-01-27,present
STU0436,MT401,2025-01-29,present
STU0436,MT201,2025-01-31,present
STU0436,MT401,2025-02-04,present
STU0436,MT401,2025-02-06,present
STU0436,MT201,2025-02-10,absent
STU0436,MT401,2025-02-12,absent
STU0436,MT301,2025-02-14,present
STU0436,MT301,2025-02-18,late
STU0436,MT301,2025-02-20,present
STU0436,MT101,2025-02-24,present
STU0436,MT101,2025-02-26,present
STU0436,MT401,2025-02-28,present
STU0436,MT201,2025-03-04,present
STU0436,MT201,2025-03-06,present
STU0436,MT401,2025-03-10,present
STU0436,MT401,2025-03-12,absent
STU0436,MT201,2025-03-14,absent
STU0436,MT201,2025-03-18,present
STU0436,MT101,2025-03-20,absent
STU0436,MT401,2025-03-24,present
STU0436,MT101,2025-03-26,absent
STU0436,MT301,2025-03-28,present
STU0436,MT201,2025-04-01,present
STU0436,MT301,2025-04-03,absent
STU0436,MT201,2025-04-07,present
STU0436,MT201,2025-04-09,present
STU0436,MT101,2025-04-11,present
STU0436,MT101,2025-04-15,present
STU0436,MT201,2025-04-17,late
STU0436,MT301,2025-04-21,present
STU0436,MT401,2025-04-23,absent
STU0436,MT301,2025-04-25,present
STU0436,MT201,2025-04-29,present
STU0437,MT301,2025-01-01,present
STU0437,MT101,2025-01-03,present
STU0437,MT401,2025-01-07,present
STU0437,MT401,2025-01-09,present
STU0437,MT201,2025-01-13,present
STU0437,MT101,2025-01-15,present
STU0437,MT201,2025-01-17,present
STU0437,MT401,2025-01-21,present
STU0437,MT201,2025-01-23,present
STU0437,MT101,2025-01-27,present
STU0437,MT101,2025-01-29,present
STU0437,MT201,2025-01-31,present
STU0437,MT101,2025-02-04,present
STU0437,MT201,2025-02-06,present
STU0437,MT201,2025-02-10,present
STU0437,MT201,2025-02-12,present
STU0437,MT101,2025-02-14,absent
STU0437,MT101,2025-02-18,present
STU0437,MT301,2025-02-20,present
STU0437,MT101,2025-02-24,present
STU0437,MT301,2025-02-26,present
STU0437,MT301,2025-02-28,present
STU0437,MT301,2025-03-04,present
STU0437,MT401,2025-03-06,present
STU0437,MT401,2025-03-10,present
STU0437,MT101,2025-03-12,present
STU0437,MT401,2025-03-14,present
STU0437,MT101,2025-03-18,present
STU0437,MT401,2025-03-20,present
STU0437,MT101,2025-03-24,present
STU0437,MT201,2025-03-26,present
STU0437,MT101,2025-03-28,present
STU0437,MT301,2025-04-01,present
STU0437,MT101,2025-04-03,present
STU0437,MT101,2025-04-07,present
STU0437,MT301,2025-04-09,present
STU0437,MT301,2025-04-11,absent
STU0437,MT401,2025-04-15,present
STU0437,MT101,2025-04-17,present
STU0437,MT101,2025-04-21,absent
STU0437,MT201,2025-04-23,late
STU0437,MT101,2025-04-25,present
STU0437,MT301,2025-04-29,present
STU0438,PH101,2025-01-01,present
STU0438,PH101,2025-01-03,present
STU0438,PH201,2025-01-07,late
STU0438,PH101,2025-01-09,present
STU0438,PH201,2025-01-13,present
STU0438,PH201,2025-01-15,present
STU0438,PH201,2025-01-17,absent
STU0438,PH101,2025-01-21,absent
STU0438,PH101,2025-01-23,late
STU0438,PH101,2025-01-27,present
STU0438,PH301,2025-01-29,absent
STU0438,PH101,2025-01-31,present
STU0438,PH101,2025-02-04,present
STU0438,PH201,2025-02-06,present
STU0438,PH201,2025-02-10,absent
STU0438,PH301,2025-02-12,late
STU0438,PH201,2025-02-14,present
STU0438,PH301,2025-02-18,present
STU0438,PH301,2025-02-20,absent
STU0438,PH301,2025-02-24,present
STU0438,PH301,2025-02-26,late
STU0438,PH301,2025-02-28,present
STU0438,PH301,2025-03-04,present
STU0438,PH101,2025-03-06,present
STU0438,PH301,2025-03-10,present
STU0438,PH101,2025-03-12,present
STU0438,PH301,2025-03-14,present
STU0438,PH201,2025-03-18,present
STU0438,PH301,2025-03-20,present
STU0438,PH301,2025-03-24,late
STU0438,PH101,2025-03-26,present
STU0438,PH301,2025-03-28,present
STU0438,PH201,2025-04-01,absent
STU0438,PH301,2025-04-03,present
STU0438,PH301,2025-04-07,present
STU0438,PH101,2025-04-09,present
STU0438,PH301,2025-04-11,absent
STU0438,PH101,2025-04-15,absent
STU0438,PH101,2025-04-17,present
STU0438,PH201,2025-04-21,absent
STU0438,PH201,2025-04-23,present
STU0438,PH101,2025-04-25,present
STU0438,PH201,2025-04-29,absent
STU0439,PH301,2025-01-01,present
STU0439,PH201,2025-01-03,absent
STU0439,PH201,2025-01-07,present
STU0439,PH301,2025-01-09,present
STU0439,PH301,2025-01-13,late
STU0439,PH101,2025-01-15,present
STU0439,PH101,2025-01-17,late
STU0439,PH201,2025-01-21,late
STU0439,PH301,2025-01-23,absent
STU0439,PH201,2025-01-27,present
STU0439,PH301,2025-01-29,present
STU0439,PH301,2025-01-31,absent
STU0439,PH101,2025-02-04,present
STU0439,PH201,2025-02-06,present
STU0439,PH101,2025-02-10,late
STU0439,PH301,2025-02-12,present
STU0439,PH101,2025-02-14,late
STU0439,PH101,2025-02-18,present
STU0439,PH201,2025-02-20,present
STU0439,PH301,2025-02-24,present
STU0439,PH101,2025-02-26,present
STU0439,PH101,2025-02-28,absent
STU0439,PH101,2025-03-04,present
STU0439,PH201,2025-03-06,late
STU0439,PH301,2025-03-10,present
STU0439,PH101,2025-03-12,present
STU0439,PH301,2025-03-14,present
STU0439,PH201,2025-03-18,present
STU0439,PH101,2025-03-20,present
STU0439,PH301,2025-03-24,present
STU0439,PH201,2025-03-26,present
STU0439,PH201,2025-03-28,present
STU0439,PH101,2025-04-01,present
STU0439,PH301,2025-04-03,absent
STU0439,PH201,2025-04-07,present
STU0439,PH201,2025-04-09,present
STU0439,PH301,2025-04-11,present
STU0439,PH101,2025-04-15,present
STU0439,PH301,2025-04-17,present
STU0439,PH201,2025-04-21,present
STU0439,PH301,2025-04-23,absent
STU0439,PH201,2025-04-25,absent
STU0439,PH101,2025-04-29,present
STU0440,BU201,2025-01-01,late
STU0440,BU101,2025-01-03,present
STU0440,BU101,2025-01-07,present
STU0440,BU401,2025-01-09,present
STU0440,BU101,2025-01-13,present
STU0440,BU101,2025-01-15,present
STU0440,BU301,2025-01-17,present
STU0440,BU201,2025-01-21,present
STU0440,BU301,2025-01-23,present
STU0440,BU201,2025-01-27,present
STU0440,BU101,2025-01-29,present
STU0440,BU301,2025-01-31,absent
STU0440,BU201,2025-02-04,present
STU0440,BU201,2025-02-06,present
STU0440,BU301,2025-02-10,present
STU0440,BU401,2025-02-12,present
STU0440,BU201,2025-02-14,present
STU0440,BU301,2025-02-18,present
STU0440,BU101,2025-02-20,present
STU0440,BU301,2025-02-24,present
STU0440,BU401,2025-02-26,present
STU0440,BU101,2025-02-28,present
STU0440,BU301,2025-03-04,present
STU0440,BU401,2025-03-06,present
STU0440,BU301,2025-03-10,present
STU0440,BU301,2025-03-12,absent
STU0440,BU301,2025-03-14,present
STU0440,BU301,2025-03-18,present
STU0440,BU101,2025-03-20,present
STU0440,BU401,2025-03-24,present
STU0440,BU201,2025-03-26,present
STU0440,BU201,2025-03-28,present
STU0440,BU301,2025-04-01,present
STU0440,BU101,2025-04-03,present
STU0440,BU301,2025-04-07,present
STU0440,BU401,2025-04-09,late
STU0440,BU301,2025-04-11,present
STU0440,BU101,2025-04-15,present
STU0440,BU101,2025-04-17,present
STU0440,BU201,2025-04-21,present
STU0440,BU301,2025-04-23,present
STU0440,BU201,2025-04-25,present
STU0440,BU101,2025-04-29,late
STU0441,MT101,2025-01-01,present
STU0441,MT201,2025-01-03,present
STU0441,MT101,2025-01-07,present
STU0441,MT401,2025-01-09,present
STU0441,MT401,2025-01-13,present
STU0441,MT401,2025-01-15,present
STU0441,MT401,2025-01-17,present
STU0441,MT101,2025-01-21,present
STU0441,MT301,2025-01-23,present
STU0441,MT201,2025-01-27,present
STU0441,MT101,2025-01-29,present
STU0441,MT301,2025-01-31,absent
STU0441,MT401,2025-02-04,present
STU0441,MT101,2025-02-06,present
STU0441,MT301,2025-02-10,present
STU0441,MT201,2025-02-12,absent
STU0441,MT301,2025-02-14,present
STU0441,MT201,2025-02-18,absent
STU0441,MT101,2025-02-20,present
STU0441,MT101,2025-02-24,present
STU0441,MT201,2025-02-26,present
STU0441,MT301,2025-02-28,present
STU0441,MT301,2025-03-04,present
STU0441,MT401,2025-03-06,late
STU0441,MT201,2025-03-10,present
STU0441,MT101,2025-03-12,late
STU0441,MT201,2025-03-14,present
STU0441,MT401,2025-03-18,present
STU0441,MT101,2025-03-20,present
STU0441,MT201,2025-03-24,present
STU0441,MT401,2025-03-26,late
STU0441,MT401,2025-03-28,present
STU0441,MT201,2025-04-01,absent
STU0441,MT101,2025-04-03,present
STU0441,MT201,2025-04-07,present
STU0441,MT101,2025-04-09,absent
STU0441,MT301,2025-04-11,present
STU0441,MT401,2025-04-15,absent
STU0441,MT301,2025-04-17,present
STU0441,MT301,2025-04-21,absent
STU0441,MT201,2025-04-23,present
STU0441,MT101,2025-04-25,present
STU0441,MT401,2025-04-29,present
STU0442,MT301,2025-01-01,present
STU0442,MT401,2025-01-03,present
STU0442,MT101,2025-01-07,present
STU0442,MT201,2025-01-09,present
STU0442,MT301,2025-01-13,present
STU0442,MT101,2025-01-15,present
STU0442,MT301,2025-01-17,present
STU0442,MT101,2025-01-21,present
STU0442,MT301,2025-01-23,present
STU0442,MT101,2025-01-27,present
STU0442,MT301,2025-01-29,present
STU0442,MT101,2025-01-31,present
STU0442,MT101,2025-02-04,absent
STU0442,MT101,2025-02-06,present
STU0442,MT201,2025-02-10,present
STU0442,MT401,2025-02-12,present
STU0442,MT101,2025-02-14,present
STU0442,MT401,2025-02-18,absent
STU0442,MT101,2025-02-20,absent
STU0442,MT101,2025-02-24,present
STU0442,MT101,2025-02-26,present
STU0442,MT301,2025-02-28,present
STU0442,MT301,2025-03-04,present
STU0442,MT301,2025-03-06,absent
STU0442,MT101,2025-03-10,present
STU0442,MT201,2025-03-12,present
STU0442,MT201,2025-03-14,present
STU0442,MT301,2025-03-18,present
STU0442,MT101,2025-03-20,present
STU0442,MT101,2025-03-24,absent
STU0442,MT301,2025-03-26,present
STU0442,MT301,2025-03-28,absent
STU0442,MT201,2025-04-01,present
STU0442,MT301,2025-04-03,present
STU0442,MT301,2025-04-07,present
STU0442,MT201,2025-04-09,present
STU0442,MT401,2025-04-11,absent
STU0442,MT201,2025-04-15,present
STU0442,MT301,2025-04-17,present
STU0442,MT301,2025-04-21,present
STU0442,MT401,2025-04-23,present
STU0442,MT101,2025-04-25,present
STU0442,MT301,2025-04-29,present
STU0443,PH201,2025-01-01,present
STU0443,PH101,2025-01-03,present
STU0443,PH101,2025-01-07,present
STU0443,PH301,2025-01-09,present
STU0443,PH301,2025-01-13,absent
STU0443,PH301,2025-01-15,present
STU0443,PH301,2025-01-17,present
STU0443,PH301,2025-01-21,present
STU0443,PH301,2025-01-23,present
STU0443,PH201,2025-01-27,present
STU0443,PH101,2025-01-29,present
STU0443,PH101,2025-01-31,present
STU0443,PH101,2025-02-04,present
STU0443,PH301,2025-02-06,present
STU0443,PH101,2025-02-10,present
STU0443,PH301,2025-02-12,absent
STU0443,PH101,2025-02-14,present
STU0443,PH101,2025-02-18,late
STU0443,PH201,2025-02-20,present
STU0443,PH101,2025-02-24,present
STU0443,PH301,2025-02-26,present
STU0443,PH201,2025-02-28,present
STU0443,PH101,2025-03-04,present
STU0443,PH201,2025-03-06,present
STU0443,PH201,2025-03-10,late
STU0443,PH101,2025-03-12,present
STU0443,PH101,2025-03-14,late
STU0443,PH101,2025-03-18,present
STU0443,PH201,2025-03-20,present
STU0443,PH301,2025-03-24,present
STU0443,PH101,2025-03-26,present
STU0443,PH101,2025-03-28,present
STU0443,PH201,2025-04-01,late
STU0443,PH301,2025-04-03,present
STU0443,PH101,2025-04-07,present
STU0443,PH301,2025-04-09,present
STU0443,PH201,2025-04-11,present
STU0443,PH301,2025-04-15,present
STU0443,PH201,2025-04-17,present
STU0443,PH101,2025-04-21,present
STU0443,PH301,2025-04-23,present
STU0443,PH201,2025-04-25,present
STU0443,PH101,2025-04-29,present
STU0444,EN101,2025-01-01,present
STU0444,EN101,2025-01-03,present
STU0444,EN201,2025-01-07,present
STU0444,EN201,2025-01-09,late
STU0444,EN301,2025-01-13,late
STU0444,EN301,2025-01-15,present
STU0444,EN201,2025-01-17,late
STU0444,EN301,2025-01-21,present
STU0444,EN101,2025-01-23,present
STU0444,EN301,2025-01-27,present
STU0444,EN301,2025-01-29,absent
STU0444,EN101,2025-01-31,present
STU0444,EN101,2025-02-04,absent
STU0444,EN101,2025-02-06,absent
STU0444,EN101,2025-02-10,present
STU0444,EN101,2025-02-12,present
STU0444,EN301,2025-02-14,present
STU0444,EN101,2025-02-18,present
STU0444,EN101,2025-02-20,present
STU0444,EN301,2025-02-24,present
STU0444,EN101,2025-02-26,present
STU0444,EN101,2025-02-28,present
STU0444,EN201,2025-03-04,present
STU0444,EN201,2025-03-06,present
STU0444,EN301,2025-03-10,present
STU0444,EN201,2025-03-12,present
STU0444,EN201,2025-03-14,present
STU0444,EN201,2025-03-18,late
STU0444,EN301,2025-03-20,present
STU0444,EN201,2025-03-24,present
STU0444,EN301,2025-03-26,absent
STU0444,EN201,2025-03-28,present
STU0444,EN101,2025-04-01,present
STU0444,EN101,2025-04-03,present
STU0444,EN101,2025-04-07,absent
STU0444,EN301,2025-04-09,absent
STU0444,EN301,2025-04-11,present
STU0444,EN301,2025-04-15,present
STU0444,EN101,2025-04-17,absent
STU0444,EN201,2025-04-21,absent
STU0444,EN301,2025-04-23,present
STU0444,EN201,2025-04-25,present
STU0444,EN101,2025-04-29,absent
STU0445,PH201,2025-01-01,present
STU0445,PH101,2025-01-03,present
STU0445,PH201,2025-01-07,present
STU0445,PH201,2025-01-09,present
STU0445,PH201,2025-01-13,present
STU0445,PH101,2025-01-15,present
STU0445,PH101,2025-01-17,present
STU0445,PH301,2025-01-21,present
STU0445,PH101,2025-01-23,absent
STU0445,PH301,2025-01-27,present
STU0445,PH201,2025-01-29,present
STU0445,PH201,2025-01-31,present
STU0445,PH301,2025-02-04,present
STU0445,PH301,2025-02-06,present
STU0445,PH301,2025-02-10,present
STU0445,PH101,2025-02-12,present
STU0445,PH201,2025-02-14,late
STU0445,PH101,2025-02-18,present
STU0445,PH301,2025-02-20,present
STU0445,PH301,2025-02-24,present
STU0445,PH301,2025-02-26,present
STU0445,PH301,2025-02-28,present
STU0445,PH301,2025-03-04,present
STU0445,PH101,2025-03-06,present
STU0445,PH201,2025-03-10,present
STU0445,PH301,2025-03-12,present
STU0445,PH301,2025-03-14,present
STU0445,PH201,2025-03-18,absent
STU0445,PH101,2025-03-20,present
STU0445,PH301,2025-03-24,present
STU0445,PH301,2025-03-26,present
STU0445,PH201,2025-03-28,late
STU0445,PH101,2025-04-01,present
STU0445,PH301,2025-04-03,present
STU0445,PH301,2025-04-07,absent
STU0445,PH101,2025-04-09,present
STU0445,PH201,2025-04-11,late
STU0445,PH301,2025-04-15,present
STU0445,PH101,2025-04-17,present
STU0445,PH201,2025-04-21,present
STU0445,PH101,2025-04-23,present
STU0445,PH201,2025-04-25,present
STU0445,PH201,2025-04-29,present
STU0446,MT401,2025-01-01,present
STU0446,MT201,2025-01-03,present
STU0446,MT101,2025-01-07,present
STU0446,MT101,2025-01-09,late
STU0446,MT401,2025-01-13,absent
STU0446,MT201,2025-01-15,late
STU0446,MT401,2025-01-17,absent
STU0446,MT301,2025-01-21,present
STU0446,MT101,2025-01-23,present
STU0446,MT101,2025-01-27,present
STU0446,MT301,2025-01-29,present
STU0446,MT101,2025-01-31,present
STU0446,MT301,2025-02-04,absent
STU0446,MT401,2025-02-06,present
STU0446,MT101,2025-02-10,late
STU0446,MT301,2025-02-12,present
STU0446,MT301,2025-02-14,absent
STU0446,MT301,2025-02-18,present
STU0446,MT101,2025-02-20,present
STU0446,MT301,2025-02-24,late
STU0446,MT301,2025-02-26,present
STU0446,MT301,2025-02-28,present
STU0446,MT201,2025-03-04,present
STU0446,MT401,2025-03-06,present
STU0446,MT301,2025-03-10,present
STU0446,MT201,2025-03-12,present
STU0446,MT301,2025-03-14,present
STU0446,MT201,2025-03-18,present
STU0446,MT201,2025-03-20,present
STU0446,MT101,2025-03-24,absent
STU0446,MT401,2025-03-26,absent
STU0446,MT201,2025-03-28,present
STU0446,MT201,2025-04-01,present
STU0446,MT301,2025-04-03,present
STU0446,MT201,2025-04-07,absent
STU0446,MT301,2025-04-09,absent
STU0446,MT401,2025-04-11,absent
STU0446,MT201,2025-04-15,present
STU0446,MT101,2025-04-17,present
STU0446,MT201,2025-04-21,present
STU0446,MT101,2025-04-23,present
STU0446,MT201,2025-04-25,present
STU0446,MT101,2025-04-29,present
STU0447,EN301,2025-01-01,absent
STU0447,EN201,2025-01-03,present
STU0447,EN101,2025-01-07,absent
STU0447,EN201,2025-01-09,present
STU0447,EN201,2025-01-13,late
STU0447,EN101,2025-01-15,late
STU0447,EN301,2025-01-17,late
STU0447,EN301,2025-01-21,absent
STU0447,EN101,2025-01-23,absent
STU0447,EN301,2025-01-27,present
STU0447,EN201,2025-01-29,present
STU0447,EN101,2025-01-31,absent
STU0447,EN101,2025-02-04,absent
STU0447,EN201,2025-02-06,late
STU0447,EN301,2025-02-10,present
STU0447,EN201,2025-02-12,present
STU0447,EN201,2025-02-14,absent
STU0447,EN301,2025-02-18,late
STU0447,EN101,2025-02-20,present
STU0447,EN101,2025-02-24,present
STU0447,EN101,2025-02-26,present
STU0447,EN201,2025-02-28,present
STU0447,EN201,2025-03-04,present
STU0447,EN201,2025-03-06,present
STU0447,EN101,2025-03-10,absent
STU0447,EN301,2025-03-12,present
STU0447,EN201,2025-03-14,present
STU0447,EN101,2025-03-18,absent
STU0447,EN101,2025-03-20,late
STU0447,EN101,2025-03-24,late
STU0447,EN101,2025-03-26,present
STU0447,EN101,2025-03-28,late
STU0447,EN201,2025-04-01,present
STU0447,EN101,2025-04-03,absent
STU0447,EN101,2025-04-07,present
STU0447,EN101,2025-04-09,present
STU0447,EN101,2025-04-11,present
STU0447,EN101,2025-04-15,present
STU0447,EN101,2025-04-17,absent
STU0447,EN101,2025-04-21,present
STU0447,EN101,2025-04-23,present
STU0447,EN201,2025-04-25,present
STU0447,EN201,2025-04-29,present
STU0448,CS301,2025-01-01,late
STU0448,CS301,2025-01-03,present
STU0448,CS201,2025-01-07,late
STU0448,CS101,2025-01-09,present
STU0448,CS301,2025-01-13,present
STU0448,CS201,2025-01-15,present
STU0448,CS401,2025-01-17,present
STU0448,CS401,2025-01-21,present
STU0448,CS501,2025-01-23,present
STU0448,CS101,2025-01-27,present
STU0448,CS301,2025-01-29,present
STU0448,CS301,2025-01-31,present
STU0448,CS501,2025-02-04,present
STU0448,CS201,2025-02-06,present
STU0448,CS201,2025-02-10,present
STU0448,CS401,2025-02-12,present
STU0448,CS401,2025-02-14,present
STU0448,CS101,2025-02-18,absent
STU0448,CS201,2025-02-20,absent
STU0448,CS401,2025-02-24,present
STU0448,CS101,2025-02-26,present
STU0448,CS301,2025-02-28,present
STU0448,CS501,2025-03-04,present
STU0448,CS401,2025-03-06,late
STU0448,CS401,2025-03-10,late
STU0448,CS501,2025-03-12,present
STU0448,CS401,2025-03-14,present
STU0448,CS501,2025-03-18,absent
STU0448,CS501,2025-03-20,present
STU0448,CS501,2025-03-24,present
STU0448,CS401,2025-03-26,present
STU0448,CS201,2025-03-28,present
STU0448,CS301,2025-04-01,present
STU0448,CS401,2025-04-03,present
STU0448,CS501,2025-04-07,present
STU0448,CS401,2025-04-09,present
STU0448,CS301,2025-04-11,present
STU0448,CS101,2025-04-15,present
STU0448,CS101,2025-04-17,present
STU0448,CS201,2025-04-21,present
STU0448,CS301,2025-04-23,late
STU0448,CS101,2025-04-25,present
STU0448,CS401,2025-04-29,present
STU0449,CS401,2025-01-01,late
STU0449,CS301,2025-01-03,absent
STU0449,CS501,2025-01-07,present
STU0449,CS501,2025-01-09,absent
STU0449,CS401,2025-01-13,present
STU0449,CS401,2025-01-15,absent
STU0449,CS201,2025-01-17,present
STU0449,CS401,2025-01-21,late
STU0449,CS401,2025-01-23,present
STU0449,CS201,2025-01-27,present
STU0449,CS201,2025-01-29,present
STU0449,CS501,2025-01-31,present
STU0449,CS401,2025-02-04,late
STU0449,CS501,2025-02-06,present
STU0449,CS101,2025-02-10,present
STU0449,CS101,2025-02-12,present
STU0449,CS401,2025-02-14,present
STU0449,CS101,2025-02-18,late
STU0449,CS101,2025-02-20,present
STU0449,CS501,2025-02-24,present
STU0449,CS301,2025-02-26,absent
STU0449,CS401,2025-02-28,absent
STU0449,CS301,2025-03-04,present
STU0449,CS101,2025-03-06,present
STU0449,CS301,2025-03-10,absent
STU0449,CS201,2025-03-12,absent
STU0449,CS201,2025-03-14,absent
STU0449,CS101,2025-03-18,late
STU0449,CS101,2025-03-20,absent
STU0449,CS101,2025-03-24,absent
STU0449,CS201,2025-03-26,late
STU0449,CS401,2025-03-28,present
STU0449,CS101,2025-04-01,present
STU0449,CS301,2025-04-03,present
STU0449,CS201,2025-04-07,present
STU0449,CS201,2025-04-09,absent
STU0449,CS301,2025-04-11,absent
STU0449,CS501,2025-04-15,absent
STU0449,CS201,2025-04-17,late
STU0449,CS201,2025-04-21,present
STU0449,CS201,2025-04-23,absent
STU0449,CS201,2025-04-25,present
STU0449,CS501,2025-04-29,present
STU0450,PH101,2025-01-01,present
STU0450,PH201,2025-01-03,absent
STU0450,PH101,2025-01-07,present
STU0450,PH101,2025-01-09,absent
STU0450,PH101,2025-01-13,present
STU0450,PH201,2025-01-15,present
STU0450,PH101,2025-01-17,present
STU0450,PH201,2025-01-21,present
STU0450,PH201,2025-01-23,late
STU0450,PH301,2025-01-27,present
STU0450,PH301,2025-01-29,late
STU0450,PH301,2025-01-31,late
STU0450,PH201,2025-02-04,late
STU0450,PH201,2025-02-06,present
STU0450,PH301,2025-02-10,late
STU0450,PH201,2025-02-12,present
STU0450,PH201,2025-02-14,present
STU0450,PH301,2025-02-18,present
STU0450,PH201,2025-02-20,late
STU0450,PH101,2025-02-24,present
STU0450,PH201,2025-02-26,present
STU0450,PH101,2025-02-28,present
STU0450,PH101,2025-03-04,present
STU0450,PH301,2025-03-06,present
STU0450,PH301,2025-03-10,absent
STU0450,PH301,2025-03-12,present
STU0450,PH301,2025-03-14,absent
STU0450,PH201,2025-03-18,present
STU0450,PH101,2025-03-20,late
STU0450,PH101,2025-03-24,present
STU0450,PH101,2025-03-26,present
STU0450,PH201,2025-03-28,present
STU0450,PH201,2025-04-01,present
STU0450,PH301,2025-04-03,absent
STU0450,PH201,2025-04-07,present
STU0450,PH101,2025-04-09,present
STU0450,PH101,2025-04-11,present
STU0450,PH301,2025-04-15,present
STU0450,PH101,2025-04-17,present
STU0450,PH101,2025-04-21,present
STU0450,PH201,2025-04-23,present
STU0450,PH101,2025-04-25,present
STU0450,PH201,2025-04-29,late
STU0451,BU301,2025-01-01,present
STU0451,BU401,2025-01-03,present
STU0451,BU101,2025-01-07,present
STU0451,BU201,2025-01-09,present
STU0451,BU401,2025-01-13,absent
STU0451,BU301,2025-01-15,absent
STU0451,BU201,2025-01-17,present
STU0451,BU201,2025-01-21,absent
STU0451,BU401,2025-01-23,present
STU0451,BU201,2025-01-27,present
STU0451,BU301,2025-01-29,present
STU0451,BU301,2025-01-31,absent
STU0451,BU301,2025-02-04,present
STU0451,BU401,2025-02-06,present
STU0451,BU201,2025-02-10,present
STU0451,BU401,2025-02-12,present
STU0451,BU101,2025-02-14,late
STU0451,BU301,2025-02-18,present
STU0451,BU401,2025-02-20,present
STU0451,BU401,2025-02-24,present
STU0451,BU301,2025-02-26,present
STU0451,BU101,2025-02-28,present
STU0451,BU101,2025-03-04,present
STU0451,BU301,2025-03-06,present
STU0451,BU401,2025-03-10,present
STU0451,BU101,2025-03-12,present
STU0451,BU101,2025-03-14,present
STU0451,BU401,2025-03-18,present
STU0451,BU301,2025-03-20,present
STU0451,BU301,2025-03-24,present
STU0451,BU301,2025-03-26,present
STU0451,BU101,2025-03-28,present
STU0451,BU101,2025-04-01,absent
STU0451,BU201,2025-04-03,present
STU0451,BU401,2025-04-07,absent
STU0451,BU301,2025-04-09,absent
STU0451,BU301,2025-04-11,present
STU0451,BU201,2025-04-15,present
STU0451,BU301,2025-04-17,present
STU0451,BU301,2025-04-21,present
STU0451,BU201,2025-04-23,absent
STU0451,BU401,2025-04-25,absent
STU0451,BU201,2025-04-29,present
STU0452,CS401,2025-01-01,present
STU0452,CS401,2025-01-03,late
STU0452,CS401,2025-01-07,present
STU0452,CS101,2025-01-09,present
STU0452,CS301,2025-01-13,present
STU0452,CS301,2025-01-15,present
STU0452,CS501,2025-01-17,present
STU0452,CS401,2025-01-21,present
STU0452,CS401,2025-01-23,present
STU0452,CS101,2025-01-27,present
STU0452,CS101,2025-01-29,present
STU0452,CS501,2025-01-31,present
STU0452,CS501,2025-02-04,present
STU0452,CS101,2025-02-06,present
STU0452,CS401,2025-02-10,present
STU0452,CS101,2025-02-12,present
STU0452,CS501,2025-02-14,present
STU0452,CS201,2025-02-18,present
STU0452,CS401,2025-02-20,present
STU0452,CS401,2025-02-24,present
STU0452,CS201,2025-02-26,present
STU0452,CS301,2025-02-28,present
STU0452,CS401,2025-03-04,present
STU0452,CS401,2025-03-06,present
STU0452,CS301,2025-03-10,absent
STU0452,CS501,2025-03-12,present
STU0452,CS401,2025-03-14,present
STU0452,CS401,2025-03-18,absent
STU0452,CS501,2025-03-20,present
STU0452,CS301,2025-03-24,absent
STU0452,CS301,2025-03-26,present
STU0452,CS201,2025-03-28,present
STU0452,CS401,2025-04-01,present
STU0452,CS201,2025-04-03,present
STU0452,CS201,2025-04-07,present
STU0452,CS101,2025-04-09,present
STU0452,CS501,2025-04-11,present
STU0452,CS501,2025-04-15,absent
STU0452,CS101,2025-04-17,present
STU0452,CS301,2025-04-21,present
STU0452,CS401,2025-04-23,present
STU0452,CS401,2025-04-25,present
STU0452,CS301,2025-04-29,present
STU0453,CS301,2025-01-01,present
STU0453,CS101,2025-01-03,present
STU0453,CS201,2025-01-07,absent
STU0453,CS301,2025-01-09,absent
STU0453,CS301,2025-01-13,present
STU0453,CS301,2025-01-15,present
STU0453,CS301,2025-01-17,present
STU0453,CS401,2025-01-21,present
STU0453,CS501,2025-01-23,present
STU0453,CS401,2025-01-27,present
STU0453,CS101,2025-01-29,late
STU0453,CS401,2025-01-31,present
STU0453,CS501,2025-02-04,present
STU0453,CS101,2025-02-06,present
STU0453,CS401,2025-02-10,present
STU0453,CS401,2025-02-12,present
STU0453,CS101,2025-02-14,present
STU0453,CS301,2025-02-18,present
STU0453,CS301,2025-02-20,present
STU0453,CS301,2025-02-24,present
STU0453,CS201,2025-02-26,present
STU0453,CS101,2025-02-28,present
STU0453,CS101,2025-03-04,present
STU0453,CS101,2025-03-06,present
STU0453,CS401,2025-03-10,present
STU0453,CS201,2025-03-12,absent
STU0453,CS101,2025-03-14,absent
STU0453,CS301,2025-03-18,present
STU0453,CS101,2025-03-20,absent
STU0453,CS201,2025-03-24,present
STU0453,CS401,2025-03-26,absent
STU0453,CS201,2025-03-28,present
STU0453,CS301,2025-04-01,present
STU0453,CS501,2025-04-03,present
STU0453,CS201,2025-04-07,present
STU0453,CS101,2025-04-09,late
STU0453,CS201,2025-04-11,present
STU0453,CS501,2025-04-15,present
STU0453,CS501,2025-04-17,present
STU0453,CS301,2025-04-21,present
STU0453,CS401,2025-04-23,present
STU0453,CS401,2025-04-25,present
STU0453,CS201,2025-04-29,present
STU0454,MT301,2025-01-01,absent
STU0454,MT101,2025-01-03,present
STU0454,MT301,2025-01-07,present
STU0454,MT301,2025-01-09,present
STU0454,MT301,2025-01-13,late
STU0454,MT201,2025-01-15,present
STU0454,MT301,2025-01-17,present
STU0454,MT101,2025-01-21,late
STU0454,MT401,2025-01-23,present
STU0454,MT401,2025-01-27,present
STU0454,MT301,2025-01-29,present
STU0454,MT301,2025-01-31,absent
STU0454,MT401,2025-02-04,late
STU0454,MT301,2025-02-06,absent
STU0454,MT201,2025-02-10,present
STU0454,MT401,2025-02-12,present
STU0454,MT301,2025-02-14,present
STU0454,MT201,2025-02-18,absent
STU0454,MT301,2025-02-20,absent
STU0454,MT201,2025-02-24,present
STU0454,MT401,2025-02-26,present
STU0454,MT301,2025-02-28,present
STU0454,MT201,2025-03-04,present
STU0454,MT201,2025-03-06,present
STU0454,MT201,2025-03-10,present
STU0454,MT101,2025-03-12,present
STU0454,MT201,2025-03-14,present
STU0454,MT201,2025-03-18,absent
STU0454,MT101,2025-03-20,absent
STU0454,MT301,2025-03-24,late
STU0454,MT101,2025-03-26,present
STU0454,MT101,2025-03-28,present
STU0454,MT401,2025-04-01,present
STU0454,MT301,2025-04-03,late
STU0454,MT401,2025-04-07,present
STU0454,MT101,2025-04-09,present
STU0454,MT401,2025-04-11,present
STU0454,MT201,2025-04-15,absent
STU0454,MT401,2025-04-17,present
STU0454,MT301,2025-04-21,present
STU0454,MT201,2025-04-23,present
STU0454,MT101,2025-04-25,absent
STU0454,MT101,2025-04-29,present
STU0455,PH301,2025-01-01,present
STU0455,PH201,2025-01-03,present
STU0455,PH301,2025-01-07,present
STU0455,PH201,2025-01-09,present
STU0455,PH201,2025-01-13,present
STU0455,PH101,2025-01-15,present
STU0455,PH301,2025-01-17,late
STU0455,PH201,2025-01-21,present
STU0455,PH201,2025-01-23,absent
STU0455,PH101,2025-01-27,present
STU0455,PH201,2025-01-29,present
STU0455,PH101,2025-01-31,absent
STU0455,PH201,2025-02-04,present
STU0455,PH101,2025-02-06,present
STU0455,PH101,2025-02-10,present
STU0455,PH301,2025-02-12,absent
STU0455,PH101,2025-02-14,present
STU0455,PH101,2025-02-18,present
STU0455,PH101,2025-02-20,late
STU0455,PH301,2025-02-24,present
STU0455,PH301,2025-02-26,present
STU0455,PH201,2025-02-28,present
STU0455,PH201,2025-03-04,late
STU0455,PH301,2025-03-06,present
STU0455,PH301,2025-03-10,present
STU0455,PH101,2025-03-12,present
STU0455,PH101,2025-03-14,absent
STU0455,PH101,2025-03-18,absent
STU0455,PH201,2025-03-20,present
STU0455,PH301,2025-03-24,present
STU0455,PH101,2025-03-26,absent
STU0455,PH201,2025-03-28,present
STU0455,PH301,2025-04-01,late
STU0455,PH201,2025-04-03,present
STU0455,PH101,2025-04-07,present
STU0455,PH201,2025-04-09,present
STU0455,PH301,2025-04-11,absent
STU0455,PH201,2025-04-15,present
STU0455,PH301,2025-04-17,present
STU0455,PH101,2025-04-21,present
STU0455,PH301,2025-04-23,present
STU0455,PH301,2025-04-25,present
STU0455,PH201,2025-04-29,present
STU0456,BU301,2025-01-01,absent
STU0456,BU301,2025-01-03,present
STU0456,BU301,2025-01-07,present
STU0456,BU201,2025-01-09,present
STU0456,BU201,2025-01-13,present
STU0456,BU401,2025-01-15,present
STU0456,BU301,2025-01-17,late
STU0456,BU301,2025-01-21,absent
STU0456,BU101,2025-01-23,present
STU0456,BU101,2025-01-27,absent
STU0456,BU101,2025-01-29,present
STU0456,BU101,2025-01-31,present
STU0456,BU201,2025-02-04,present
STU0456,BU101,2025-02-06,present
STU0456,BU401,2025-02-10,present
STU0456,BU401,2025-02-12,present
STU0456,BU401,2025-02-14,present
STU0456,BU101,2025-02-18,absent
STU0456,BU301,2025-02-20,present
STU0456,BU101,2025-02-24,present
STU0456,BU401,2025-02-26,absent
STU0456,BU201,2025-02-28,absent
STU0456,BU201,2025-03-04,absent
STU0456,BU201,2025-03-06,present
STU0456,BU101,2025-03-10,absent
STU0456,BU301,2025-03-12,absent
STU0456,BU101,2025-03-14,present
STU0456,BU401,2025-03-18,present
STU0456,BU301,2025-03-20,present
STU0456,BU101,2025-03-24,present
STU0456,BU401,2025-03-26,present
STU0456,BU401,2025-03-28,late
STU0456,BU201,2025-04-01,present
STU0456,BU401,2025-04-03,absent
STU0456,BU101,2025-04-07,present
STU0456,BU301,2025-04-09,present
STU0456,BU401,2025-04-11,present
STU0456,BU301,2025-04-15,present
STU0456,BU201,2025-04-17,present
STU0456,BU101,2025-04-21,late
STU0456,BU301,2025-04-23,present
STU0456,BU201,2025-04-25,absent
STU0456,BU301,2025-04-29,present
STU0457,CS201,2025-01-01,present
STU0457,CS201,2025-01-03,present
STU0457,CS101,2025-01-07,present
STU0457,CS401,2025-01-09,present
STU0457,CS101,2025-01-13,present
STU0457,CS301,2025-01-15,present
STU0457,CS201,2025-01-17,absent
STU0457,CS101,2025-01-21,present
STU0457,CS101,2025-01-23,present
STU0457,CS401,2025-01-27,present
STU0457,CS401,2025-01-29,absent
STU0457,CS201,2025-01-31,absent
STU0457,CS201,2025-02-04,absent
STU0457,CS201,2025-02-06,present
STU0457,CS501,2025-02-10,present
STU0457,CS401,2025-02-12,absent
STU0457,CS301,2025-02-14,present
STU0457,CS501,2025-02-18,present
STU0457,CS501,2025-02-20,present
STU0457,CS301,2025-02-24,present
STU0457,CS501,2025-02-26,present
STU0457,CS501,2025-02-28,present
STU0457,CS201,2025-03-04,present
STU0457,CS401,2025-03-06,present
STU0457,CS401,2025-03-10,absent
STU0457,CS301,2025-03-12,present
STU0457,CS201,2025-03-14,present
STU0457,CS501,2025-03-18,present
STU0457,CS401,2025-03-20,present
STU0457,CS101,2025-03-24,present
STU0457,CS101,2025-03-26,present
STU0457,CS401,2025-03-28,present
STU0457,CS401,2025-04-01,present
STU0457,CS401,2025-04-03,absent
STU0457,CS501,2025-04-07,present
STU0457,CS401,2025-04-09,present
STU0457,CS201,2025-04-11,present
STU0457,CS501,2025-04-15,late
STU0457,CS501,2025-04-17,present
STU0457,CS101,2025-04-21,absent
STU0457,CS101,2025-04-23,present
STU0457,CS101,2025-04-25,present
STU0457,CS101,2025-04-29,present
STU0458,CS201,2025-01-01,present
STU0458,CS101,2025-01-03,absent
STU0458,CS301,2025-01-07,present
STU0458,CS201,2025-01-09,present
STU0458,CS501,2025-01-13,absent
STU0458,CS201,2025-01-15,present
STU0458,CS201,2025-01-17,absent
STU0458,CS501,2025-01-21,absent
STU0458,CS201,2025-01-23,present
STU0458,CS301,2025-01-27,late
STU0458,CS201,2025-01-29,present
STU0458,CS201,2025-01-31,present
STU0458,CS201,2025-02-04,present
STU0458,CS401,2025-02-06,present
STU0458,CS401,2025-02-10,present
STU0458,CS301,2025-02-12,present
STU0458,CS101,2025-02-14,present
STU0458,CS301,2025-02-18,present
STU0458,CS301,2025-02-20,absent
STU0458,CS501,2025-02-24,absent
STU0458,CS101,2025-02-26,absent
STU0458,CS401,2025-02-28,present
STU0458,CS201,2025-03-04,present
STU0458,CS201,2025-03-06,present
STU0458,CS301,2025-03-10,present
STU0458,CS301,2025-03-12,absent
STU0458,CS501,2025-03-14,present
STU0458,CS501,2025-03-18,present
STU0458,CS401,2025-03-20,late
STU0458,CS501,2025-03-24,absent
STU0458,CS301,2025-03-26,present
STU0458,CS401,2025-03-28,present
STU0458,CS101,2025-04-01,late
STU0458,CS301,2025-04-03,present
STU0458,CS101,2025-04-07,present
STU0458,CS201,2025-04-09,present
STU0458,CS401,2025-04-11,present
STU0458,CS101,2025-04-15,absent
STU0458,CS401,2025-04-17,present
STU0458,CS301,2025-04-21,present
STU0458,CS301,2025-04-23,present
STU0458,CS301,2025-04-25,present
STU0458,CS201,2025-04-29,present
STU0459,EN201,2025-01-01,present
STU0459,EN301,2025-01-03,present
STU0459,EN101,2025-01-07,present
STU0459,EN101,2025-01-09,present
STU0459,EN301,2025-01-13,present
STU0459,EN301,2025-01-15,present
STU0459,EN301,2025-01-17,present
STU0459,EN201,2025-01-21,present
STU0459,EN101,2025-01-23,present
STU0459,EN101,2025-01-27,present
STU0459,EN101,2025-01-29,late
STU0459,EN201,2025-01-31,present
STU0459,EN301,2025-02-04,present
STU0459,EN201,2025-02-06,present
STU0459,EN101,2025-02-10,present
STU0459,EN301,2025-02-12,present
STU0459,EN201,2025-02-14,present
STU0459,EN301,2025-02-18,present
STU0459,EN301,2025-02-20,present
STU0459,EN101,2025-02-24,present
STU0459,EN201,2025-02-26,present
STU0459,EN201,2025-02-28,present
STU0459,EN301,2025-03-04,present
STU0459,EN201,2025-03-06,present
STU0459,EN101,2025-03-10,absent
STU0459,EN101,2025-03-12,present
STU0459,EN101,2025-03-14,present
STU0459,EN301,2025-03-18,present
STU0459,EN201,2025-03-20,present
STU0459,EN301,2025-03-24,present
STU0459,EN301,2025-03-26,present
STU0459,EN301,2025-03-28,present
STU0459,EN201,2025-04-01,present
STU0459,EN201,2025-04-03,present
STU0459,EN201,2025-04-07,present
STU0459,EN101,2025-04-09,present
STU0459,EN301,2025-04-11,present
STU0459,EN301,2025-04-15,present
STU0459,EN101,2025-04-17,present
STU0459,EN201,2025-04-21,present
STU0459,EN101,2025-04-23,present
STU0459,EN201,2025-04-25,present
STU0459,EN201,2025-04-29,present
STU0460,MT101,2025-01-01,absent
STU0460,MT201,2025-01-03,absent
STU0460,MT401,2025-01-07,present
STU0460,MT401,2025-01-09,present
STU0460,MT101,2025-01-13,present
STU0460,MT301,2025-01-15,present
STU0460,MT101,2025-01-17,present
STU0460,MT201,2025-01-21,absent
STU0460,MT301,2025-01-23,absent
STU0460,MT401,2025-01-27,late
STU0460,MT201,2025-01-29,absent
STU0460,MT201,2025-01-31,late
STU0460,MT401,2025-02-04,present
STU0460,MT201,2025-02-06,late
STU0460,MT301,2025-02-10,present
STU0460,MT401,2025-02-12,present
STU0460,MT301,2025-02-14,present
STU0460,MT301,2025-02-18,late
STU0460,MT401,2025-02-20,present
STU0460,MT101,2025-02-24,present
STU0460,MT301,2025-02-26,present
STU0460,MT301,2025-02-28,present
STU0460,MT101,2025-03-04,present
STU0460,MT101,2025-03-06,absent
STU0460,MT101,2025-03-10,late
STU0460,MT401,2025-03-12,absent
STU0460,MT301,2025-03-14,present
STU0460,MT401,2025-03-18,present
STU0460,MT201,2025-03-20,present
STU0460,MT201,2025-03-24,present
STU0460,MT201,2025-03-26,present
STU0460,MT401,2025-03-28,absent
STU0460,MT401,2025-04-01,present
STU0460,MT101,2025-04-03,absent
STU0460,MT101,2025-04-07,late
STU0460,MT101,2025-04-09,present
STU0460,MT401,2025-04-11,late
STU0460,MT301,2025-04-15,absent
STU0460,MT101,2025-04-17,present
STU0460,MT201,2025-04-21,present
STU0460,MT301,2025-04-23,present
STU0460,MT201,2025-04-25,present
STU0460,MT401,2025-04-29,present
STU0461,EN101,2025-01-01,present
STU0461,EN301,2025-01-03,present
STU0461,EN101,2025-01-07,present
STU0461,EN201,2025-01-09,present
STU0461,EN301,2025-01-13,present
STU0461,EN201,2025-01-15,present
STU0461,EN101,2025-01-17,present
STU0461,EN101,2025-01-21,present
STU0461,EN101,2025-01-23,absent
STU0461,EN301,2025-01-27,present
STU0461,EN101,2025-01-29,present
STU0461,EN201,2025-01-31,present
STU0461,EN101,2025-02-04,present
STU0461,EN301,2025-02-06,present
STU0461,EN201,2025-02-10,present
STU0461,EN101,2025-02-12,present
STU0461,EN301,2025-02-14,present
STU0461,EN201,2025-02-18,present
STU0461,EN201,2025-02-20,present
STU0461,EN201,2025-02-24,present
STU0461,EN201,2025-02-26,absent
STU0461,EN101,2025-02-28,present
STU0461,EN201,2025-03-04,present
STU0461,EN201,2025-03-06,present
STU0461,EN201,2025-03-10,present
STU0461,EN301,2025-03-12,present
STU0461,EN201,2025-03-14,present
STU0461,EN101,2025-03-18,present
STU0461,EN101,2025-03-20,present
STU0461,EN301,2025-03-24,present
STU0461,EN201,2025-03-26,present
STU0461,EN201,2025-03-28,late
STU0461,EN301,2025-04-01,absent
STU0461,EN301,2025-04-03,present
STU0461,EN101,2025-04-07,present
STU0461,EN201,2025-04-09,present
STU0461,EN201,2025-04-11,present
STU0461,EN101,2025-04-15,absent
STU0461,EN201,2025-04-17,present
STU0461,EN301,2025-04-21,present
STU0461,EN301,2025-04-23,present
STU0461,EN101,2025-04-25,present
STU0461,EN101,2025-04-29,absent
STU0462,CS301,2025-01-01,present
STU0462,CS101,2025-01-03,present
STU0462,CS501,2025-01-07,present
STU0462,CS201,2025-01-09,present
STU0462,CS201,2025-01-13,present
STU0462,CS401,2025-01-15,late
STU0462,CS501,2025-01-17,present
STU0462,CS201,2025-01-21,absent
STU0462,CS401,2025-01-23,present
STU0462,CS101,2025-01-27,present
STU0462,CS301,2025-01-29,late
STU0462,CS501,2025-01-31,present
STU0462,CS201,2025-02-04,present
STU0462,CS401,2025-02-06,present
STU0462,CS401,2025-02-10,present
STU0462,CS501,2025-02-12,present
STU0462,CS401,2025-02-14,absent
STU0462,CS401,2025-02-18,late
STU0462,CS501,2025-02-20,present
STU0462,CS101,2025-02-24,absent
STU0462,CS501,2025-02-26,absent
STU0462,CS101,2025-02-28,absent
STU0462,CS401,2025-03-04,present
STU0462,CS501,2025-03-06,present
STU0462,CS301,2025-03-10,present
STU0462,CS401,2025-03-12,present
STU0462,CS301,2025-03-14,present
STU0462,CS201,2025-03-18,present
STU0462,CS101,2025-03-20,present
STU0462,CS101,2025-03-24,present
STU0462,CS101,2025-03-26,present
STU0462,CS201,2025-03-28,present
STU0462,CS201,2025-04-01,absent
STU0462,CS401,2025-04-03,present
STU0462,CS301,2025-04-07,absent
STU0462,CS101,2025-04-09,late
STU0462,CS501,2025-04-11,absent
STU0462,CS201,2025-04-15,absent
STU0462,CS401,2025-04-17,late
STU0462,CS101,2025-04-21,present
STU0462,CS301,2025-04-23,late
STU0462,CS401,2025-04-25,absent
STU0462,CS101,2025-04-29,absent
STU0463,CS501,2025-01-01,present
STU0463,CS201,2025-01-03,present
STU0463,CS501,2025-01-07,present
STU0463,CS101,2025-01-09,present
STU0463,CS201,2025-01-13,present
STU0463,CS201,2025-01-15,present
STU0463,CS401,2025-01-17,present
STU0463,CS101,2025-01-21,present
STU0463,CS301,2025-01-23,present
STU0463,CS201,2025-01-27,present
STU0463,CS101,2025-01-29,present
STU0463,CS201,2025-01-31,present
STU0463,CS401,2025-02-04,present
STU0463,CS301,2025-02-06,present
STU0463,CS401,2025-02-10,late
STU0463,CS201,2025-02-12,present
STU0463,CS401,2025-02-14,present
STU0463,CS501,2025-02-18,present
STU0463,CS201,2025-02-20,present
STU0463,CS501,2025-02-24,present
STU0463,CS201,2025-02-26,late
STU0463,CS201,2025-02-28,present
STU0463,CS401,2025-03-04,present
STU0463,CS501,2025-03-06,absent
STU0463,CS501,2025-03-10,present
STU0463,CS301,2025-03-12,present
STU0463,CS501,2025-03-14,present
STU0463,CS301,2025-03-18,present
STU0463,CS301,2025-03-20,present
STU0463,CS201,2025-03-24,present
STU0463,CS401,2025-03-26,present
STU0463,CS401,2025-03-28,present
STU0463,CS201,2025-04-01,absent
STU0463,CS501,2025-04-03,present
STU0463,CS201,2025-04-07,present
STU0463,CS201,2025-04-09,present
STU0463,CS401,2025-04-11,present
STU0463,CS501,2025-04-15,present
STU0463,CS501,2025-04-17,present
STU0463,CS201,2025-04-21,present
STU0463,CS201,2025-04-23,present
STU0463,CS301,2025-04-25,present
STU0463,CS101,2025-04-29,absent
STU0464,EN301,2025-01-01,present
STU0464,EN201,2025-01-03,present
STU0464,EN101,2025-01-07,present
STU0464,EN301,2025-01-09,present
STU0464,EN101,2025-01-13,present
STU0464,EN301,2025-01-15,present
STU0464,EN201,2025-01-17,absent
STU0464,EN301,2025-01-21,present
STU0464,EN301,2025-01-23,present
STU0464,EN101,2025-01-27,absent
STU0464,EN301,2025-01-29,absent
STU0464,EN301,2025-01-31,present
STU0464,EN201,2025-02-04,present
STU0464,EN101,2025-02-06,present
STU0464,EN301,2025-02-10,present
STU0464,EN301,2025-02-12,present
STU0464,EN101,2025-02-14,present
STU0464,EN301,2025-02-18,late
STU0464,EN301,2025-02-20,present
STU0464,EN101,2025-02-24,absent
STU0464,EN301,2025-02-26,absent
STU0464,EN301,2025-02-28,present
STU0464,EN301,2025-03-04,present
STU0464,EN301,2025-03-06,present
STU0464,EN101,2025-03-10,present
STU0464,EN201,2025-03-12,present
STU0464,EN101,2025-03-14,present
STU0464,EN301,2025-03-18,present
STU0464,EN101,2025-03-20,present
STU0464,EN101,2025-03-24,present
STU0464,EN201,2025-03-26,present
STU0464,EN301,2025-03-28,present
STU0464,EN101,2025-04-01,present
STU0464,EN201,2025-04-03,late
STU0464,EN101,2025-04-07,present
STU0464,EN201,2025-04-09,present
STU0464,EN201,2025-04-11,present
STU0464,EN201,2025-04-15,present
STU0464,EN101,2025-04-17,present
STU0464,EN101,2025-04-21,present
STU0464,EN201,2025-04-23,present
STU0464,EN201,2025-04-25,present
STU0464,EN301,2025-04-29,late
STU0465,CS301,2025-01-01,present
STU0465,CS201,2025-01-03,present
STU0465,CS401,2025-01-07,present
STU0465,CS401,2025-01-09,late
STU0465,CS201,2025-01-13,absent
STU0465,CS201,2025-01-15,absent
STU0465,CS401,2025-01-17,present
STU0465,CS201,2025-01-21,present
STU0465,CS201,2025-01-23,present
STU0465,CS201,2025-01-27,present
STU0465,CS101,2025-01-29,absent
STU0465,CS301,2025-01-31,late
STU0465,CS301,2025-02-04,present
STU0465,CS201,2025-02-06,present
STU0465,CS201,2025-02-10,absent
STU0465,CS301,2025-02-12,present
STU0465,CS101,2025-02-14,present
STU0465,CS101,2025-02-18,absent
STU0465,CS401,2025-02-20,present
STU0465,CS501,2025-02-24,absent
STU0465,CS501,2025-02-26,present
STU0465,CS201,2025-02-28,absent
STU0465,CS201,2025-03-04,absent
STU0465,CS501,2025-03-06,absent
STU0465,CS401,2025-03-10,present
STU0465,CS301,2025-03-12,present
STU0465,CS301,2025-03-14,present
STU0465,CS101,2025-03-18,present
STU0465,CS101,2025-03-20,absent
STU0465,CS401,2025-03-24,present
STU0465,CS301,2025-03-26,absent
STU0465,CS101,2025-03-28,present
STU0465,CS401,2025-04-01,present
STU0465,CS101,2025-04-03,absent
STU0465,CS501,2025-04-07,present
STU0465,CS401,2025-04-09,absent
STU0465,CS201,2025-04-11,present
STU0465,CS301,2025-04-15,late
STU0465,CS501,2025-04-17,present
STU0465,CS301,2025-04-21,absent
STU0465,CS101,2025-04-23,present
STU0465,CS201,2025-04-25,present
STU0465,CS201,2025-04-29,absent
STU0466,PH301,2025-01-01,absent
STU0466,PH201,2025-01-03,present
STU0466,PH201,2025-01-07,present
STU0466,PH301,2025-01-09,present
STU0466,PH101,2025-01-13,present
STU0466,PH301,2025-01-15,absent
STU0466,PH201,2025-01-17,present
STU0466,PH201,2025-01-21,present
STU0466,PH201,2025-01-23,absent
STU0466,PH101,2025-01-27,present
STU0466,PH301,2025-01-29,absent
STU0466,PH301,2025-01-31,late
STU0466,PH201,2025-02-04,present
STU0466,PH201,2025-02-06,absent
STU0466,PH301,2025-02-10,present
STU0466,PH201,2025-02-12,present
STU0466,PH201,2025-02-14,present
STU0466,PH101,2025-02-18,present
STU0466,PH301,2025-02-20,present
STU0466,PH101,2025-02-24,present
STU0466,PH301,2025-02-26,late
STU0466,PH101,2025-02-28,absent
STU0466,PH101,2025-03-04,late
STU0466,PH101,2025-03-06,present
STU0466,PH301,2025-03-10,present
STU0466,PH101,2025-03-12,present
STU0466,PH201,2025-03-14,present
STU0466,PH101,2025-03-18,present
STU0466,PH101,2025-03-20,absent
STU0466,PH301,2025-03-24,present
STU0466,PH301,2025-03-26,present
STU0466,PH101,2025-03-28,present
STU0466,PH301,2025-04-01,present
STU0466,PH301,2025-04-03,present
STU0466,PH101,2025-04-07,present
STU0466,PH301,2025-04-09,absent
STU0466,PH201,2025-04-11,present
STU0466,PH201,2025-04-15,absent
STU0466,PH201,2025-04-17,present
STU0466,PH201,2025-04-21,present
STU0466,PH101,2025-04-23,absent
STU0466,PH201,2025-04-25,present
STU0466,PH101,2025-04-29,present
STU0467,BU401,2025-01-01,absent
STU0467,BU301,2025-01-03,present
STU0467,BU101,2025-01-07,present
STU0467,BU401,2025-01-09,present
STU0467,BU401,2025-01-13,present
STU0467,BU401,2025-01-15,present
STU0467,BU301,2025-01-17,present
STU0467,BU301,2025-01-21,absent
STU0467,BU101,2025-01-23,present
STU0467,BU401,2025-01-27,present
STU0467,BU401,2025-01-29,present
STU0467,BU401,2025-01-31,absent
STU0467,BU401,2025-02-04,present
STU0467,BU101,2025-02-06,present
STU0467,BU201,2025-02-10,present
STU0467,BU201,2025-02-12,present
STU0467,BU201,2025-02-14,present
STU0467,BU401,2025-02-18,late
STU0467,BU301,2025-02-20,present
STU0467,BU301,2025-02-24,present
STU0467,BU301,2025-02-26,absent
STU0467,BU101,2025-02-28,present
STU0467,BU301,2025-03-04,present
STU0467,BU201,2025-03-06,present
STU0467,BU401,2025-03-10,present
STU0467,BU101,2025-03-12,present
STU0467,BU301,2025-03-14,absent
STU0467,BU201,2025-03-18,present
STU0467,BU301,2025-03-20,present
STU0467,BU201,2025-03-24,present
STU0467,BU301,2025-03-26,present
STU0467,BU101,2025-03-28,present
STU0467,BU401,2025-04-01,present
STU0467,BU201,2025-04-03,present
STU0467,BU401,2025-04-07,present
STU0467,BU201,2025-04-09,present
STU0467,BU101,2025-04-11,absent
STU0467,BU401,2025-04-15,present
STU0467,BU401,2025-04-17,present
STU0467,BU401,2025-04-21,present
STU0467,BU301,2025-04-23,present
STU0467,BU301,2025-04-25,present
STU0467,BU201,2025-04-29,present
STU0468,BU201,2025-01-01,present
STU0468,BU201,2025-01-03,present
STU0468,BU101,2025-01-07,absent
STU0468,BU201,2025-01-09,present
STU0468,BU301,2025-01-13,present
STU0468,BU201,2025-01-15,present
STU0468,BU101,2025-01-17,present
STU0468,BU401,2025-01-21,present
STU0468,BU201,2025-01-23,present
STU0468,BU101,2025-01-27,present
STU0468,BU101,2025-01-29,present
STU0468,BU201,2025-01-31,present
STU0468,BU301,2025-02-04,present
STU0468,BU401,2025-02-06,present
STU0468,BU201,2025-02-10,present
STU0468,BU101,2025-02-12,present
STU0468,BU401,2025-02-14,present
STU0468,BU301,2025-02-18,late
STU0468,BU101,2025-02-20,present
STU0468,BU101,2025-02-24,absent
STU0468,BU201,2025-02-26,present
STU0468,BU301,2025-02-28,present
STU0468,BU201,2025-03-04,present
STU0468,BU301,2025-03-06,present
STU0468,BU101,2025-03-10,present
STU0468,BU201,2025-03-12,absent
STU0468,BU201,2025-03-14,absent
STU0468,BU201,2025-03-18,present
STU0468,BU401,2025-03-20,present
STU0468,BU101,2025-03-24,absent
STU0468,BU101,2025-03-26,absent
STU0468,BU301,2025-03-28,present
STU0468,BU301,2025-04-01,present
STU0468,BU201,2025-04-03,present
STU0468,BU301,2025-04-07,present
STU0468,BU101,2025-04-09,present
STU0468,BU201,2025-04-11,present
STU0468,BU301,2025-04-15,present
STU0468,BU401,2025-04-17,present
STU0468,BU201,2025-04-21,present
STU0468,BU301,2025-04-23,late
STU0468,BU201,2025-04-25,late
STU0468,BU101,2025-04-29,present
STU0469,CS401,2025-01-01,present
STU0469,CS101,2025-01-03,present
STU0469,CS501,2025-01-07,present
STU0469,CS101,2025-01-09,present
STU0469,CS401,2025-01-13,present
STU0469,CS201,2025-01-15,present
STU0469,CS201,2025-01-17,present
STU0469,CS301,2025-01-21,present
STU0469,CS301,2025-01-23,absent
STU0469,CS401,2025-01-27,present
STU0469,CS101,2025-01-29,present
STU0469,CS301,2025-01-31,present
STU0469,CS301,2025-02-04,present
STU0469,CS201,2025-02-06,present
STU0469,CS201,2025-02-10,present
STU0469,CS501,2025-02-12,present
STU0469,CS201,2025-02-14,present
STU0469,CS301,2025-02-18,present
STU0469,CS301,2025-02-20,present
STU0469,CS101,2025-02-24,present
STU0469,CS401,2025-02-26,present
STU0469,CS401,2025-02-28,present
STU0469,CS501,2025-03-04,absent
STU0469,CS501,2025-03-06,present
STU0469,CS201,2025-03-10,present
STU0469,CS201,2025-03-12,absent
STU0469,CS101,2025-03-14,present
STU0469,CS401,2025-03-18,present
STU0469,CS501,2025-03-20,present
STU0469,CS201,2025-03-24,present
STU0469,CS501,2025-03-26,present
STU0469,CS501,2025-03-28,present
STU0469,CS301,2025-04-01,present
STU0469,CS301,2025-04-03,present
STU0469,CS501,2025-04-07,present
STU0469,CS101,2025-04-09,present
STU0469,CS201,2025-04-11,present
STU0469,CS501,2025-04-15,absent
STU0469,CS301,2025-04-17,present
STU0469,CS301,2025-04-21,present
STU0469,CS401,2025-04-23,present
STU0469,CS101,2025-04-25,present
STU0469,CS501,2025-04-29,present
STU0470,PH201,2025-01-01,present
STU0470,PH301,2025-01-03,present
STU0470,PH301,2025-01-07,absent
STU0470,PH101,2025-01-09,late
STU0470,PH301,2025-01-13,present
STU0470,PH301,2025-01-15,present
STU0470,PH301,2025-01-17,present
STU0470,PH301,2025-01-21,present
STU0470,PH101,2025-01-23,present
STU0470,PH201,2025-01-27,absent
STU0470,PH301,2025-01-29,present
STU0470,PH101,2025-01-31,present
STU0470,PH201,2025-02-04,present
STU0470,PH201,2025-02-06,absent
STU0470,PH301,2025-02-10,present
STU0470,PH301,2025-02-12,absent
STU0470,PH101,2025-02-14,late
STU0470,PH101,2025-02-18,present
STU0470,PH201,2025-02-20,present
STU0470,PH201,2025-02-24,present
STU0470,PH101,2025-02-26,present
STU0470,PH301,2025-02-28,present
STU0470,PH201,2025-03-04,present
STU0470,PH201,2025-03-06,present
STU0470,PH101,2025-03-10,present
STU0470,PH101,2025-03-12,present
STU0470,PH101,2025-03-14,present
STU0470,PH301,2025-03-18,present
STU0470,PH201,2025-03-20,present
STU0470,PH101,2025-03-24,present
STU0470,PH101,2025-03-26,present
STU0470,PH201,2025-03-28,present
STU0470,PH201,2025-04-01,late
STU0470,PH301,2025-04-03,present
STU0470,PH201,2025-04-07,present
STU0470,PH201,2025-04-09,present
STU0470,PH101,2025-04-11,present
STU0470,PH201,2025-04-15,absent
STU0470,PH101,2025-04-17,present
STU0470,PH201,2025-04-21,present
STU0470,PH101,2025-04-23,present
STU0470,PH201,2025-04-25,present
STU0470,PH201,2025-04-29,present
STU0471,BU201,2025-01-01,present
STU0471,BU201,2025-01-03,present
STU0471,BU401,2025-01-07,present
STU0471,BU101,2025-01-09,present
STU0471,BU401,2025-01-13,absent
STU0471,BU201,2025-01-15,present
STU0471,BU401,2025-01-17,absent
STU0471,BU401,2025-01-21,present
STU0471,BU101,2025-01-23,absent
STU0471,BU201,2025-01-27,late
STU0471,BU401,2025-01-29,present
STU0471,BU301,2025-01-31,absent
STU0471,BU401,2025-02-04,present
STU0471,BU101,2025-02-06,absent
STU0471,BU401,2025-02-10,present
STU0471,BU301,2025-02-12,present
STU0471,BU201,2025-02-14,present
STU0471,BU101,2025-02-18,present
STU0471,BU201,2025-02-20,present
STU0471,BU101,2025-02-24,late
STU0471,BU401,2025-02-26,absent
STU0471,BU301,2025-02-28,present
STU0471,BU101,2025-03-04,absent
STU0471,BU401,2025-03-06,absent
STU0471,BU401,2025-03-10,present
STU0471,BU201,2025-03-12,present
STU0471,BU401,2025-03-14,present
STU0471,BU401,2025-03-18,absent
STU0471,BU201,2025-03-20,absent
STU0471,BU101,2025-03-24,present
STU0471,BU301,2025-03-26,present
STU0471,BU101,2025-03-28,absent
STU0471,BU401,2025-04-01,late
STU0471,BU201,2025-04-03,absent
STU0471,BU201,2025-04-07,present
STU0471,BU101,2025-04-09,present
STU0471,BU101,2025-04-11,present
STU0471,BU401,2025-04-15,present
STU0471,BU401,2025-04-17,absent
STU0471,BU401,2025-04-21,present
STU0471,BU301,2025-04-23,absent
STU0471,BU401,2025-04-25,present
STU0471,BU301,2025-04-29,absent
STU0472,BU401,2025-01-01,present
STU0472,BU301,2025-01-03,present
STU0472,BU101,2025-01-07,present
STU0472,BU101,2025-01-09,present
STU0472,BU201,2025-01-13,late
STU0472,BU301,2025-01-15,present
STU0472,BU301,2025-01-17,present
STU0472,BU201,2025-01-21,absent
STU0472,BU101,2025-01-23,absent
STU0472,BU401,2025-01-27,present
STU0472,BU301,2025-01-29,late
STU0472,BU301,2025-01-31,present
STU0472,BU101,2025-02-04,present
STU0472,BU301,2025-02-06,present
STU0472,BU401,2025-02-10,present
STU0472,BU101,2025-02-12,present
STU0472,BU401,2025-02-14,present
STU0472,BU101,2025-02-18,present
STU0472,BU301,2025-02-20,absent
STU0472,BU201,2025-02-24,present
STU0472,BU301,2025-02-26,late
STU0472,BU101,2025-02-28,absent
STU0472,BU201,2025-03-04,present
STU0472,BU401,2025-03-06,present
STU0472,BU201,2025-03-10,present
STU0472,BU401,2025-03-12,absent
STU0472,BU401,2025-03-14,present
STU0472,BU301,2025-03-18,present
STU0472,BU301,2025-03-20,late
STU0472,BU301,2025-03-24,present
STU0472,BU401,2025-03-26,present
STU0472,BU401,2025-03-28,present
STU0472,BU101,2025-04-01,absent
STU0472,BU301,2025-04-03,absent
STU0472,BU101,2025-04-07,present
STU0472,BU301,2025-04-09,present
STU0472,BU201,2025-04-11,absent
STU0472,BU301,2025-04-15,absent
STU0472,BU101,2025-04-17,absent
STU0472,BU301,2025-04-21,present
STU0472,BU401,2025-04-23,late
STU0472,BU201,2025-04-25,present
STU0472,BU401,2025-04-29,present
STU0473,BU101,2025-01-01,absent
STU0473,BU201,2025-01-03,present
STU0473,BU301,2025-01-07,absent
STU0473,BU301,2025-01-09,present
STU0473,BU201,2025-01-13,absent
STU0473,BU201,2025-01-15,present
STU0473,BU201,2025-01-17,present
STU0473,BU101,2025-01-21,present
STU0473,BU201,2025-01-23,present
STU0473,BU201,2025-01-27,absent
STU0473,BU401,2025-01-29,present
STU0473,BU401,2025-01-31,present
STU0473,BU201,2025-02-04,present
STU0473,BU301,2025-02-06,absent
STU0473,BU201,2025-02-10,present
STU0473,BU301,2025-02-12,present
STU0473,BU301,2025-02-14,present
STU0473,BU101,2025-02-18,late
STU0473,BU401,2025-02-20,present
STU0473,BU401,2025-02-24,present
STU0473,BU401,2025-02-26,absent
STU0473,BU201,2025-02-28,absent
STU0473,BU301,2025-03-04,present
STU0473,BU401,2025-03-06,late
STU0473,BU201,2025-03-10,present
STU0473,BU201,2025-03-12,present
STU0473,BU301,2025-03-14,present
STU0473,BU301,2025-03-18,late
STU0473,BU201,2025-03-20,present
STU0473,BU401,2025-03-24,present
STU0473,BU401,2025-03-26,present
STU0473,BU201,2025-03-28,absent
STU0473,BU401,2025-04-01,present
STU0473,BU401,2025-04-03,present
STU0473,BU201,2025-04-07,present
STU0473,BU401,2025-04-09,present
STU0473,BU101,2025-04-11,absent
STU0473,BU101,2025-04-15,present
STU0473,BU401,2025-04-17,absent
STU0473,BU101,2025-04-21,present
STU0473,BU401,2025-04-23,absent
STU0473,BU301,2025-04-25,present
STU0473,BU201,2025-04-29,present
STU0474,EN301,2025-01-01,late
STU0474,EN201,2025-01-03,late
STU0474,EN301,2025-01-07,present
STU0474,EN201,2025-01-09,present
STU0474,EN201,2025-01-13,present
STU0474,EN101,2025-01-15,absent
STU0474,EN301,2025-01-17,present
STU0474,EN201,2025-01-21,present
STU0474,EN201,2025-01-23,present
STU0474,EN101,2025-01-27,late
STU0474,EN201,2025-01-29,present
STU0474,EN301,2025-01-31,present
STU0474,EN301,2025-02-04,present
STU0474,EN301,2025-02-06,present
STU0474,EN301,2025-02-10,present
STU0474,EN201,2025-02-12,late
STU0474,EN301,2025-02-14,absent
STU0474,EN301,2025-02-18,present
STU0474,EN101,2025-02-20,absent
STU0474,EN301,2025-02-24,present
STU0474,EN201,2025-02-26,present
STU0474,EN301,2025-02-28,late
STU0474,EN201,2025-03-04,present
STU0474,EN101,2025-03-06,present
STU0474,EN101,2025-03-10,late
STU0474,EN301,2025-03-12,present
STU0474,EN301,2025-03-14,absent
STU0474,EN301,2025-03-18,late
STU0474,EN201,2025-03-20,present
STU0474,EN301,2025-03-24,present
STU0474,EN101,2025-03-26,present
STU0474,EN301,2025-03-28,present
STU0474,EN201,2025-04-01,present
STU0474,EN201,2025-04-03,absent
STU0474,EN301,2025-04-07,present
STU0474,EN301,2025-04-09,present
STU0474,EN201,2025-04-11,present
STU0474,EN101,2025-04-15,present
STU0474,EN201,2025-04-17,absent
STU0474,EN301,2025-04-21,present
STU0474,EN101,2025-04-23,absent
STU0474,EN301,2025-04-25,present
STU0474,EN301,2025-04-29,present
STU0475,EN201,2025-01-01,present
STU0475,EN101,2025-01-03,present
STU0475,EN101,2025-01-07,present
STU0475,EN201,2025-01-09,present
STU0475,EN301,2025-01-13,absent
STU0475,EN301,2025-01-15,present
STU0475,EN101,2025-01-17,absent
STU0475,EN201,2025-01-21,present
STU0475,EN101,2025-01-23,present
STU0475,EN101,2025-01-27,present
STU0475,EN201,2025-01-29,present
STU0475,EN201,2025-01-31,absent
STU0475,EN201,2025-02-04,present
STU0475,EN301,2025-02-06,present
STU0475,EN101,2025-02-10,present
STU0475,EN301,2025-02-12,present
STU0475,EN201,2025-02-14,absent
STU0475,EN201,2025-02-18,present
STU0475,EN201,2025-02-20,present
STU0475,EN101,2025-02-24,present
STU0475,EN201,2025-02-26,late
STU0475,EN101,2025-02-28,present
STU0475,EN301,2025-03-04,present
STU0475,EN201,2025-03-06,present
STU0475,EN201,2025-03-10,absent
STU0475,EN201,2025-03-12,present
STU0475,EN101,2025-03-14,present
STU0475,EN201,2025-03-18,present
STU0475,EN101,2025-03-20,present
STU0475,EN201,2025-03-24,present
STU0475,EN101,2025-03-26,present
STU0475,EN301,2025-03-28,present
STU0475,EN301,2025-04-01,present
STU0475,EN301,2025-04-03,present
STU0475,EN201,2025-04-07,absent
STU0475,EN301,2025-04-09,late
STU0475,EN301,2025-04-11,absent
STU0475,EN201,2025-04-15,present
STU0475,EN101,2025-04-17,present
STU0475,EN101,2025-04-21,absent
STU0475,EN201,2025-04-23,present
STU0475,EN201,2025-04-25,present
STU0475,EN201,2025-04-29,absent
STU0476,MT401,2025-01-01,present
STU0476,MT401,2025-01-03,present
STU0476,MT201,2025-01-07,present
STU0476,MT101,2025-01-09,present
STU0476,MT401,2025-01-13,present
STU0476,MT401,2025-01-15,absent
STU0476,MT401,2025-01-17,present
STU0476,MT301,2025-01-21,present
STU0476,MT101,2025-01-23,absent
STU0476,MT101,2025-01-27,present
STU0476,MT101,2025-01-29,present
STU0476,MT401,2025-01-31,present
STU0476,MT301,2025-02-04,absent
STU0476,MT101,2025-02-06,present
STU0476,MT301,2025-02-10,present
STU0476,MT101,2025-02-12,present
STU0476,MT401,2025-02-14,present
STU0476,MT201,2025-02-18,present
STU0476,MT201,2025-02-20,present
STU0476,MT301,2025-02-24,present
STU0476,MT401,2025-02-26,present
STU0476,MT101,2025-02-28,present
STU0476,MT301,2025-03-04,present
STU0476,MT101,2025-03-06,present
STU0476,MT301,2025-03-10,late
STU0476,MT101,2025-03-12,absent
STU0476,MT101,2025-03-14,late
STU0476,MT401,2025-03-18,present
STU0476,MT101,2025-03-20,present
STU0476,MT201,2025-03-24,present
STU0476,MT201,2025-03-26,present
STU0476,MT201,2025-03-28,present
STU0476,MT101,2025-04-01,present
STU0476,MT201,2025-04-03,present
STU0476,MT301,2025-04-07,present
STU0476,MT101,2025-04-09,present
STU0476,MT201,2025-04-11,present
STU0476,MT101,2025-04-15,present
STU0476,MT101,2025-04-17,present
STU0476,MT201,2025-04-21,late
STU0476,MT301,2025-04-23,present
STU0476,MT101,2025-04-25,present
STU0476,MT101,2025-04-29,absent
STU0477,MT101,2025-01-01,present
STU0477,MT301,2025-01-03,present
STU0477,MT401,2025-01-07,present
STU0477,MT301,2025-01-09,present
STU0477,MT401,2025-01-13,present
STU0477,MT201,2025-01-15,present
STU0477,MT101,2025-01-17,present
STU0477,MT301,2025-01-21,absent
STU0477,MT301,2025-01-23,present
STU0477,MT301,2025-01-27,present
STU0477,MT201,2025-01-29,present
STU0477,MT201,2025-01-31,present
STU0477,MT401,2025-02-04,absent
STU0477,MT201,2025-02-06,present
STU0477,MT101,2025-02-10,absent
STU0477,MT301,2025-02-12,present
STU0477,MT401,2025-02-14,absent
STU0477,MT301,2025-02-18,present
STU0477,MT401,2025-02-20,present
STU0477,MT301,2025-02-24,present
STU0477,MT301,2025-02-26,absent
STU0477,MT401,2025-02-28,present
STU0477,MT301,2025-03-04,late
STU0477,MT301,2025-03-06,present
STU0477,MT201,2025-03-10,present
STU0477,MT401,2025-03-12,present
STU0477,MT201,2025-03-14,present
STU0477,MT201,2025-03-18,late
STU0477,MT201,2025-03-20,present
STU0477,MT201,2025-03-24,present
STU0477,MT301,2025-03-26,present
STU0477,MT401,2025-03-28,present
STU0477,MT301,2025-04-01,present
STU0477,MT101,2025-04-03,present
STU0477,MT101,2025-04-07,present
STU0477,MT201,2025-04-09,present
STU0477,MT301,2025-04-11,present
STU0477,MT201,2025-04-15,present
STU0477,MT101,2025-04-17,present
STU0477,MT201,2025-04-21,present
STU0477,MT301,2025-04-23,present
STU0477,MT101,2025-04-25,present
STU0477,MT201,2025-04-29,present
STU0478,PH101,2025-01-01,present
STU0478,PH101,2025-01-03,late
STU0478,PH201,2025-01-07,present
STU0478,PH101,2025-01-09,present
STU0478,PH201,2025-01-13,present
STU0478,PH301,2025-01-15,present
STU0478,PH201,2025-01-17,absent
STU0478,PH301,2025-01-21,late
STU0478,PH301,2025-01-23,present
STU0478,PH201,2025-01-27,present
STU0478,PH301,2025-01-29,absent
STU0478,PH101,2025-01-31,present
STU0478,PH101,2025-02-04,absent
STU0478,PH201,2025-02-06,absent
STU0478,PH301,2025-02-10,present
STU0478,PH301,2025-02-12,late
STU0478,PH301,2025-02-14,late
STU0478,PH101,2025-02-18,late
STU0478,PH201,2025-02-20,present
STU0478,PH101,2025-02-24,present
STU0478,PH201,2025-02-26,present
STU0478,PH301,2025-02-28,present
STU0478,PH201,2025-03-04,present
STU0478,PH301,2025-03-06,present
STU0478,PH301,2025-03-10,present
STU0478,PH101,2025-03-12,present
STU0478,PH101,2025-03-14,present
STU0478,PH201,2025-03-18,present
STU0478,PH301,2025-03-20,absent
STU0478,PH301,2025-03-24,present
STU0478,PH301,2025-03-26,present
STU0478,PH101,2025-03-28,late
STU0478,PH301,2025-04-01,present
STU0478,PH301,2025-04-03,present
STU0478,PH101,2025-04-07,absent
STU0478,PH301,2025-04-09,absent
STU0478,PH201,2025-04-11,present
STU0478,PH101,2025-04-15,absent
STU0478,PH301,2025-04-17,absent
STU0478,PH301,2025-04-21,present
STU0478,PH101,2025-04-23,present
STU0478,PH101,2025-04-25,present
STU0478,PH301,2025-04-29,present
STU0479,BU201,2025-01-01,present
STU0479,BU101,2025-01-03,absent
STU0479,BU401,2025-01-07,present
STU0479,BU101,2025-01-09,absent
STU0479,BU401,2025-01-13,present
STU0479,BU201,2025-01-15,present
STU0479,BU201,2025-01-17,present
STU0479,BU201,2025-01-21,present
STU0479,BU101,2025-01-23,present
STU0479,BU401,2025-01-27,absent
STU0479,BU401,2025-01-29,present
STU0479,BU101,2025-01-31,present
STU0479,BU101,2025-02-04,absent
STU0479,BU101,2025-02-06,present
STU0479,BU101,2025-02-10,present
STU0479,BU201,2025-02-12,present
STU0479,BU201,2025-02-14,absent
STU0479,BU201,2025-02-18,present
STU0479,BU401,2025-02-20,present
STU0479,BU401,2025-02-24,present
STU0479,BU101,2025-02-26,late
STU0479,BU201,2025-02-28,present
STU0479,BU301,2025-03-04,absent
STU0479,BU401,2025-03-06,present
STU0479,BU301,2025-03-10,present
STU0479,BU201,2025-03-12,absent
STU0479,BU301,2025-03-14,absent
STU0479,BU401,2025-03-18,present
STU0479,BU301,2025-03-20,present
STU0479,BU301,2025-03-24,present
STU0479,BU101,2025-03-26,present
STU0479,BU101,2025-03-28,absent
STU0479,BU201,2025-04-01,present
STU0479,BU301,2025-04-03,present
STU0479,BU301,2025-04-07,absent
STU0479,BU401,2025-04-09,present
STU0479,BU201,2025-04-11,present
STU0479,BU401,2025-04-15,absent
STU0479,BU201,2025-04-17,present
STU0479,BU401,2025-04-21,absent
STU0479,BU201,2025-04-23,present
STU0479,BU301,2025-04-25,present
STU0479,BU101,2025-04-29,present
STU0480,PH301,2025-01-01,present
STU0480,PH101,2025-01-03,late
STU0480,PH101,2025-01-07,late
STU0480,PH301,2025-01-09,absent
STU0480,PH301,2025-01-13,present
STU0480,PH201,2025-01-15,late
STU0480,PH301,2025-01-17,present
STU0480,PH101,2025-01-21,present
STU0480,PH101,2025-01-23,present
STU0480,PH101,2025-01-27,present
STU0480,PH101,2025-01-29,present
STU0480,PH201,2025-01-31,absent
STU0480,PH301,2025-02-04,present
STU0480,PH201,2025-02-06,present
STU0480,PH301,2025-02-10,present
STU0480,PH101,2025-02-12,absent
STU0480,PH201,2025-02-14,present
STU0480,PH201,2025-02-18,present
STU0480,PH101,2025-02-20,present
STU0480,PH301,2025-02-24,present
STU0480,PH101,2025-02-26,late
STU0480,PH301,2025-02-28,present
STU0480,PH301,2025-03-04,present
STU0480,PH101,2025-03-06,present
STU0480,PH301,2025-03-10,absent
STU0480,PH101,2025-03-12,present
STU0480,PH301,2025-03-14,present
STU0480,PH301,2025-03-18,present
STU0480,PH201,2025-03-20,present
STU0480,PH201,2025-03-24,late
STU0480,PH101,2025-03-26,late
STU0480,PH301,2025-03-28,late
STU0480,PH201,2025-04-01,late
STU0480,PH301,2025-04-03,absent
STU0480,PH101,2025-04-07,present
STU0480,PH301,2025-04-09,absent
STU0480,PH201,2025-04-11,present
STU0480,PH101,2025-04-15,present
STU0480,PH301,2025-04-17,present
STU0480,PH301,2025-04-21,late
STU0480,PH101,2025-04-23,present
STU0480,PH101,2025-04-25,absent
STU0480,PH201,2025-04-29,present
STU0481,EN301,2025-01-01,present
STU0481,EN201,2025-01-03,present
STU0481,EN101,2025-01-07,present
STU0481,EN101,2025-01-09,present
STU0481,EN101,2025-01-13,present
STU0481,EN301,2025-01-15,absent
STU0481,EN101,2025-01-17,present
STU0481,EN201,2025-01-21,present
STU0481,EN201,2025-01-23,present
STU0481,EN201,2025-01-27,present
STU0481,EN101,2025-01-29,present
STU0481,EN201,2025-01-31,present
STU0481,EN301,2025-02-04,present
STU0481,EN301,2025-02-06,present
STU0481,EN101,2025-02-10,present
STU0481,EN101,2025-02-12,absent
STU0481,EN301,2025-02-14,present
STU0481,EN201,2025-02-18,present
STU0481,EN301,2025-02-20,present
STU0481,EN201,2025-02-24,present
STU0481,EN201,2025-02-26,absent
STU0481,EN301,2025-02-28,present
STU0481,EN301,2025-03-04,present
STU0481,EN301,2025-03-06,present
STU0481,EN301,2025-03-10,late
STU0481,EN101,2025-03-12,absent
STU0481,EN101,2025-03-14,absent
STU0481,EN301,2025-03-18,present
STU0481,EN201,2025-03-20,present
STU0481,EN301,2025-03-24,present
STU0481,EN201,2025-03-26,present
STU0481,EN301,2025-03-28,present
STU0481,EN201,2025-04-01,present
STU0481,EN301,2025-04-03,present
STU0481,EN101,2025-04-07,absent
STU0481,EN101,2025-04-09,present
STU0481,EN101,2025-04-11,present
STU0481,EN101,2025-04-15,present
STU0481,EN301,2025-04-17,present
STU0481,EN101,2025-04-21,present
STU0481,EN301,2025-04-23,present
STU0481,EN301,2025-04-25,present
STU0481,EN301,2025-04-29,present
STU0482,BU301,2025-01-01,present
STU0482,BU301,2025-01-03,present
STU0482,BU301,2025-01-07,present
STU0482,BU301,2025-01-09,present
STU0482,BU301,2025-01-13,present
STU0482,BU401,2025-01-15,present
STU0482,BU201,2025-01-17,present
STU0482,BU101,2025-01-21,present
STU0482,BU401,2025-01-23,absent
STU0482,BU301,2025-01-27,present
STU0482,BU101,2025-01-29,late
STU0482,BU301,2025-01-31,present
STU0482,BU101,2025-02-04,present
STU0482,BU401,2025-02-06,present
STU0482,BU101,2025-02-10,present
STU0482,BU201,2025-02-12,late
STU0482,BU201,2025-02-14,present
STU0482,BU201,2025-02-18,present
STU0482,BU101,2025-02-20,present
STU0482,BU401,2025-02-24,present
STU0482,BU401,2025-02-26,absent
STU0482,BU301,2025-02-28,present
STU0482,BU101,2025-03-04,late
STU0482,BU201,2025-03-06,present
STU0482,BU301,2025-03-10,present
STU0482,BU301,2025-03-12,present
STU0482,BU201,2025-03-14,absent
STU0482,BU101,2025-03-18,present
STU0482,BU101,2025-03-20,present
STU0482,BU201,2025-03-24,present
STU0482,BU201,2025-03-26,present
STU0482,BU101,2025-03-28,present
STU0482,BU301,2025-04-01,present
STU0482,BU101,2025-04-03,present
STU0482,BU101,2025-04-07,present
STU0482,BU201,2025-04-09,present
STU0482,BU401,2025-04-11,present
STU0482,BU201,2025-04-15,present
STU0482,BU101,2025-04-17,present
STU0482,BU101,2025-04-21,absent
STU0482,BU201,2025-04-23,present
STU0482,BU401,2025-04-25,present
STU0482,BU201,2025-04-29,present
STU0483,PH301,2025-01-01,present
STU0483,PH201,2025-01-03,present
STU0483,PH201,2025-01-07,late
STU0483,PH201,2025-01-09,present
STU0483,PH201,2025-01-13,absent
STU0483,PH101,2025-01-15,present
STU0483,PH101,2025-01-17,present
STU0483,PH201,2025-01-21,present
STU0483,PH101,2025-01-23,present
STU0483,PH201,2025-01-27,present
STU0483,PH101,2025-01-29,present
STU0483,PH301,2025-01-31,present
STU0483,PH101,2025-02-04,present
STU0483,PH201,2025-02-06,present
STU0483,PH301,2025-02-10,absent
STU0483,PH201,2025-02-12,present
STU0483,PH301,2025-02-14,present
STU0483,PH301,2025-02-18,late
STU0483,PH101,2025-02-20,present
STU0483,PH101,2025-02-24,late
STU0483,PH301,2025-02-26,present
STU0483,PH101,2025-02-28,present
STU0483,PH101,2025-03-04,present
STU0483,PH101,2025-03-06,present
STU0483,PH201,2025-03-10,absent
STU0483,PH101,2025-03-12,present
STU0483,PH201,2025-03-14,present
STU0483,PH201,2025-03-18,present
STU0483,PH201,2025-03-20,present
STU0483,PH201,2025-03-24,present
STU0483,PH301,2025-03-26,present
STU0483,PH301,2025-03-28,absent
STU0483,PH301,2025-04-01,present
STU0483,PH101,2025-04-03,present
STU0483,PH101,2025-04-07,present
STU0483,PH101,2025-04-09,present
STU0483,PH201,2025-04-11,present
STU0483,PH201,2025-04-15,present
STU0483,PH201,2025-04-17,present
STU0483,PH101,2025-04-21,present
STU0483,PH101,2025-04-23,absent
STU0483,PH101,2025-04-25,present
STU0483,PH101,2025-04-29,present
STU0484,BU301,2025-01-01,present
STU0484,BU301,2025-01-03,present
STU0484,BU301,2025-01-07,present
STU0484,BU201,2025-01-09,present
STU0484,BU301,2025-01-13,present
STU0484,BU401,2025-01-15,absent
STU0484,BU301,2025-01-17,late
STU0484,BU401,2025-01-21,present
STU0484,BU201,2025-01-23,present
STU0484,BU101,2025-01-27,present
STU0484,BU201,2025-01-29,late
STU0484,BU301,2025-01-31,absent
STU0484,BU101,2025-02-04,present
STU0484,BU301,2025-02-06,present
STU0484,BU301,2025-02-10,absent
STU0484,BU101,2025-02-12,present
STU0484,BU301,2025-02-14,present
STU0484,BU401,2025-02-18,present
STU0484,BU301,2025-02-20,absent
STU0484,BU201,2025-02-24,present
STU0484,BU401,2025-02-26,absent
STU0484,BU401,2025-02-28,present
STU0484,BU201,2025-03-04,absent
STU0484,BU401,2025-03-06,present
STU0484,BU201,2025-03-10,present
STU0484,BU301,2025-03-12,present
STU0484,BU401,2025-03-14,absent
STU0484,BU301,2025-03-18,late
STU0484,BU301,2025-03-20,present
STU0484,BU401,2025-03-24,present
STU0484,BU301,2025-03-26,present
STU0484,BU401,2025-03-28,present
STU0484,BU401,2025-04-01,absent
STU0484,BU401,2025-04-03,present
STU0484,BU301,2025-04-07,present
STU0484,BU301,2025-04-09,present
STU0484,BU401,2025-04-11,present
STU0484,BU401,2025-04-15,absent
STU0484,BU101,2025-04-17,present
STU0484,BU301,2025-04-21,present
STU0484,BU101,2025-04-23,absent
STU0484,BU401,2025-04-25,present
STU0484,BU301,2025-04-29,present
STU0485,EN101,2025-01-01,present
STU0485,EN201,2025-01-03,present
STU0485,EN201,2025-01-07,present
STU0485,EN301,2025-01-09,present
STU0485,EN301,2025-01-13,present
STU0485,EN301,2025-01-15,present
STU0485,EN201,2025-01-17,present
STU0485,EN201,2025-01-21,present
STU0485,EN201,2025-01-23,absent
STU0485,EN101,2025-01-27,present
STU0485,EN101,2025-01-29,absent
STU0485,EN201,2025-01-31,present
STU0485,EN301,2025-02-04,present
STU0485,EN301,2025-02-06,present
STU0485,EN101,2025-02-10,late
STU0485,EN201,2025-02-12,present
STU0485,EN301,2025-02-14,present
STU0485,EN101,2025-02-18,late
STU0485,EN201,2025-02-20,absent
STU0485,EN201,2025-02-24,present
STU0485,EN301,2025-02-26,late
STU0485,EN201,2025-02-28,present
STU0485,EN101,2025-03-04,present
STU0485,EN201,2025-03-06,present
STU0485,EN101,2025-03-10,present
STU0485,EN201,2025-03-12,present
STU0485,EN201,2025-03-14,present
STU0485,EN201,2025-03-18,present
STU0485,EN301,2025-03-20,present
STU0485,EN201,2025-03-24,absent
STU0485,EN301,2025-03-26,present
STU0485,EN201,2025-03-28,late
STU0485,EN101,2025-04-01,late
STU0485,EN301,2025-04-03,absent
STU0485,EN301,2025-04-07,present
STU0485,EN101,2025-04-09,present
STU0485,EN201,2025-04-11,present
STU0485,EN301,2025-04-15,present
STU0485,EN201,2025-04-17,present
STU0485,EN201,2025-04-21,present
STU0485,EN101,2025-04-23,present
STU0485,EN301,2025-04-25,late
STU0485,EN301,2025-04-29,absent
STU0486,BU401,2025-01-01,present
STU0486,BU201,2025-01-03,present
STU0486,BU201,2025-01-07,present
STU0486,BU301,2025-01-09,absent
STU0486,BU101,2025-01-13,present
STU0486,BU301,2025-01-15,present
STU0486,BU101,2025-01-17,present
STU0486,BU401,2025-01-21,present
STU0486,BU201,2025-01-23,late
STU0486,BU401,2025-01-27,present
STU0486,BU301,2025-01-29,present
STU0486,BU101,2025-01-31,absent
STU0486,BU201,2025-02-04,absent
STU0486,BU101,2025-02-06,absent
STU0486,BU201,2025-02-10,present
STU0486,BU201,2025-02-12,present
STU0486,BU301,2025-02-14,present
STU0486,BU201,2025-02-18,present
STU0486,BU101,2025-02-20,present
STU0486,BU201,2025-02-24,present
STU0486,BU201,2025-02-26,present
STU0486,BU101,2025-02-28,absent
STU0486,BU201,2025-03-04,present
STU0486,BU301,2025-03-06,absent
STU0486,BU301,2025-03-10,present
STU0486,BU401,2025-03-12,present
STU0486,BU201,2025-03-14,present
STU0486,BU401,2025-03-18,present
STU0486,BU401,2025-03-20,present
STU0486,BU201,2025-03-24,absent
STU0486,BU301,2025-03-26,present
STU0486,BU101,2025-03-28,absent
STU0486,BU301,2025-04-01,present
STU0486,BU401,2025-04-03,absent
STU0486,BU301,2025-04-07,present
STU0486,BU401,2025-04-09,present
STU0486,BU101,2025-04-11,present
STU0486,BU301,2025-04-15,present
STU0486,BU101,2025-04-17,absent
STU0486,BU201,2025-04-21,present
STU0486,BU301,2025-04-23,present
STU0486,BU301,2025-04-25,present
STU0486,BU301,2025-04-29,present
STU0487,BU201,2025-01-01,present
STU0487,BU301,2025-01-03,present
STU0487,BU201,2025-01-07,absent
STU0487,BU201,2025-01-09,present
STU0487,BU301,2025-01-13,present
STU0487,BU301,2025-01-15,present
STU0487,BU101,2025-01-17,absent
STU0487,BU401,2025-01-21,absent
STU0487,BU301,2025-01-23,present
STU0487,BU201,2025-01-27,present
STU0487,BU301,2025-01-29,present
STU0487,BU301,2025-01-31,present
STU0487,BU201,2025-02-04,present
STU0487,BU201,2025-02-06,late
STU0487,BU401,2025-02-10,present
STU0487,BU301,2025-02-12,present
STU0487,BU101,2025-02-14,present
STU0487,BU201,2025-02-18,present
STU0487,BU101,2025-02-20,present
STU0487,BU101,2025-02-24,present
STU0487,BU101,2025-02-26,present
STU0487,BU101,2025-02-28,present
STU0487,BU401,2025-03-04,absent
STU0487,BU301,2025-03-06,present
STU0487,BU401,2025-03-10,present
STU0487,BU201,2025-03-12,present
STU0487,BU101,2025-03-14,absent
STU0487,BU101,2025-03-18,absent
STU0487,BU101,2025-03-20,present
STU0487,BU301,2025-03-24,present
STU0487,BU401,2025-03-26,present
STU0487,BU201,2025-03-28,present
STU0487,BU201,2025-04-01,present
STU0487,BU401,2025-04-03,present
STU0487,BU101,2025-04-07,present
STU0487,BU101,2025-04-09,present
STU0487,BU101,2025-04-11,present
STU0487,BU301,2025-04-15,present
STU0487,BU101,2025-04-17,present
STU0487,BU301,2025-04-21,present
STU0487,BU301,2025-04-23,present
STU0487,BU401,2025-04-25,present
STU0487,BU101,2025-04-29,absent
STU0488,PH301,2025-01-01,present
STU0488,PH301,2025-01-03,present
STU0488,PH201,2025-01-07,present
STU0488,PH301,2025-01-09,present
STU0488,PH201,2025-01-13,present
STU0488,PH101,2025-01-15,late
STU0488,PH101,2025-01-17,present
STU0488,PH301,2025-01-21,present
STU0488,PH201,2025-01-23,present
STU0488,PH301,2025-01-27,late
STU0488,PH201,2025-01-29,late
STU0488,PH201,2025-01-31,present
STU0488,PH301,2025-02-04,present
STU0488,PH101,2025-02-06,present
STU0488,PH201,2025-02-10,late
STU0488,PH301,2025-02-12,present
STU0488,PH201,2025-02-14,absent
STU0488,PH201,2025-02-18,present
STU0488,PH301,2025-02-20,present
STU0488,PH301,2025-02-24,absent
STU0488,PH201,2025-02-26,present
STU0488,PH101,2025-02-28,absent
STU0488,PH101,2025-03-04,present
STU0488,PH101,2025-03-06,absent
STU0488,PH301,2025-03-10,present
STU0488,PH201,2025-03-12,present
STU0488,PH101,2025-03-14,present
STU0488,PH101,2025-03-18,present
STU0488,PH301,2025-03-20,present
STU0488,PH301,2025-03-24,late
STU0488,PH201,2025-03-26,present
STU0488,PH101,2025-03-28,present
STU0488,PH301,2025-04-01,absent
STU0488,PH101,2025-04-03,present
STU0488,PH301,2025-04-07,present
STU0488,PH301,2025-04-09,present
STU0488,PH201,2025-04-11,absent
STU0488,PH201,2025-04-15,present
STU0488,PH201,2025-04-17,present
STU0488,PH301,2025-04-21,absent
STU0488,PH101,2025-04-23,present
STU0488,PH201,2025-04-25,present
STU0488,PH301,2025-04-29,present
STU0489,BU401,2025-01-01,absent
STU0489,BU201,2025-01-03,present
STU0489,BU301,2025-01-07,absent
STU0489,BU301,2025-01-09,present
STU0489,BU101,2025-01-13,present
STU0489,BU301,2025-01-15,present
STU0489,BU301,2025-01-17,present
STU0489,BU101,2025-01-21,present
STU0489,BU301,2025-01-23,absent
STU0489,BU101,2025-01-27,present
STU0489,BU101,2025-01-29,present
STU0489,BU201,2025-01-31,present
STU0489,BU401,2025-02-04,absent
STU0489,BU301,2025-02-06,present
STU0489,BU401,2025-02-10,present
STU0489,BU401,2025-02-12,present
STU0489,BU101,2025-02-14,absent
STU0489,BU401,2025-02-18,present
STU0489,BU401,2025-02-20,absent
STU0489,BU101,2025-02-24,present
STU0489,BU401,2025-02-26,present
STU0489,BU101,2025-02-28,present
STU0489,BU401,2025-03-04,late
STU0489,BU301,2025-03-06,present
STU0489,BU101,2025-03-10,present
STU0489,BU201,2025-03-12,present
STU0489,BU301,2025-03-14,present
STU0489,BU101,2025-03-18,present
STU0489,BU201,2025-03-20,absent
STU0489,BU301,2025-03-24,present
STU0489,BU201,2025-03-26,present
STU0489,BU401,2025-03-28,present
STU0489,BU301,2025-04-01,present
STU0489,BU301,2025-04-03,present
STU0489,BU301,2025-04-07,present
STU0489,BU201,2025-04-09,late
STU0489,BU401,2025-04-11,present
STU0489,BU401,2025-04-15,present
STU0489,BU101,2025-04-17,present
STU0489,BU401,2025-04-21,present
STU0489,BU201,2025-04-23,absent
STU0489,BU201,2025-04-25,absent
STU0489,BU401,2025-04-29,present
STU0490,EN301,2025-01-01,present
STU0490,EN301,2025-01-03,present
STU0490,EN101,2025-01-07,present
STU0490,EN201,2025-01-09,present
STU0490,EN201,2025-01-13,absent
STU0490,EN301,2025-01-15,present
STU0490,EN301,2025-01-17,present
STU0490,EN301,2025-01-21,present
STU0490,EN201,2025-01-23,present
STU0490,EN301,2025-01-27,present
STU0490,EN101,2025-01-29,present
STU0490,EN201,2025-01-31,present
STU0490,EN101,2025-02-04,present
STU0490,EN301,2025-02-06,present
STU0490,EN301,2025-02-10,present
STU0490,EN101,2025-02-12,late
STU0490,EN201,2025-02-14,late
STU0490,EN201,2025-02-18,absent
STU0490,EN101,2025-02-20,present
STU0490,EN101,2025-02-24,present
STU0490,EN101,2025-02-26,present
STU0490,EN101,2025-02-28,late
STU0490,EN301,2025-03-04,present
STU0490,EN101,2025-03-06,present
STU0490,EN201,2025-03-10,present
STU0490,EN101,2025-03-12,present
STU0490,EN301,2025-03-14,present
STU0490,EN101,2025-03-18,present
STU0490,EN101,2025-03-20,present
STU0490,EN301,2025-03-24,late
STU0490,EN201,2025-03-26,present
STU0490,EN201,2025-03-28,absent
STU0490,EN301,2025-04-01,present
STU0490,EN301,2025-04-03,present
STU0490,EN201,2025-04-07,present
STU0490,EN301,2025-04-09,present
STU0490,EN101,2025-04-11,present
STU0490,EN201,2025-04-15,present
STU0490,EN201,2025-04-17,present
STU0490,EN101,2025-04-21,present
STU0490,EN301,2025-04-23,present
STU0490,EN201,2025-04-25,present
STU0490,EN301,2025-04-29,present
STU0491,CS301,2025-01-01,present
STU0491,CS201,2025-01-03,present
STU0491,CS501,2025-01-07,present
STU0491,CS301,2025-01-09,present
STU0491,CS401,2025-01-13,present
STU0491,CS201,2025-01-15,present
STU0491,CS201,2025-01-17,present
STU0491,CS401,2025-01-21,present
STU0491,CS301,2025-01-23,present
STU0491,CS501,2025-01-27,present
STU0491,CS501,2025-01-29,absent
STU0491,CS301,2025-01-31,present
STU0491,CS501,2025-02-04,present
STU0491,CS101,2025-02-06,absent
STU0491,CS201,2025-02-10,present
STU0491,CS501,2025-02-12,present
STU0491,CS401,2025-02-14,late
STU0491,CS501,2025-02-18,absent
STU0491,CS401,2025-02-20,present
STU0491,CS101,2025-02-24,present
STU0491,CS101,2025-02-26,present
STU0491,CS501,2025-02-28,present
STU0491,CS501,2025-03-04,present
STU0491,CS101,2025-03-06,present
STU0491,CS101,2025-03-10,absent
STU0491,CS101,2025-03-12,present
STU0491,CS201,2025-03-14,present
STU0491,CS201,2025-03-18,present
STU0491,CS401,2025-03-20,present
STU0491,CS501,2025-03-24,present
STU0491,CS301,2025-03-26,present
STU0491,CS201,2025-03-28,present
STU0491,CS201,2025-04-01,present
STU0491,CS201,2025-04-03,present
STU0491,CS101,2025-04-07,present
STU0491,CS301,2025-04-09,present
STU0491,CS201,2025-04-11,present
STU0491,CS201,2025-04-15,present
STU0491,CS301,2025-04-17,present
STU0491,CS101,2025-04-21,present
STU0491,CS401,2025-04-23,absent
STU0491,CS101,2025-04-25,present
STU0491,CS401,2025-04-29,present
STU0492,EN101,2025-01-01,present
STU0492,EN101,2025-01-03,present
STU0492,EN201,2025-01-07,present
STU0492,EN301,2025-01-09,present
STU0492,EN201,2025-01-13,present
STU0492,EN301,2025-01-15,present
STU0492,EN201,2025-01-17,present
STU0492,EN101,2025-01-21,present
STU0492,EN101,2025-01-23,present
STU0492,EN301,2025-01-27,present
STU0492,EN301,2025-01-29,present
STU0492,EN201,2025-01-31,present
STU0492,EN301,2025-02-04,present
STU0492,EN301,2025-02-06,present
STU0492,EN101,2025-02-10,present
STU0492,EN301,2025-02-12,present
STU0492,EN301,2025-02-14,present
STU0492,EN101,2025-02-18,absent
STU0492,EN101,2025-02-20,present
STU0492,EN301,2025-02-24,present
STU0492,EN101,2025-02-26,present
STU0492,EN101,2025-02-28,present
STU0492,EN301,2025-03-04,present
STU0492,EN101,2025-03-06,late
STU0492,EN301,2025-03-10,present
STU0492,EN101,2025-03-12,present
STU0492,EN101,2025-03-14,present
STU0492,EN101,2025-03-18,present
STU0492,EN201,2025-03-20,present
STU0492,EN201,2025-03-24,present
STU0492,EN301,2025-03-26,present
STU0492,EN201,2025-03-28,present
STU0492,EN301,2025-04-01,present
STU0492,EN301,2025-04-03,present
STU0492,EN101,2025-04-07,present
STU0492,EN201,2025-04-09,late
STU0492,EN101,2025-04-11,present
STU0492,EN301,2025-04-15,present
STU0492,EN201,2025-04-17,absent
STU0492,EN301,2025-04-21,present
STU0492,EN301,2025-04-23,present
STU0492,EN101,2025-04-25,present
STU0492,EN201,2025-04-29,present
STU0493,PH201,2025-01-01,present
STU0493,PH301,2025-01-03,absent
STU0493,PH201,2025-01-07,late
STU0493,PH201,2025-01-09,present
STU0493,PH101,2025-01-13,present
STU0493,PH101,2025-01-15,present
STU0493,PH201,2025-01-17,absent
STU0493,PH101,2025-01-21,present
STU0493,PH301,2025-01-23,present
STU0493,PH201,2025-01-27,present
STU0493,PH301,2025-01-29,present
STU0493,PH301,2025-01-31,present
STU0493,PH101,2025-02-04,absent
STU0493,PH101,2025-02-06,present
STU0493,PH301,2025-02-10,late
STU0493,PH301,2025-02-12,present
STU0493,PH101,2025-02-14,present
STU0493,PH301,2025-02-18,present
STU0493,PH201,2025-02-20,late
STU0493,PH101,2025-02-24,absent
STU0493,PH101,2025-02-26,present
STU0493,PH201,2025-02-28,absent
STU0493,PH101,2025-03-04,present
STU0493,PH201,2025-03-06,present
STU0493,PH101,2025-03-10,present
STU0493,PH301,2025-03-12,absent
STU0493,PH101,2025-03-14,present
STU0493,PH301,2025-03-18,present
STU0493,PH301,2025-03-20,present
STU0493,PH101,2025-03-24,present
STU0493,PH301,2025-03-26,present
STU0493,PH101,2025-03-28,present
STU0493,PH101,2025-04-01,present
STU0493,PH201,2025-04-03,late
STU0493,PH201,2025-04-07,present
STU0493,PH301,2025-04-09,present
STU0493,PH201,2025-04-11,present
STU0493,PH101,2025-04-15,present
STU0493,PH201,2025-04-17,absent
STU0493,PH101,2025-04-21,present
STU0493,PH101,2025-04-23,absent
STU0493,PH101,2025-04-25,absent
STU0493,PH201,2025-04-29,absent
STU0494,BU401,2025-01-01,present
STU0494,BU201,2025-01-03,present
STU0494,BU301,2025-01-07,present
STU0494,BU101,2025-01-09,absent
STU0494,BU401,2025-01-13,present
STU0494,BU201,2025-01-15,present
STU0494,BU201,2025-01-17,present
STU0494,BU201,2025-01-21,present
STU0494,BU301,2025-01-23,present
STU0494,BU101,2025-01-27,present
STU0494,BU201,2025-01-29,present
STU0494,BU401,2025-01-31,present
STU0494,BU201,2025-02-04,present
STU0494,BU201,2025-02-06,present
STU0494,BU101,2025-02-10,absent
STU0494,BU101,2025-02-12,present
STU0494,BU301,2025-02-14,present
STU0494,BU201,2025-02-18,present
STU0494,BU401,2025-02-20,late
STU0494,BU401,2025-02-24,absent
STU0494,BU301,2025-02-26,absent
STU0494,BU301,2025-02-28,present
STU0494,BU401,2025-03-04,present
STU0494,BU201,2025-03-06,absent
STU0494,BU101,2025-03-10,present
STU0494,BU101,2025-03-12,present
STU0494,BU401,2025-03-14,late
STU0494,BU401,2025-03-18,present
STU0494,BU101,2025-03-20,present
STU0494,BU101,2025-03-24,present
STU0494,BU401,2025-03-26,present
STU0494,BU201,2025-03-28,present
STU0494,BU101,2025-04-01,present
STU0494,BU201,2025-04-03,present
STU0494,BU101,2025-04-07,absent
STU0494,BU201,2025-04-09,present
STU0494,BU301,2025-04-11,present
STU0494,BU101,2025-04-15,present
STU0494,BU401,2025-04-17,present
STU0494,BU401,2025-04-21,present
STU0494,BU401,2025-04-23,present
STU0494,BU301,2025-04-25,absent
STU0494,BU301,2025-04-29,present
STU0495,PH301,2025-01-01,present
STU0495,PH101,2025-01-03,present
STU0495,PH201,2025-01-07,present
STU0495,PH101,2025-01-09,late
STU0495,PH301,2025-01-13,late
STU0495,PH101,2025-01-15,present
STU0495,PH101,2025-01-17,present
STU0495,PH301,2025-01-21,present
STU0495,PH101,2025-01-23,absent
STU0495,PH301,2025-01-27,present
STU0495,PH201,2025-01-29,present
STU0495,PH101,2025-01-31,present
STU0495,PH301,2025-02-04,present
STU0495,PH101,2025-02-06,present
STU0495,PH101,2025-02-10,present
STU0495,PH101,2025-02-12,present
STU0495,PH201,2025-02-14,present
STU0495,PH201,2025-02-18,late
STU0495,PH301,2025-02-20,present
STU0495,PH201,2025-02-24,present
STU0495,PH301,2025-02-26,late
STU0495,PH301,2025-02-28,absent
STU0495,PH301,2025-03-04,present
STU0495,PH201,2025-03-06,absent
STU0495,PH101,2025-03-10,present
STU0495,PH301,2025-03-12,absent
STU0495,PH101,2025-03-14,late
STU0495,PH301,2025-03-18,present
STU0495,PH101,2025-03-20,present
STU0495,PH301,2025-03-24,present
STU0495,PH201,2025-03-26,present
STU0495,PH301,2025-03-28,present
STU0495,PH301,2025-04-01,present
STU0495,PH301,2025-04-03,present
STU0495,PH201,2025-04-07,present
STU0495,PH201,2025-04-09,present
STU0495,PH201,2025-04-11,present
STU0495,PH301,2025-04-15,present
STU0495,PH301,2025-04-17,present
STU0495,PH301,2025-04-21,absent
STU0495,PH201,2025-04-23,present
STU0495,PH301,2025-04-25,absent
STU0495,PH301,2025-04-29,present
STU0496,CS401,2025-01-01,absent
STU0496,CS201,2025-01-03,absent
STU0496,CS301,2025-01-07,present
STU0496,CS301,2025-01-09,present
STU0496,CS401,2025-01-13,present
STU0496,CS201,2025-01-15,late
STU0496,CS101,2025-01-17,present
STU0496,CS301,2025-01-21,present
STU0496,CS401,2025-01-23,present
STU0496,CS301,2025-01-27,absent
STU0496,CS301,2025-01-29,present
STU0496,CS201,2025-01-31,present
STU0496,CS101,2025-02-04,present
STU0496,CS401,2025-02-06,present
STU0496,CS301,2025-02-10,present
STU0496,CS401,2025-02-12,present
STU0496,CS201,2025-02-14,absent
STU0496,CS501,2025-02-18,absent
STU0496,CS301,2025-02-20,absent
STU0496,CS501,2025-02-24,present
STU0496,CS101,2025-02-26,absent
STU0496,CS301,2025-02-28,present
STU0496,CS401,2025-03-04,present
STU0496,CS301,2025-03-06,late
STU0496,CS101,2025-03-10,absent
STU0496,CS301,2025-03-12,present
STU0496,CS301,2025-03-14,absent
STU0496,CS301,2025-03-18,late
STU0496,CS301,2025-03-20,present
STU0496,CS401,2025-03-24,present
STU0496,CS301,2025-03-26,absent
STU0496,CS401,2025-03-28,present
STU0496,CS301,2025-04-01,present
STU0496,CS501,2025-04-03,absent
STU0496,CS101,2025-04-07,present
STU0496,CS301,2025-04-09,present
STU0496,CS301,2025-04-11,present
STU0496,CS201,2025-04-15,present
STU0496,CS301,2025-04-17,late
STU0496,CS201,2025-04-21,present
STU0496,CS501,2025-04-23,present
STU0496,CS501,2025-04-25,late
STU0496,CS501,2025-04-29,absent
STU0497,MT401,2025-01-01,present
STU0497,MT301,2025-01-03,absent
STU0497,MT401,2025-01-07,present
STU0497,MT301,2025-01-09,present
STU0497,MT101,2025-01-13,present
STU0497,MT201,2025-01-15,present
STU0497,MT101,2025-01-17,present
STU0497,MT301,2025-01-21,present
STU0497,MT201,2025-01-23,present
STU0497,MT101,2025-01-27,present
STU0497,MT401,2025-01-29,present
STU0497,MT301,2025-01-31,present
STU0497,MT201,2025-02-04,present
STU0497,MT101,2025-02-06,present
STU0497,MT201,2025-02-10,present
STU0497,MT101,2025-02-12,present
STU0497,MT201,2025-02-14,present
STU0497,MT401,2025-02-18,present
STU0497,MT401,2025-02-20,absent
STU0497,MT301,2025-02-24,late
STU0497,MT301,2025-02-26,absent
STU0497,MT201,2025-02-28,present
STU0497,MT201,2025-03-04,present
STU0497,MT401,2025-03-06,present
STU0497,MT401,2025-03-10,late
STU0497,MT401,2025-03-12,present
STU0497,MT201,2025-03-14,present
STU0497,MT401,2025-03-18,present
STU0497,MT101,2025-03-20,present
STU0497,MT301,2025-03-24,present
STU0497,MT301,2025-03-26,present
STU0497,MT201,2025-03-28,absent
STU0497,MT201,2025-04-01,present
STU0497,MT301,2025-04-03,present
STU0497,MT101,2025-04-07,present
STU0497,MT201,2025-04-09,present
STU0497,MT301,2025-04-11,present
STU0497,MT101,2025-04-15,present
STU0497,MT201,2025-04-17,present
STU0497,MT201,2025-04-21,absent
STU0497,MT301,2025-04-23,present
STU0497,MT101,2025-04-25,present
STU0497,MT201,2025-04-29,present
STU0498,BU301,2025-01-01,absent
STU0498,BU401,2025-01-03,present
STU0498,BU201,2025-01-07,present
STU0498,BU201,2025-01-09,present
STU0498,BU201,2025-01-13,present
STU0498,BU401,2025-01-15,present
STU0498,BU201,2025-01-17,absent
STU0498,BU101,2025-01-21,present
STU0498,BU401,2025-01-23,late
STU0498,BU301,2025-01-27,present
STU0498,BU101,2025-01-29,absent
STU0498,BU401,2025-01-31,present
STU0498,BU301,2025-02-04,present
STU0498,BU201,2025-02-06,present
STU0498,BU401,2025-02-10,present
STU0498,BU101,2025-02-12,absent
STU0498,BU101,2025-02-14,present
STU0498,BU401,2025-02-18,present
STU0498,BU201,2025-02-20,present
STU0498,BU201,2025-02-24,absent
STU0498,BU201,2025-02-26,present
STU0498,BU401,2025-02-28,absent
STU0498,BU401,2025-03-04,absent
STU0498,BU201,2025-03-06,absent
STU0498,BU201,2025-03-10,present
STU0498,BU301,2025-03-12,present
STU0498,BU201,2025-03-14,present
STU0498,BU101,2025-03-18,absent
STU0498,BU101,2025-03-20,present
STU0498,BU301,2025-03-24,present
STU0498,BU201,2025-03-26,absent
STU0498,BU401,2025-03-28,present
STU0498,BU301,2025-04-01,present
STU0498,BU301,2025-04-03,present
STU0498,BU201,2025-04-07,late
STU0498,BU401,2025-04-09,absent
STU0498,BU201,2025-04-11,absent
STU0498,BU201,2025-04-15,late
STU0498,BU101,2025-04-17,present
STU0498,BU301,2025-04-21,absent
STU0498,BU301,2025-04-23,present
STU0498,BU101,2025-04-25,absent
STU0498,BU101,2025-04-29,absent
STU0499,CS501,2025-01-01,present
STU0499,CS501,2025-01-03,present
STU0499,CS301,2025-01-07,present
STU0499,CS501,2025-01-09,late
STU0499,CS501,2025-01-13,present
STU0499,CS501,2025-01-15,present
STU0499,CS501,2025-01-17,absent
STU0499,CS101,2025-01-21,present
STU0499,CS501,2025-01-23,present
STU0499,CS101,2025-01-27,present
STU0499,CS101,2025-01-29,present
STU0499,CS501,2025-01-31,absent
STU0499,CS501,2025-02-04,present
STU0499,CS301,2025-02-06,present
STU0499,CS201,2025-02-10,present
STU0499,CS501,2025-02-12,present
STU0499,CS101,2025-02-14,late
STU0499,CS401,2025-02-18,absent
STU0499,CS501,2025-02-20,present
STU0499,CS201,2025-02-24,present
STU0499,CS301,2025-02-26,present
STU0499,CS201,2025-02-28,present
STU0499,CS101,2025-03-04,present
STU0499,CS401,2025-03-06,absent
STU0499,CS301,2025-03-10,present
STU0499,CS201,2025-03-12,present
STU0499,CS201,2025-03-14,present
STU0499,CS501,2025-03-18,present
STU0499,CS301,2025-03-20,absent
STU0499,CS301,2025-03-24,present
STU0499,CS201,2025-03-26,present
STU0499,CS301,2025-03-28,present
STU0499,CS201,2025-04-01,late
STU0499,CS201,2025-04-03,present
STU0499,CS301,2025-04-07,absent
STU0499,CS501,2025-04-09,present
STU0499,CS401,2025-04-11,absent
STU0499,CS101,2025-04-15,absent
STU0499,CS501,2025-04-17,present
STU0499,CS401,2025-04-21,absent
STU0499,CS201,2025-04-23,absent
STU0499,CS101,2025-04-25,present
STU0499,CS301,2025-04-29,present
STU0500,EN101,2025-01-01,present
STU0500,EN301,2025-01-03,present
STU0500,EN301,2025-01-07,absent
STU0500,EN101,2025-01-09,absent
STU0500,EN101,2025-01-13,present
STU0500,EN201,2025-01-15,absent
STU0500,EN101,2025-01-17,present
STU0500,EN201,2025-01-21,present
STU0500,EN101,2025-01-23,late
STU0500,EN301,2025-01-27,present
STU0500,EN101,2025-01-29,present
STU0500,EN101,2025-01-31,absent
STU0500,EN301,2025-02-04,present
STU0500,EN301,2025-02-06,present
STU0500,EN101,2025-02-10,present
STU0500,EN301,2025-02-12,present
STU0500,EN301,2025-02-14,late
STU0500,EN201,2025-02-18,present
STU0500,EN101,2025-02-20,present
STU0500,EN101,2025-02-24,present
STU0500,EN201,2025-02-26,present
STU0500,EN101,2025-02-28,present
STU0500,EN101,2025-03-04,present
STU0500,EN101,2025-03-06,present
STU0500,EN201,2025-03-10,present
STU0500,EN301,2025-03-12,present
STU0500,EN101,2025-03-14,absent
STU0500,EN101,2025-03-18,absent
STU0500,EN301,2025-03-20,late
STU0500,EN301,2025-03-24,present
STU0500,EN301,2025-03-26,present
STU0500,EN301,2025-03-28,absent
STU0500,EN201,2025-04-01,present
STU0500,EN101,2025-04-03,present
STU0500,EN201,2025-04-07,absent
STU0500,EN201,2025-04-09,absent
STU0500,EN201,2025-04-11,late
STU0500,EN301,2025-04-15,absent
STU0500,EN101,2025-04-17,absent
STU0500,EN301,2025-04-21,present
STU0500,EN301,2025-04-23,late
STU0500,EN101,2025-04-25,present
STU0500,EN201,2025-04-29,absent
