student_id,week_start,logins,time_spent_minutes,assignments_submitted,forum_posts
STU0001,2025-01-01,3,212,1,0
STU0001,2025-01-08,4,144,2,3
STU0001,2025-01-15,7,107,1,1
STU0001,2025-01-22,5,206,1,1
STU0001,2025-01-29,6,195,1,2
STU0001,2025-02-05,5,181,3,2
STU0001,2025-02-12,4,102,2,3
STU0001,2025-02-19,7,172,3,0
STU0001,2025-02-26,5,116,3,1
STU0001,2025-03-05,3,109,3,3
STU0001,2025-03-12,6,162,3,2
STU0001,2025-03-19,3,152,2,2
STU0001,2025-03-26,9,215,1,0
STU0001,2025-04-02,7,104,1,2
STU0001,2025-04-09,5,135,1,1
STU0001,2025-04-16,6,154,2,0
STU0001,2025-04-23,3,183,1,1
STU0001,2025-04-30,3,147,1,2
STU0001,2025-05-07,9,158,2,0
STU0001,2025-05-14,3,102,1,1
STU0002,2025-01-01,7,241,3,2
STU0002,2025-01-08,7,241,3,1
STU0002,2025-01-15,8,230,3,1
STU0002,2025-01-22,8,165,3,0
STU0002,2025-01-29,9,219,4,2
STU0002,2025-02-05,10,247,3,0
STU0002,2025-02-12,10,180,2,0
STU0002,2025-02-19,5,144,2,0
STU0002,2025-02-26,8,151,2,3
STU0002,2025-03-05,5,240,3,1
STU0002,2025-03-12,6,236,2,0
STU0002,2025-03-19,5,207,4,0
STU0002,2025-03-26,9,242,2,0
STU0002,2025-04-02,4,150,3,1
STU0002,2025-04-09,5,187,2,2
STU0002,2025-04-16,4,180,3,2
STU0002,2025-04-23,8,223,2,2
STU0002,2025-04-30,5,241,2,1
STU0002,2025-05-07,6,167,3,2
STU0002,2025-05-14,10,227,4,2
STU0003,2025-01-01,8,194,2,1
STU0003,2025-01-08,8,223,2,3
STU0003,2025-01-15,7,191,4,1
STU0003,2025-01-22,6,195,3,2
STU0003,2025-01-29,7,241,3,2
STU0003,2025-02-05,11,266,2,4
STU0003,2025-02-12,6,178,3,4
STU0003,2025-02-19,8,257,3,2
STU0003,2025-02-26,6,198,4,4
STU0003,2025-03-05,8,155,3,3
STU0003,2025-03-12,10,202,4,1
STU0003,2025-03-19,7,249,3,3
STU0003,2025-03-26,6,242,2,3
STU0003,2025-04-02,10,242,2,1
STU0003,2025-04-09,7,222,3,3
STU0003,2025-04-16,6,192,3,4
STU0003,2025-04-23,9,152,3,3
STU0003,2025-04-30,6,207,2,4
STU0003,2025-05-07,5,234,4,2
STU0003,2025-05-14,7,254,4,4
STU0004,2025-01-01,7,191,3,4
STU0004,2025-01-08,6,198,4,4
STU0004,2025-01-15,12,226,3,3
STU0004,2025-01-22,7,301,3,1
STU0004,2025-01-29,12,277,5,3
STU0004,2025-02-05,8,286,3,3
STU0004,2025-02-12,6,194,4,1
STU0004,2025-02-19,11,277,4,2
STU0004,2025-02-26,12,264,4,1
STU0004,2025-03-05,11,250,4,1
STU0004,2025-03-12,10,285,5,2
STU0004,2025-03-19,8,250,5,3
STU0004,2025-03-26,8,247,5,2
STU0004,2025-04-02,9,216,4,3
STU0004,2025-04-09,11,254,4,3
STU0004,2025-04-16,12,261,4,4
STU0004,2025-04-23,8,200,4,3
STU0004,2025-04-30,7,263,5,1
STU0004,2025-05-07,11,281,4,2
STU0004,2025-05-14,9,250,3,4
STU0005,2025-01-01,5,156,3,2
STU0005,2025-01-08,7,168,3,2
STU0005,2025-01-15,3,208,3,3
STU0005,2025-01-22,7,215,3,3
STU0005,2025-01-29,9,166,1,2
STU0005,2025-02-05,4,112,3,0
STU0005,2025-02-12,5,172,1,3
STU0005,2025-02-19,6,171,3,2
STU0005,2025-02-26,5,118,1,1
STU0005,2025-03-05,8,220,1,2
STU0005,2025-03-12,6,166,1,1
STU0005,2025-03-19,6,148,1,1
STU0005,2025-03-26,6,220,1,0
STU0005,2025-04-02,3,197,1,2
STU0005,2025-04-09,9,183,3,3
STU0005,2025-04-16,4,145,1,3
STU0005,2025-04-23,5,162,1,2
STU0005,2025-04-30,4,209,1,0
STU0005,2025-05-07,7,196,1,3
STU0005,2025-05-14,3,133,3,0
STU0006,2025-01-01,3,140,2,3
STU0006,2025-01-08,5,205,1,3
STU0006,2025-01-15,4,194,3,2
STU0006,2025-01-22,3,188,1,1
STU0006,2025-01-29,6,167,2,0
STU0006,2025-02-05,6,176,3,1
STU0006,2025-02-12,4,194,3,2
STU0006,2025-02-19,3,113,1,3
STU0006,2025-02-26,3,210,1,0
STU0006,2025-03-05,9,135,3,3
STU0006,2025-03-12,3,183,2,0
STU0006,2025-03-19,7,137,2,3
STU0006,2025-03-26,7,111,3,3
STU0006,2025-04-02,6,206,3,1
STU0006,2025-04-09,6,131,3,0
STU0006,2025-04-16,6,206,3,1
STU0006,2025-04-23,6,148,3,1
STU0006,2025-04-30,6,143,2,0
STU0006,2025-05-07,3,109,1,3
STU0006,2025-05-14,8,181,3,3
STU0007,2025-01-01,7,160,2,0
STU0007,2025-01-08,8,211,3,0
STU0007,2025-01-15,4,188,2,1
STU0007,2025-01-22,6,203,4,3
STU0007,2025-01-29,7,218,2,0
STU0007,2025-02-05,7,135,2,2
STU0007,2025-02-12,10,154,3,0
STU0007,2025-02-19,4,186,2,0
STU0007,2025-02-26,4,123,2,1
STU0007,2025-03-05,5,215,2,1
STU0007,2025-03-12,9,173,4,1
STU0007,2025-03-19,10,243,4,0
STU0007,2025-03-26,6,135,4,0
STU0007,2025-04-02,4,241,2,0
STU0007,2025-04-09,9,171,4,1
STU0007,2025-04-16,10,157,4,0
STU0007,2025-04-23,4,223,3,3
STU0007,2025-04-30,7,201,4,3
STU0007,2025-05-07,10,131,2,0
STU0007,2025-05-14,6,201,3,0
STU0008,2025-01-01,6,290,4,2
STU0008,2025-01-08,12,211,5,2
STU0008,2025-01-15,11,208,4,1
STU0008,2025-01-22,10,237,4,2
STU0008,2025-01-29,10,308,4,4
STU0008,2025-02-05,6,244,4,2
STU0008,2025-02-12,6,197,4,1
STU0008,2025-02-19,12,289,3,3
STU0008,2025-02-26,8,298,4,4
STU0008,2025-03-05,8,230,3,2
STU0008,2025-03-12,11,224,5,2
STU0008,2025-03-19,11,199,5,2
STU0008,2025-03-26,8,295,4,1
STU0008,2025-04-02,8,278,4,3
STU0008,2025-04-09,10,296,4,1
STU0008,2025-04-16,7,226,3,3
STU0008,2025-04-23,11,287,3,4
STU0008,2025-04-30,7,220,4,2
STU0008,2025-05-07,7,203,5,4
STU0008,2025-05-14,11,230,4,4
STU0009,2025-01-01,6,227,1,1
STU0009,2025-01-08,4,107,1,0
STU0009,2025-01-15,6,118,3,1
STU0009,2025-01-22,7,209,3,1
STU0009,2025-01-29,3,137,1,3
STU0009,2025-02-05,6,161,3,3
STU0009,2025-02-12,5,146,3,1
STU0009,2025-02-19,4,172,3,3
STU0009,2025-02-26,7,108,2,1
STU0009,2025-03-05,7,114,1,2
STU0009,2025-03-12,7,162,1,0
STU0009,2025-03-19,8,181,2,3
STU0009,2025-03-26,6,217,2,3
STU0009,2025-04-02,4,179,2,0
STU0009,2025-04-09,8,127,3,3
STU0009,2025-04-16,8,146,3,0
STU0009,2025-04-23,8,112,2,3
STU0009,2025-04-30,3,160,2,2
STU0009,2025-05-07,9,139,2,2
STU0009,2025-05-14,8,145,2,2
STU0010,2025-01-01,4,119,3,0
STU0010,2025-01-08,2,148,3,3
STU0010,2025-01-15,1,104,1,2
STU0010,2025-01-22,2,119,3,1
STU0010,2025-01-29,6,167,1,3
STU0010,2025-02-05,7,87,1,1
STU0010,2025-02-12,7,119,2,3
STU0010,2025-02-19,3,92,3,2
STU0010,2025-02-26,2,123,2,2
STU0010,2025-03-05,4,148,2,2
STU0010,2025-03-12,6,95,3,0
STU0010,2025-03-19,2,174,3,0
STU0010,2025-03-26,6,63,1,0
STU0010,2025-04-02,7,98,1,3
STU0010,2025-04-09,4,101,3,2
STU0010,2025-04-16,3,175,1,1
STU0010,2025-04-23,2,77,1,2
STU0010,2025-04-30,7,102,3,1
STU0010,2025-05-07,2,104,2,3
STU0010,2025-05-14,5,163,1,1
STU0011,2025-01-01,10,220,4,3
STU0011,2025-01-08,10,169,3,2
STU0011,2025-01-15,6,200,4,1
STU0011,2025-01-22,9,123,2,0
STU0011,2025-01-29,4,148,2,3
STU0011,2025-02-05,9,173,2,0
STU0011,2025-02-12,6,209,3,3
STU0011,2025-02-19,4,135,3,0
STU0011,2025-02-26,4,241,2,2
STU0011,2025-03-05,9,221,4,0
STU0011,2025-03-12,9,171,2,1
STU0011,2025-03-19,4,168,2,2
STU0011,2025-03-26,5,193,2,0
STU0011,2025-04-02,6,192,3,3
STU0011,2025-04-09,6,127,4,0
STU0011,2025-04-16,7,148,4,3
STU0011,2025-04-23,9,169,2,2
STU0011,2025-04-30,7,227,4,1
STU0011,2025-05-07,4,234,3,0
STU0011,2025-05-14,4,206,4,0
STU0012,2025-01-01,4,122,3,2
STU0012,2025-01-08,6,147,1,0
STU0012,2025-01-15,5,177,2,1
STU0012,2025-01-22,5,215,1,3
STU0012,2025-01-29,6,169,3,2
STU0012,2025-02-05,5,176,3,3
STU0012,2025-02-12,9,143,3,0
STU0012,2025-02-19,10,200,3,1
STU0012,2025-02-26,7,229,1,1
STU0012,2025-03-05,10,169,2,3
STU0012,2025-03-12,9,147,3,0
STU0012,2025-03-19,4,158,1,0
STU0012,2025-03-26,9,126,2,2
STU0012,2025-04-02,5,229,3,3
STU0012,2025-04-09,4,154,1,2
STU0012,2025-04-16,10,142,2,2
STU0012,2025-04-23,5,194,1,0
STU0012,2025-04-30,10,167,3,2
STU0012,2025-05-07,9,167,1,2
STU0012,2025-05-14,5,183,3,1
STU0013,2025-01-01,12,304,5,1
STU0013,2025-01-08,9,252,4,2
STU0013,2025-01-15,11,258,5,3
STU0013,2025-01-22,8,300,3,3
STU0013,2025-01-29,10,225,5,4
STU0013,2025-02-05,8,220,5,3
STU0013,2025-02-12,9,301,4,2
STU0013,2025-02-19,12,254,5,4
STU0013,2025-02-26,12,294,3,3
STU0013,2025-03-05,8,293,5,4
STU0013,2025-03-12,10,260,5,2
STU0013,2025-03-19,7,307,4,3
STU0013,2025-03-26,8,277,4,1
STU0013,2025-04-02,11,272,4,2
STU0013,2025-04-09,6,191,3,1
STU0013,2025-04-16,8,270,5,4
STU0013,2025-04-23,6,203,4,4
STU0013,2025-04-30,10,230,4,3
STU0013,2025-05-07,7,261,5,1
STU0013,2025-05-14,11,233,4,4
STU0014,2025-01-01,11,356,3,4
STU0014,2025-01-08,12,259,3,2
STU0014,2025-01-15,12,280,3,1
STU0014,2025-01-22,8,332,5,2
STU0014,2025-01-29,13,281,5,3
STU0014,2025-02-05,9,313,4,2
STU0014,2025-02-12,14,318,4,4
STU0014,2025-02-19,13,263,4,4
STU0014,2025-02-26,13,332,3,1
STU0014,2025-03-05,9,341,4,2
STU0014,2025-03-12,10,283,5,4
STU0014,2025-03-19,14,241,3,2
STU0014,2025-03-26,8,331,3,1
STU0014,2025-04-02,11,281,3,4
STU0014,2025-04-09,9,322,3,3
STU0014,2025-04-16,12,262,4,2
STU0014,2025-04-23,10,343,5,2
STU0014,2025-04-30,8,280,3,3
STU0014,2025-05-07,11,311,4,3
STU0014,2025-05-14,9,307,4,4
STU0015,2025-01-01,7,264,3,2
STU0015,2025-01-08,9,293,5,2
STU0015,2025-01-15,9,320,5,1
STU0015,2025-01-22,7,322,4,3
STU0015,2025-01-29,11,320,3,3
STU0015,2025-02-05,10,226,5,4
STU0015,2025-02-12,8,284,4,3
STU0015,2025-02-19,8,292,3,1
STU0015,2025-02-26,10,216,3,1
STU0015,2025-03-05,12,282,5,2
STU0015,2025-03-12,11,259,5,4
STU0015,2025-03-19,11,243,3,4
STU0015,2025-03-26,10,248,3,3
STU0015,2025-04-02,8,256,5,4
STU0015,2025-04-09,13,223,3,4
STU0015,2025-04-16,13,326,5,3
STU0015,2025-04-23,7,311,4,4
STU0015,2025-04-30,11,281,3,2
STU0015,2025-05-07,12,275,4,4
STU0015,2025-05-14,11,248,5,3
STU0016,2025-01-01,5,102,2,2
STU0016,2025-01-08,9,165,1,1
STU0016,2025-01-15,3,190,1,0
STU0016,2025-01-22,5,140,3,2
STU0016,2025-01-29,5,95,1,3
STU0016,2025-02-05,8,199,1,0
STU0016,2025-02-12,7,97,2,0
STU0016,2025-02-19,8,123,2,1
STU0016,2025-02-26,4,121,3,2
STU0016,2025-03-05,8,107,3,2
STU0016,2025-03-12,9,113,1,0
STU0016,2025-03-19,6,196,2,3
STU0016,2025-03-26,3,117,3,0
STU0016,2025-04-02,9,148,3,1
STU0016,2025-04-09,9,171,3,3
STU0016,2025-04-16,3,174,3,2
STU0016,2025-04-23,7,129,3,2
STU0016,2025-04-30,5,131,1,0
STU0016,2025-05-07,3,151,3,2
STU0016,2025-05-14,9,135,3,3
STU0017,2025-01-01,13,280,4,3
STU0017,2025-01-08,8,300,4,4
STU0017,2025-01-15,14,325,5,3
STU0017,2025-01-22,14,230,5,2
STU0017,2025-01-29,8,269,3,2
STU0017,2025-02-05,14,240,4,2
STU0017,2025-02-12,14,318,3,4
STU0017,2025-02-19,9,223,4,4
STU0017,2025-02-26,13,263,4,4
STU0017,2025-03-05,11,329,3,4
STU0017,2025-03-12,8,241,4,1
STU0017,2025-03-19,11,310,4,4
STU0017,2025-03-26,11,223,4,3
STU0017,2025-04-02,8,283,4,2
STU0017,2025-04-09,11,228,3,4
STU0017,2025-04-16,12,296,4,3
STU0017,2025-04-23,10,328,5,2
STU0017,2025-04-30,9,267,4,4
STU0017,2025-05-07,10,328,3,3
STU0017,2025-05-14,8,241,5,3
STU0018,2025-01-01,3,185,2,1
STU0018,2025-01-08,7,154,3,2
STU0018,2025-01-15,7,207,1,2
STU0018,2025-01-22,7,199,2,0
STU0018,2025-01-29,3,99,1,1
STU0018,2025-02-05,3,214,3,3
STU0018,2025-02-12,3,148,3,1
STU0018,2025-02-19,7,212,3,0
STU0018,2025-02-26,7,126,3,1
STU0018,2025-03-05,6,109,3,0
STU0018,2025-03-12,7,174,3,1
STU0018,2025-03-19,7,206,1,3
STU0018,2025-03-26,7,115,1,3
STU0018,2025-04-02,5,99,1,0
STU0018,2025-04-09,6,193,2,3
STU0018,2025-04-16,6,194,1,0
STU0018,2025-04-23,7,103,3,3
STU0018,2025-04-30,8,155,3,2
STU0018,2025-05-07,8,115,1,3
STU0018,2025-05-14,4,138,3,0
STU0019,2025-01-01,6,143,4,1
STU0019,2025-01-08,5,192,2,3
STU0019,2025-01-15,10,182,3,0
STU0019,2025-01-22,7,189,2,0
STU0019,2025-01-29,5,137,4,3
STU0019,2025-02-05,6,199,2,0
STU0019,2025-02-12,5,168,2,3
STU0019,2025-02-19,9,181,2,2
STU0019,2025-02-26,6,205,2,3
STU0019,2025-03-05,7,211,3,0
STU0019,2025-03-12,4,237,4,1
STU0019,2025-03-19,6,182,3,2
STU0019,2025-03-26,4,176,2,0
STU0019,2025-04-02,7,148,3,0
STU0019,2025-04-09,10,169,3,1
STU0019,2025-04-16,7,149,4,0
STU0019,2025-04-23,10,221,2,2
STU0019,2025-04-30,4,156,3,0
STU0019,2025-05-07,5,152,3,3
STU0019,2025-05-14,4,218,3,2
STU0020,2025-01-01,11,247,5,4
STU0020,2025-01-08,9,251,4,3
STU0020,2025-01-15,10,283,4,3
STU0020,2025-01-22,12,226,5,2
STU0020,2025-01-29,7,259,4,2
STU0020,2025-02-05,11,265,5,2
STU0020,2025-02-12,7,291,3,3
STU0020,2025-02-19,9,259,5,4
STU0020,2025-02-26,10,229,3,3
STU0020,2025-03-05,7,221,3,3
STU0020,2025-03-12,7,220,4,4
STU0020,2025-03-19,9,200,5,4
STU0020,2025-03-26,9,282,4,4
STU0020,2025-04-02,12,289,3,4
STU0020,2025-04-09,13,228,4,4
STU0020,2025-04-16,10,204,3,3
STU0020,2025-04-23,7,215,4,2
STU0020,2025-04-30,12,296,5,2
STU0020,2025-05-07,9,304,3,1
STU0020,2025-05-14,10,241,4,2
STU0021,2025-01-01,8,225,4,3
STU0021,2025-01-08,7,239,3,2
STU0021,2025-01-15,7,229,2,0
STU0021,2025-01-22,7,236,3,0
STU0021,2025-01-29,10,162,4,1
STU0021,2025-02-05,5,180,3,3
STU0021,2025-02-12,7,164,3,0
STU0021,2025-02-19,4,242,4,2
STU0021,2025-02-26,5,206,3,0
STU0021,2025-03-05,9,230,2,1
STU0021,2025-03-12,9,139,2,1
STU0021,2025-03-19,9,249,3,0
STU0021,2025-03-26,8,226,2,2
STU0021,2025-04-02,9,228,4,1
STU0021,2025-04-09,7,226,4,0
STU0021,2025-04-16,7,157,4,1
STU0021,2025-04-23,10,249,2,1
STU0021,2025-04-30,4,217,2,3
STU0021,2025-05-07,7,182,3,3
STU0021,2025-05-14,9,178,2,2
STU0022,2025-01-01,11,304,5,4
STU0022,2025-01-08,13,354,5,4
STU0022,2025-01-15,12,309,5,3
STU0022,2025-01-22,10,348,5,4
STU0022,2025-01-29,12,332,4,4
STU0022,2025-02-05,13,313,4,1
STU0022,2025-02-12,8,276,5,1
STU0022,2025-02-19,11,356,5,3
STU0022,2025-02-26,11,247,5,1
STU0022,2025-03-05,11,314,5,2
STU0022,2025-03-12,14,267,5,3
STU0022,2025-03-19,8,241,5,2
STU0022,2025-03-26,9,336,4,4
STU0022,2025-04-02,11,305,4,3
STU0022,2025-04-09,9,241,3,2
STU0022,2025-04-16,9,359,4,3
STU0022,2025-04-23,8,321,3,1
STU0022,2025-04-30,10,356,3,3
STU0022,2025-05-07,8,251,4,2
STU0022,2025-05-14,8,332,4,4
STU0023,2025-01-01,8,295,3,2
STU0023,2025-01-08,7,230,3,3
STU0023,2025-01-15,10,234,4,4
STU0023,2025-01-22,6,218,5,4
STU0023,2025-01-29,12,275,3,1
STU0023,2025-02-05,10,221,5,2
STU0023,2025-02-12,12,278,5,4
STU0023,2025-02-19,6,225,4,2
STU0023,2025-02-26,10,241,5,4
STU0023,2025-03-05,9,195,3,4
STU0023,2025-03-12,9,249,4,2
STU0023,2025-03-19,6,268,3,3
STU0023,2025-03-26,8,267,4,4
STU0023,2025-04-02,12,195,4,2
STU0023,2025-04-09,12,202,4,2
STU0023,2025-04-16,11,304,5,2
STU0023,2025-04-23,11,299,4,3
STU0023,2025-04-30,7,306,3,2
STU0023,2025-05-07,12,303,3,1
STU0023,2025-05-14,10,285,4,1
STU0024,2025-01-01,6,140,2,1
STU0024,2025-01-08,6,147,4,3
STU0024,2025-01-15,4,161,3,2
STU0024,2025-01-22,5,247,2,3
STU0024,2025-01-29,9,165,2,0
STU0024,2025-02-05,5,172,4,1
STU0024,2025-02-12,6,142,3,3
STU0024,2025-02-19,4,236,4,3
STU0024,2025-02-26,10,239,3,1
STU0024,2025-03-05,10,143,3,3
STU0024,2025-03-12,8,243,4,2
STU0024,2025-03-19,9,152,4,1
STU0024,2025-03-26,4,138,2,3
STU0024,2025-04-02,5,197,3,1
STU0024,2025-04-09,4,224,3,0
STU0024,2025-04-16,7,232,3,0
STU0024,2025-04-23,9,253,3,3
STU0024,2025-04-30,5,144,2,1
STU0024,2025-05-07,6,221,2,2
STU0024,2025-05-14,8,183,2,3
STU0025,2025-01-01,12,277,5,3
STU0025,2025-01-08,7,273,4,4
STU0025,2025-01-15,8,256,3,3
STU0025,2025-01-22,9,256,3,4
STU0025,2025-01-29,9,313,5,4
STU0025,2025-02-05,13,259,4,2
STU0025,2025-02-12,13,293,3,4
STU0025,2025-02-19,11,242,5,4
STU0025,2025-02-26,10,207,5,4
STU0025,2025-03-05,7,217,3,2
STU0025,2025-03-12,13,283,5,1
STU0025,2025-03-19,10,243,5,4
STU0025,2025-03-26,7,280,4,1
STU0025,2025-04-02,7,211,3,4
STU0025,2025-04-09,11,305,4,2
STU0025,2025-04-16,12,230,4,3
STU0025,2025-04-23,8,251,5,3
STU0025,2025-04-30,8,195,5,1
STU0025,2025-05-07,8,272,5,4
STU0025,2025-05-14,11,276,3,4
STU0026,2025-01-01,10,158,3,2
STU0026,2025-01-08,10,194,3,0
STU0026,2025-01-15,9,219,4,3
STU0026,2025-01-22,8,204,4,2
STU0026,2025-01-29,8,205,4,3
STU0026,2025-02-05,9,156,4,1
STU0026,2025-02-12,9,144,2,1
STU0026,2025-02-19,9,196,2,1
STU0026,2025-02-26,7,192,3,3
STU0026,2025-03-05,4,204,4,1
STU0026,2025-03-12,7,168,3,3
STU0026,2025-03-19,8,169,3,2
STU0026,2025-03-26,7,212,4,3
STU0026,2025-04-02,6,149,2,1
STU0026,2025-04-09,6,217,3,2
STU0026,2025-04-16,5,124,4,0
STU0026,2025-04-23,5,138,2,1
STU0026,2025-04-30,6,180,3,0
STU0026,2025-05-07,6,131,2,1
STU0026,2025-05-14,7,172,3,1
STU0027,2025-01-01,8,215,2,0
STU0027,2025-01-08,7,148,2,2
STU0027,2025-01-15,8,195,3,3
STU0027,2025-01-22,4,125,2,1
STU0027,2025-01-29,8,167,2,1
STU0027,2025-02-05,4,216,3,2
STU0027,2025-02-12,6,169,2,0
STU0027,2025-02-19,4,184,1,0
STU0027,2025-02-26,6,121,1,0
STU0027,2025-03-05,4,145,2,3
STU0027,2025-03-12,5,127,3,3
STU0027,2025-03-19,8,188,1,3
STU0027,2025-03-26,7,174,3,1
STU0027,2025-04-02,8,224,3,1
STU0027,2025-04-09,9,214,3,1
STU0027,2025-04-16,4,177,1,1
STU0027,2025-04-23,7,170,2,1
STU0027,2025-04-30,7,205,2,1
STU0027,2025-05-07,5,178,1,3
STU0027,2025-05-14,4,184,3,3
STU0028,2025-01-01,7,110,2,2
STU0028,2025-01-08,4,192,1,1
STU0028,2025-01-15,5,101,2,1
STU0028,2025-01-22,6,166,2,1
STU0028,2025-01-29,8,177,2,1
STU0028,2025-02-05,3,171,3,0
STU0028,2025-02-12,6,217,3,2
STU0028,2025-02-19,7,148,1,1
STU0028,2025-02-26,4,215,2,1
STU0028,2025-03-05,7,213,3,2
STU0028,2025-03-12,3,166,2,3
STU0028,2025-03-19,4,189,1,3
STU0028,2025-03-26,8,177,2,1
STU0028,2025-04-02,7,108,1,3
STU0028,2025-04-09,6,153,2,3
STU0028,2025-04-16,9,196,3,3
STU0028,2025-04-23,6,182,3,1
STU0028,2025-04-30,8,174,2,0
STU0028,2025-05-07,7,105,3,0
STU0028,2025-05-14,5,180,3,3
STU0029,2025-01-01,8,305,4,2
STU0029,2025-01-08,7,193,4,2
STU0029,2025-01-15,11,251,4,1
STU0029,2025-01-22,11,243,3,3
STU0029,2025-01-29,7,238,3,1
STU0029,2025-02-05,11,219,3,2
STU0029,2025-02-12,8,260,5,4
STU0029,2025-02-19,9,213,4,3
STU0029,2025-02-26,6,256,5,3
STU0029,2025-03-05,12,266,3,4
STU0029,2025-03-12,12,239,3,2
STU0029,2025-03-19,7,263,4,1
STU0029,2025-03-26,9,219,4,4
STU0029,2025-04-02,7,222,4,4
STU0029,2025-04-09,12,215,5,3
STU0029,2025-04-16,9,286,3,4
STU0029,2025-04-23,11,278,5,3
STU0029,2025-04-30,6,190,4,2
STU0029,2025-05-07,10,307,5,3
STU0029,2025-05-14,12,218,5,3
STU0030,2025-01-01,10,275,2,1
STU0030,2025-01-08,10,255,4,4
STU0030,2025-01-15,9,291,4,2
STU0030,2025-01-22,12,265,3,3
STU0030,2025-01-29,11,178,3,1
STU0030,2025-02-05,12,210,4,1
STU0030,2025-02-12,8,240,3,2
STU0030,2025-02-19,8,268,4,4
STU0030,2025-02-26,8,210,2,3
STU0030,2025-03-05,12,217,2,4
STU0030,2025-03-12,12,213,4,4
STU0030,2025-03-19,6,267,2,4
STU0030,2025-03-26,9,268,4,4
STU0030,2025-04-02,9,194,2,2
STU0030,2025-04-09,7,265,3,3
STU0030,2025-04-16,12,292,3,1
STU0030,2025-04-23,12,217,2,2
STU0030,2025-04-30,6,177,2,4
STU0030,2025-05-07,6,193,3,3
STU0030,2025-05-14,11,183,3,4
STU0031,2025-01-01,14,337,5,4
STU0031,2025-01-08,14,340,5,4
STU0031,2025-01-15,13,298,3,1
STU0031,2025-01-22,10,239,4,3
STU0031,2025-01-29,9,337,5,4
STU0031,2025-02-05,13,302,5,1
STU0031,2025-02-12,8,345,4,1
STU0031,2025-02-19,9,323,3,4
STU0031,2025-02-26,10,337,3,1
STU0031,2025-03-05,8,277,5,1
STU0031,2025-03-12,10,272,5,3
STU0031,2025-03-19,12,254,5,2
STU0031,2025-03-26,14,244,4,3
STU0031,2025-04-02,10,271,4,3
STU0031,2025-04-09,9,253,3,2
STU0031,2025-04-16,8,264,5,3
STU0031,2025-04-23,10,324,3,2
STU0031,2025-04-30,12,328,5,3
STU0031,2025-05-07,13,236,4,4
STU0031,2025-05-14,12,302,3,2
STU0032,2025-01-01,6,204,4,1
STU0032,2025-01-08,8,229,4,3
STU0032,2025-01-15,10,290,2,4
STU0032,2025-01-22,6,218,4,4
STU0032,2025-01-29,10,221,4,1
STU0032,2025-02-05,6,281,3,2
STU0032,2025-02-12,9,289,2,1
STU0032,2025-02-19,12,191,4,4
STU0032,2025-02-26,8,179,4,1
STU0032,2025-03-05,6,232,2,1
STU0032,2025-03-12,11,222,4,2
STU0032,2025-03-19,12,241,2,1
STU0032,2025-03-26,8,214,2,4
STU0032,2025-04-02,12,240,4,4
STU0032,2025-04-09,7,238,4,2
STU0032,2025-04-16,6,273,4,2
STU0032,2025-04-23,10,210,2,3
STU0032,2025-04-30,7,183,4,3
STU0032,2025-05-07,6,215,3,1
STU0032,2025-05-14,10,293,2,1
STU0033,2025-01-01,7,111,1,3
STU0033,2025-01-08,3,132,3,2
STU0033,2025-01-15,8,166,3,3
STU0033,2025-01-22,5,132,3,0
STU0033,2025-01-29,7,133,2,0
STU0033,2025-02-05,7,210,1,3
STU0033,2025-02-12,5,138,2,0
STU0033,2025-02-19,7,197,1,3
STU0033,2025-02-26,8,207,1,2
STU0033,2025-03-05,5,164,2,2
STU0033,2025-03-12,7,159,1,2
STU0033,2025-03-19,6,147,1,1
STU0033,2025-03-26,3,208,3,0
STU0033,2025-04-02,9,146,2,0
STU0033,2025-04-09,7,182,2,2
STU0033,2025-04-16,8,149,1,2
STU0033,2025-04-23,3,208,1,1
STU0033,2025-04-30,9,212,3,1
STU0033,2025-05-07,5,105,2,3
STU0033,2025-05-14,8,146,2,3
STU0034,2025-01-01,11,163,3,1
STU0034,2025-01-08,7,235,2,3
STU0034,2025-01-15,10,203,4,4
STU0034,2025-01-22,8,198,3,2
STU0034,2025-01-29,11,258,3,2
STU0034,2025-02-05,9,168,4,3
STU0034,2025-02-12,8,190,2,4
STU0034,2025-02-19,6,268,4,1
STU0034,2025-02-26,10,180,3,2
STU0034,2025-03-05,5,244,4,4
STU0034,2025-03-12,11,264,2,1
STU0034,2025-03-19,5,173,3,4
STU0034,2025-03-26,11,190,3,1
STU0034,2025-04-02,11,254,3,2
STU0034,2025-04-09,7,242,4,2
STU0034,2025-04-16,6,166,2,1
STU0034,2025-04-23,11,236,4,1
STU0034,2025-04-30,6,211,4,4
STU0034,2025-05-07,11,242,2,2
STU0034,2025-05-14,8,213,2,1
STU0035,2025-01-01,7,91,1,0
STU0035,2025-01-08,5,178,3,1
STU0035,2025-01-15,1,96,2,1
STU0035,2025-01-22,2,125,3,0
STU0035,2025-01-29,2,102,2,1
STU0035,2025-02-05,7,88,3,1
STU0035,2025-02-12,5,119,2,1
STU0035,2025-02-19,7,109,2,2
STU0035,2025-02-26,4,178,3,3
STU0035,2025-03-05,4,160,3,0
STU0035,2025-03-12,6,147,2,0
STU0035,2025-03-19,1,69,3,2
STU0035,2025-03-26,5,136,3,2
STU0035,2025-04-02,6,159,1,0
STU0035,2025-04-09,3,123,2,0
STU0035,2025-04-16,1,172,2,2
STU0035,2025-04-23,2,150,3,2
STU0035,2025-04-30,4,132,1,0
STU0035,2025-05-07,4,121,3,2
STU0035,2025-05-14,5,181,3,0
STU0036,2025-01-01,9,133,3,0
STU0036,2025-01-08,5,182,3,0
STU0036,2025-01-15,5,131,2,3
STU0036,2025-01-22,3,210,3,2
STU0036,2025-01-29,5,111,2,0
STU0036,2025-02-05,3,97,2,2
STU0036,2025-02-12,6,204,1,3
STU0036,2025-02-19,6,151,3,2
STU0036,2025-02-26,5,206,2,2
STU0036,2025-03-05,4,196,3,3
STU0036,2025-03-12,4,160,2,3
STU0036,2025-03-19,6,143,3,2
STU0036,2025-03-26,7,173,1,1
STU0036,2025-04-02,8,126,2,2
STU0036,2025-04-09,9,199,1,1
STU0036,2025-04-16,9,168,1,3
STU0036,2025-04-23,4,120,2,3
STU0036,2025-04-30,5,162,2,0
STU0036,2025-05-07,7,179,2,0
STU0036,2025-05-14,5,146,1,1
STU0037,2025-01-01,8,187,4,3
STU0037,2025-01-08,9,280,2,3
STU0037,2025-01-15,11,186,2,1
STU0037,2025-01-22,10,206,2,2
STU0037,2025-01-29,5,246,2,3
STU0037,2025-02-05,8,174,2,4
STU0037,2025-02-12,5,180,3,3
STU0037,2025-02-19,8,184,3,3
STU0037,2025-02-26,8,266,4,2
STU0037,2025-03-05,8,181,4,2
STU0037,2025-03-12,6,258,4,1
STU0037,2025-03-19,8,257,3,1
STU0037,2025-03-26,9,249,3,2
STU0037,2025-04-02,6,204,4,3
STU0037,2025-04-09,10,226,3,2
STU0037,2025-04-16,5,187,4,3
STU0037,2025-04-23,10,247,4,4
STU0037,2025-04-30,7,161,4,4
STU0037,2025-05-07,7,217,3,1
STU0037,2025-05-14,11,217,2,4
STU0038,2025-01-01,3,143,3,3
STU0038,2025-01-08,2,165,2,2
STU0038,2025-01-15,5,113,2,3
STU0038,2025-01-22,6,143,1,3
STU0038,2025-01-29,2,134,1,2
STU0038,2025-02-05,4,89,2,0
STU0038,2025-02-12,2,134,1,2
STU0038,2025-02-19,4,112,2,0
STU0038,2025-02-26,6,184,3,1
STU0038,2025-03-05,4,83,2,1
STU0038,2025-03-12,6,125,1,2
STU0038,2025-03-19,6,102,1,0
STU0038,2025-03-26,5,178,1,3
STU0038,2025-04-02,2,184,3,3
STU0038,2025-04-09,4,147,1,2
STU0038,2025-04-16,4,111,1,1
STU0038,2025-04-23,5,158,2,1
STU0038,2025-04-30,2,82,2,3
STU0038,2025-05-07,6,82,2,3
STU0038,2025-05-14,7,83,2,2
STU0039,2025-01-01,7,258,4,2
STU0039,2025-01-08,8,274,4,3
STU0039,2025-01-15,7,306,5,1
STU0039,2025-01-22,8,248,3,4
STU0039,2025-01-29,11,222,3,1
STU0039,2025-02-05,10,228,5,3
STU0039,2025-02-12,10,296,3,3
STU0039,2025-02-19,9,227,4,3
STU0039,2025-02-26,7,249,5,3
STU0039,2025-03-05,9,282,3,4
STU0039,2025-03-12,13,241,4,1
STU0039,2025-03-19,13,273,3,4
STU0039,2025-03-26,10,306,3,1
STU0039,2025-04-02,11,246,3,1
STU0039,2025-04-09,10,319,5,3
STU0039,2025-04-16,11,231,4,2
STU0039,2025-04-23,8,297,3,1
STU0039,2025-04-30,10,332,3,3
STU0039,2025-05-07,12,333,4,3
STU0039,2025-05-14,9,257,3,2
STU0040,2025-01-01,6,273,3,4
STU0040,2025-01-08,11,189,4,3
STU0040,2025-01-15,11,281,3,1
STU0040,2025-01-22,10,199,5,4
STU0040,2025-01-29,7,216,3,1
STU0040,2025-02-05,7,252,5,4
STU0040,2025-02-12,7,280,3,4
STU0040,2025-02-19,7,210,3,4
STU0040,2025-02-26,7,295,4,3
STU0040,2025-03-05,6,222,3,2
STU0040,2025-03-12,11,238,3,3
STU0040,2025-03-19,10,195,4,4
STU0040,2025-03-26,7,234,3,3
STU0040,2025-04-02,12,207,3,4
STU0040,2025-04-09,12,294,5,3
STU0040,2025-04-16,8,264,3,1
STU0040,2025-04-23,12,293,4,2
STU0040,2025-04-30,10,248,3,3
STU0040,2025-05-07,12,236,3,2
STU0040,2025-05-14,11,273,4,4
STU0041,2025-01-01,7,171,3,1
STU0041,2025-01-08,10,201,2,1
STU0041,2025-01-15,9,224,4,4
STU0041,2025-01-22,6,212,3,1
STU0041,2025-01-29,10,193,2,3
STU0041,2025-02-05,10,242,2,1
STU0041,2025-02-12,11,202,3,1
STU0041,2025-02-19,11,161,4,1
STU0041,2025-02-26,10,178,3,3
STU0041,2025-03-05,8,192,4,1
STU0041,2025-03-12,10,250,2,3
STU0041,2025-03-19,7,266,2,4
STU0041,2025-03-26,5,158,3,2
STU0041,2025-04-02,9,249,4,2
STU0041,2025-04-09,6,177,4,3
STU0041,2025-04-16,6,199,3,2
STU0041,2025-04-23,9,235,4,3
STU0041,2025-04-30,9,191,3,2
STU0041,2025-05-07,6,194,2,4
STU0041,2025-05-14,7,264,3,3
STU0042,2025-01-01,5,215,3,3
STU0042,2025-01-08,7,184,3,2
STU0042,2025-01-15,6,152,2,2
STU0042,2025-01-22,7,164,4,1
STU0042,2025-01-29,7,201,3,3
STU0042,2025-02-05,6,237,3,0
STU0042,2025-02-12,5,149,4,0
STU0042,2025-02-19,4,160,2,0
STU0042,2025-02-26,5,167,4,3
STU0042,2025-03-05,6,239,2,2
STU0042,2025-03-12,5,148,3,2
STU0042,2025-03-19,9,204,2,2
STU0042,2025-03-26,6,225,3,3
STU0042,2025-04-02,6,211,4,1
STU0042,2025-04-09,8,193,4,1
STU0042,2025-04-16,8,227,2,2
STU0042,2025-04-23,5,186,3,1
STU0042,2025-04-30,4,218,2,2
STU0042,2025-05-07,9,170,3,1
STU0042,2025-05-14,4,184,2,3
STU0043,2025-01-01,7,261,3,4
STU0043,2025-01-08,9,282,2,4
STU0043,2025-01-15,10,266,4,2
STU0043,2025-01-22,11,206,3,1
STU0043,2025-01-29,8,234,3,4
STU0043,2025-02-05,6,176,4,1
STU0043,2025-02-12,11,290,2,1
STU0043,2025-02-19,12,201,2,2
STU0043,2025-02-26,7,287,2,2
STU0043,2025-03-05,7,248,3,3
STU0043,2025-03-12,6,196,2,4
STU0043,2025-03-19,10,239,2,2
STU0043,2025-03-26,7,193,4,3
STU0043,2025-04-02,8,186,3,2
STU0043,2025-04-09,7,226,2,2
STU0043,2025-04-16,9,269,4,2
STU0043,2025-04-23,6,211,3,3
STU0043,2025-04-30,7,290,3,1
STU0043,2025-05-07,8,256,2,3
STU0043,2025-05-14,8,189,4,4
STU0044,2025-01-01,7,198,3,3
STU0044,2025-01-08,8,193,2,0
STU0044,2025-01-15,9,144,4,2
STU0044,2025-01-22,10,206,2,1
STU0044,2025-01-29,5,183,4,2
STU0044,2025-02-05,5,154,2,3
STU0044,2025-02-12,5,172,3,2
STU0044,2025-02-19,7,207,4,0
STU0044,2025-02-26,5,153,4,3
STU0044,2025-03-05,10,223,4,1
STU0044,2025-03-12,4,133,3,3
STU0044,2025-03-19,4,201,3,1
STU0044,2025-03-26,5,154,4,0
STU0044,2025-04-02,6,166,3,2
STU0044,2025-04-09,5,187,4,3
STU0044,2025-04-16,7,210,2,3
STU0044,2025-04-23,4,241,2,1
STU0044,2025-04-30,6,183,3,0
STU0044,2025-05-07,9,203,2,0
STU0044,2025-05-14,8,207,4,3
STU0045,2025-01-01,6,160,1,2
STU0045,2025-01-08,2,144,3,3
STU0045,2025-01-15,5,203,3,3
STU0045,2025-01-22,6,156,3,1
STU0045,2025-01-29,7,150,1,0
STU0045,2025-02-05,7,155,2,3
STU0045,2025-02-12,4,132,1,1
STU0045,2025-02-19,3,167,1,0
STU0045,2025-02-26,2,101,2,0
STU0045,2025-03-05,4,126,1,3
STU0045,2025-03-12,8,199,2,3
STU0045,2025-03-19,3,198,2,1
STU0045,2025-03-26,4,109,1,1
STU0045,2025-04-02,5,87,1,3
STU0045,2025-04-09,5,138,3,3
STU0045,2025-04-16,8,196,3,2
STU0045,2025-04-23,8,152,3,2
STU0045,2025-04-30,3,91,1,3
STU0045,2025-05-07,3,199,1,0
STU0045,2025-05-14,7,168,3,3
STU0046,2025-01-01,6,242,2,2
STU0046,2025-01-08,9,210,3,3
STU0046,2025-01-15,5,232,4,3
STU0046,2025-01-22,9,178,4,2
STU0046,2025-01-29,9,157,2,0
STU0046,2025-02-05,6,177,3,3
STU0046,2025-02-12,4,216,2,1
STU0046,2025-02-19,9,139,4,1
STU0046,2025-02-26,7,174,4,3
STU0046,2025-03-05,4,203,4,2
STU0046,2025-03-12,8,181,4,3
STU0046,2025-03-19,8,156,3,2
STU0046,2025-03-26,5,164,2,1
STU0046,2025-04-02,4,165,4,2
STU0046,2025-04-09,10,174,2,0
STU0046,2025-04-16,5,176,4,3
STU0046,2025-04-23,4,186,2,0
STU0046,2025-04-30,10,211,4,0
STU0046,2025-05-07,8,137,4,2
STU0046,2025-05-14,4,215,4,0
STU0047,2025-01-01,5,108,2,0
STU0047,2025-01-08,5,93,2,0
STU0047,2025-01-15,7,137,1,0
STU0047,2025-01-22,8,123,3,2
STU0047,2025-01-29,6,173,2,1
STU0047,2025-02-05,7,181,2,1
STU0047,2025-02-12,9,146,2,0
STU0047,2025-02-19,4,114,2,2
STU0047,2025-02-26,6,110,2,2
STU0047,2025-03-05,8,121,3,1
STU0047,2025-03-12,5,136,1,3
STU0047,2025-03-19,3,201,2,1
STU0047,2025-03-26,5,96,3,0
STU0047,2025-04-02,6,129,3,2
STU0047,2025-04-09,4,140,3,1
STU0047,2025-04-16,7,182,3,3
STU0047,2025-04-23,7,176,2,1
STU0047,2025-04-30,6,194,2,1
STU0047,2025-05-07,3,165,1,0
STU0047,2025-05-14,4,112,2,3
STU0048,2025-01-01,4,77,2,1
STU0048,2025-01-08,7,161,3,0
STU0048,2025-01-15,5,165,2,0
STU0048,2025-01-22,2,63,3,3
STU0048,2025-01-29,5,153,1,3
STU0048,2025-02-05,6,93,2,0
STU0048,2025-02-12,7,169,3,2
STU0048,2025-02-19,5,71,1,3
STU0048,2025-02-26,3,146,1,1
STU0048,2025-03-05,1,118,1,1
STU0048,2025-03-12,6,171,2,1
STU0048,2025-03-19,2,125,3,3
STU0048,2025-03-26,1,131,2,0
STU0048,2025-04-02,3,177,3,1
STU0048,2025-04-09,4,160,2,2
STU0048,2025-04-16,5,120,1,2
STU0048,2025-04-23,2,121,1,3
STU0048,2025-04-30,2,66,3,0
STU0048,2025-05-07,3,91,1,1
STU0048,2025-05-14,1,62,1,1
STU0049,2025-01-01,4,113,3,3
STU0049,2025-01-08,4,121,2,0
STU0049,2025-01-15,3,183,1,0
STU0049,2025-01-22,2,110,1,3
STU0049,2025-01-29,6,94,3,2
STU0049,2025-02-05,6,161,3,2
STU0049,2025-02-12,3,83,2,3
STU0049,2025-02-19,3,76,2,2
STU0049,2025-02-26,3,67,3,0
STU0049,2025-03-05,3,147,3,2
STU0049,2025-03-12,7,137,1,1
STU0049,2025-03-19,2,110,2,2
STU0049,2025-03-26,3,174,3,3
STU0049,2025-04-02,5,128,1,1
STU0049,2025-04-09,5,104,2,1
STU0049,2025-04-16,4,75,3,2
STU0049,2025-04-23,4,86,1,1
STU0049,2025-04-30,3,82,2,1
STU0049,2025-05-07,8,104,3,2
STU0049,2025-05-14,7,88,3,3
STU0050,2025-01-01,9,177,3,1
STU0050,2025-01-08,8,131,3,3
STU0050,2025-01-15,5,155,2,2
STU0050,2025-01-22,7,129,3,1
STU0050,2025-01-29,5,121,1,3
STU0050,2025-02-05,3,186,2,2
STU0050,2025-02-12,3,154,2,0
STU0050,2025-02-19,4,124,3,0
STU0050,2025-02-26,5,134,1,1
STU0050,2025-03-05,5,132,2,1
STU0050,2025-03-12,3,212,2,2
STU0050,2025-03-19,3,112,2,1
STU0050,2025-03-26,4,162,3,0
STU0050,2025-04-02,4,182,2,0
STU0050,2025-04-09,5,112,1,2
STU0050,2025-04-16,4,147,3,3
STU0050,2025-04-23,4,204,2,2
STU0050,2025-04-30,4,158,1,0
STU0050,2025-05-07,4,215,2,2
STU0050,2025-05-14,8,139,2,1
STU0051,2025-01-01,9,237,3,4
STU0051,2025-01-08,10,230,3,3
STU0051,2025-01-15,9,236,4,2
STU0051,2025-01-22,9,251,4,4
STU0051,2025-01-29,11,199,2,1
STU0051,2025-02-05,11,204,2,2
STU0051,2025-02-12,7,237,4,2
STU0051,2025-02-19,12,187,3,1
STU0051,2025-02-26,7,257,3,4
STU0051,2025-03-05,6,252,4,4
STU0051,2025-03-12,6,212,4,3
STU0051,2025-03-19,10,187,4,3
STU0051,2025-03-26,6,214,4,4
STU0051,2025-04-02,8,229,2,4
STU0051,2025-04-09,11,180,2,3
STU0051,2025-04-16,10,216,4,2
STU0051,2025-04-23,9,178,3,2
STU0051,2025-04-30,12,195,4,4
STU0051,2025-05-07,10,215,4,4
STU0051,2025-05-14,6,214,2,1
STU0052,2025-01-01,10,302,4,4
STU0052,2025-01-08,6,272,4,2
STU0052,2025-01-15,10,298,3,2
STU0052,2025-01-22,11,229,4,1
STU0052,2025-01-29,10,250,4,1
STU0052,2025-02-05,9,258,3,2
STU0052,2025-02-12,6,290,5,2
STU0052,2025-02-19,8,280,5,4
STU0052,2025-02-26,11,293,5,1
STU0052,2025-03-05,6,209,3,2
STU0052,2025-03-12,9,213,3,2
STU0052,2025-03-19,7,297,5,3
STU0052,2025-03-26,11,259,4,1
STU0052,2025-04-02,11,273,3,2
STU0052,2025-04-09,6,245,3,2
STU0052,2025-04-16,7,191,3,2
STU0052,2025-04-23,8,280,5,2
STU0052,2025-04-30,7,214,5,3
STU0052,2025-05-07,6,199,5,1
STU0052,2025-05-14,7,266,5,4
STU0053,2025-01-01,12,272,3,2
STU0053,2025-01-08,10,283,4,4
STU0053,2025-01-15,10,198,3,4
STU0053,2025-01-22,9,234,4,2
STU0053,2025-01-29,7,228,2,3
STU0053,2025-02-05,7,194,4,4
STU0053,2025-02-12,12,289,3,3
STU0053,2025-02-19,6,216,3,3
STU0053,2025-02-26,12,243,3,3
STU0053,2025-03-05,9,212,2,1
STU0053,2025-03-12,9,197,2,4
STU0053,2025-03-19,10,186,3,3
STU0053,2025-03-26,12,250,4,1
STU0053,2025-04-02,10,242,4,4
STU0053,2025-04-09,7,184,2,1
STU0053,2025-04-16,6,204,2,1
STU0053,2025-04-23,10,212,2,2
STU0053,2025-04-30,10,193,3,1
STU0053,2025-05-07,10,268,4,1
STU0053,2025-05-14,12,187,4,4
STU0054,2025-01-01,5,106,0,1
STU0054,2025-01-08,1,134,1,0
STU0054,2025-01-15,4,150,1,2
STU0054,2025-01-22,1,165,1,2
STU0054,2025-01-29,2,162,0,3
STU0054,2025-02-05,1,159,2,1
STU0054,2025-02-12,5,125,2,0
STU0054,2025-02-19,2,144,2,2
STU0054,2025-02-26,6,87,0,3
STU0054,2025-03-05,1,140,1,1
STU0054,2025-03-12,6,106,0,2
STU0054,2025-03-19,7,61,2,2
STU0054,2025-03-26,7,68,2,3
STU0054,2025-04-02,2,70,0,0
STU0054,2025-04-09,2,116,0,2
STU0054,2025-04-16,4,145,2,2
STU0054,2025-04-23,1,58,0,3
STU0054,2025-04-30,4,172,0,1
STU0054,2025-05-07,4,163,2,2
STU0054,2025-05-14,5,88,0,2
STU0055,2025-01-01,4,148,3,1
STU0055,2025-01-08,7,146,1,3
STU0055,2025-01-15,4,142,2,0
STU0055,2025-01-22,9,117,2,2
STU0055,2025-01-29,9,201,2,3
STU0055,2025-02-05,6,207,3,2
STU0055,2025-02-12,9,163,1,1
STU0055,2025-02-19,4,189,3,0
STU0055,2025-02-26,9,217,1,0
STU0055,2025-03-05,4,208,3,0
STU0055,2025-03-12,5,168,3,2
STU0055,2025-03-19,8,117,1,2
STU0055,2025-03-26,7,112,1,0
STU0055,2025-04-02,3,138,2,0
STU0055,2025-04-09,4,126,3,2
STU0055,2025-04-16,4,215,2,3
STU0055,2025-04-23,7,122,3,0
STU0055,2025-04-30,3,202,2,0
STU0055,2025-05-07,7,116,1,1
STU0055,2025-05-14,5,156,1,0
STU0056,2025-01-01,6,168,2,3
STU0056,2025-01-08,3,123,2,0
STU0056,2025-01-15,6,176,3,1
STU0056,2025-01-22,6,172,3,2
STU0056,2025-01-29,9,164,3,3
STU0056,2025-02-05,3,174,1,1
STU0056,2025-02-12,9,173,1,2
STU0056,2025-02-19,6,190,2,0
STU0056,2025-02-26,5,116,1,2
STU0056,2025-03-05,6,134,1,0
STU0056,2025-03-12,4,171,1,0
STU0056,2025-03-19,4,119,3,0
STU0056,2025-03-26,8,143,3,1
STU0056,2025-04-02,5,185,1,2
STU0056,2025-04-09,8,134,1,2
STU0056,2025-04-16,9,142,2,3
STU0056,2025-04-23,7,164,3,2
STU0056,2025-04-30,4,206,2,3
STU0056,2025-05-07,4,143,3,0
STU0056,2025-05-14,9,107,1,3
STU0057,2025-01-01,11,304,5,2
STU0057,2025-01-08,9,272,4,1
STU0057,2025-01-15,8,270,3,3
STU0057,2025-01-22,8,322,3,2
STU0057,2025-01-29,13,242,3,1
STU0057,2025-02-05,11,336,4,4
STU0057,2025-02-12,8,298,3,4
STU0057,2025-02-19,13,356,3,4
STU0057,2025-02-26,13,329,4,3
STU0057,2025-03-05,14,289,4,2
STU0057,2025-03-12,14,319,3,4
STU0057,2025-03-19,9,304,4,1
STU0057,2025-03-26,12,250,5,4
STU0057,2025-04-02,12,287,5,2
STU0057,2025-04-09,9,336,4,3
STU0057,2025-04-16,10,244,4,3
STU0057,2025-04-23,11,255,4,4
STU0057,2025-04-30,14,296,3,1
STU0057,2025-05-07,14,265,5,4
STU0057,2025-05-14,14,262,5,4
STU0058,2025-01-01,3,75,3,0
STU0058,2025-01-08,5,72,3,2
STU0058,2025-01-15,6,158,2,0
STU0058,2025-01-22,5,166,3,1
STU0058,2025-01-29,8,96,1,0
STU0058,2025-02-05,2,128,1,3
STU0058,2025-02-12,5,177,3,3
STU0058,2025-02-19,3,176,2,1
STU0058,2025-02-26,2,161,3,2
STU0058,2025-03-05,8,143,3,1
STU0058,2025-03-12,8,116,3,2
STU0058,2025-03-19,7,164,3,0
STU0058,2025-03-26,8,174,2,3
STU0058,2025-04-02,2,171,2,3
STU0058,2025-04-09,2,177,1,3
STU0058,2025-04-16,4,121,2,3
STU0058,2025-04-23,8,188,3,2
STU0058,2025-04-30,2,159,2,2
STU0058,2025-05-07,5,121,2,3
STU0058,2025-05-14,2,114,2,0
STU0059,2025-01-01,2,186,1,1
STU0059,2025-01-08,2,200,2,0
STU0059,2025-01-15,2,147,3,0
STU0059,2025-01-22,7,124,3,1
STU0059,2025-01-29,8,128,3,3
STU0059,2025-02-05,5,161,3,1
STU0059,2025-02-12,8,194,2,1
STU0059,2025-02-19,4,173,2,1
STU0059,2025-02-26,4,139,2,0
STU0059,2025-03-05,4,84,3,1
STU0059,2025-03-12,3,125,3,2
STU0059,2025-03-19,6,87,3,3
STU0059,2025-03-26,2,145,2,1
STU0059,2025-04-02,8,82,2,1
STU0059,2025-04-09,4,99,1,3
STU0059,2025-04-16,6,128,1,1
STU0059,2025-04-23,8,192,1,0
STU0059,2025-04-30,2,172,1,1
STU0059,2025-05-07,6,150,3,1
STU0059,2025-05-14,2,153,1,2
STU0060,2025-01-01,6,177,2,4
STU0060,2025-01-08,12,282,3,3
STU0060,2025-01-15,10,210,4,1
STU0060,2025-01-22,6,285,3,1
STU0060,2025-01-29,8,226,3,1
STU0060,2025-02-05,7,277,3,4
STU0060,2025-02-12,10,233,2,1
STU0060,2025-02-19,10,212,4,1
STU0060,2025-02-26,7,258,3,1
STU0060,2025-03-05,8,221,2,4
STU0060,2025-03-12,10,280,2,1
STU0060,2025-03-19,10,268,2,4
STU0060,2025-03-26,8,238,4,2
STU0060,2025-04-02,9,188,3,4
STU0060,2025-04-09,6,223,4,2
STU0060,2025-04-16,9,227,4,4
STU0060,2025-04-23,6,229,4,4
STU0060,2025-04-30,8,194,4,4
STU0060,2025-05-07,11,289,4,3
STU0060,2025-05-14,11,271,2,4
STU0061,2025-01-01,12,234,4,3
STU0061,2025-01-08,13,291,5,4
STU0061,2025-01-15,12,291,5,1
STU0061,2025-01-22,13,303,4,1
STU0061,2025-01-29,13,239,4,3
STU0061,2025-02-05,14,242,4,4
STU0061,2025-02-12,8,268,3,4
STU0061,2025-02-19,10,341,4,1
STU0061,2025-02-26,10,277,3,3
STU0061,2025-03-05,10,329,5,1
STU0061,2025-03-12,12,317,5,4
STU0061,2025-03-19,11,288,5,3
STU0061,2025-03-26,14,225,3,2
STU0061,2025-04-02,12,236,5,2
STU0061,2025-04-09,12,281,3,4
STU0061,2025-04-16,10,329,5,1
STU0061,2025-04-23,10,334,3,1
STU0061,2025-04-30,8,252,4,3
STU0061,2025-05-07,9,292,5,2
STU0061,2025-05-14,12,306,3,3
STU0062,2025-01-01,1,97,2,1
STU0062,2025-01-08,3,120,3,3
STU0062,2025-01-15,6,153,1,2
STU0062,2025-01-22,7,116,1,1
STU0062,2025-01-29,4,144,1,3
STU0062,2025-02-05,2,89,1,0
STU0062,2025-02-12,2,99,2,2
STU0062,2025-02-19,3,110,3,2
STU0062,2025-02-26,7,175,1,1
STU0062,2025-03-05,7,68,3,0
STU0062,2025-03-12,7,177,3,2
STU0062,2025-03-19,3,136,2,3
STU0062,2025-03-26,1,122,2,1
STU0062,2025-04-02,1,160,2,0
STU0062,2025-04-09,5,139,1,2
STU0062,2025-04-16,4,117,2,0
STU0062,2025-04-23,4,62,3,2
STU0062,2025-04-30,1,71,1,1
STU0062,2025-05-07,6,167,2,3
STU0062,2025-05-14,6,80,2,3
STU0063,2025-01-01,10,206,2,1
STU0063,2025-01-08,5,248,4,1
STU0063,2025-01-15,6,223,2,3
STU0063,2025-01-22,8,253,4,3
STU0063,2025-01-29,7,158,2,1
STU0063,2025-02-05,11,188,3,3
STU0063,2025-02-12,5,200,3,4
STU0063,2025-02-19,10,186,2,3
STU0063,2025-02-26,10,213,2,4
STU0063,2025-03-05,7,211,2,2
STU0063,2025-03-12,5,176,2,4
STU0063,2025-03-19,7,225,4,2
STU0063,2025-03-26,11,273,4,2
STU0063,2025-04-02,9,245,2,3
STU0063,2025-04-09,6,214,2,1
STU0063,2025-04-16,10,185,4,4
STU0063,2025-04-23,10,206,4,1
STU0063,2025-04-30,10,214,2,1
STU0063,2025-05-07,10,262,2,2
STU0063,2025-05-14,10,191,4,2
STU0064,2025-01-01,8,165,1,1
STU0064,2025-01-08,7,125,2,2
STU0064,2025-01-15,5,128,2,2
STU0064,2025-01-22,5,115,3,2
STU0064,2025-01-29,3,172,1,2
STU0064,2025-02-05,2,163,2,2
STU0064,2025-02-12,3,119,3,0
STU0064,2025-02-19,5,122,2,3
STU0064,2025-02-26,8,147,2,3
STU0064,2025-03-05,8,110,3,2
STU0064,2025-03-12,7,161,2,2
STU0064,2025-03-19,5,171,2,2
STU0064,2025-03-26,2,165,3,1
STU0064,2025-04-02,4,83,2,1
STU0064,2025-04-09,4,115,3,1
STU0064,2025-04-16,8,149,3,2
STU0064,2025-04-23,2,117,2,1
STU0064,2025-04-30,3,151,3,3
STU0064,2025-05-07,3,107,1,0
STU0064,2025-05-14,6,125,2,3
STU0065,2025-01-01,6,195,4,1
STU0065,2025-01-08,7,198,4,4
STU0065,2025-01-15,10,224,3,3
STU0065,2025-01-22,8,282,3,2
STU0065,2025-01-29,9,219,4,1
STU0065,2025-02-05,5,186,2,4
STU0065,2025-02-12,11,261,2,4
STU0065,2025-02-19,8,273,4,4
STU0065,2025-02-26,5,273,3,4
STU0065,2025-03-05,8,247,4,3
STU0065,2025-03-12,10,279,2,1
STU0065,2025-03-19,7,249,4,1
STU0065,2025-03-26,10,267,3,4
STU0065,2025-04-02,9,199,3,2
STU0065,2025-04-09,6,267,2,4
STU0065,2025-04-16,6,195,3,3
STU0065,2025-04-23,5,230,4,4
STU0065,2025-04-30,11,202,2,3
STU0065,2025-05-07,6,172,2,1
STU0065,2025-05-14,7,276,2,2
STU0066,2025-01-01,8,176,1,3
STU0066,2025-01-08,7,116,3,3
STU0066,2025-01-15,8,175,2,2
STU0066,2025-01-22,9,123,3,2
STU0066,2025-01-29,6,217,2,0
STU0066,2025-02-05,9,210,1,3
STU0066,2025-02-12,3,212,3,2
STU0066,2025-02-19,7,140,3,3
STU0066,2025-02-26,6,114,1,2
STU0066,2025-03-05,5,198,1,1
STU0066,2025-03-12,6,149,1,1
STU0066,2025-03-19,5,159,2,2
STU0066,2025-03-26,4,198,3,2
STU0066,2025-04-02,8,172,3,3
STU0066,2025-04-09,9,229,1,2
STU0066,2025-04-16,3,158,3,1
STU0066,2025-04-23,4,110,1,1
STU0066,2025-04-30,9,223,2,0
STU0066,2025-05-07,3,137,3,0
STU0066,2025-05-14,7,116,1,1
STU0067,2025-01-01,3,194,2,0
STU0067,2025-01-08,3,191,3,2
STU0067,2025-01-15,6,186,2,2
STU0067,2025-01-22,5,156,3,3
STU0067,2025-01-29,4,136,3,1
STU0067,2025-02-05,4,170,1,1
STU0067,2025-02-12,7,107,1,1
STU0067,2025-02-19,8,189,1,1
STU0067,2025-02-26,6,148,3,2
STU0067,2025-03-05,7,165,1,2
STU0067,2025-03-12,7,164,3,0
STU0067,2025-03-19,7,133,2,3
STU0067,2025-03-26,4,116,3,3
STU0067,2025-04-02,5,164,2,2
STU0067,2025-04-09,6,117,2,0
STU0067,2025-04-16,8,123,2,0
STU0067,2025-04-23,8,117,2,2
STU0067,2025-04-30,6,207,3,2
STU0067,2025-05-07,5,171,3,0
STU0067,2025-05-14,7,106,2,3
STU0068,2025-01-01,13,195,5,3
STU0068,2025-01-08,10,259,3,1
STU0068,2025-01-15,13,245,3,4
STU0068,2025-01-22,9,243,5,3
STU0068,2025-01-29,11,306,5,4
STU0068,2025-02-05,8,226,4,3
STU0068,2025-02-12,10,308,3,1
STU0068,2025-02-19,8,285,5,3
STU0068,2025-02-26,13,209,5,1
STU0068,2025-03-05,11,214,4,3
STU0068,2025-03-12,11,223,5,1
STU0068,2025-03-19,11,258,3,1
STU0068,2025-03-26,8,209,3,2
STU0068,2025-04-02,13,201,4,1
STU0068,2025-04-09,8,274,5,3
STU0068,2025-04-16,7,218,4,3
STU0068,2025-04-23,7,233,4,1
STU0068,2025-04-30,12,241,5,3
STU0068,2025-05-07,8,221,4,1
STU0068,2025-05-14,7,290,5,4
STU0069,2025-01-01,4,117,1,0
STU0069,2025-01-08,5,63,0,1
STU0069,2025-01-15,2,77,2,3
STU0069,2025-01-22,1,117,0,2
STU0069,2025-01-29,7,168,1,2
STU0069,2025-02-05,2,77,1,3
STU0069,2025-02-12,3,169,2,2
STU0069,2025-02-19,4,91,2,1
STU0069,2025-02-26,1,156,0,1
STU0069,2025-03-05,2,84,0,2
STU0069,2025-03-12,7,89,0,3
STU0069,2025-03-19,6,112,1,1
STU0069,2025-03-26,1,152,1,2
STU0069,2025-04-02,5,79,0,3
STU0069,2025-04-09,6,92,1,3
STU0069,2025-04-16,5,76,0,2
STU0069,2025-04-23,2,68,0,0
STU0069,2025-04-30,2,102,1,1
STU0069,2025-05-07,6,135,0,1
STU0069,2025-05-14,1,118,2,0
STU0070,2025-01-01,4,96,1,2
STU0070,2025-01-08,5,84,3,3
STU0070,2025-01-15,5,197,1,3
STU0070,2025-01-22,5,188,3,1
STU0070,2025-01-29,8,189,2,2
STU0070,2025-02-05,7,186,2,2
STU0070,2025-02-12,7,187,2,2
STU0070,2025-02-19,7,159,2,0
STU0070,2025-02-26,2,111,1,2
STU0070,2025-03-05,8,178,3,3
STU0070,2025-03-12,8,149,2,1
STU0070,2025-03-19,2,168,1,1
STU0070,2025-03-26,4,102,2,2
STU0070,2025-04-02,4,158,3,3
STU0070,2025-04-09,3,155,2,3
STU0070,2025-04-16,6,118,2,1
STU0070,2025-04-23,7,94,1,0
STU0070,2025-04-30,3,191,2,2
STU0070,2025-05-07,6,173,2,1
STU0070,2025-05-14,5,106,3,1
STU0071,2025-01-01,8,192,2,2
STU0071,2025-01-08,3,197,1,3
STU0071,2025-01-15,8,99,3,1
STU0071,2025-01-22,6,129,1,0
STU0071,2025-01-29,8,90,1,1
STU0071,2025-02-05,7,189,2,1
STU0071,2025-02-12,9,156,3,0
STU0071,2025-02-19,6,121,2,3
STU0071,2025-02-26,8,204,3,2
STU0071,2025-03-05,7,153,1,3
STU0071,2025-03-12,8,169,2,0
STU0071,2025-03-19,8,183,3,0
STU0071,2025-03-26,7,195,2,2
STU0071,2025-04-02,4,185,3,1
STU0071,2025-04-09,5,142,1,1
STU0071,2025-04-16,7,132,1,1
STU0071,2025-04-23,3,203,1,0
STU0071,2025-04-30,7,150,1,0
STU0071,2025-05-07,3,95,3,1
STU0071,2025-05-14,4,106,1,2
STU0072,2025-01-01,4,110,3,1
STU0072,2025-01-08,3,163,3,1
STU0072,2025-01-15,7,185,2,3
STU0072,2025-01-22,9,100,3,0
STU0072,2025-01-29,5,148,2,0
STU0072,2025-02-05,9,151,1,0
STU0072,2025-02-12,9,105,2,3
STU0072,2025-02-19,9,162,1,2
STU0072,2025-02-26,9,153,2,0
STU0072,2025-03-05,9,109,2,1
STU0072,2025-03-12,7,99,2,3
STU0072,2025-03-19,5,101,3,3
STU0072,2025-03-26,7,161,3,2
STU0072,2025-04-02,6,185,2,0
STU0072,2025-04-09,4,153,1,0
STU0072,2025-04-16,6,96,1,2
STU0072,2025-04-23,3,113,3,2
STU0072,2025-04-30,9,137,1,3
STU0072,2025-05-07,9,119,1,3
STU0072,2025-05-14,9,200,1,2
STU0073,2025-01-01,8,322,4,1
STU0073,2025-01-08,12,334,4,3
STU0073,2025-01-15,13,312,5,3
STU0073,2025-01-22,10,328,4,4
STU0073,2025-01-29,11,267,4,4
STU0073,2025-02-05,10,312,5,3
STU0073,2025-02-12,10,292,3,3
STU0073,2025-02-19,8,305,5,3
STU0073,2025-02-26,7,216,3,1
STU0073,2025-03-05,13,303,3,2
STU0073,2025-03-12,13,334,4,3
STU0073,2025-03-19,8,271,5,3
STU0073,2025-03-26,10,307,3,1
STU0073,2025-04-02,13,274,3,2
STU0073,2025-04-09,8,237,3,3
STU0073,2025-04-16,13,306,5,2
STU0073,2025-04-23,8,275,4,2
STU0073,2025-04-30,12,307,3,2
STU0073,2025-05-07,12,244,4,3
STU0073,2025-05-14,7,228,4,3
STU0074,2025-01-01,8,296,4,4
STU0074,2025-01-08,10,295,5,4
STU0074,2025-01-15,14,291,3,1
STU0074,2025-01-22,13,319,3,1
STU0074,2025-01-29,8,349,4,1
STU0074,2025-02-05,14,251,5,4
STU0074,2025-02-12,9,318,5,3
STU0074,2025-02-19,11,313,3,2
STU0074,2025-02-26,13,262,4,1
STU0074,2025-03-05,10,243,3,4
STU0074,2025-03-12,12,318,5,4
STU0074,2025-03-19,9,247,4,3
STU0074,2025-03-26,13,280,5,1
STU0074,2025-04-02,13,238,5,4
STU0074,2025-04-09,10,299,4,4
STU0074,2025-04-16,10,248,5,2
STU0074,2025-04-23,8,301,3,2
STU0074,2025-04-30,9,298,3,3
STU0074,2025-05-07,10,268,4,3
STU0074,2025-05-14,8,249,5,2
STU0075,2025-01-01,7,155,1,1
STU0075,2025-01-08,6,132,3,2
STU0075,2025-01-15,8,99,3,2
STU0075,2025-01-22,3,164,1,1
STU0075,2025-01-29,5,180,2,2
STU0075,2025-02-05,5,91,1,3
STU0075,2025-02-12,8,189,2,1
STU0075,2025-02-19,3,193,2,0
STU0075,2025-02-26,2,92,2,2
STU0075,2025-03-05,3,137,1,2
STU0075,2025-03-12,4,187,3,3
STU0075,2025-03-19,2,109,2,1
STU0075,2025-03-26,2,166,1,1
STU0075,2025-04-02,5,107,3,3
STU0075,2025-04-09,5,126,2,0
STU0075,2025-04-16,5,174,1,2
STU0075,2025-04-23,2,150,2,3
STU0075,2025-04-30,2,164,2,3
STU0075,2025-05-07,5,196,1,0
STU0075,2025-05-14,8,180,3,1
STU0076,2025-01-01,8,207,2,0
STU0076,2025-01-08,9,136,3,2
STU0076,2025-01-15,8,189,3,1
STU0076,2025-01-22,6,205,2,0
STU0076,2025-01-29,8,197,3,1
STU0076,2025-02-05,5,222,3,1
STU0076,2025-02-12,4,167,4,1
STU0076,2025-02-19,8,214,4,3
STU0076,2025-02-26,8,146,4,3
STU0076,2025-03-05,4,218,3,2
STU0076,2025-03-12,9,184,4,3
STU0076,2025-03-19,5,166,3,2
STU0076,2025-03-26,10,209,3,2
STU0076,2025-04-02,9,221,2,1
STU0076,2025-04-09,4,187,4,1
STU0076,2025-04-16,6,233,3,1
STU0076,2025-04-23,4,135,2,2
STU0076,2025-04-30,8,141,4,3
STU0076,2025-05-07,6,185,4,1
STU0076,2025-05-14,6,229,3,0
STU0077,2025-01-01,13,330,3,3
STU0077,2025-01-08,14,250,4,2
STU0077,2025-01-15,8,335,5,2
STU0077,2025-01-22,11,313,3,4
STU0077,2025-01-29,14,341,4,2
STU0077,2025-02-05,10,227,4,2
STU0077,2025-02-12,9,341,5,1
STU0077,2025-02-19,12,232,4,4
STU0077,2025-02-26,8,336,4,4
STU0077,2025-03-05,13,233,3,1
STU0077,2025-03-12,9,257,3,2
STU0077,2025-03-19,8,338,4,2
STU0077,2025-03-26,11,229,4,3
STU0077,2025-04-02,10,279,4,1
STU0077,2025-04-09,11,301,5,1
STU0077,2025-04-16,12,255,5,1
STU0077,2025-04-23,8,322,3,1
STU0077,2025-04-30,14,222,3,2
STU0077,2025-05-07,9,228,5,2
STU0077,2025-05-14,13,236,4,1
STU0078,2025-01-01,3,169,0,0
STU0078,2025-01-08,1,145,0,1
STU0078,2025-01-15,1,97,2,0
STU0078,2025-01-22,5,71,1,3
STU0078,2025-01-29,2,86,1,1
STU0078,2025-02-05,6,109,2,3
STU0078,2025-02-12,3,93,1,0
STU0078,2025-02-19,5,145,2,2
STU0078,2025-02-26,4,123,2,0
STU0078,2025-03-05,3,167,2,1
STU0078,2025-03-12,2,168,1,2
STU0078,2025-03-19,5,149,1,2
STU0078,2025-03-26,4,165,0,0
STU0078,2025-04-02,3,117,1,0
STU0078,2025-04-09,5,75,2,0
STU0078,2025-04-16,7,117,0,1
STU0078,2025-04-23,5,165,0,3
STU0078,2025-04-30,3,106,0,3
STU0078,2025-05-07,5,133,2,3
STU0078,2025-05-14,5,165,0,1
STU0079,2025-01-01,11,281,4,1
STU0079,2025-01-08,11,323,5,2
STU0079,2025-01-15,13,321,4,4
STU0079,2025-01-22,13,233,5,4
STU0079,2025-01-29,13,330,4,3
STU0079,2025-02-05,11,347,4,4
STU0079,2025-02-12,10,337,5,4
STU0079,2025-02-19,11,314,4,4
STU0079,2025-02-26,11,285,4,2
STU0079,2025-03-05,13,315,5,1
STU0079,2025-03-12,8,345,4,3
STU0079,2025-03-19,8,323,4,2
STU0079,2025-03-26,9,313,5,2
STU0079,2025-04-02,14,290,3,2
STU0079,2025-04-09,12,260,4,4
STU0079,2025-04-16,14,266,5,1
STU0079,2025-04-23,13,322,3,4
STU0079,2025-04-30,11,301,5,4
STU0079,2025-05-07,14,273,4,1
STU0079,2025-05-14,11,261,5,3
STU0080,2025-01-01,9,318,4,1
STU0080,2025-01-08,12,306,4,2
STU0080,2025-01-15,7,269,3,2
STU0080,2025-01-22,7,242,3,1
STU0080,2025-01-29,12,253,5,4
STU0080,2025-02-05,12,282,5,2
STU0080,2025-02-12,13,291,5,1
STU0080,2025-02-19,8,302,5,2
STU0080,2025-02-26,11,295,4,3
STU0080,2025-03-05,13,307,4,4
STU0080,2025-03-12,11,307,3,1
STU0080,2025-03-19,11,277,5,2
STU0080,2025-03-26,10,315,5,1
STU0080,2025-04-02,10,287,5,1
STU0080,2025-04-09,13,299,5,1
STU0080,2025-04-16,10,227,3,1
STU0080,2025-04-23,9,305,4,2
STU0080,2025-04-30,13,250,4,1
STU0080,2025-05-07,11,316,4,3
STU0080,2025-05-14,13,269,3,3
STU0081,2025-01-01,8,224,3,3
STU0081,2025-01-08,4,143,4,3
STU0081,2025-01-15,10,227,2,2
STU0081,2025-01-22,8,196,4,2
STU0081,2025-01-29,10,203,3,1
STU0081,2025-02-05,6,154,3,2
STU0081,2025-02-12,10,229,4,0
STU0081,2025-02-19,8,161,2,3
STU0081,2025-02-26,5,209,4,3
STU0081,2025-03-05,7,151,3,0
STU0081,2025-03-12,8,206,3,1
STU0081,2025-03-19,8,214,3,0
STU0081,2025-03-26,4,242,4,1
STU0081,2025-04-02,5,237,2,2
STU0081,2025-04-09,10,238,3,3
STU0081,2025-04-16,7,136,2,0
STU0081,2025-04-23,8,188,2,3
STU0081,2025-04-30,4,129,3,2
STU0081,2025-05-07,9,207,4,1
STU0081,2025-05-14,9,242,2,3
STU0082,2025-01-01,10,141,4,0
STU0082,2025-01-08,5,153,2,1
STU0082,2025-01-15,4,202,4,3
STU0082,2025-01-22,4,171,2,1
STU0082,2025-01-29,6,180,2,0
STU0082,2025-02-05,7,161,3,0
STU0082,2025-02-12,7,246,4,2
STU0082,2025-02-19,4,166,3,2
STU0082,2025-02-26,6,169,3,0
STU0082,2025-03-05,10,154,2,1
STU0082,2025-03-12,6,177,4,0
STU0082,2025-03-19,7,232,3,0
STU0082,2025-03-26,6,214,3,3
STU0082,2025-04-02,5,134,4,1
STU0082,2025-04-09,7,156,2,3
STU0082,2025-04-16,9,170,4,3
STU0082,2025-04-23,6,133,2,3
STU0082,2025-04-30,6,164,2,2
STU0082,2025-05-07,5,246,3,0
STU0082,2025-05-14,4,203,2,3
STU0083,2025-01-01,7,184,3,3
STU0083,2025-01-08,8,157,3,4
STU0083,2025-01-15,9,209,4,4
STU0083,2025-01-22,8,219,4,1
STU0083,2025-01-29,11,263,2,3
STU0083,2025-02-05,5,194,3,2
STU0083,2025-02-12,7,264,3,4
STU0083,2025-02-19,7,253,4,1
STU0083,2025-02-26,10,260,3,2
STU0083,2025-03-05,7,272,2,1
STU0083,2025-03-12,10,188,2,3
STU0083,2025-03-19,10,251,2,3
STU0083,2025-03-26,5,268,3,2
STU0083,2025-04-02,9,174,4,3
STU0083,2025-04-09,10,248,3,3
STU0083,2025-04-16,5,254,2,2
STU0083,2025-04-23,8,165,2,1
STU0083,2025-04-30,7,234,4,1
STU0083,2025-05-07,11,177,3,3
STU0083,2025-05-14,11,185,4,3
STU0084,2025-01-01,10,192,4,0
STU0084,2025-01-08,9,210,4,0
STU0084,2025-01-15,8,234,2,0
STU0084,2025-01-22,6,138,4,0
STU0084,2025-01-29,7,241,2,1
STU0084,2025-02-05,8,218,4,1
STU0084,2025-02-12,9,163,3,1
STU0084,2025-02-19,6,206,2,1
STU0084,2025-02-26,10,202,3,2
STU0084,2025-03-05,7,227,2,0
STU0084,2025-03-12,9,242,4,1
STU0084,2025-03-19,9,169,4,0
STU0084,2025-03-26,5,197,4,1
STU0084,2025-04-02,4,245,2,3
STU0084,2025-04-09,5,243,2,0
STU0084,2025-04-16,8,159,4,1
STU0084,2025-04-23,6,178,2,3
STU0084,2025-04-30,7,205,2,3
STU0084,2025-05-07,7,183,2,3
STU0084,2025-05-14,4,194,4,0
STU0085,2025-01-01,6,239,2,2
STU0085,2025-01-08,7,208,4,3
STU0085,2025-01-15,10,194,2,2
STU0085,2025-01-22,8,205,2,3
STU0085,2025-01-29,7,224,3,2
STU0085,2025-02-05,11,275,4,4
STU0085,2025-02-12,11,196,4,3
STU0085,2025-02-19,8,268,4,1
STU0085,2025-02-26,12,213,4,1
STU0085,2025-03-05,10,211,2,3
STU0085,2025-03-12,12,236,4,4
STU0085,2025-03-19,6,275,3,2
STU0085,2025-03-26,10,264,4,2
STU0085,2025-04-02,6,247,4,2
STU0085,2025-04-09,8,215,3,2
STU0085,2025-04-16,12,296,2,4
STU0085,2025-04-23,7,227,2,4
STU0085,2025-04-30,6,206,4,4
STU0085,2025-05-07,12,261,3,4
STU0085,2025-05-14,7,197,4,2
STU0086,2025-01-01,6,264,2,2
STU0086,2025-01-08,7,169,3,2
STU0086,2025-01-15,8,260,4,2
STU0086,2025-01-22,8,214,4,1
STU0086,2025-01-29,6,192,3,1
STU0086,2025-02-05,7,192,2,4
STU0086,2025-02-12,11,218,3,4
STU0086,2025-02-19,7,227,2,3
STU0086,2025-02-26,7,208,3,1
STU0086,2025-03-05,8,203,3,2
STU0086,2025-03-12,7,183,2,1
STU0086,2025-03-19,7,207,4,3
STU0086,2025-03-26,10,242,2,4
STU0086,2025-04-02,10,190,2,3
STU0086,2025-04-09,6,171,4,2
STU0086,2025-04-16,10,165,3,3
STU0086,2025-04-23,11,183,4,2
STU0086,2025-04-30,7,242,3,1
STU0086,2025-05-07,9,224,3,3
STU0086,2025-05-14,5,245,4,4
STU0087,2025-01-01,6,150,2,3
STU0087,2025-01-08,4,201,3,0
STU0087,2025-01-15,8,151,3,3
STU0087,2025-01-22,3,226,2,3
STU0087,2025-01-29,4,154,3,0
STU0087,2025-02-05,3,200,2,1
STU0087,2025-02-12,4,113,2,1
STU0087,2025-02-19,8,216,2,3
STU0087,2025-02-26,3,143,3,2
STU0087,2025-03-05,7,228,2,1
STU0087,2025-03-12,5,176,2,1
STU0087,2025-03-19,6,124,2,1
STU0087,2025-03-26,7,221,3,1
STU0087,2025-04-02,3,151,2,1
STU0087,2025-04-09,8,116,3,0
STU0087,2025-04-16,7,132,1,3
STU0087,2025-04-23,8,174,1,1
STU0087,2025-04-30,4,114,3,1
STU0087,2025-05-07,5,132,3,0
STU0087,2025-05-14,3,192,3,2
STU0088,2025-01-01,9,116,1,2
STU0088,2025-01-08,8,131,2,0
STU0088,2025-01-15,4,104,3,1
STU0088,2025-01-22,6,208,3,1
STU0088,2025-01-29,7,206,3,0
STU0088,2025-02-05,4,138,1,0
STU0088,2025-02-12,3,199,3,1
STU0088,2025-02-19,4,159,3,1
STU0088,2025-02-26,9,144,2,1
STU0088,2025-03-05,5,198,3,2
STU0088,2025-03-12,4,119,2,0
STU0088,2025-03-19,4,120,1,2
STU0088,2025-03-26,3,168,1,3
STU0088,2025-04-02,6,180,1,0
STU0088,2025-04-09,4,159,3,0
STU0088,2025-04-16,6,111,2,0
STU0088,2025-04-23,6,167,2,1
STU0088,2025-04-30,5,146,1,2
STU0088,2025-05-07,9,171,1,0
STU0088,2025-05-14,7,139,1,2
STU0089,2025-01-01,4,229,2,1
STU0089,2025-01-08,9,240,4,3
STU0089,2025-01-15,7,135,2,3
STU0089,2025-01-22,9,167,4,2
STU0089,2025-01-29,4,143,3,0
STU0089,2025-02-05,6,204,2,1
STU0089,2025-02-12,7,167,4,3
STU0089,2025-02-19,5,190,2,2
STU0089,2025-02-26,8,216,4,0
STU0089,2025-03-05,10,143,2,2
STU0089,2025-03-12,8,203,3,2
STU0089,2025-03-19,8,218,2,2
STU0089,2025-03-26,10,159,4,1
STU0089,2025-04-02,8,249,4,3
STU0089,2025-04-09,8,247,4,3
STU0089,2025-04-16,9,192,2,2
STU0089,2025-04-23,6,250,4,1
STU0089,2025-04-30,10,235,4,2
STU0089,2025-05-07,9,209,4,2
STU0089,2025-05-14,10,192,2,2
STU0090,2025-01-01,6,183,3,3
STU0090,2025-01-08,3,103,2,0
STU0090,2025-01-15,7,201,1,0
STU0090,2025-01-22,4,144,1,1
STU0090,2025-01-29,6,202,1,2
STU0090,2025-02-05,7,117,1,3
STU0090,2025-02-12,4,123,2,0
STU0090,2025-02-19,5,194,3,0
STU0090,2025-02-26,5,139,3,3
STU0090,2025-03-05,6,129,1,2
STU0090,2025-03-12,8,126,3,3
STU0090,2025-03-19,3,146,1,0
STU0090,2025-03-26,5,136,1,0
STU0090,2025-04-02,3,206,3,2
STU0090,2025-04-09,7,130,3,0
STU0090,2025-04-16,7,116,3,3
STU0090,2025-04-23,5,183,3,2
STU0090,2025-04-30,3,158,1,1
STU0090,2025-05-07,6,181,2,3
STU0090,2025-05-14,5,168,1,2
STU0091,2025-01-01,3,96,1,3
STU0091,2025-01-08,4,87,3,0
STU0091,2025-01-15,7,96,3,0
STU0091,2025-01-22,2,190,1,0
STU0091,2025-01-29,5,116,3,1
STU0091,2025-02-05,3,120,2,1
STU0091,2025-02-12,3,134,2,2
STU0091,2025-02-19,6,190,3,2
STU0091,2025-02-26,2,170,3,0
STU0091,2025-03-05,7,159,2,2
STU0091,2025-03-12,8,126,1,3
STU0091,2025-03-19,6,99,2,2
STU0091,2025-03-26,8,115,2,0
STU0091,2025-04-02,7,199,1,2
STU0091,2025-04-09,4,162,3,2
STU0091,2025-04-16,6,161,1,0
STU0091,2025-04-23,4,163,2,0
STU0091,2025-04-30,6,90,3,0
STU0091,2025-05-07,2,85,2,2
STU0091,2025-05-14,5,163,3,0
STU0092,2025-01-01,8,206,4,1
STU0092,2025-01-08,5,257,2,0
STU0092,2025-01-15,7,198,4,1
STU0092,2025-01-22,7,240,3,2
STU0092,2025-01-29,4,235,4,1
STU0092,2025-02-05,9,144,3,2
STU0092,2025-02-12,4,181,4,0
STU0092,2025-02-19,9,193,3,0
STU0092,2025-02-26,8,152,2,3
STU0092,2025-03-05,7,152,2,0
STU0092,2025-03-12,7,217,3,2
STU0092,2025-03-19,4,140,3,1
STU0092,2025-03-26,10,245,2,3
STU0092,2025-04-02,6,165,4,3
STU0092,2025-04-09,6,212,3,2
STU0092,2025-04-16,9,183,4,1
STU0092,2025-04-23,8,162,2,2
STU0092,2025-04-30,10,245,4,3
STU0092,2025-05-07,7,231,4,2
STU0092,2025-05-14,6,251,4,1
STU0093,2025-01-01,8,284,3,1
STU0093,2025-01-08,12,185,3,1
STU0093,2025-01-15,6,227,4,4
STU0093,2025-01-22,11,247,4,2
STU0093,2025-01-29,7,174,2,4
STU0093,2025-02-05,6,247,2,1
STU0093,2025-02-12,9,247,4,1
STU0093,2025-02-19,9,261,3,2
STU0093,2025-02-26,7,258,2,3
STU0093,2025-03-05,8,284,4,1
STU0093,2025-03-12,6,249,4,1
STU0093,2025-03-19,7,261,3,4
STU0093,2025-03-26,9,179,3,1
STU0093,2025-04-02,10,170,3,3
STU0093,2025-04-09,8,183,3,4
STU0093,2025-04-16,9,222,4,1
STU0093,2025-04-23,6,199,4,2
STU0093,2025-04-30,12,211,4,4
STU0093,2025-05-07,9,207,3,1
STU0093,2025-05-14,7,210,3,3
STU0094,2025-01-01,13,236,5,3
STU0094,2025-01-08,13,248,5,3
STU0094,2025-01-15,7,268,4,1
STU0094,2025-01-22,9,265,5,1
STU0094,2025-01-29,13,200,5,3
STU0094,2025-02-05,7,280,5,1
STU0094,2025-02-12,9,230,5,3
STU0094,2025-02-19,9,301,5,4
STU0094,2025-02-26,8,275,5,3
STU0094,2025-03-05,8,298,3,4
STU0094,2025-03-12,9,223,5,4
STU0094,2025-03-19,13,291,5,2
STU0094,2025-03-26,13,266,5,1
STU0094,2025-04-02,10,307,4,4
STU0094,2025-04-09,12,243,4,3
STU0094,2025-04-16,12,211,4,3
STU0094,2025-04-23,8,193,3,1
STU0094,2025-04-30,13,290,4,4
STU0094,2025-05-07,11,267,4,1
STU0094,2025-05-14,10,309,4,1
STU0095,2025-01-01,7,226,4,3
STU0095,2025-01-08,13,217,4,4
STU0095,2025-01-15,11,239,4,2
STU0095,2025-01-22,9,215,5,4
STU0095,2025-01-29,12,275,3,1
STU0095,2025-02-05,11,227,3,4
STU0095,2025-02-12,7,307,4,4
STU0095,2025-02-19,8,236,5,2
STU0095,2025-02-26,9,233,4,1
STU0095,2025-03-05,7,269,5,4
STU0095,2025-03-12,8,319,4,3
STU0095,2025-03-19,9,274,3,2
STU0095,2025-03-26,8,311,4,1
STU0095,2025-04-02,8,252,5,3
STU0095,2025-04-09,8,315,4,1
STU0095,2025-04-16,7,295,5,2
STU0095,2025-04-23,8,235,5,2
STU0095,2025-04-30,12,290,3,1
STU0095,2025-05-07,8,251,5,2
STU0095,2025-05-14,7,245,5,4
STU0096,2025-01-01,6,190,2,0
STU0096,2025-01-08,9,155,1,2
STU0096,2025-01-15,4,126,1,0
STU0096,2025-01-22,5,148,2,1
STU0096,2025-01-29,5,205,2,1
STU0096,2025-02-05,9,217,3,3
STU0096,2025-02-12,5,121,3,0
STU0096,2025-02-19,9,162,2,1
STU0096,2025-02-26,4,145,2,1
STU0096,2025-03-05,3,141,1,3
STU0096,2025-03-12,5,143,3,3
STU0096,2025-03-19,9,105,2,3
STU0096,2025-03-26,4,180,3,1
STU0096,2025-04-02,8,103,1,1
STU0096,2025-04-09,4,109,2,0
STU0096,2025-04-16,6,97,1,1
STU0096,2025-04-23,9,107,3,2
STU0096,2025-04-30,5,159,2,0
STU0096,2025-05-07,4,200,2,0
STU0096,2025-05-14,4,110,3,1
STU0097,2025-01-01,8,127,2,0
STU0097,2025-01-08,9,186,1,3
STU0097,2025-01-15,7,194,1,2
STU0097,2025-01-22,5,192,3,2
STU0097,2025-01-29,8,149,2,3
STU0097,2025-02-05,8,152,3,3
STU0097,2025-02-12,4,147,1,3
STU0097,2025-02-19,6,209,1,0
STU0097,2025-02-26,6,118,3,1
STU0097,2025-03-05,3,132,2,2
STU0097,2025-03-12,8,164,3,2
STU0097,2025-03-19,3,183,2,2
STU0097,2025-03-26,6,147,3,1
STU0097,2025-04-02,4,103,1,1
STU0097,2025-04-09,4,140,1,1
STU0097,2025-04-16,4,160,1,3
STU0097,2025-04-23,6,142,1,1
STU0097,2025-04-30,8,196,1,2
STU0097,2025-05-07,3,206,3,3
STU0097,2025-05-14,8,198,1,0
STU0098,2025-01-01,2,89,2,1
STU0098,2025-01-08,6,101,2,0
STU0098,2025-01-15,8,182,3,1
STU0098,2025-01-22,7,88,2,3
STU0098,2025-01-29,5,161,2,1
STU0098,2025-02-05,2,162,3,0
STU0098,2025-02-12,7,179,1,3
STU0098,2025-02-19,8,187,3,1
STU0098,2025-02-26,2,86,1,0
STU0098,2025-03-05,6,192,1,0
STU0098,2025-03-12,7,179,2,3
STU0098,2025-03-19,2,87,2,1
STU0098,2025-03-26,7,199,1,2
STU0098,2025-04-02,6,124,2,3
STU0098,2025-04-09,6,184,2,2
STU0098,2025-04-16,2,83,1,2
STU0098,2025-04-23,3,141,3,1
STU0098,2025-04-30,3,139,3,1
STU0098,2025-05-07,8,154,1,0
STU0098,2025-05-14,3,124,1,1
STU0099,2025-01-01,6,163,4,0
STU0099,2025-01-08,7,227,3,3
STU0099,2025-01-15,6,188,3,3
STU0099,2025-01-22,6,168,2,2
STU0099,2025-01-29,8,150,4,0
STU0099,2025-02-05,6,183,2,0
STU0099,2025-02-12,5,240,4,2
STU0099,2025-02-19,6,216,2,2
STU0099,2025-02-26,7,162,4,0
STU0099,2025-03-05,4,180,2,2
STU0099,2025-03-12,9,232,3,0
STU0099,2025-03-19,8,149,2,1
STU0099,2025-03-26,5,211,4,2
STU0099,2025-04-02,9,163,4,2
STU0099,2025-04-09,6,187,4,2
STU0099,2025-04-16,8,167,4,2
STU0099,2025-04-23,10,214,3,2
STU0099,2025-04-30,6,171,2,2
STU0099,2025-05-07,5,144,4,2
STU0099,2025-05-14,7,146,4,0
STU0100,2025-01-01,9,224,4,1
STU0100,2025-01-08,10,216,3,2
STU0100,2025-01-15,13,282,3,3
STU0100,2025-01-22,8,323,5,2
STU0100,2025-01-29,10,259,4,4
STU0100,2025-02-05,7,328,3,2
STU0100,2025-02-12,12,284,4,3
STU0100,2025-02-19,9,254,5,2
STU0100,2025-02-26,9,300,5,1
STU0100,2025-03-05,13,234,4,2
STU0100,2025-03-12,13,209,4,4
STU0100,2025-03-19,10,289,5,2
STU0100,2025-03-26,7,328,5,4
STU0100,2025-04-02,11,211,3,2
STU0100,2025-04-09,9,259,5,4
STU0100,2025-04-16,8,214,5,4
STU0100,2025-04-23,9,235,5,1
STU0100,2025-04-30,13,284,3,2
STU0100,2025-05-07,11,327,3,1
STU0100,2025-05-14,11,315,5,2
STU0101,2025-01-01,9,164,2,3
STU0101,2025-01-08,5,202,4,2
STU0101,2025-01-15,8,204,3,2
STU0101,2025-01-22,4,169,2,3
STU0101,2025-01-29,8,138,3,0
STU0101,2025-02-05,9,134,3,3
STU0101,2025-02-12,5,181,4,2
STU0101,2025-02-19,7,221,4,3
STU0101,2025-02-26,5,132,3,3
STU0101,2025-03-05,5,209,3,1
STU0101,2025-03-12,6,152,4,0
STU0101,2025-03-19,6,157,3,3
STU0101,2025-03-26,10,228,3,0
STU0101,2025-04-02,9,231,3,3
STU0101,2025-04-09,6,149,4,0
STU0101,2025-04-16,4,160,3,3
STU0101,2025-04-23,9,150,2,2
STU0101,2025-04-30,6,164,3,2
STU0101,2025-05-07,10,123,2,1
STU0101,2025-05-14,9,141,2,0
STU0102,2025-01-01,11,299,5,3
STU0102,2025-01-08,11,224,3,1
STU0102,2025-01-15,8,218,4,2
STU0102,2025-01-22,7,282,5,2
STU0102,2025-01-29,7,284,5,2
STU0102,2025-02-05,12,330,3,2
STU0102,2025-02-12,12,217,3,3
STU0102,2025-02-19,7,315,4,4
STU0102,2025-02-26,10,329,5,4
STU0102,2025-03-05,7,316,5,4
STU0102,2025-03-12,13,279,3,2
STU0102,2025-03-19,11,233,4,4
STU0102,2025-03-26,10,249,3,1
STU0102,2025-04-02,12,212,5,4
STU0102,2025-04-09,10,240,4,3
STU0102,2025-04-16,11,296,4,2
STU0102,2025-04-23,9,297,5,3
STU0102,2025-04-30,11,214,5,1
STU0102,2025-05-07,8,223,3,3
STU0102,2025-05-14,9,329,3,1
STU0103,2025-01-01,3,113,2,1
STU0103,2025-01-08,5,180,1,3
STU0103,2025-01-15,8,126,2,3
STU0103,2025-01-22,7,121,2,0
STU0103,2025-01-29,6,153,3,2
STU0103,2025-02-05,6,131,2,0
STU0103,2025-02-12,4,173,1,2
STU0103,2025-02-19,7,115,1,0
STU0103,2025-02-26,3,172,3,2
STU0103,2025-03-05,9,135,3,3
STU0103,2025-03-12,4,95,2,2
STU0103,2025-03-19,5,122,1,0
STU0103,2025-03-26,6,196,3,2
STU0103,2025-04-02,9,138,2,0
STU0103,2025-04-09,4,142,3,2
STU0103,2025-04-16,9,140,1,2
STU0103,2025-04-23,7,197,1,3
STU0103,2025-04-30,3,152,1,1
STU0103,2025-05-07,7,157,2,1
STU0103,2025-05-14,7,112,3,3
STU0104,2025-01-01,7,179,3,0
STU0104,2025-01-08,4,118,2,2
STU0104,2025-01-15,10,228,3,1
STU0104,2025-01-22,8,159,2,2
STU0104,2025-01-29,9,140,1,2
STU0104,2025-02-05,5,199,1,3
STU0104,2025-02-12,4,147,1,3
STU0104,2025-02-19,10,215,1,3
STU0104,2025-02-26,4,173,3,1
STU0104,2025-03-05,7,231,2,1
STU0104,2025-03-12,4,120,3,2
STU0104,2025-03-19,4,138,3,2
STU0104,2025-03-26,10,215,1,3
STU0104,2025-04-02,8,193,1,3
STU0104,2025-04-09,7,208,3,0
STU0104,2025-04-16,4,234,2,2
STU0104,2025-04-23,8,127,2,0
STU0104,2025-04-30,9,160,2,1
STU0104,2025-05-07,10,152,3,3
STU0104,2025-05-14,8,151,3,0
STU0105,2025-01-01,10,249,4,4
STU0105,2025-01-08,8,269,3,4
STU0105,2025-01-15,11,340,5,3
STU0105,2025-01-22,14,336,3,3
STU0105,2025-01-29,13,356,4,2
STU0105,2025-02-05,9,311,3,2
STU0105,2025-02-12,11,316,5,1
STU0105,2025-02-19,13,244,4,3
STU0105,2025-02-26,13,237,4,4
STU0105,2025-03-05,14,287,5,2
STU0105,2025-03-12,9,237,5,3
STU0105,2025-03-19,11,335,5,1
STU0105,2025-03-26,10,249,4,2
STU0105,2025-04-02,14,349,5,3
STU0105,2025-04-09,9,295,4,4
STU0105,2025-04-16,14,343,4,3
STU0105,2025-04-23,8,291,4,2
STU0105,2025-04-30,14,292,4,4
STU0105,2025-05-07,13,284,4,3
STU0105,2025-05-14,14,289,3,4
STU0106,2025-01-01,6,221,3,2
STU0106,2025-01-08,9,181,4,1
STU0106,2025-01-15,6,224,4,3
STU0106,2025-01-22,10,276,3,2
STU0106,2025-01-29,8,182,3,1
STU0106,2025-02-05,9,239,3,3
STU0106,2025-02-12,9,243,2,3
STU0106,2025-02-19,9,254,2,3
STU0106,2025-02-26,11,267,2,2
STU0106,2025-03-05,8,184,2,1
STU0106,2025-03-12,12,183,2,2
STU0106,2025-03-19,11,291,4,2
STU0106,2025-03-26,11,188,3,1
STU0106,2025-04-02,8,182,2,1
STU0106,2025-04-09,6,267,2,1
STU0106,2025-04-16,12,183,4,4
STU0106,2025-04-23,12,212,3,3
STU0106,2025-04-30,11,244,2,3
STU0106,2025-05-07,11,233,4,4
STU0106,2025-05-14,6,248,3,2
STU0107,2025-01-01,4,200,3,0
STU0107,2025-01-08,4,195,1,1
STU0107,2025-01-15,5,142,3,1
STU0107,2025-01-22,5,210,2,0
STU0107,2025-01-29,7,104,3,3
STU0107,2025-02-05,3,175,1,3
STU0107,2025-02-12,7,183,2,3
STU0107,2025-02-19,5,194,1,3
STU0107,2025-02-26,8,137,1,2
STU0107,2025-03-05,5,123,3,2
STU0107,2025-03-12,8,160,1,1
STU0107,2025-03-19,6,180,1,2
STU0107,2025-03-26,9,202,3,2
STU0107,2025-04-02,6,152,2,1
STU0107,2025-04-09,9,101,2,1
STU0107,2025-04-16,7,159,1,1
STU0107,2025-04-23,9,197,1,0
STU0107,2025-04-30,8,220,3,3
STU0107,2025-05-07,3,166,2,1
STU0107,2025-05-14,4,206,2,2
STU0108,2025-01-01,6,144,3,3
STU0108,2025-01-08,6,226,1,1
STU0108,2025-01-15,8,229,3,0
STU0108,2025-01-22,9,140,3,2
STU0108,2025-01-29,7,204,3,0
STU0108,2025-02-05,5,186,2,2
STU0108,2025-02-12,4,234,1,3
STU0108,2025-02-19,8,140,2,1
STU0108,2025-02-26,9,163,3,2
STU0108,2025-03-05,8,229,2,0
STU0108,2025-03-12,9,227,3,2
STU0108,2025-03-19,10,173,3,0
STU0108,2025-03-26,6,151,2,2
STU0108,2025-04-02,4,159,1,3
STU0108,2025-04-09,9,192,1,3
STU0108,2025-04-16,9,117,2,0
STU0108,2025-04-23,8,213,1,1
STU0108,2025-04-30,9,181,1,0
STU0108,2025-05-07,9,117,1,1
STU0108,2025-05-14,8,175,3,0
STU0109,2025-01-01,10,290,4,2
STU0109,2025-01-08,12,243,4,3
STU0109,2025-01-15,12,249,3,1
STU0109,2025-01-22,11,227,3,2
STU0109,2025-01-29,8,224,3,1
STU0109,2025-02-05,10,288,3,2
STU0109,2025-02-12,13,249,5,2
STU0109,2025-02-19,13,324,3,2
STU0109,2025-02-26,8,230,4,2
STU0109,2025-03-05,8,248,4,2
STU0109,2025-03-12,9,218,4,1
STU0109,2025-03-19,11,236,5,1
STU0109,2025-03-26,9,305,5,3
STU0109,2025-04-02,11,329,5,2
STU0109,2025-04-09,12,230,3,2
STU0109,2025-04-16,8,231,5,3
STU0109,2025-04-23,10,305,4,1
STU0109,2025-04-30,11,283,5,4
STU0109,2025-05-07,7,214,5,1
STU0109,2025-05-14,13,274,4,2
STU0110,2025-01-01,4,213,1,1
STU0110,2025-01-08,8,123,2,2
STU0110,2025-01-15,8,214,3,1
STU0110,2025-01-22,3,193,2,2
STU0110,2025-01-29,8,139,2,2
STU0110,2025-02-05,6,110,1,3
STU0110,2025-02-12,3,185,1,2
STU0110,2025-02-19,7,210,3,3
STU0110,2025-02-26,9,127,2,1
STU0110,2025-03-05,4,178,2,3
STU0110,2025-03-12,4,98,1,3
STU0110,2025-03-19,5,159,2,0
STU0110,2025-03-26,7,121,2,2
STU0110,2025-04-02,9,122,1,0
STU0110,2025-04-09,9,209,1,3
STU0110,2025-04-16,8,94,3,1
STU0110,2025-04-23,3,175,2,3
STU0110,2025-04-30,4,149,3,3
STU0110,2025-05-07,6,191,2,2
STU0110,2025-05-14,7,160,2,3
STU0111,2025-01-01,3,183,3,2
STU0111,2025-01-08,6,197,1,1
STU0111,2025-01-15,4,132,1,1
STU0111,2025-01-22,6,188,3,0
STU0111,2025-01-29,4,121,3,2
STU0111,2025-02-05,9,176,1,2
STU0111,2025-02-12,6,166,3,2
STU0111,2025-02-19,8,196,2,3
STU0111,2025-02-26,9,103,3,1
STU0111,2025-03-05,6,210,3,0
STU0111,2025-03-12,4,185,3,0
STU0111,2025-03-19,6,167,3,3
STU0111,2025-03-26,4,125,3,0
STU0111,2025-04-02,7,192,3,2
STU0111,2025-04-09,4,110,2,1
STU0111,2025-04-16,9,148,2,3
STU0111,2025-04-23,3,201,2,1
STU0111,2025-04-30,6,109,1,0
STU0111,2025-05-07,6,198,3,0
STU0111,2025-05-14,3,104,2,2
STU0112,2025-01-01,7,118,2,3
STU0112,2025-01-08,5,134,2,3
STU0112,2025-01-15,3,123,1,0
STU0112,2025-01-22,5,134,3,2
STU0112,2025-01-29,8,114,2,0
STU0112,2025-02-05,8,166,2,0
STU0112,2025-02-12,7,127,2,3
STU0112,2025-02-19,6,190,3,0
STU0112,2025-02-26,3,78,1,2
STU0112,2025-03-05,8,149,1,1
STU0112,2025-03-12,7,162,3,0
STU0112,2025-03-19,2,147,1,1
STU0112,2025-03-26,4,91,3,3
STU0112,2025-04-02,8,91,2,2
STU0112,2025-04-09,8,163,1,1
STU0112,2025-04-16,6,156,1,0
STU0112,2025-04-23,8,183,1,0
STU0112,2025-04-30,3,172,2,2
STU0112,2025-05-07,3,89,1,3
STU0112,2025-05-14,7,104,1,1
STU0113,2025-01-01,7,157,2,0
STU0113,2025-01-08,8,183,2,0
STU0113,2025-01-15,8,162,3,3
STU0113,2025-01-22,7,130,3,3
STU0113,2025-01-29,3,101,3,1
STU0113,2025-02-05,7,158,1,3
STU0113,2025-02-12,6,88,3,1
STU0113,2025-02-19,6,114,3,3
STU0113,2025-02-26,3,195,3,0
STU0113,2025-03-05,7,88,2,1
STU0113,2025-03-12,2,119,2,3
STU0113,2025-03-19,6,137,1,0
STU0113,2025-03-26,8,112,3,0
STU0113,2025-04-02,8,133,3,0
STU0113,2025-04-09,6,180,2,3
STU0113,2025-04-16,5,89,2,3
STU0113,2025-04-23,7,162,3,3
STU0113,2025-04-30,8,195,2,2
STU0113,2025-05-07,8,119,3,0
STU0113,2025-05-14,2,153,2,0
STU0114,2025-01-01,5,174,3,3
STU0114,2025-01-08,10,182,3,2
STU0114,2025-01-15,7,203,3,2
STU0114,2025-01-22,5,255,2,1
STU0114,2025-01-29,9,224,2,3
STU0114,2025-02-05,9,199,2,2
STU0114,2025-02-12,5,177,2,4
STU0114,2025-02-19,11,184,3,3
STU0114,2025-02-26,6,175,4,3
STU0114,2025-03-05,11,182,3,2
STU0114,2025-03-12,6,169,2,3
STU0114,2025-03-19,6,197,2,4
STU0114,2025-03-26,8,271,2,2
STU0114,2025-04-02,8,220,3,3
STU0114,2025-04-09,11,235,3,2
STU0114,2025-04-16,8,217,3,1
STU0114,2025-04-23,10,234,4,3
STU0114,2025-04-30,8,164,3,2
STU0114,2025-05-07,10,279,3,4
STU0114,2025-05-14,10,203,4,4
STU0115,2025-01-01,10,342,3,4
STU0115,2025-01-08,14,296,3,3
STU0115,2025-01-15,13,310,5,4
STU0115,2025-01-22,14,308,5,4
STU0115,2025-01-29,8,282,5,3
STU0115,2025-02-05,14,279,3,2
STU0115,2025-02-12,12,239,4,4
STU0115,2025-02-19,14,252,4,1
STU0115,2025-02-26,10,258,5,1
STU0115,2025-03-05,12,344,3,1
STU0115,2025-03-12,14,229,3,1
STU0115,2025-03-19,11,336,5,4
STU0115,2025-03-26,12,258,3,2
STU0115,2025-04-02,13,280,3,4
STU0115,2025-04-09,13,260,3,4
STU0115,2025-04-16,13,323,3,2
STU0115,2025-04-23,9,251,4,1
STU0115,2025-04-30,13,293,3,2
STU0115,2025-05-07,9,307,5,2
STU0115,2025-05-14,9,288,4,3
STU0116,2025-01-01,12,230,4,3
STU0116,2025-01-08,11,219,4,4
STU0116,2025-01-15,7,239,5,4
STU0116,2025-01-22,11,259,3,3
STU0116,2025-01-29,8,285,4,4
STU0116,2025-02-05,12,192,4,3
STU0116,2025-02-12,6,235,4,4
STU0116,2025-02-19,9,255,5,3
STU0116,2025-02-26,7,294,3,4
STU0116,2025-03-05,6,210,4,4
STU0116,2025-03-12,10,251,3,2
STU0116,2025-03-19,9,231,3,2
STU0116,2025-03-26,8,275,5,2
STU0116,2025-04-02,6,252,4,4
STU0116,2025-04-09,10,186,5,1
STU0116,2025-04-16,7,247,3,2
STU0116,2025-04-23,6,303,3,4
STU0116,2025-04-30,7,223,5,1
STU0116,2025-05-07,8,238,4,1
STU0116,2025-05-14,6,205,4,2
STU0117,2025-01-01,8,289,4,1
STU0117,2025-01-08,11,224,3,3
STU0117,2025-01-15,10,215,5,3
STU0117,2025-01-22,9,228,4,2
STU0117,2025-01-29,13,268,3,3
STU0117,2025-02-05,7,291,3,2
STU0117,2025-02-12,9,312,5,2
STU0117,2025-02-19,7,204,4,2
STU0117,2025-02-26,8,204,5,1
STU0117,2025-03-05,11,219,5,1
STU0117,2025-03-12,8,236,4,4
STU0117,2025-03-19,12,252,4,4
STU0117,2025-03-26,11,225,3,2
STU0117,2025-04-02,7,261,3,3
STU0117,2025-04-09,7,277,5,2
STU0117,2025-04-16,10,243,3,2
STU0117,2025-04-23,10,252,5,3
STU0117,2025-04-30,11,213,4,1
STU0117,2025-05-07,12,275,5,4
STU0117,2025-05-14,10,271,5,1
STU0118,2025-01-01,8,159,3,0
STU0118,2025-01-08,8,141,2,2
STU0118,2025-01-15,8,217,3,2
STU0118,2025-01-22,5,223,4,2
STU0118,2025-01-29,4,238,4,2
STU0118,2025-02-05,4,169,3,2
STU0118,2025-02-12,10,209,3,1
STU0118,2025-02-19,9,154,2,0
STU0118,2025-02-26,4,228,3,2
STU0118,2025-03-05,10,144,4,3
STU0118,2025-03-12,9,226,4,3
STU0118,2025-03-19,5,139,3,3
STU0118,2025-03-26,10,215,4,2
STU0118,2025-04-02,4,138,2,2
STU0118,2025-04-09,8,153,4,0
STU0118,2025-04-16,9,142,2,3
STU0118,2025-04-23,5,169,3,2
STU0118,2025-04-30,9,221,4,2
STU0118,2025-05-07,6,202,2,1
STU0118,2025-05-14,9,123,3,2
STU0119,2025-01-01,6,88,2,2
STU0119,2025-01-08,8,126,2,3
STU0119,2025-01-15,3,102,3,3
STU0119,2025-01-22,5,157,2,1
STU0119,2025-01-29,6,73,2,2
STU0119,2025-02-05,2,124,1,0
STU0119,2025-02-12,5,126,1,3
STU0119,2025-02-19,8,133,3,2
STU0119,2025-02-26,2,149,3,0
STU0119,2025-03-05,5,98,2,1
STU0119,2025-03-12,3,151,3,0
STU0119,2025-03-19,5,121,2,0
STU0119,2025-03-26,3,123,1,2
STU0119,2025-04-02,7,157,2,2
STU0119,2025-04-09,4,75,3,1
STU0119,2025-04-16,6,82,3,2
STU0119,2025-04-23,5,114,1,2
STU0119,2025-04-30,7,138,2,2
STU0119,2025-05-07,2,153,2,1
STU0119,2025-05-14,8,88,3,1
STU0120,2025-01-01,12,230,5,4
STU0120,2025-01-08,6,279,3,2
STU0120,2025-01-15,12,264,3,3
STU0120,2025-01-22,6,199,5,4
STU0120,2025-01-29,12,227,5,4
STU0120,2025-02-05,7,242,5,2
STU0120,2025-02-12,10,283,3,3
STU0120,2025-02-19,10,221,4,1
STU0120,2025-02-26,9,189,5,3
STU0120,2025-03-05,7,232,5,1
STU0120,2025-03-12,9,236,5,2
STU0120,2025-03-19,6,245,3,4
STU0120,2025-03-26,12,197,3,3
STU0120,2025-04-02,8,239,3,1
STU0120,2025-04-09,12,302,4,4
STU0120,2025-04-16,11,264,4,1
STU0120,2025-04-23,12,211,4,3
STU0120,2025-04-30,6,256,5,4
STU0120,2025-05-07,8,231,5,3
STU0120,2025-05-14,7,302,4,4
STU0121,2025-01-01,8,253,4,0
STU0121,2025-01-08,7,225,3,0
STU0121,2025-01-15,8,185,3,0
STU0121,2025-01-22,4,207,4,3
STU0121,2025-01-29,6,216,3,3
STU0121,2025-02-05,5,235,2,0
STU0121,2025-02-12,7,215,3,2
STU0121,2025-02-19,6,174,3,2
STU0121,2025-02-26,7,252,4,3
STU0121,2025-03-05,4,184,2,2
STU0121,2025-03-12,9,177,4,1
STU0121,2025-03-19,6,203,3,3
STU0121,2025-03-26,6,230,4,1
STU0121,2025-04-02,5,243,3,2
STU0121,2025-04-09,6,144,2,2
STU0121,2025-04-16,7,180,2,3
STU0121,2025-04-23,7,140,2,2
STU0121,2025-04-30,10,254,3,1
STU0121,2025-05-07,7,185,4,0
STU0121,2025-05-14,8,141,3,1
STU0122,2025-01-01,6,208,3,1
STU0122,2025-01-08,3,110,3,2
STU0122,2025-01-15,5,155,1,0
STU0122,2025-01-22,6,197,2,3
STU0122,2025-01-29,3,156,3,3
STU0122,2025-02-05,8,144,3,1
STU0122,2025-02-12,9,125,1,3
STU0122,2025-02-19,5,147,3,1
STU0122,2025-02-26,7,171,1,1
STU0122,2025-03-05,4,188,1,2
STU0122,2025-03-12,7,136,3,1
STU0122,2025-03-19,5,213,2,2
STU0122,2025-03-26,7,192,1,1
STU0122,2025-04-02,8,106,2,3
STU0122,2025-04-09,6,146,1,2
STU0122,2025-04-16,6,183,2,0
STU0122,2025-04-23,3,177,1,0
STU0122,2025-04-30,4,213,3,0
STU0122,2025-05-07,3,110,1,1
STU0122,2025-05-14,4,200,2,3
STU0123,2025-01-01,9,275,2,4
STU0123,2025-01-08,10,168,4,4
STU0123,2025-01-15,12,199,3,1
STU0123,2025-01-22,9,185,3,4
STU0123,2025-01-29,12,219,3,1
STU0123,2025-02-05,7,277,4,3
STU0123,2025-02-12,12,187,3,1
STU0123,2025-02-19,12,177,2,2
STU0123,2025-02-26,12,279,4,1
STU0123,2025-03-05,8,192,3,2
STU0123,2025-03-12,9,208,4,2
STU0123,2025-03-19,9,176,4,4
STU0123,2025-03-26,12,217,4,4
STU0123,2025-04-02,6,215,2,3
STU0123,2025-04-09,7,244,2,2
STU0123,2025-04-16,10,170,2,1
STU0123,2025-04-23,12,263,3,1
STU0123,2025-04-30,6,223,3,3
STU0123,2025-05-07,8,217,2,2
STU0123,2025-05-14,8,238,3,3
STU0124,2025-01-01,11,226,4,3
STU0124,2025-01-08,7,270,5,2
STU0124,2025-01-15,7,330,3,2
STU0124,2025-01-22,8,226,4,2
STU0124,2025-01-29,9,288,4,4
STU0124,2025-02-05,8,225,4,3
STU0124,2025-02-12,7,293,3,2
STU0124,2025-02-19,10,256,3,3
STU0124,2025-02-26,7,260,4,4
STU0124,2025-03-05,12,261,5,2
STU0124,2025-03-12,8,290,5,4
STU0124,2025-03-19,12,323,3,2
STU0124,2025-03-26,10,279,4,1
STU0124,2025-04-02,8,315,5,3
STU0124,2025-04-09,12,291,4,2
STU0124,2025-04-16,9,258,4,1
STU0124,2025-04-23,7,230,3,1
STU0124,2025-04-30,9,330,5,3
STU0124,2025-05-07,8,253,3,3
STU0124,2025-05-14,11,258,3,1
STU0125,2025-01-01,7,300,5,4
STU0125,2025-01-08,9,235,5,4
STU0125,2025-01-15,7,244,5,3
STU0125,2025-01-22,9,247,5,1
STU0125,2025-01-29,9,241,3,1
STU0125,2025-02-05,7,218,3,2
STU0125,2025-02-12,11,270,5,4
STU0125,2025-02-19,7,281,4,1
STU0125,2025-02-26,8,308,5,4
STU0125,2025-03-05,7,309,4,2
STU0125,2025-03-12,7,219,3,1
STU0125,2025-03-19,7,237,4,4
STU0125,2025-03-26,11,261,4,2
STU0125,2025-04-02,7,206,3,3
STU0125,2025-04-09,11,256,4,3
STU0125,2025-04-16,8,245,5,3
STU0125,2025-04-23,12,256,5,4
STU0125,2025-04-30,13,219,3,2
STU0125,2025-05-07,11,208,5,3
STU0125,2025-05-14,13,235,4,1
STU0126,2025-01-01,4,65,0,2
STU0126,2025-01-08,7,102,1,1
STU0126,2025-01-15,5,147,0,1
STU0126,2025-01-22,6,165,2,3
STU0126,2025-01-29,7,127,0,3
STU0126,2025-02-05,1,160,1,2
STU0126,2025-02-12,6,120,2,3
STU0126,2025-02-19,2,145,0,2
STU0126,2025-02-26,7,121,2,1
STU0126,2025-03-05,5,134,2,2
STU0126,2025-03-12,1,113,1,1
STU0126,2025-03-19,1,92,1,3
STU0126,2025-03-26,1,59,1,1
STU0126,2025-04-02,6,54,2,3
STU0126,2025-04-09,4,70,1,1
STU0126,2025-04-16,2,100,1,1
STU0126,2025-04-23,5,74,1,2
STU0126,2025-04-30,2,125,0,1
STU0126,2025-05-07,6,158,1,1
STU0126,2025-05-14,7,70,1,0
STU0127,2025-01-01,8,267,2,3
STU0127,2025-01-08,9,182,3,2
STU0127,2025-01-15,10,243,4,2
STU0127,2025-01-22,6,265,2,1
STU0127,2025-01-29,7,270,3,3
STU0127,2025-02-05,8,217,3,1
STU0127,2025-02-12,6,223,2,3
STU0127,2025-02-19,10,193,2,3
STU0127,2025-02-26,10,177,2,2
STU0127,2025-03-05,9,219,2,1
STU0127,2025-03-12,11,271,2,1
STU0127,2025-03-19,7,252,3,2
STU0127,2025-03-26,6,160,3,1
STU0127,2025-04-02,9,225,2,2
STU0127,2025-04-09,11,188,2,4
STU0127,2025-04-16,10,158,2,4
STU0127,2025-04-23,8,220,3,4
STU0127,2025-04-30,7,197,4,3
STU0127,2025-05-07,6,176,3,2
STU0127,2025-05-14,11,215,3,4
STU0128,2025-01-01,11,246,4,3
STU0128,2025-01-08,9,289,4,3
STU0128,2025-01-15,9,219,5,2
STU0128,2025-01-22,10,264,4,1
STU0128,2025-01-29,7,278,3,2
STU0128,2025-02-05,13,247,3,4
STU0128,2025-02-12,13,257,4,3
STU0128,2025-02-19,8,310,3,2
STU0128,2025-02-26,7,255,4,1
STU0128,2025-03-05,11,315,4,2
STU0128,2025-03-12,8,266,3,3
STU0128,2025-03-19,11,271,4,1
STU0128,2025-03-26,12,237,3,1
STU0128,2025-04-02,12,318,5,2
STU0128,2025-04-09,12,241,4,4
STU0128,2025-04-16,10,280,3,1
STU0128,2025-04-23,8,233,3,3
STU0128,2025-04-30,11,232,5,4
STU0128,2025-05-07,12,228,4,2
STU0128,2025-05-14,13,230,3,4
STU0129,2025-01-01,8,263,4,2
STU0129,2025-01-08,7,275,4,2
STU0129,2025-01-15,11,220,4,4
STU0129,2025-01-22,11,237,3,1
STU0129,2025-01-29,12,281,5,4
STU0129,2025-02-05,8,250,4,2
STU0129,2025-02-12,9,294,4,3
STU0129,2025-02-19,8,300,5,4
STU0129,2025-02-26,12,298,5,1
STU0129,2025-03-05,8,268,5,4
STU0129,2025-03-12,7,263,3,2
STU0129,2025-03-19,11,244,5,3
STU0129,2025-03-26,10,301,3,3
STU0129,2025-04-02,11,281,5,3
STU0129,2025-04-09,11,292,3,2
STU0129,2025-04-16,9,250,4,4
STU0129,2025-04-23,6,261,3,4
STU0129,2025-04-30,8,185,4,4
STU0129,2025-05-07,6,194,5,3
STU0129,2025-05-14,12,227,4,1
STU0130,2025-01-01,5,219,3,1
STU0130,2025-01-08,9,222,3,4
STU0130,2025-01-15,5,167,3,1
STU0130,2025-01-22,5,218,2,4
STU0130,2025-01-29,11,172,4,4
STU0130,2025-02-05,5,261,2,2
STU0130,2025-02-12,8,220,2,1
STU0130,2025-02-19,7,253,3,2
STU0130,2025-02-26,10,267,3,2
STU0130,2025-03-05,5,205,2,3
STU0130,2025-03-12,10,268,2,1
STU0130,2025-03-19,8,235,3,4
STU0130,2025-03-26,9,157,3,3
STU0130,2025-04-02,6,198,2,4
STU0130,2025-04-09,9,256,2,1
STU0130,2025-04-16,9,260,3,4
STU0130,2025-04-23,5,230,4,1
STU0130,2025-04-30,10,172,4,2
STU0130,2025-05-07,6,219,4,1
STU0130,2025-05-14,5,276,4,4
STU0131,2025-01-01,12,215,3,3
STU0131,2025-01-08,9,230,5,2
STU0131,2025-01-15,6,304,3,2
STU0131,2025-01-22,12,188,3,3
STU0131,2025-01-29,10,262,5,1
STU0131,2025-02-05,8,236,5,3
STU0131,2025-02-12,12,210,3,4
STU0131,2025-02-19,7,283,3,1
STU0131,2025-02-26,11,267,4,4
STU0131,2025-03-05,7,282,3,1
STU0131,2025-03-12,10,272,4,4
STU0131,2025-03-19,12,186,5,1
STU0131,2025-03-26,10,252,4,2
STU0131,2025-04-02,8,186,5,3
STU0131,2025-04-09,8,302,4,3
STU0131,2025-04-16,10,208,3,1
STU0131,2025-04-23,7,196,3,3
STU0131,2025-04-30,8,299,4,1
STU0131,2025-05-07,10,258,4,2
STU0131,2025-05-14,8,289,3,2
STU0132,2025-01-01,4,158,1,2
STU0132,2025-01-08,4,163,1,3
STU0132,2025-01-15,8,127,2,3
STU0132,2025-01-22,2,158,3,3
STU0132,2025-01-29,7,91,3,2
STU0132,2025-02-05,3,127,3,0
STU0132,2025-02-12,3,86,2,2
STU0132,2025-02-19,3,171,3,2
STU0132,2025-02-26,6,158,1,3
STU0132,2025-03-05,8,92,1,3
STU0132,2025-03-12,8,143,2,2
STU0132,2025-03-19,7,141,2,2
STU0132,2025-03-26,6,113,1,1
STU0132,2025-04-02,3,95,2,3
STU0132,2025-04-09,5,162,1,1
STU0132,2025-04-16,2,145,1,3
STU0132,2025-04-23,8,130,2,1
STU0132,2025-04-30,4,97,2,1
STU0132,2025-05-07,8,168,3,2
STU0132,2025-05-14,4,190,2,2
STU0133,2025-01-01,3,184,3,0
STU0133,2025-01-08,6,149,2,2
STU0133,2025-01-15,8,111,1,0
STU0133,2025-01-22,9,190,3,1
STU0133,2025-01-29,3,146,1,2
STU0133,2025-02-05,5,118,3,3
STU0133,2025-02-12,3,95,3,2
STU0133,2025-02-19,4,135,2,2
STU0133,2025-02-26,5,116,1,3
STU0133,2025-03-05,4,136,1,2
STU0133,2025-03-12,7,202,2,1
STU0133,2025-03-19,5,159,2,1
STU0133,2025-03-26,4,113,2,1
STU0133,2025-04-02,5,96,1,1
STU0133,2025-04-09,6,212,2,2
STU0133,2025-04-16,8,143,3,0
STU0133,2025-04-23,4,122,3,2
STU0133,2025-04-30,6,204,1,1
STU0133,2025-05-07,6,206,1,2
STU0133,2025-05-14,7,205,2,3
STU0134,2025-01-01,12,250,3,2
STU0134,2025-01-08,8,308,3,2
STU0134,2025-01-15,12,324,3,1
STU0134,2025-01-22,12,247,3,2
STU0134,2025-01-29,8,292,4,2
STU0134,2025-02-05,7,232,3,4
STU0134,2025-02-12,12,234,5,3
STU0134,2025-02-19,9,325,3,3
STU0134,2025-02-26,13,212,3,2
STU0134,2025-03-05,7,248,5,4
STU0134,2025-03-12,8,277,3,4
STU0134,2025-03-19,10,261,5,3
STU0134,2025-03-26,12,304,3,4
STU0134,2025-04-02,13,251,5,4
STU0134,2025-04-09,12,287,4,1
STU0134,2025-04-16,11,281,4,3
STU0134,2025-04-23,13,296,3,2
STU0134,2025-04-30,12,290,4,3
STU0134,2025-05-07,13,248,5,3
STU0134,2025-05-14,8,297,3,4
STU0135,2025-01-01,6,172,1,3
STU0135,2025-01-08,9,149,3,2
STU0135,2025-01-15,9,222,1,1
STU0135,2025-01-22,3,173,3,3
STU0135,2025-01-29,3,159,2,3
STU0135,2025-02-05,4,140,2,1
STU0135,2025-02-12,9,174,1,0
STU0135,2025-02-19,3,152,2,0
STU0135,2025-02-26,6,174,1,2
STU0135,2025-03-05,7,210,2,3
STU0135,2025-03-12,3,205,2,2
STU0135,2025-03-19,8,182,1,0
STU0135,2025-03-26,8,228,3,2
STU0135,2025-04-02,3,229,2,2
STU0135,2025-04-09,8,143,2,3
STU0135,2025-04-16,5,121,1,3
STU0135,2025-04-23,6,196,3,2
STU0135,2025-04-30,7,223,1,3
STU0135,2025-05-07,5,211,1,2
STU0135,2025-05-14,3,134,3,1
STU0136,2025-01-01,7,275,3,4
STU0136,2025-01-08,6,261,4,2
STU0136,2025-01-15,6,194,4,3
STU0136,2025-01-22,8,264,3,1
STU0136,2025-01-29,7,244,4,2
STU0136,2025-02-05,6,246,2,1
STU0136,2025-02-12,9,261,3,4
STU0136,2025-02-19,8,160,3,4
STU0136,2025-02-26,8,208,4,3
STU0136,2025-03-05,10,253,3,1
STU0136,2025-03-12,6,190,4,2
STU0136,2025-03-19,6,255,3,3
STU0136,2025-03-26,5,195,3,4
STU0136,2025-04-02,11,230,3,2
STU0136,2025-04-09,9,231,2,3
STU0136,2025-04-16,10,177,4,1
STU0136,2025-04-23,11,192,4,2
STU0136,2025-04-30,8,183,3,2
STU0136,2025-05-07,9,162,4,2
STU0136,2025-05-14,5,253,4,1
STU0137,2025-01-01,10,210,4,4
STU0137,2025-01-08,8,248,3,3
STU0137,2025-01-15,11,264,3,4
STU0137,2025-01-22,11,227,3,2
STU0137,2025-01-29,6,160,3,1
STU0137,2025-02-05,9,171,2,4
STU0137,2025-02-12,9,192,3,1
STU0137,2025-02-19,10,230,2,4
STU0137,2025-02-26,11,237,3,1
STU0137,2025-03-05,9,251,3,1
STU0137,2025-03-12,10,174,3,2
STU0137,2025-03-19,10,233,4,4
STU0137,2025-03-26,7,264,2,3
STU0137,2025-04-02,11,194,2,1
STU0137,2025-04-09,9,263,4,3
STU0137,2025-04-16,10,273,4,3
STU0137,2025-04-23,10,260,2,1
STU0137,2025-04-30,8,196,2,4
STU0137,2025-05-07,5,199,2,2
STU0137,2025-05-14,8,199,2,3
STU0138,2025-01-01,4,97,1,1
STU0138,2025-01-08,6,174,2,1
STU0138,2025-01-15,7,145,1,0
STU0138,2025-01-22,2,182,1,2
STU0138,2025-01-29,5,174,2,1
STU0138,2025-02-05,2,158,3,0
STU0138,2025-02-12,2,90,2,1
STU0138,2025-02-19,4,138,1,0
STU0138,2025-02-26,8,106,3,2
STU0138,2025-03-05,4,172,3,3
STU0138,2025-03-12,3,138,1,0
STU0138,2025-03-19,7,129,1,0
STU0138,2025-03-26,2,157,2,3
STU0138,2025-04-02,5,194,1,2
STU0138,2025-04-09,7,186,1,2
STU0138,2025-04-16,8,174,2,0
STU0138,2025-04-23,3,128,2,0
STU0138,2025-04-30,8,193,2,2
STU0138,2025-05-07,3,182,3,1
STU0138,2025-05-14,3,196,2,2
STU0139,2025-01-01,11,212,4,4
STU0139,2025-01-08,8,223,4,1
STU0139,2025-01-15,9,235,3,3
STU0139,2025-01-22,11,210,4,3
STU0139,2025-01-29,5,166,2,2
STU0139,2025-02-05,6,180,4,4
STU0139,2025-02-12,5,188,4,2
STU0139,2025-02-19,11,207,2,4
STU0139,2025-02-26,6,203,2,2
STU0139,2025-03-05,7,161,3,3
STU0139,2025-03-12,10,245,2,4
STU0139,2025-03-19,5,158,2,4
STU0139,2025-03-26,5,234,3,4
STU0139,2025-04-02,5,258,3,2
STU0139,2025-04-09,11,223,4,3
STU0139,2025-04-16,8,237,3,3
STU0139,2025-04-23,9,207,2,1
STU0139,2025-04-30,9,199,3,4
STU0139,2025-05-07,5,178,3,3
STU0139,2025-05-14,9,175,4,3
STU0140,2025-01-01,11,322,3,1
STU0140,2025-01-08,11,333,4,3
STU0140,2025-01-15,12,347,4,4
STU0140,2025-01-22,14,286,5,3
STU0140,2025-01-29,9,323,3,3
STU0140,2025-02-05,12,287,4,2
STU0140,2025-02-12,12,256,3,2
STU0140,2025-02-19,13,280,3,2
STU0140,2025-02-26,9,278,5,1
STU0140,2025-03-05,9,330,5,4
STU0140,2025-03-12,8,310,4,4
STU0140,2025-03-19,13,331,4,2
STU0140,2025-03-26,14,337,5,2
STU0140,2025-04-02,14,280,5,2
STU0140,2025-04-09,11,324,5,1
STU0140,2025-04-16,13,257,4,1
STU0140,2025-04-23,11,239,5,4
STU0140,2025-04-30,10,298,5,1
STU0140,2025-05-07,11,266,4,1
STU0140,2025-05-14,13,248,3,3
STU0141,2025-01-01,13,247,4,3
STU0141,2025-01-08,9,243,4,4
STU0141,2025-01-15,10,223,5,4
STU0141,2025-01-22,12,291,3,4
STU0141,2025-01-29,8,285,5,1
STU0141,2025-02-05,8,312,5,2
STU0141,2025-02-12,13,279,3,2
STU0141,2025-02-19,8,305,3,3
STU0141,2025-02-26,13,218,3,1
STU0141,2025-03-05,8,257,5,2
STU0141,2025-03-12,7,233,5,4
STU0141,2025-03-19,11,315,5,2
STU0141,2025-03-26,10,287,3,1
STU0141,2025-04-02,8,224,3,3
STU0141,2025-04-09,13,252,5,2
STU0141,2025-04-16,12,258,5,4
STU0141,2025-04-23,12,289,4,1
STU0141,2025-04-30,7,217,5,2
STU0141,2025-05-07,11,301,5,2
STU0141,2025-05-14,11,214,3,1
STU0142,2025-01-01,9,248,4,1
STU0142,2025-01-08,13,258,4,4
STU0142,2025-01-15,10,313,3,3
STU0142,2025-01-22,8,340,5,4
STU0142,2025-01-29,13,259,5,1
STU0142,2025-02-05,8,250,5,2
STU0142,2025-02-12,12,239,3,4
STU0142,2025-02-19,12,276,5,3
STU0142,2025-02-26,12,252,5,2
STU0142,2025-03-05,14,277,5,2
STU0142,2025-03-12,8,252,5,1
STU0142,2025-03-19,13,224,5,2
STU0142,2025-03-26,9,293,3,2
STU0142,2025-04-02,11,317,4,2
STU0142,2025-04-09,13,273,3,3
STU0142,2025-04-16,13,342,3,3
STU0142,2025-04-23,11,308,4,1
STU0142,2025-04-30,12,258,4,4
STU0142,2025-05-07,8,337,5,3
STU0142,2025-05-14,12,235,5,1
STU0143,2025-01-01,10,168,2,4
STU0143,2025-01-08,10,237,4,3
STU0143,2025-01-15,10,273,2,2
STU0143,2025-01-22,6,278,2,1
STU0143,2025-01-29,10,238,3,3
STU0143,2025-02-05,10,245,4,2
STU0143,2025-02-12,10,242,2,1
STU0143,2025-02-19,5,275,2,1
STU0143,2025-02-26,5,220,2,2
STU0143,2025-03-05,6,252,2,4
STU0143,2025-03-12,7,253,3,2
STU0143,2025-03-19,11,163,2,3
STU0143,2025-03-26,7,174,2,2
STU0143,2025-04-02,7,256,3,3
STU0143,2025-04-09,6,202,2,4
STU0143,2025-04-16,7,176,3,3
STU0143,2025-04-23,5,262,3,3
STU0143,2025-04-30,9,192,3,4
STU0143,2025-05-07,5,178,2,2
STU0143,2025-05-14,9,244,4,2
STU0144,2025-01-01,6,176,4,1
STU0144,2025-01-08,8,225,2,1
STU0144,2025-01-15,6,206,4,2
STU0144,2025-01-22,11,244,3,2
STU0144,2025-01-29,7,208,2,1
STU0144,2025-02-05,11,264,2,3
STU0144,2025-02-12,7,213,2,3
STU0144,2025-02-19,10,256,3,2
STU0144,2025-02-26,6,176,3,2
STU0144,2025-03-05,9,276,4,3
STU0144,2025-03-12,8,283,2,4
STU0144,2025-03-19,12,269,3,4
STU0144,2025-03-26,12,255,4,4
STU0144,2025-04-02,6,257,3,4
STU0144,2025-04-09,11,237,3,2
STU0144,2025-04-16,10,222,2,1
STU0144,2025-04-23,8,190,4,4
STU0144,2025-04-30,8,270,4,1
STU0144,2025-05-07,6,180,4,3
STU0144,2025-05-14,6,175,4,1
STU0145,2025-01-01,6,177,1,2
STU0145,2025-01-08,6,165,1,1
STU0145,2025-01-15,2,133,2,0
STU0145,2025-01-22,2,145,2,1
STU0145,2025-01-29,8,191,2,0
STU0145,2025-02-05,4,197,1,0
STU0145,2025-02-12,2,123,3,3
STU0145,2025-02-19,2,189,2,2
STU0145,2025-02-26,5,156,1,2
STU0145,2025-03-05,8,89,3,2
STU0145,2025-03-12,7,166,3,2
STU0145,2025-03-19,7,95,2,0
STU0145,2025-03-26,4,100,1,2
STU0145,2025-04-02,5,110,1,3
STU0145,2025-04-09,6,153,2,2
STU0145,2025-04-16,3,133,1,1
STU0145,2025-04-23,3,195,3,2
STU0145,2025-04-30,4,98,1,1
STU0145,2025-05-07,7,108,2,0
STU0145,2025-05-14,8,106,3,0
STU0146,2025-01-01,5,167,3,4
STU0146,2025-01-08,5,143,2,2
STU0146,2025-01-15,11,167,3,2
STU0146,2025-01-22,6,182,2,4
STU0146,2025-01-29,6,199,3,1
STU0146,2025-02-05,10,243,3,4
STU0146,2025-02-12,5,254,4,2
STU0146,2025-02-19,6,204,3,1
STU0146,2025-02-26,7,152,3,1
STU0146,2025-03-05,7,168,3,3
STU0146,2025-03-12,6,243,4,3
STU0146,2025-03-19,9,256,2,2
STU0146,2025-03-26,11,179,3,3
STU0146,2025-04-02,8,233,3,4
STU0146,2025-04-09,10,177,4,2
STU0146,2025-04-16,6,169,2,3
STU0146,2025-04-23,11,142,2,1
STU0146,2025-04-30,10,225,4,3
STU0146,2025-05-07,9,239,2,1
STU0146,2025-05-14,7,224,4,3
STU0147,2025-01-01,7,227,3,4
STU0147,2025-01-08,7,261,3,3
STU0147,2025-01-15,12,252,5,1
STU0147,2025-01-22,11,279,5,3
STU0147,2025-01-29,10,192,5,3
STU0147,2025-02-05,12,214,4,2
STU0147,2025-02-12,7,211,3,2
STU0147,2025-02-19,12,290,5,2
STU0147,2025-02-26,11,251,4,3
STU0147,2025-03-05,8,235,5,3
STU0147,2025-03-12,12,268,3,2
STU0147,2025-03-19,7,185,5,1
STU0147,2025-03-26,8,208,5,3
STU0147,2025-04-02,12,247,5,2
STU0147,2025-04-09,9,260,4,1
STU0147,2025-04-16,7,293,3,3
STU0147,2025-04-23,9,225,3,2
STU0147,2025-04-30,11,231,5,1
STU0147,2025-05-07,8,239,3,2
STU0147,2025-05-14,6,198,5,3
STU0148,2025-01-01,7,293,4,2
STU0148,2025-01-08,9,202,3,4
STU0148,2025-01-15,13,256,3,4
STU0148,2025-01-22,12,207,3,1
STU0148,2025-01-29,11,292,5,2
STU0148,2025-02-05,13,214,4,2
STU0148,2025-02-12,9,306,5,4
STU0148,2025-02-19,8,222,3,3
STU0148,2025-02-26,9,228,5,2
STU0148,2025-03-05,13,278,4,3
STU0148,2025-03-12,8,213,4,3
STU0148,2025-03-19,8,304,5,4
STU0148,2025-03-26,7,301,3,2
STU0148,2025-04-02,9,202,5,1
STU0148,2025-04-09,7,217,4,2
STU0148,2025-04-16,10,307,5,3
STU0148,2025-04-23,13,269,3,2
STU0148,2025-04-30,9,204,5,1
STU0148,2025-05-07,8,218,5,4
STU0148,2025-05-14,12,234,3,4
STU0149,2025-01-01,5,176,2,2
STU0149,2025-01-08,9,111,1,2
STU0149,2025-01-15,3,174,3,0
STU0149,2025-01-22,8,200,1,3
STU0149,2025-01-29,5,117,1,2
STU0149,2025-02-05,7,111,3,2
STU0149,2025-02-12,3,143,3,1
STU0149,2025-02-19,8,129,2,3
STU0149,2025-02-26,6,177,3,1
STU0149,2025-03-05,6,176,3,3
STU0149,2025-03-12,7,194,3,1
STU0149,2025-03-19,7,179,1,0
STU0149,2025-03-26,5,141,1,2
STU0149,2025-04-02,8,177,2,0
STU0149,2025-04-09,9,126,2,1
STU0149,2025-04-16,8,188,1,0
STU0149,2025-04-23,5,122,2,2
STU0149,2025-04-30,7,108,2,1
STU0149,2025-05-07,8,143,3,3
STU0149,2025-05-14,5,131,1,1
STU0150,2025-01-01,6,126,1,0
STU0150,2025-01-08,3,143,1,1
STU0150,2025-01-15,5,65,1,0
STU0150,2025-01-22,1,132,1,0
STU0150,2025-01-29,2,140,1,0
STU0150,2025-02-05,1,145,2,0
STU0150,2025-02-12,4,107,2,3
STU0150,2025-02-19,5,164,2,1
STU0150,2025-02-26,1,172,2,1
STU0150,2025-03-05,3,127,2,2
STU0150,2025-03-12,2,183,1,2
STU0150,2025-03-19,2,101,2,3
STU0150,2025-03-26,3,177,2,0
STU0150,2025-04-02,7,128,1,1
STU0150,2025-04-09,5,81,3,0
STU0150,2025-04-16,4,73,1,3
STU0150,2025-04-23,6,73,3,2
STU0150,2025-04-30,6,128,3,0
STU0150,2025-05-07,4,91,1,3
STU0150,2025-05-14,1,102,2,1
STU0151,2025-01-01,8,224,4,2
STU0151,2025-01-08,10,220,4,4
STU0151,2025-01-15,7,278,5,4
STU0151,2025-01-22,7,187,3,2
STU0151,2025-01-29,7,248,3,2
STU0151,2025-02-05,12,197,4,1
STU0151,2025-02-12,8,259,4,2
STU0151,2025-02-19,7,242,5,3
STU0151,2025-02-26,6,201,4,3
STU0151,2025-03-05,8,251,4,2
STU0151,2025-03-12,8,227,5,1
STU0151,2025-03-19,7,211,5,2
STU0151,2025-03-26,6,184,5,1
STU0151,2025-04-02,10,226,5,3
STU0151,2025-04-09,11,249,5,1
STU0151,2025-04-16,12,222,5,1
STU0151,2025-04-23,8,211,5,2
STU0151,2025-04-30,9,209,4,3
STU0151,2025-05-07,10,186,5,3
STU0151,2025-05-14,11,216,4,1
STU0152,2025-01-01,6,178,3,0
STU0152,2025-01-08,7,92,1,2
STU0152,2025-01-15,8,71,2,1
STU0152,2025-01-22,2,159,2,3
STU0152,2025-01-29,2,96,1,2
STU0152,2025-02-05,4,123,1,1
STU0152,2025-02-12,5,74,1,2
STU0152,2025-02-19,4,111,3,3
STU0152,2025-02-26,3,104,3,0
STU0152,2025-03-05,4,81,3,2
STU0152,2025-03-12,5,125,3,0
STU0152,2025-03-19,6,74,3,3
STU0152,2025-03-26,4,139,1,1
STU0152,2025-04-02,8,151,3,1
STU0152,2025-04-09,6,174,2,3
STU0152,2025-04-16,4,84,3,2
STU0152,2025-04-23,7,80,3,2
STU0152,2025-04-30,2,142,1,1
STU0152,2025-05-07,8,124,2,2
STU0152,2025-05-14,7,124,2,2
STU0153,2025-01-01,5,113,3,1
STU0153,2025-01-08,4,71,2,3
STU0153,2025-01-15,8,93,1,3
STU0153,2025-01-22,8,157,1,3
STU0153,2025-01-29,4,177,1,2
STU0153,2025-02-05,8,98,2,0
STU0153,2025-02-12,3,81,2,3
STU0153,2025-02-19,3,75,2,0
STU0153,2025-02-26,7,179,1,2
STU0153,2025-03-05,6,95,1,2
STU0153,2025-03-12,3,167,3,3
STU0153,2025-03-19,3,88,1,0
STU0153,2025-03-26,2,91,2,2
STU0153,2025-04-02,7,109,2,2
STU0153,2025-04-09,5,102,3,2
STU0153,2025-04-16,6,94,2,3
STU0153,2025-04-23,5,98,2,1
STU0153,2025-04-30,2,120,1,1
STU0153,2025-05-07,4,74,1,3
STU0153,2025-05-14,8,104,1,1
STU0154,2025-01-01,11,248,4,2
STU0154,2025-01-08,7,257,4,4
STU0154,2025-01-15,7,201,4,2
STU0154,2025-01-22,7,169,4,3
STU0154,2025-01-29,11,190,2,1
STU0154,2025-02-05,10,182,3,2
STU0154,2025-02-12,10,243,3,2
STU0154,2025-02-19,11,193,3,1
STU0154,2025-02-26,9,209,4,2
STU0154,2025-03-05,8,235,3,1
STU0154,2025-03-12,5,167,3,1
STU0154,2025-03-19,9,152,3,4
STU0154,2025-03-26,8,169,2,2
STU0154,2025-04-02,5,230,4,4
STU0154,2025-04-09,10,239,3,3
STU0154,2025-04-16,9,176,2,3
STU0154,2025-04-23,7,203,3,2
STU0154,2025-04-30,5,239,3,3
STU0154,2025-05-07,6,255,2,4
STU0154,2025-05-14,10,241,3,4
STU0155,2025-01-01,8,146,4,3
STU0155,2025-01-08,5,192,3,1
STU0155,2025-01-15,10,238,3,1
STU0155,2025-01-22,8,186,4,0
STU0155,2025-01-29,10,185,2,0
STU0155,2025-02-05,4,193,4,1
STU0155,2025-02-12,5,224,2,0
STU0155,2025-02-19,7,198,3,1
STU0155,2025-02-26,9,214,3,3
STU0155,2025-03-05,5,213,2,0
STU0155,2025-03-12,4,198,3,0
STU0155,2025-03-19,9,183,2,3
STU0155,2025-03-26,9,244,4,3
STU0155,2025-04-02,7,162,3,0
STU0155,2025-04-09,4,179,4,3
STU0155,2025-04-16,5,172,3,3
STU0155,2025-04-23,8,177,2,0
STU0155,2025-04-30,8,171,3,2
STU0155,2025-05-07,7,230,4,1
STU0155,2025-05-14,8,163,4,3
STU0156,2025-01-01,10,248,4,0
STU0156,2025-01-08,7,238,3,1
STU0156,2025-01-15,9,218,4,0
STU0156,2025-01-22,8,185,4,1
STU0156,2025-01-29,8,179,4,3
STU0156,2025-02-05,5,211,3,3
STU0156,2025-02-12,7,234,3,1
STU0156,2025-02-19,8,177,3,1
STU0156,2025-02-26,10,176,2,3
STU0156,2025-03-05,5,180,2,0
STU0156,2025-03-12,10,231,3,2
STU0156,2025-03-19,6,130,3,0
STU0156,2025-03-26,9,200,3,0
STU0156,2025-04-02,9,154,4,1
STU0156,2025-04-09,10,193,4,0
STU0156,2025-04-16,4,137,3,2
STU0156,2025-04-23,5,230,4,1
STU0156,2025-04-30,4,232,4,3
STU0156,2025-05-07,8,130,3,3
STU0156,2025-05-14,10,211,4,3
STU0157,2025-01-01,4,246,4,1
STU0157,2025-01-08,6,182,4,0
STU0157,2025-01-15,7,183,3,0
STU0157,2025-01-22,5,199,4,0
STU0157,2025-01-29,5,242,4,0
STU0157,2025-02-05,5,150,2,2
STU0157,2025-02-12,6,236,3,3
STU0157,2025-02-19,4,218,3,2
STU0157,2025-02-26,4,189,4,2
STU0157,2025-03-05,8,184,3,3
STU0157,2025-03-12,5,237,3,2
STU0157,2025-03-19,7,233,2,2
STU0157,2025-03-26,5,198,4,1
STU0157,2025-04-02,5,225,4,1
STU0157,2025-04-09,5,215,4,2
STU0157,2025-04-16,4,208,4,0
STU0157,2025-04-23,5,228,3,0
STU0157,2025-04-30,7,180,3,2
STU0157,2025-05-07,7,185,3,1
STU0157,2025-05-14,7,155,3,2
STU0158,2025-01-01,1,145,2,3
STU0158,2025-01-08,1,151,1,2
STU0158,2025-01-15,4,78,0,1
STU0158,2025-01-22,4,93,1,2
STU0158,2025-01-29,7,77,2,3
STU0158,2025-02-05,4,150,2,2
STU0158,2025-02-12,4,73,2,0
STU0158,2025-02-19,6,113,1,0
STU0158,2025-02-26,4,88,2,0
STU0158,2025-03-05,6,179,0,0
STU0158,2025-03-12,1,176,1,3
STU0158,2025-03-19,4,110,1,0
STU0158,2025-03-26,1,81,0,0
STU0158,2025-04-02,1,141,0,3
STU0158,2025-04-09,3,157,0,1
STU0158,2025-04-16,5,80,0,1
STU0158,2025-04-23,3,99,0,1
STU0158,2025-04-30,1,136,1,0
STU0158,2025-05-07,2,92,1,3
STU0158,2025-05-14,2,140,2,0
STU0159,2025-01-01,8,308,3,2
STU0159,2025-01-08,9,247,5,1
STU0159,2025-01-15,11,246,3,1
STU0159,2025-01-22,8,286,4,3
STU0159,2025-01-29,9,258,3,3
STU0159,2025-02-05,12,254,3,4
STU0159,2025-02-12,13,263,4,4
STU0159,2025-02-19,12,292,5,2
STU0159,2025-02-26,10,252,5,3
STU0159,2025-03-05,7,320,5,2
STU0159,2025-03-12,10,232,5,4
STU0159,2025-03-19,9,300,4,2
STU0159,2025-03-26,7,307,5,2
STU0159,2025-04-02,12,329,3,3
STU0159,2025-04-09,12,239,3,4
STU0159,2025-04-16,7,252,3,2
STU0159,2025-04-23,11,278,4,3
STU0159,2025-04-30,10,219,5,1
STU0159,2025-05-07,10,290,5,1
STU0159,2025-05-14,11,286,3,2
STU0160,2025-01-01,7,170,2,0
STU0160,2025-01-08,1,95,2,0
STU0160,2025-01-15,4,74,3,0
STU0160,2025-01-22,2,147,2,2
STU0160,2025-01-29,4,132,3,0
STU0160,2025-02-05,4,153,3,3
STU0160,2025-02-12,5,102,3,0
STU0160,2025-02-19,2,139,1,1
STU0160,2025-02-26,6,165,2,3
STU0160,2025-03-05,5,163,1,2
STU0160,2025-03-12,2,148,3,3
STU0160,2025-03-19,3,71,3,2
STU0160,2025-03-26,2,156,2,1
STU0160,2025-04-02,7,136,2,0
STU0160,2025-04-09,2,135,3,3
STU0160,2025-04-16,6,160,2,1
STU0160,2025-04-23,2,183,3,0
STU0160,2025-04-30,7,65,2,0
STU0160,2025-05-07,3,148,1,1
STU0160,2025-05-14,6,179,3,3
STU0161,2025-01-01,8,189,3,2
STU0161,2025-01-08,8,140,1,0
STU0161,2025-01-15,9,135,1,1
STU0161,2025-01-22,9,120,1,0
STU0161,2025-01-29,8,213,3,3
STU0161,2025-02-05,5,171,2,1
STU0161,2025-02-12,8,218,3,1
STU0161,2025-02-19,4,135,3,3
STU0161,2025-02-26,7,110,3,1
STU0161,2025-03-05,5,211,1,0
STU0161,2025-03-12,3,217,2,3
STU0161,2025-03-19,8,138,2,3
STU0161,2025-03-26,5,211,2,1
STU0161,2025-04-02,4,191,2,0
STU0161,2025-04-09,8,182,2,0
STU0161,2025-04-16,5,214,2,0
STU0161,2025-04-23,6,220,1,0
STU0161,2025-04-30,4,137,1,1
STU0161,2025-05-07,3,195,3,3
STU0161,2025-05-14,7,121,2,3
STU0162,2025-01-01,8,164,3,3
STU0162,2025-01-08,2,134,2,0
STU0162,2025-01-15,3,116,3,1
STU0162,2025-01-22,7,79,1,2
STU0162,2025-01-29,5,141,2,0
STU0162,2025-02-05,8,132,1,3
STU0162,2025-02-12,3,109,1,3
STU0162,2025-02-19,6,182,2,2
STU0162,2025-02-26,4,89,1,1
STU0162,2025-03-05,5,99,3,0
STU0162,2025-03-12,8,184,3,0
STU0162,2025-03-19,8,176,2,0
STU0162,2025-03-26,6,157,3,1
STU0162,2025-04-02,3,153,3,1
STU0162,2025-04-09,2,150,1,1
STU0162,2025-04-16,2,172,1,1
STU0162,2025-04-23,5,78,2,2
STU0162,2025-04-30,8,164,1,1
STU0162,2025-05-07,7,140,2,0
STU0162,2025-05-14,5,96,3,2
STU0163,2025-01-01,2,58,1,1
STU0163,2025-01-08,5,112,0,2
STU0163,2025-01-15,3,69,0,2
STU0163,2025-01-22,7,68,2,3
STU0163,2025-01-29,6,141,0,2
STU0163,2025-02-05,3,123,1,3
STU0163,2025-02-12,5,146,0,0
STU0163,2025-02-19,4,169,0,1
STU0163,2025-02-26,4,119,1,1
STU0163,2025-03-05,6,145,1,3
STU0163,2025-03-12,7,107,1,3
STU0163,2025-03-19,6,66,0,0
STU0163,2025-03-26,4,131,1,2
STU0163,2025-04-02,7,153,0,0
STU0163,2025-04-09,1,58,2,2
STU0163,2025-04-16,2,64,1,0
STU0163,2025-04-23,3,102,1,3
STU0163,2025-04-30,6,124,2,2
STU0163,2025-05-07,5,110,0,1
STU0163,2025-05-14,3,63,0,1
STU0164,2025-01-01,10,192,4,1
STU0164,2025-01-08,6,208,2,2
STU0164,2025-01-15,10,254,4,3
STU0164,2025-01-22,11,197,3,4
STU0164,2025-01-29,10,225,3,3
STU0164,2025-02-05,8,219,2,3
STU0164,2025-02-12,8,207,4,3
STU0164,2025-02-19,10,239,4,1
STU0164,2025-02-26,9,247,2,3
STU0164,2025-03-05,7,248,4,4
STU0164,2025-03-12,10,241,4,3
STU0164,2025-03-19,10,255,4,3
STU0164,2025-03-26,12,209,2,4
STU0164,2025-04-02,6,192,3,1
STU0164,2025-04-09,10,255,3,3
STU0164,2025-04-16,6,218,4,2
STU0164,2025-04-23,6,246,4,1
STU0164,2025-04-30,7,291,2,4
STU0164,2025-05-07,9,237,2,1
STU0164,2025-05-14,10,288,4,1
STU0165,2025-01-01,8,213,3,2
STU0165,2025-01-08,10,212,3,2
STU0165,2025-01-15,9,286,4,4
STU0165,2025-01-22,6,228,3,4
STU0165,2025-01-29,10,201,4,2
STU0165,2025-02-05,10,223,3,2
STU0165,2025-02-12,12,273,4,1
STU0165,2025-02-19,12,212,3,3
STU0165,2025-02-26,7,301,3,2
STU0165,2025-03-05,11,229,5,3
STU0165,2025-03-12,12,266,5,1
STU0165,2025-03-19,8,281,3,4
STU0165,2025-03-26,7,246,4,2
STU0165,2025-04-02,7,196,3,1
STU0165,2025-04-09,6,279,4,3
STU0165,2025-04-16,11,218,4,3
STU0165,2025-04-23,6,202,5,3
STU0165,2025-04-30,12,236,5,1
STU0165,2025-05-07,6,270,5,1
STU0165,2025-05-14,9,290,5,1
STU0166,2025-01-01,4,201,2,1
STU0166,2025-01-08,7,200,4,3
STU0166,2025-01-15,5,139,4,2
STU0166,2025-01-22,4,228,3,3
STU0166,2025-01-29,4,195,2,3
STU0166,2025-02-05,5,145,3,0
STU0166,2025-02-12,5,219,2,2
STU0166,2025-02-19,4,174,3,0
STU0166,2025-02-26,4,158,2,3
STU0166,2025-03-05,8,181,3,1
STU0166,2025-03-12,9,234,3,1
STU0166,2025-03-19,7,146,3,2
STU0166,2025-03-26,6,243,2,0
STU0166,2025-04-02,5,214,2,2
STU0166,2025-04-09,5,148,2,3
STU0166,2025-04-16,8,249,3,3
STU0166,2025-04-23,7,194,3,3
STU0166,2025-04-30,6,189,4,1
STU0166,2025-05-07,7,168,2,1
STU0166,2025-05-14,4,210,3,0
STU0167,2025-01-01,8,211,3,2
STU0167,2025-01-08,5,260,4,1
STU0167,2025-01-15,10,214,3,1
STU0167,2025-01-22,5,243,3,4
STU0167,2025-01-29,5,265,4,4
STU0167,2025-02-05,5,247,4,2
STU0167,2025-02-12,8,236,2,2
STU0167,2025-02-19,7,249,3,4
STU0167,2025-02-26,9,246,2,1
STU0167,2025-03-05,7,235,3,3
STU0167,2025-03-12,6,189,2,2
STU0167,2025-03-19,6,165,3,2
STU0167,2025-03-26,9,199,4,4
STU0167,2025-04-02,11,227,4,3
STU0167,2025-04-09,10,232,3,4
STU0167,2025-04-16,6,166,2,4
STU0167,2025-04-23,6,179,4,2
STU0167,2025-04-30,9,168,4,1
STU0167,2025-05-07,6,176,2,3
STU0167,2025-05-14,5,265,3,1
STU0168,2025-01-01,8,167,3,2
STU0168,2025-01-08,7,118,2,3
STU0168,2025-01-15,8,220,1,3
STU0168,2025-01-22,6,234,2,0
STU0168,2025-01-29,6,208,3,3
STU0168,2025-02-05,8,161,3,1
STU0168,2025-02-12,7,126,2,0
STU0168,2025-02-19,5,151,1,0
STU0168,2025-02-26,5,213,2,0
STU0168,2025-03-05,5,156,2,1
STU0168,2025-03-12,4,192,2,2
STU0168,2025-03-19,7,171,1,2
STU0168,2025-03-26,9,154,1,2
STU0168,2025-04-02,5,150,1,2
STU0168,2025-04-09,5,204,3,3
STU0168,2025-04-16,6,164,1,3
STU0168,2025-04-23,4,227,2,0
STU0168,2025-04-30,6,167,2,1
STU0168,2025-05-07,4,228,3,0
STU0168,2025-05-14,7,136,2,3
STU0169,2025-01-01,10,323,4,1
STU0169,2025-01-08,9,308,5,2
STU0169,2025-01-15,7,316,3,4
STU0169,2025-01-22,13,276,3,4
STU0169,2025-01-29,9,270,4,4
STU0169,2025-02-05,13,301,5,2
STU0169,2025-02-12,10,269,5,4
STU0169,2025-02-19,13,232,4,2
STU0169,2025-02-26,9,230,4,3
STU0169,2025-03-05,13,297,3,2
STU0169,2025-03-12,13,277,5,4
STU0169,2025-03-19,12,261,3,2
STU0169,2025-03-26,13,303,5,2
STU0169,2025-04-02,10,222,3,3
STU0169,2025-04-09,13,300,5,4
STU0169,2025-04-16,10,286,5,3
STU0169,2025-04-23,12,315,5,1
STU0169,2025-04-30,11,248,5,1
STU0169,2025-05-07,10,299,5,1
STU0169,2025-05-14,8,317,4,3
STU0170,2025-01-01,8,154,4,1
STU0170,2025-01-08,7,259,2,4
STU0170,2025-01-15,8,249,2,2
STU0170,2025-01-22,7,244,4,4
STU0170,2025-01-29,9,177,4,1
STU0170,2025-02-05,5,191,2,3
STU0170,2025-02-12,8,152,3,3
STU0170,2025-02-19,8,221,2,4
STU0170,2025-02-26,7,151,2,1
STU0170,2025-03-05,7,176,2,3
STU0170,2025-03-12,11,159,4,1
STU0170,2025-03-19,10,204,4,4
STU0170,2025-03-26,11,181,3,4
STU0170,2025-04-02,5,157,3,4
STU0170,2025-04-09,6,260,2,2
STU0170,2025-04-16,10,173,2,4
STU0170,2025-04-23,6,205,2,4
STU0170,2025-04-30,7,241,2,1
STU0170,2025-05-07,6,246,3,3
STU0170,2025-05-14,8,231,2,2
STU0171,2025-01-01,10,264,3,3
STU0171,2025-01-08,13,346,3,2
STU0171,2025-01-15,12,229,4,3
STU0171,2025-01-22,12,329,5,4
STU0171,2025-01-29,9,317,5,3
STU0171,2025-02-05,14,304,4,2
STU0171,2025-02-12,10,331,3,3
STU0171,2025-02-19,14,232,3,3
STU0171,2025-02-26,14,267,3,1
STU0171,2025-03-05,13,278,5,4
STU0171,2025-03-12,14,279,3,3
STU0171,2025-03-19,12,292,3,3
STU0171,2025-03-26,12,247,5,3
STU0171,2025-04-02,9,301,5,1
STU0171,2025-04-09,10,294,5,2
STU0171,2025-04-16,9,246,4,4
STU0171,2025-04-23,8,248,3,1
STU0171,2025-04-30,11,296,5,4
STU0171,2025-05-07,11,312,3,2
STU0171,2025-05-14,14,295,5,2
STU0172,2025-01-01,11,325,3,3
STU0172,2025-01-08,11,277,5,4
STU0172,2025-01-15,9,326,4,1
STU0172,2025-01-22,13,304,4,1
STU0172,2025-01-29,13,332,4,3
STU0172,2025-02-05,12,309,5,2
STU0172,2025-02-12,10,315,3,1
STU0172,2025-02-19,9,243,5,2
STU0172,2025-02-26,8,261,4,3
STU0172,2025-03-05,9,288,3,3
STU0172,2025-03-12,10,302,4,2
STU0172,2025-03-19,7,242,4,2
STU0172,2025-03-26,10,333,4,3
STU0172,2025-04-02,13,256,4,4
STU0172,2025-04-09,12,323,3,1
STU0172,2025-04-16,13,255,4,4
STU0172,2025-04-23,11,295,3,4
STU0172,2025-04-30,7,289,4,3
STU0172,2025-05-07,12,220,4,4
STU0172,2025-05-14,11,276,4,4
STU0173,2025-01-01,6,281,5,1
STU0173,2025-01-08,9,303,5,2
STU0173,2025-01-15,11,263,4,1
STU0173,2025-01-22,12,293,4,4
STU0173,2025-01-29,7,186,4,3
STU0173,2025-02-05,10,276,3,2
STU0173,2025-02-12,9,260,4,2
STU0173,2025-02-19,9,209,3,1
STU0173,2025-02-26,12,259,5,4
STU0173,2025-03-05,10,285,5,3
STU0173,2025-03-12,9,291,4,2
STU0173,2025-03-19,6,244,4,3
STU0173,2025-03-26,11,234,4,3
STU0173,2025-04-02,7,286,5,4
STU0173,2025-04-09,10,221,4,2
STU0173,2025-04-16,11,255,3,4
STU0173,2025-04-23,10,219,3,3
STU0173,2025-04-30,8,243,5,3
STU0173,2025-05-07,8,278,5,4
STU0173,2025-05-14,7,254,3,3
STU0174,2025-01-01,13,287,5,4
STU0174,2025-01-08,12,353,5,4
STU0174,2025-01-15,13,249,5,1
STU0174,2025-01-22,10,352,4,1
STU0174,2025-01-29,9,316,3,2
STU0174,2025-02-05,14,313,3,2
STU0174,2025-02-12,14,294,4,2
STU0174,2025-02-19,12,347,3,4
STU0174,2025-02-26,13,313,5,3
STU0174,2025-03-05,14,310,4,2
STU0174,2025-03-12,14,338,5,4
STU0174,2025-03-19,11,299,4,4
STU0174,2025-03-26,10,307,4,3
STU0174,2025-04-02,14,296,3,1
STU0174,2025-04-09,13,352,4,3
STU0174,2025-04-16,9,267,3,4
STU0174,2025-04-23,8,314,5,4
STU0174,2025-04-30,14,313,4,1
STU0174,2025-05-07,8,335,4,3
STU0174,2025-05-14,11,260,4,3
STU0175,2025-01-01,8,268,3,2
STU0175,2025-01-08,8,220,5,1
STU0175,2025-01-15,11,320,3,4
STU0175,2025-01-22,12,269,5,4
STU0175,2025-01-29,11,236,4,2
STU0175,2025-02-05,9,238,3,4
STU0175,2025-02-12,9,278,3,1
STU0175,2025-02-19,12,268,5,2
STU0175,2025-02-26,10,240,4,1
STU0175,2025-03-05,14,232,3,1
STU0175,2025-03-12,11,276,5,4
STU0175,2025-03-19,9,270,4,1
STU0175,2025-03-26,10,270,5,1
STU0175,2025-04-02,13,254,5,4
STU0175,2025-04-09,14,217,3,2
STU0175,2025-04-16,12,321,5,2
STU0175,2025-04-23,13,314,5,3
STU0175,2025-04-30,13,261,4,1
STU0175,2025-05-07,14,264,4,4
STU0175,2025-05-14,8,278,5,1
STU0176,2025-01-01,8,193,3,4
STU0176,2025-01-08,11,276,5,4
STU0176,2025-01-15,8,304,3,3
STU0176,2025-01-22,7,194,3,3
STU0176,2025-01-29,8,235,4,4
STU0176,2025-02-05,10,298,4,2
STU0176,2025-02-12,7,207,3,1
STU0176,2025-02-19,6,286,4,3
STU0176,2025-02-26,11,274,5,4
STU0176,2025-03-05,11,245,4,1
STU0176,2025-03-12,8,222,3,1
STU0176,2025-03-19,6,252,5,1
STU0176,2025-03-26,7,305,4,2
STU0176,2025-04-02,6,279,4,4
STU0176,2025-04-09,12,306,3,1
STU0176,2025-04-16,9,191,4,4
STU0176,2025-04-23,9,255,4,1
STU0176,2025-04-30,11,290,5,1
STU0176,2025-05-07,12,250,5,4
STU0176,2025-05-14,7,203,3,4
STU0177,2025-01-01,10,211,3,2
STU0177,2025-01-08,7,231,4,3
STU0177,2025-01-15,11,226,4,3
STU0177,2025-01-22,11,275,5,1
STU0177,2025-01-29,12,293,5,1
STU0177,2025-02-05,10,283,4,3
STU0177,2025-02-12,11,302,5,1
STU0177,2025-02-19,13,226,4,4
STU0177,2025-02-26,12,218,3,2
STU0177,2025-03-05,13,305,3,4
STU0177,2025-03-12,13,206,5,1
STU0177,2025-03-19,8,210,3,1
STU0177,2025-03-26,12,287,4,1
STU0177,2025-04-02,13,271,4,2
STU0177,2025-04-09,11,271,4,4
STU0177,2025-04-16,11,222,4,1
STU0177,2025-04-23,12,232,4,1
STU0177,2025-04-30,13,284,5,2
STU0177,2025-05-07,9,287,4,3
STU0177,2025-05-14,7,292,4,3
STU0178,2025-01-01,3,106,2,2
STU0178,2025-01-08,8,81,3,3
STU0178,2025-01-15,8,114,2,3
STU0178,2025-01-22,8,116,1,3
STU0178,2025-01-29,3,78,1,1
STU0178,2025-02-05,3,141,1,2
STU0178,2025-02-12,2,81,3,3
STU0178,2025-02-19,8,116,1,0
STU0178,2025-02-26,8,91,1,0
STU0178,2025-03-05,5,110,3,0
STU0178,2025-03-12,6,125,1,3
STU0178,2025-03-19,7,127,3,0
STU0178,2025-03-26,8,155,2,0
STU0178,2025-04-02,7,81,3,1
STU0178,2025-04-09,8,134,3,1
STU0178,2025-04-16,7,74,3,0
STU0178,2025-04-23,4,110,3,0
STU0178,2025-04-30,5,152,2,1
STU0178,2025-05-07,6,177,1,1
STU0178,2025-05-14,2,101,1,0
STU0179,2025-01-01,1,130,1,0
STU0179,2025-01-08,7,103,0,3
STU0179,2025-01-15,2,73,0,3
STU0179,2025-01-22,4,103,1,3
STU0179,2025-01-29,2,82,1,0
STU0179,2025-02-05,2,124,1,2
STU0179,2025-02-12,6,62,2,1
STU0179,2025-02-19,7,125,1,0
STU0179,2025-02-26,1,71,2,2
STU0179,2025-03-05,7,171,2,1
STU0179,2025-03-12,2,82,1,1
STU0179,2025-03-19,6,171,1,2
STU0179,2025-03-26,7,168,1,0
STU0179,2025-04-02,6,154,1,3
STU0179,2025-04-09,1,168,1,1
STU0179,2025-04-16,6,75,0,0
STU0179,2025-04-23,5,121,1,2
STU0179,2025-04-30,7,128,1,0
STU0179,2025-05-07,5,83,2,1
STU0179,2025-05-14,3,161,1,0
STU0180,2025-01-01,10,264,3,1
STU0180,2025-01-08,14,250,5,4
STU0180,2025-01-15,9,271,4,4
STU0180,2025-01-22,13,243,4,1
STU0180,2025-01-29,12,258,3,1
STU0180,2025-02-05,12,288,3,4
STU0180,2025-02-12,12,236,5,4
STU0180,2025-02-19,8,261,4,2
STU0180,2025-02-26,12,327,4,4
STU0180,2025-03-05,14,261,3,3
STU0180,2025-03-12,9,351,3,3
STU0180,2025-03-19,11,243,5,2
STU0180,2025-03-26,11,282,5,3
STU0180,2025-04-02,12,259,4,4
STU0180,2025-04-09,8,299,5,2
STU0180,2025-04-16,14,349,4,2
STU0180,2025-04-23,12,236,5,3
STU0180,2025-04-30,13,291,5,1
STU0180,2025-05-07,14,244,5,4
STU0180,2025-05-14,9,353,3,2
STU0181,2025-01-01,11,228,3,4
STU0181,2025-01-08,13,231,4,4
STU0181,2025-01-15,8,271,5,4
STU0181,2025-01-22,9,326,4,1
STU0181,2025-01-29,9,240,5,3
STU0181,2025-02-05,8,226,3,4
STU0181,2025-02-12,9,234,3,2
STU0181,2025-02-19,8,292,3,2
STU0181,2025-02-26,8,319,5,1
STU0181,2025-03-05,10,312,3,1
STU0181,2025-03-12,14,295,3,3
STU0181,2025-03-19,14,230,4,2
STU0181,2025-03-26,8,308,3,2
STU0181,2025-04-02,9,228,4,2
STU0181,2025-04-09,8,251,5,4
STU0181,2025-04-16,9,294,5,4
STU0181,2025-04-23,14,244,5,4
STU0181,2025-04-30,11,231,3,1
STU0181,2025-05-07,10,240,3,4
STU0181,2025-05-14,13,273,5,1
STU0182,2025-01-01,9,195,2,0
STU0182,2025-01-08,9,240,3,3
STU0182,2025-01-15,8,174,3,1
STU0182,2025-01-22,9,178,3,0
STU0182,2025-01-29,8,233,3,2
STU0182,2025-02-05,5,167,2,0
STU0182,2025-02-12,5,237,4,2
STU0182,2025-02-19,10,159,2,1
STU0182,2025-02-26,4,230,4,3
STU0182,2025-03-05,9,203,3,2
STU0182,2025-03-12,8,206,4,2
STU0182,2025-03-19,10,209,2,2
STU0182,2025-03-26,6,155,2,1
STU0182,2025-04-02,5,153,3,0
STU0182,2025-04-09,5,167,4,2
STU0182,2025-04-16,10,162,2,0
STU0182,2025-04-23,8,187,4,1
STU0182,2025-04-30,9,224,2,3
STU0182,2025-05-07,4,120,4,3
STU0182,2025-05-14,6,188,3,1
STU0183,2025-01-01,4,172,4,3
STU0183,2025-01-08,6,215,3,0
STU0183,2025-01-15,8,224,3,1
STU0183,2025-01-22,10,233,3,2
STU0183,2025-01-29,7,239,3,3
STU0183,2025-02-05,6,159,4,0
STU0183,2025-02-12,9,186,3,1
STU0183,2025-02-19,6,153,2,2
STU0183,2025-02-26,7,196,2,0
STU0183,2025-03-05,4,237,4,0
STU0183,2025-03-12,10,183,2,0
STU0183,2025-03-19,8,195,4,3
STU0183,2025-03-26,6,228,3,3
STU0183,2025-04-02,8,227,2,0
STU0183,2025-04-09,7,200,4,0
STU0183,2025-04-16,10,240,4,2
STU0183,2025-04-23,9,215,2,3
STU0183,2025-04-30,6,207,2,0
STU0183,2025-05-07,7,135,4,2
STU0183,2025-05-14,6,172,2,3
STU0184,2025-01-01,8,272,4,2
STU0184,2025-01-08,7,261,2,4
STU0184,2025-01-15,11,220,2,1
STU0184,2025-01-22,6,227,4,3
STU0184,2025-01-29,12,232,3,2
STU0184,2025-02-05,8,186,3,4
STU0184,2025-02-12,12,283,3,1
STU0184,2025-02-19,10,193,2,4
STU0184,2025-02-26,11,282,4,3
STU0184,2025-03-05,12,228,2,1
STU0184,2025-03-12,12,233,3,3
STU0184,2025-03-19,7,209,4,2
STU0184,2025-03-26,7,258,3,2
STU0184,2025-04-02,8,251,4,3
STU0184,2025-04-09,6,196,2,2
STU0184,2025-04-16,6,281,4,4
STU0184,2025-04-23,11,242,3,3
STU0184,2025-04-30,7,183,2,2
STU0184,2025-05-07,8,219,4,2
STU0184,2025-05-14,8,211,2,4
STU0185,2025-01-01,12,286,5,2
STU0185,2025-01-08,13,341,4,4
STU0185,2025-01-15,11,324,3,1
STU0185,2025-01-22,10,252,5,4
STU0185,2025-01-29,14,238,5,3
STU0185,2025-02-05,9,282,3,4
STU0185,2025-02-12,13,302,4,3
STU0185,2025-02-19,11,259,4,3
STU0185,2025-02-26,13,250,5,2
STU0185,2025-03-05,12,256,3,2
STU0185,2025-03-12,10,285,4,4
STU0185,2025-03-19,10,317,4,3
STU0185,2025-03-26,14,262,3,4
STU0185,2025-04-02,11,289,5,3
STU0185,2025-04-09,9,266,3,2
STU0185,2025-04-16,12,247,4,2
STU0185,2025-04-23,8,334,5,1
STU0185,2025-04-30,8,235,5,4
STU0185,2025-05-07,9,237,5,2
STU0185,2025-05-14,12,292,5,2
STU0186,2025-01-01,8,101,1,0
STU0186,2025-01-08,8,102,2,3
STU0186,2025-01-15,8,181,2,3
STU0186,2025-01-22,9,120,3,1
STU0186,2025-01-29,7,153,3,0
STU0186,2025-02-05,6,192,1,0
STU0186,2025-02-12,7,204,2,0
STU0186,2025-02-19,7,112,1,3
STU0186,2025-02-26,8,133,1,3
STU0186,2025-03-05,7,141,3,0
STU0186,2025-03-12,9,145,3,0
STU0186,2025-03-19,7,203,2,0
STU0186,2025-03-26,5,181,2,3
STU0186,2025-04-02,4,144,1,1
STU0186,2025-04-09,9,114,3,2
STU0186,2025-04-16,7,157,2,0
STU0186,2025-04-23,6,127,1,1
STU0186,2025-04-30,7,139,2,3
STU0186,2025-05-07,9,217,1,1
STU0186,2025-05-14,6,151,3,0
STU0187,2025-01-01,12,291,2,2
STU0187,2025-01-08,8,197,4,1
STU0187,2025-01-15,9,259,4,2
STU0187,2025-01-22,6,194,4,2
STU0187,2025-01-29,10,252,2,2
STU0187,2025-02-05,6,283,4,3
STU0187,2025-02-12,6,181,2,4
STU0187,2025-02-19,6,257,2,3
STU0187,2025-02-26,11,245,2,3
STU0187,2025-03-05,9,290,4,4
STU0187,2025-03-12,11,185,4,3
STU0187,2025-03-19,9,196,2,2
STU0187,2025-03-26,6,254,3,4
STU0187,2025-04-02,10,273,4,4
STU0187,2025-04-09,9,244,4,3
STU0187,2025-04-16,11,213,2,3
STU0187,2025-04-23,12,261,3,3
STU0187,2025-04-30,8,243,2,3
STU0187,2025-05-07,8,230,2,4
STU0187,2025-05-14,7,210,2,1
STU0188,2025-01-01,8,265,5,1
STU0188,2025-01-08,10,295,3,4
STU0188,2025-01-15,13,288,3,2
STU0188,2025-01-22,10,320,3,3
STU0188,2025-01-29,9,332,5,1
STU0188,2025-02-05,8,353,3,1
STU0188,2025-02-12,12,273,3,1
STU0188,2025-02-19,8,248,3,3
STU0188,2025-02-26,9,243,4,1
STU0188,2025-03-05,12,300,5,3
STU0188,2025-03-12,8,275,4,3
STU0188,2025-03-19,11,342,4,2
STU0188,2025-03-26,11,242,4,1
STU0188,2025-04-02,13,270,5,2
STU0188,2025-04-09,13,321,4,2
STU0188,2025-04-16,14,355,4,3
STU0188,2025-04-23,8,269,3,3
STU0188,2025-04-30,9,347,4,3
STU0188,2025-05-07,13,270,4,2
STU0188,2025-05-14,9,256,5,3
STU0189,2025-01-01,10,307,4,4
STU0189,2025-01-08,7,217,5,4
STU0189,2025-01-15,9,310,5,1
STU0189,2025-01-22,11,327,3,2
STU0189,2025-01-29,10,223,5,2
STU0189,2025-02-05,9,281,3,3
STU0189,2025-02-12,7,248,3,3
STU0189,2025-02-19,11,315,4,1
STU0189,2025-02-26,7,249,5,4
STU0189,2025-03-05,9,265,3,3
STU0189,2025-03-12,10,282,4,3
STU0189,2025-03-19,12,244,5,3
STU0189,2025-03-26,10,305,5,4
STU0189,2025-04-02,10,256,4,4
STU0189,2025-04-09,13,218,3,2
STU0189,2025-04-16,9,212,3,1
STU0189,2025-04-23,13,299,4,2
STU0189,2025-04-30,8,288,3,3
STU0189,2025-05-07,7,290,3,3
STU0189,2025-05-14,7,271,4,2
STU0190,2025-01-01,7,187,2,1
STU0190,2025-01-08,3,108,1,0
STU0190,2025-01-15,6,113,1,0
STU0190,2025-01-22,7,134,1,2
STU0190,2025-01-29,4,119,1,1
STU0190,2025-02-05,5,206,1,2
STU0190,2025-02-12,6,154,3,3
STU0190,2025-02-19,4,132,1,1
STU0190,2025-02-26,6,115,1,0
STU0190,2025-03-05,8,185,2,1
STU0190,2025-03-12,5,159,1,1
STU0190,2025-03-19,6,190,1,3
STU0190,2025-03-26,6,128,3,3
STU0190,2025-04-02,7,212,3,2
STU0190,2025-04-09,4,191,3,2
STU0190,2025-04-16,4,137,3,2
STU0190,2025-04-23,9,127,2,2
STU0190,2025-04-30,8,190,3,2
STU0190,2025-05-07,3,136,2,0
STU0190,2025-05-14,5,127,2,0
STU0191,2025-01-01,3,86,2,3
STU0191,2025-01-08,2,169,1,1
STU0191,2025-01-15,1,125,2,2
STU0191,2025-01-22,5,152,1,0
STU0191,2025-01-29,4,164,1,0
STU0191,2025-02-05,3,94,2,1
STU0191,2025-02-12,3,151,2,0
STU0191,2025-02-19,5,166,2,3
STU0191,2025-02-26,5,80,0,3
STU0191,2025-03-05,3,145,1,0
STU0191,2025-03-12,1,97,1,0
STU0191,2025-03-19,5,125,0,3
STU0191,2025-03-26,2,129,1,2
STU0191,2025-04-02,3,90,1,0
STU0191,2025-04-09,6,97,2,1
STU0191,2025-04-16,5,105,1,1
STU0191,2025-04-23,4,61,1,3
STU0191,2025-04-30,4,148,2,0
STU0191,2025-05-07,5,126,1,3
STU0191,2025-05-14,5,86,1,0
STU0192,2025-01-01,9,226,5,2
STU0192,2025-01-08,9,253,3,2
STU0192,2025-01-15,10,260,4,3
STU0192,2025-01-22,12,276,5,1
STU0192,2025-01-29,7,330,4,2
STU0192,2025-02-05,11,257,3,2
STU0192,2025-02-12,12,239,4,2
STU0192,2025-02-19,10,283,3,3
STU0192,2025-02-26,7,233,3,1
STU0192,2025-03-05,7,248,4,3
STU0192,2025-03-12,13,287,5,1
STU0192,2025-03-19,12,294,5,3
STU0192,2025-03-26,10,217,4,3
STU0192,2025-04-02,8,330,4,2
STU0192,2025-04-09,7,293,4,4
STU0192,2025-04-16,13,269,3,3
STU0192,2025-04-23,11,229,4,4
STU0192,2025-04-30,13,220,4,3
STU0192,2025-05-07,10,271,3,1
STU0192,2025-05-14,9,259,4,3
STU0193,2025-01-01,8,251,3,2
STU0193,2025-01-08,8,208,5,2
STU0193,2025-01-15,7,287,3,1
STU0193,2025-01-22,12,203,5,1
STU0193,2025-01-29,7,285,3,2
STU0193,2025-02-05,11,260,4,2
STU0193,2025-02-12,12,315,5,1
STU0193,2025-02-19,7,255,5,4
STU0193,2025-02-26,13,269,5,1
STU0193,2025-03-05,13,271,5,4
STU0193,2025-03-12,11,297,4,1
STU0193,2025-03-19,12,316,4,4
STU0193,2025-03-26,10,263,5,3
STU0193,2025-04-02,8,303,3,1
STU0193,2025-04-09,10,239,3,2
STU0193,2025-04-16,8,313,5,1
STU0193,2025-04-23,12,221,4,2
STU0193,2025-04-30,13,235,5,1
STU0193,2025-05-07,7,306,4,1
STU0193,2025-05-14,9,237,3,2
STU0194,2025-01-01,8,219,4,3
STU0194,2025-01-08,9,255,2,3
STU0194,2025-01-15,7,246,3,2
STU0194,2025-01-22,12,233,2,3
STU0194,2025-01-29,11,237,2,1
STU0194,2025-02-05,12,287,3,2
STU0194,2025-02-12,11,290,3,3
STU0194,2025-02-19,10,223,2,1
STU0194,2025-02-26,6,197,2,2
STU0194,2025-03-05,6,191,2,1
STU0194,2025-03-12,11,248,2,4
STU0194,2025-03-19,11,239,3,1
STU0194,2025-03-26,12,185,3,2
STU0194,2025-04-02,10,216,3,3
STU0194,2025-04-09,8,216,2,3
STU0194,2025-04-16,6,251,4,1
STU0194,2025-04-23,12,261,3,4
STU0194,2025-04-30,12,182,3,2
STU0194,2025-05-07,9,272,3,2
STU0194,2025-05-14,8,210,2,4
STU0195,2025-01-01,9,235,4,1
STU0195,2025-01-08,12,206,4,1
STU0195,2025-01-15,6,176,4,1
STU0195,2025-01-22,6,254,2,4
STU0195,2025-01-29,8,253,2,2
STU0195,2025-02-05,8,258,4,4
STU0195,2025-02-12,8,282,4,3
STU0195,2025-02-19,9,208,2,3
STU0195,2025-02-26,7,236,3,2
STU0195,2025-03-05,6,230,3,1
STU0195,2025-03-12,6,220,2,4
STU0195,2025-03-19,7,219,3,3
STU0195,2025-03-26,9,202,2,4
STU0195,2025-04-02,7,206,2,3
STU0195,2025-04-09,10,244,4,1
STU0195,2025-04-16,10,181,2,1
STU0195,2025-04-23,6,195,3,2
STU0195,2025-04-30,6,290,2,2
STU0195,2025-05-07,9,233,3,1
STU0195,2025-05-14,9,224,2,3
STU0196,2025-01-01,9,194,3,3
STU0196,2025-01-08,8,180,3,2
STU0196,2025-01-15,4,132,2,2
STU0196,2025-01-22,8,156,2,0
STU0196,2025-01-29,7,214,2,3
STU0196,2025-02-05,6,218,4,1
STU0196,2025-02-12,4,210,4,2
STU0196,2025-02-19,4,204,4,2
STU0196,2025-02-26,10,180,4,0
STU0196,2025-03-05,5,175,3,0
STU0196,2025-03-12,7,128,4,3
STU0196,2025-03-19,8,157,4,0
STU0196,2025-03-26,9,139,3,1
STU0196,2025-04-02,9,187,4,1
STU0196,2025-04-09,7,232,4,2
STU0196,2025-04-16,4,159,3,2
STU0196,2025-04-23,4,195,3,1
STU0196,2025-04-30,10,217,2,1
STU0196,2025-05-07,4,197,4,3
STU0196,2025-05-14,4,148,4,1
STU0197,2025-01-01,12,227,3,3
STU0197,2025-01-08,12,211,4,1
STU0197,2025-01-15,9,270,4,2
STU0197,2025-01-22,9,231,4,4
STU0197,2025-01-29,8,295,5,3
STU0197,2025-02-05,10,225,4,3
STU0197,2025-02-12,11,247,4,1
STU0197,2025-02-19,8,204,3,1
STU0197,2025-02-26,7,291,4,2
STU0197,2025-03-05,13,213,5,1
STU0197,2025-03-12,13,272,5,1
STU0197,2025-03-19,9,305,5,3
STU0197,2025-03-26,11,260,3,2
STU0197,2025-04-02,8,246,5,4
STU0197,2025-04-09,10,196,5,2
STU0197,2025-04-16,8,210,3,3
STU0197,2025-04-23,7,201,3,3
STU0197,2025-04-30,12,213,3,3
STU0197,2025-05-07,12,225,5,3
STU0197,2025-05-14,9,249,3,2
STU0198,2025-01-01,8,276,4,1
STU0198,2025-01-08,8,320,3,2
STU0198,2025-01-15,14,236,4,4
STU0198,2025-01-22,8,324,4,2
STU0198,2025-01-29,8,281,3,3
STU0198,2025-02-05,8,251,3,2
STU0198,2025-02-12,11,261,4,3
STU0198,2025-02-19,13,259,5,3
STU0198,2025-02-26,14,313,4,1
STU0198,2025-03-05,11,313,3,2
STU0198,2025-03-12,8,224,4,3
STU0198,2025-03-19,13,249,5,4
STU0198,2025-03-26,11,263,4,1
STU0198,2025-04-02,14,263,5,1
STU0198,2025-04-09,11,266,4,3
STU0198,2025-04-16,13,302,3,4
STU0198,2025-04-23,9,316,5,4
STU0198,2025-04-30,10,235,3,2
STU0198,2025-05-07,11,222,3,4
STU0198,2025-05-14,14,227,4,4
STU0199,2025-01-01,9,120,1,1
STU0199,2025-01-08,7,201,3,2
STU0199,2025-01-15,5,125,1,3
STU0199,2025-01-22,8,203,2,0
STU0199,2025-01-29,6,136,2,0
STU0199,2025-02-05,7,184,1,2
STU0199,2025-02-12,5,209,1,0
STU0199,2025-02-19,7,141,3,1
STU0199,2025-02-26,7,194,1,2
STU0199,2025-03-05,9,120,1,3
STU0199,2025-03-12,9,178,2,0
STU0199,2025-03-19,8,178,3,0
STU0199,2025-03-26,9,180,3,3
STU0199,2025-04-02,7,169,3,3
STU0199,2025-04-09,5,194,3,0
STU0199,2025-04-16,4,112,1,3
STU0199,2025-04-23,3,208,3,3
STU0199,2025-04-30,7,194,1,2
STU0199,2025-05-07,6,216,2,0
STU0199,2025-05-14,6,208,2,0
STU0200,2025-01-01,8,252,3,4
STU0200,2025-01-08,8,146,4,4
STU0200,2025-01-15,8,203,4,3
STU0200,2025-01-22,5,233,3,2
STU0200,2025-01-29,5,165,4,3
STU0200,2025-02-05,6,223,4,3
STU0200,2025-02-12,8,218,3,1
STU0200,2025-02-19,5,251,3,3
STU0200,2025-02-26,10,150,4,3
STU0200,2025-03-05,5,191,4,3
STU0200,2025-03-12,5,153,4,1
STU0200,2025-03-19,5,188,4,4
STU0200,2025-03-26,11,208,3,2
STU0200,2025-04-02,7,205,2,3
STU0200,2025-04-09,5,229,3,4
STU0200,2025-04-16,11,192,3,3
STU0200,2025-04-23,8,224,2,4
STU0200,2025-04-30,9,180,3,1
STU0200,2025-05-07,6,164,2,2
STU0200,2025-05-14,11,233,3,2
STU0201,2025-01-01,11,237,5,2
STU0201,2025-01-08,10,271,5,4
STU0201,2025-01-15,10,267,4,4
STU0201,2025-01-22,6,216,5,3
STU0201,2025-01-29,9,190,3,1
STU0201,2025-02-05,9,258,4,3
STU0201,2025-02-12,6,268,3,2
STU0201,2025-02-19,11,222,5,1
STU0201,2025-02-26,7,216,5,4
STU0201,2025-03-05,12,307,5,2
STU0201,2025-03-12,6,213,5,1
STU0201,2025-03-19,8,281,4,4
STU0201,2025-03-26,12,194,4,1
STU0201,2025-04-02,10,238,5,2
STU0201,2025-04-09,11,304,4,2
STU0201,2025-04-16,10,208,3,3
STU0201,2025-04-23,12,260,5,3
STU0201,2025-04-30,7,244,4,2
STU0201,2025-05-07,6,297,3,3
STU0201,2025-05-14,7,211,5,4
STU0202,2025-01-01,8,257,3,1
STU0202,2025-01-08,10,251,4,3
STU0202,2025-01-15,9,313,5,1
STU0202,2025-01-22,9,321,5,4
STU0202,2025-01-29,8,203,3,4
STU0202,2025-02-05,9,286,3,4
STU0202,2025-02-12,13,233,4,1
STU0202,2025-02-19,11,299,5,2
STU0202,2025-02-26,7,292,4,2
STU0202,2025-03-05,11,234,5,1
STU0202,2025-03-12,13,257,3,3
STU0202,2025-03-19,11,289,4,4
STU0202,2025-03-26,8,275,4,2
STU0202,2025-04-02,10,293,5,1
STU0202,2025-04-09,11,320,3,4
STU0202,2025-04-16,13,228,4,1
STU0202,2025-04-23,7,235,4,2
STU0202,2025-04-30,7,222,5,2
STU0202,2025-05-07,8,275,4,4
STU0202,2025-05-14,7,299,5,4
STU0203,2025-01-01,7,125,2,2
STU0203,2025-01-08,9,142,4,2
STU0203,2025-01-15,9,143,3,2
STU0203,2025-01-22,5,132,2,1
STU0203,2025-01-29,8,194,2,1
STU0203,2025-02-05,4,123,2,3
STU0203,2025-02-12,7,204,3,0
STU0203,2025-02-19,4,196,2,2
STU0203,2025-02-26,10,220,4,2
STU0203,2025-03-05,5,184,2,1
STU0203,2025-03-12,4,209,4,0
STU0203,2025-03-19,8,128,2,2
STU0203,2025-03-26,5,124,3,0
STU0203,2025-04-02,6,226,4,1
STU0203,2025-04-09,4,240,3,2
STU0203,2025-04-16,6,124,4,1
STU0203,2025-04-23,7,202,3,3
STU0203,2025-04-30,8,168,4,0
STU0203,2025-05-07,8,184,3,2
STU0203,2025-05-14,7,204,3,2
STU0204,2025-01-01,12,340,3,2
STU0204,2025-01-08,9,249,5,4
STU0204,2025-01-15,10,249,4,1
STU0204,2025-01-22,10,280,4,4
STU0204,2025-01-29,8,347,5,4
STU0204,2025-02-05,10,245,4,3
STU0204,2025-02-12,14,332,5,3
STU0204,2025-02-19,8,280,4,1
STU0204,2025-02-26,9,262,4,1
STU0204,2025-03-05,8,236,4,1
STU0204,2025-03-12,14,240,3,3
STU0204,2025-03-19,13,336,3,1
STU0204,2025-03-26,8,316,4,1
STU0204,2025-04-02,11,278,3,1
STU0204,2025-04-09,8,302,4,2
STU0204,2025-04-16,11,321,3,1
STU0204,2025-04-23,11,299,4,4
STU0204,2025-04-30,9,321,3,2
STU0204,2025-05-07,8,276,3,1
STU0204,2025-05-14,14,267,3,1
STU0205,2025-01-01,10,184,3,3
STU0205,2025-01-08,7,191,4,3
STU0205,2025-01-15,11,283,3,1
STU0205,2025-01-22,11,212,3,4
STU0205,2025-01-29,8,186,4,4
STU0205,2025-02-05,11,183,4,4
STU0205,2025-02-12,7,266,3,4
STU0205,2025-02-19,12,185,3,2
STU0205,2025-02-26,6,235,4,4
STU0205,2025-03-05,6,223,2,3
STU0205,2025-03-12,8,217,2,1
STU0205,2025-03-19,7,224,3,3
STU0205,2025-03-26,11,213,3,1
STU0205,2025-04-02,10,247,2,4
STU0205,2025-04-09,11,229,2,3
STU0205,2025-04-16,11,186,4,1
STU0205,2025-04-23,8,186,2,1
STU0205,2025-04-30,8,171,3,1
STU0205,2025-05-07,12,197,3,4
STU0205,2025-05-14,12,207,4,2
STU0206,2025-01-01,7,139,1,3
STU0206,2025-01-08,1,88,3,1
STU0206,2025-01-15,7,136,2,1
STU0206,2025-01-22,4,78,3,1
STU0206,2025-01-29,6,97,1,2
STU0206,2025-02-05,4,71,2,2
STU0206,2025-02-12,6,149,3,1
STU0206,2025-02-19,2,170,1,2
STU0206,2025-02-26,6,120,1,3
STU0206,2025-03-05,6,177,2,0
STU0206,2025-03-12,7,67,2,2
STU0206,2025-03-19,7,84,2,0
STU0206,2025-03-26,3,92,3,2
STU0206,2025-04-02,7,170,3,2
STU0206,2025-04-09,4,103,2,3
STU0206,2025-04-16,2,141,2,0
STU0206,2025-04-23,7,128,1,0
STU0206,2025-04-30,2,157,1,3
STU0206,2025-05-07,2,94,2,3
STU0206,2025-05-14,3,145,3,3
STU0207,2025-01-01,5,94,3,3
STU0207,2025-01-08,3,174,2,3
STU0207,2025-01-15,3,113,2,3
STU0207,2025-01-22,6,114,2,3
STU0207,2025-01-29,4,179,2,2
STU0207,2025-02-05,5,151,1,1
STU0207,2025-02-12,3,149,3,0
STU0207,2025-02-19,4,177,3,2
STU0207,2025-02-26,1,87,1,2
STU0207,2025-03-05,7,78,1,0
STU0207,2025-03-12,4,149,2,2
STU0207,2025-03-19,2,149,1,2
STU0207,2025-03-26,6,96,3,1
STU0207,2025-04-02,1,99,2,0
STU0207,2025-04-09,1,62,2,1
STU0207,2025-04-16,3,180,3,0
STU0207,2025-04-23,7,66,2,0
STU0207,2025-04-30,7,139,3,1
STU0207,2025-05-07,4,106,1,2
STU0207,2025-05-14,4,134,1,2
STU0208,2025-01-01,12,304,3,2
STU0208,2025-01-08,11,271,4,2
STU0208,2025-01-15,12,277,5,1
STU0208,2025-01-22,8,260,4,2
STU0208,2025-01-29,14,251,3,1
STU0208,2025-02-05,12,225,4,3
STU0208,2025-02-12,8,334,5,3
STU0208,2025-02-19,8,303,3,3
STU0208,2025-02-26,10,334,4,1
STU0208,2025-03-05,9,335,4,3
STU0208,2025-03-12,8,235,5,3
STU0208,2025-03-19,9,312,3,1
STU0208,2025-03-26,13,305,5,3
STU0208,2025-04-02,12,260,3,2
STU0208,2025-04-09,14,231,3,1
STU0208,2025-04-16,10,262,5,3
STU0208,2025-04-23,12,297,5,3
STU0208,2025-04-30,12,318,3,3
STU0208,2025-05-07,8,296,5,4
STU0208,2025-05-14,8,274,4,3
STU0209,2025-01-01,8,294,2,4
STU0209,2025-01-08,12,183,2,1
STU0209,2025-01-15,6,260,3,1
STU0209,2025-01-22,7,194,4,1
STU0209,2025-01-29,11,209,2,3
STU0209,2025-02-05,7,246,2,4
STU0209,2025-02-12,6,290,3,3
STU0209,2025-02-19,12,267,4,1
STU0209,2025-02-26,9,252,2,1
STU0209,2025-03-05,11,231,3,1
STU0209,2025-03-12,8,284,4,1
STU0209,2025-03-19,12,186,2,3
STU0209,2025-03-26,9,248,3,2
STU0209,2025-04-02,9,192,2,4
STU0209,2025-04-09,7,239,2,2
STU0209,2025-04-16,6,225,2,3
STU0209,2025-04-23,8,183,2,3
STU0209,2025-04-30,8,258,4,4
STU0209,2025-05-07,9,206,2,2
STU0209,2025-05-14,11,191,2,1
STU0210,2025-01-01,7,277,2,2
STU0210,2025-01-08,8,200,3,4
STU0210,2025-01-15,9,264,3,2
STU0210,2025-01-22,12,252,2,2
STU0210,2025-01-29,11,278,3,2
STU0210,2025-02-05,6,217,2,3
STU0210,2025-02-12,12,208,2,4
STU0210,2025-02-19,6,184,3,4
STU0210,2025-02-26,11,189,4,2
STU0210,2025-03-05,6,218,4,3
STU0210,2025-03-12,10,246,3,3
STU0210,2025-03-19,9,222,2,2
STU0210,2025-03-26,9,291,2,1
STU0210,2025-04-02,9,212,4,1
STU0210,2025-04-09,7,283,4,2
STU0210,2025-04-16,8,205,2,2
STU0210,2025-04-23,9,291,4,3
STU0210,2025-04-30,6,286,3,3
STU0210,2025-05-07,6,239,2,1
STU0210,2025-05-14,9,259,3,4
STU0211,2025-01-01,3,126,0,2
STU0211,2025-01-08,3,91,2,1
STU0211,2025-01-15,5,112,2,3
STU0211,2025-01-22,1,76,0,2
STU0211,2025-01-29,7,124,1,0
STU0211,2025-02-05,3,58,1,1
STU0211,2025-02-12,1,147,2,0
STU0211,2025-02-19,4,168,0,2
STU0211,2025-02-26,6,144,2,2
STU0211,2025-03-05,4,159,0,3
STU0211,2025-03-12,4,109,1,1
STU0211,2025-03-19,1,174,0,3
STU0211,2025-03-26,6,80,2,3
STU0211,2025-04-02,2,84,2,3
STU0211,2025-04-09,3,97,1,0
STU0211,2025-04-16,1,143,0,1
STU0211,2025-04-23,1,94,0,2
STU0211,2025-04-30,5,163,2,1
STU0211,2025-05-07,5,87,2,2
STU0211,2025-05-14,2,173,1,1
STU0212,2025-01-01,6,176,3,1
STU0212,2025-01-08,8,139,3,0
STU0212,2025-01-15,8,115,2,2
STU0212,2025-01-22,7,150,2,0
STU0212,2025-01-29,4,77,1,3
STU0212,2025-02-05,4,110,2,3
STU0212,2025-02-12,2,120,2,0
STU0212,2025-02-19,3,101,2,3
STU0212,2025-02-26,6,190,1,1
STU0212,2025-03-05,4,181,3,2
STU0212,2025-03-12,3,100,2,0
STU0212,2025-03-19,5,140,3,2
STU0212,2025-03-26,3,167,3,1
STU0212,2025-04-02,6,173,1,3
STU0212,2025-04-09,2,121,3,1
STU0212,2025-04-16,8,125,1,1
STU0212,2025-04-23,3,150,1,1
STU0212,2025-04-30,6,108,2,3
STU0212,2025-05-07,4,116,2,2
STU0212,2025-05-14,5,162,3,0
STU0213,2025-01-01,8,111,3,0
STU0213,2025-01-08,7,168,3,3
STU0213,2025-01-15,6,201,2,2
STU0213,2025-01-22,6,110,2,2
STU0213,2025-01-29,6,101,3,1
STU0213,2025-02-05,6,169,2,2
STU0213,2025-02-12,4,203,2,1
STU0213,2025-02-19,5,150,1,2
STU0213,2025-02-26,6,97,3,0
STU0213,2025-03-05,6,182,3,2
STU0213,2025-03-12,2,193,3,1
STU0213,2025-03-19,5,125,2,3
STU0213,2025-03-26,5,107,3,0
STU0213,2025-04-02,2,156,3,2
STU0213,2025-04-09,8,126,1,0
STU0213,2025-04-16,8,119,2,0
STU0213,2025-04-23,6,109,1,0
STU0213,2025-04-30,7,162,2,0
STU0213,2025-05-07,5,170,1,2
STU0213,2025-05-14,6,196,3,1
STU0214,2025-01-01,11,256,4,3
STU0214,2025-01-08,11,205,4,2
STU0214,2025-01-15,9,187,4,1
STU0214,2025-01-22,8,218,3,1
STU0214,2025-01-29,7,290,4,3
STU0214,2025-02-05,6,192,2,4
STU0214,2025-02-12,8,268,4,3
STU0214,2025-02-19,12,228,3,4
STU0214,2025-02-26,12,264,4,2
STU0214,2025-03-05,9,215,2,2
STU0214,2025-03-12,12,271,3,1
STU0214,2025-03-19,8,230,2,2
STU0214,2025-03-26,7,282,3,1
STU0214,2025-04-02,11,260,2,3
STU0214,2025-04-09,6,220,4,2
STU0214,2025-04-16,6,265,2,1
STU0214,2025-04-23,7,281,3,1
STU0214,2025-04-30,12,202,4,4
STU0214,2025-05-07,10,256,3,1
STU0214,2025-05-14,10,273,4,4
STU0215,2025-01-01,13,260,5,3
STU0215,2025-01-08,10,256,4,1
STU0215,2025-01-15,10,283,5,4
STU0215,2025-01-22,9,266,4,1
STU0215,2025-01-29,14,355,5,3
STU0215,2025-02-05,14,356,4,2
STU0215,2025-02-12,14,258,5,2
STU0215,2025-02-19,12,293,4,1
STU0215,2025-02-26,9,283,5,3
STU0215,2025-03-05,10,308,4,3
STU0215,2025-03-12,14,273,3,2
STU0215,2025-03-19,14,241,4,3
STU0215,2025-03-26,13,301,5,4
STU0215,2025-04-02,9,344,5,1
STU0215,2025-04-09,9,313,5,4
STU0215,2025-04-16,11,267,3,3
STU0215,2025-04-23,13,347,5,2
STU0215,2025-04-30,11,240,5,4
STU0215,2025-05-07,13,264,3,2
STU0215,2025-05-14,8,237,5,1
STU0216,2025-01-01,6,103,3,2
STU0216,2025-01-08,5,205,2,3
STU0216,2025-01-15,4,109,3,2
STU0216,2025-01-22,8,199,1,3
STU0216,2025-01-29,9,145,1,0
STU0216,2025-02-05,5,181,2,3
STU0216,2025-02-12,5,194,3,3
STU0216,2025-02-19,4,156,2,3
STU0216,2025-02-26,3,123,3,0
STU0216,2025-03-05,4,145,2,1
STU0216,2025-03-12,9,159,2,0
STU0216,2025-03-19,4,142,3,3
STU0216,2025-03-26,9,107,3,3
STU0216,2025-04-02,5,212,3,2
STU0216,2025-04-09,3,135,1,0
STU0216,2025-04-16,7,173,3,3
STU0216,2025-04-23,5,162,2,1
STU0216,2025-04-30,4,157,3,3
STU0216,2025-05-07,6,186,1,3
STU0216,2025-05-14,4,152,2,3
STU0217,2025-01-01,1,54,0,2
STU0217,2025-01-08,1,53,1,1
STU0217,2025-01-15,7,120,1,0
STU0217,2025-01-22,7,83,1,0
STU0217,2025-01-29,4,64,2,2
STU0217,2025-02-05,6,148,2,3
STU0217,2025-02-12,3,96,0,0
STU0217,2025-02-19,5,114,0,3
STU0217,2025-02-26,3,137,1,0
STU0217,2025-03-05,7,141,1,0
STU0217,2025-03-12,6,75,2,2
STU0217,2025-03-19,2,155,1,3
STU0217,2025-03-26,1,65,1,2
STU0217,2025-04-02,6,95,0,2
STU0217,2025-04-09,6,56,0,3
STU0217,2025-04-16,5,156,2,1
STU0217,2025-04-23,1,67,1,0
STU0217,2025-04-30,1,82,0,1
STU0217,2025-05-07,5,97,0,0
STU0217,2025-05-14,1,151,1,2
STU0218,2025-01-01,7,159,1,2
STU0218,2025-01-08,8,88,1,1
STU0218,2025-01-15,4,113,1,3
STU0218,2025-01-22,2,159,2,0
STU0218,2025-01-29,7,181,1,3
STU0218,2025-02-05,8,170,2,3
STU0218,2025-02-12,8,131,1,0
STU0218,2025-02-19,5,169,1,3
STU0218,2025-02-26,2,190,2,0
STU0218,2025-03-05,7,125,2,0
STU0218,2025-03-12,4,84,1,1
STU0218,2025-03-19,3,142,3,2
STU0218,2025-03-26,2,177,3,0
STU0218,2025-04-02,7,109,3,2
STU0218,2025-04-09,2,130,3,0
STU0218,2025-04-16,4,97,3,1
STU0218,2025-04-23,4,100,1,3
STU0218,2025-04-30,3,166,1,2
STU0218,2025-05-07,5,85,2,2
STU0218,2025-05-14,3,91,2,0
STU0219,2025-01-01,5,193,3,1
STU0219,2025-01-08,7,274,4,1
STU0219,2025-01-15,6,215,4,2
STU0219,2025-01-22,11,267,3,3
STU0219,2025-01-29,9,251,2,3
STU0219,2025-02-05,10,184,3,2
STU0219,2025-02-12,9,188,4,4
STU0219,2025-02-19,11,226,4,3
STU0219,2025-02-26,8,165,4,4
STU0219,2025-03-05,9,196,3,4
STU0219,2025-03-12,9,242,3,4
STU0219,2025-03-19,5,239,2,1
STU0219,2025-03-26,9,209,3,4
STU0219,2025-04-02,7,234,2,2
STU0219,2025-04-09,10,193,4,3
STU0219,2025-04-16,11,194,4,3
STU0219,2025-04-23,9,189,2,4
STU0219,2025-04-30,10,250,4,3
STU0219,2025-05-07,7,220,4,3
STU0219,2025-05-14,7,238,4,1
STU0220,2025-01-01,7,179,1,1
STU0220,2025-01-08,2,137,2,0
STU0220,2025-01-15,8,115,3,3
STU0220,2025-01-22,8,118,3,0
STU0220,2025-01-29,7,162,1,3
STU0220,2025-02-05,2,183,1,0
STU0220,2025-02-12,6,107,2,3
STU0220,2025-02-19,8,154,1,0
STU0220,2025-02-26,6,85,3,0
STU0220,2025-03-05,7,158,1,3
STU0220,2025-03-12,6,83,1,0
STU0220,2025-03-19,2,112,2,0
STU0220,2025-03-26,6,159,3,2
STU0220,2025-04-02,4,165,2,2
STU0220,2025-04-09,4,185,1,1
STU0220,2025-04-16,4,127,2,1
STU0220,2025-04-23,2,181,3,0
STU0220,2025-04-30,6,163,2,0
STU0220,2025-05-07,2,76,3,2
STU0220,2025-05-14,4,168,3,1
STU0221,2025-01-01,10,243,5,2
STU0221,2025-01-08,7,250,4,3
STU0221,2025-01-15,7,236,4,2
STU0221,2025-01-22,12,310,3,1
STU0221,2025-01-29,7,266,5,4
STU0221,2025-02-05,12,251,4,1
STU0221,2025-02-12,9,228,4,4
STU0221,2025-02-19,8,218,3,3
STU0221,2025-02-26,9,318,4,2
STU0221,2025-03-05,7,305,4,2
STU0221,2025-03-12,9,234,5,1
STU0221,2025-03-19,12,203,5,4
STU0221,2025-03-26,8,216,4,4
STU0221,2025-04-02,13,316,5,1
STU0221,2025-04-09,11,284,5,1
STU0221,2025-04-16,8,255,4,4
STU0221,2025-04-23,8,209,3,1
STU0221,2025-04-30,13,219,4,2
STU0221,2025-05-07,13,256,5,3
STU0221,2025-05-14,13,314,5,2
STU0222,2025-01-01,2,102,3,2
STU0222,2025-01-08,1,148,2,0
STU0222,2025-01-15,6,97,3,2
STU0222,2025-01-22,1,145,1,3
STU0222,2025-01-29,3,178,2,3
STU0222,2025-02-05,2,89,3,3
STU0222,2025-02-12,7,139,3,0
STU0222,2025-02-19,1,127,3,1
STU0222,2025-02-26,1,156,3,0
STU0222,2025-03-05,4,108,3,0
STU0222,2025-03-12,3,145,3,2
STU0222,2025-03-19,3,128,3,3
STU0222,2025-03-26,7,65,2,1
STU0222,2025-04-02,3,88,3,3
STU0222,2025-04-09,4,112,3,3
STU0222,2025-04-16,4,151,1,1
STU0222,2025-04-23,7,107,2,3
STU0222,2025-04-30,4,63,2,0
STU0222,2025-05-07,2,130,3,3
STU0222,2025-05-14,2,156,2,1
STU0223,2025-01-01,10,310,4,4
STU0223,2025-01-08,12,254,4,2
STU0223,2025-01-15,12,349,6,5
STU0223,2025-01-22,10,317,5,5
STU0223,2025-01-29,13,320,6,3
STU0223,2025-02-05,12,269,5,3
STU0223,2025-02-12,13,312,4,4
STU0223,2025-02-19,10,290,6,4
STU0223,2025-02-26,14,327,5,4
STU0223,2025-03-05,12,345,4,5
STU0223,2025-03-12,13,307,6,4
STU0223,2025-03-19,13,317,6,3
STU0223,2025-03-26,10,249,6,2
STU0223,2025-04-02,14,345,6,3
STU0223,2025-04-09,10,333,4,4
STU0223,2025-04-16,11,256,4,5
STU0223,2025-04-23,13,281,4,4
STU0223,2025-04-30,14,308,5,5
STU0223,2025-05-07,11,351,5,2
STU0223,2025-05-14,11,279,5,3
STU0224,2025-01-01,8,188,4,3
STU0224,2025-01-08,6,236,3,1
STU0224,2025-01-15,9,278,5,4
STU0224,2025-01-22,12,282,4,1
STU0224,2025-01-29,9,192,3,1
STU0224,2025-02-05,7,213,4,1
STU0224,2025-02-12,8,293,4,3
STU0224,2025-02-19,12,201,3,2
STU0224,2025-02-26,11,302,3,4
STU0224,2025-03-05,12,297,5,4
STU0224,2025-03-12,6,232,5,1
STU0224,2025-03-19,11,292,5,3
STU0224,2025-03-26,9,261,3,2
STU0224,2025-04-02,11,257,5,1
STU0224,2025-04-09,11,248,3,1
STU0224,2025-04-16,9,289,3,3
STU0224,2025-04-23,7,192,4,3
STU0224,2025-04-30,7,187,5,4
STU0224,2025-05-07,12,244,3,2
STU0224,2025-05-14,9,292,5,4
STU0225,2025-01-01,12,283,3,4
STU0225,2025-01-08,7,201,4,3
STU0225,2025-01-15,12,232,4,4
STU0225,2025-01-22,6,177,4,3
STU0225,2025-01-29,11,170,2,3
STU0225,2025-02-05,12,237,3,3
STU0225,2025-02-12,10,174,4,3
STU0225,2025-02-19,11,215,3,1
STU0225,2025-02-26,9,280,3,2
STU0225,2025-03-05,6,184,3,1
STU0225,2025-03-12,11,243,3,2
STU0225,2025-03-19,9,177,3,1
STU0225,2025-03-26,10,219,3,1
STU0225,2025-04-02,11,240,3,2
STU0225,2025-04-09,12,255,4,4
STU0225,2025-04-16,7,278,2,1
STU0225,2025-04-23,12,221,3,3
STU0225,2025-04-30,8,225,2,2
STU0225,2025-05-07,7,183,4,3
STU0225,2025-05-14,10,177,4,4
STU0226,2025-01-01,7,203,4,1
STU0226,2025-01-08,7,173,2,3
STU0226,2025-01-15,11,201,3,2
STU0226,2025-01-22,8,253,3,1
STU0226,2025-01-29,11,213,2,2
STU0226,2025-02-05,6,214,4,1
STU0226,2025-02-12,10,234,4,4
STU0226,2025-02-19,7,288,3,1
STU0226,2025-02-26,8,289,3,4
STU0226,2025-03-05,6,174,2,1
STU0226,2025-03-12,9,258,4,1
STU0226,2025-03-19,10,215,4,1
STU0226,2025-03-26,12,219,2,2
STU0226,2025-04-02,11,190,4,4
STU0226,2025-04-09,8,195,3,4
STU0226,2025-04-16,12,185,3,3
STU0226,2025-04-23,6,256,2,1
STU0226,2025-04-30,10,232,4,3
STU0226,2025-05-07,12,178,2,4
STU0226,2025-05-14,8,267,4,2
STU0227,2025-01-01,8,228,2,2
STU0227,2025-01-08,7,154,3,2
STU0227,2025-01-15,11,230,4,4
STU0227,2025-01-22,5,267,4,1
STU0227,2025-01-29,6,185,2,3
STU0227,2025-02-05,11,237,2,1
STU0227,2025-02-12,6,156,4,2
STU0227,2025-02-19,11,249,2,4
STU0227,2025-02-26,6,148,2,4
STU0227,2025-03-05,5,247,2,2
STU0227,2025-03-12,11,266,4,4
STU0227,2025-03-19,9,246,4,3
STU0227,2025-03-26,8,175,3,4
STU0227,2025-04-02,7,201,4,3
STU0227,2025-04-09,10,159,2,3
STU0227,2025-04-16,7,163,2,4
STU0227,2025-04-23,6,244,3,3
STU0227,2025-04-30,10,146,2,4
STU0227,2025-05-07,8,179,4,3
STU0227,2025-05-14,10,156,2,2
STU0228,2025-01-01,6,293,4,3
STU0228,2025-01-08,11,214,3,2
STU0228,2025-01-15,11,291,2,3
STU0228,2025-01-22,8,211,4,3
STU0228,2025-01-29,12,190,2,3
STU0228,2025-02-05,12,292,2,3
STU0228,2025-02-12,6,288,2,4
STU0228,2025-02-19,11,199,2,3
STU0228,2025-02-26,8,241,3,1
STU0228,2025-03-05,7,201,4,2
STU0228,2025-03-12,11,201,2,3
STU0228,2025-03-19,9,186,4,2
STU0228,2025-03-26,6,183,2,2
STU0228,2025-04-02,9,191,2,4
STU0228,2025-04-09,9,265,4,1
STU0228,2025-04-16,10,197,4,1
STU0228,2025-04-23,7,268,3,2
STU0228,2025-04-30,11,292,2,1
STU0228,2025-05-07,12,189,2,1
STU0228,2025-05-14,10,248,2,2
STU0229,2025-01-01,9,222,2,3
STU0229,2025-01-08,8,201,2,1
STU0229,2025-01-15,5,134,4,0
STU0229,2025-01-22,5,195,4,0
STU0229,2025-01-29,9,211,4,3
STU0229,2025-02-05,10,247,2,1
STU0229,2025-02-12,4,238,4,1
STU0229,2025-02-19,8,201,3,0
STU0229,2025-02-26,8,144,3,1
STU0229,2025-03-05,5,226,3,3
STU0229,2025-03-12,5,198,2,2
STU0229,2025-03-19,8,220,4,0
STU0229,2025-03-26,6,198,4,3
STU0229,2025-04-02,7,213,4,3
STU0229,2025-04-09,8,133,3,3
STU0229,2025-04-16,8,192,4,0
STU0229,2025-04-23,5,164,3,3
STU0229,2025-04-30,6,163,2,1
STU0229,2025-05-07,9,173,4,3
STU0229,2025-05-14,6,194,3,0
STU0230,2025-01-01,8,202,3,1
STU0230,2025-01-08,8,208,2,0
STU0230,2025-01-15,4,183,1,3
STU0230,2025-01-22,5,142,1,1
STU0230,2025-01-29,8,143,3,0
STU0230,2025-02-05,3,148,2,3
STU0230,2025-02-12,7,183,3,1
STU0230,2025-02-19,9,161,1,0
STU0230,2025-02-26,5,224,3,3
STU0230,2025-03-05,5,207,3,3
STU0230,2025-03-12,6,196,3,0
STU0230,2025-03-19,5,116,1,2
STU0230,2025-03-26,7,218,2,2
STU0230,2025-04-02,5,151,1,3
STU0230,2025-04-09,6,182,1,1
STU0230,2025-04-16,6,134,1,2
STU0230,2025-04-23,5,197,2,0
STU0230,2025-04-30,7,195,1,0
STU0230,2025-05-07,6,155,3,3
STU0230,2025-05-14,6,213,1,2
STU0231,2025-01-01,8,265,4,4
STU0231,2025-01-08,8,247,5,3
STU0231,2025-01-15,10,188,5,3
STU0231,2025-01-22,9,196,3,4
STU0231,2025-01-29,6,230,3,1
STU0231,2025-02-05,8,292,3,2
STU0231,2025-02-12,7,265,3,3
STU0231,2025-02-19,12,298,5,4
STU0231,2025-02-26,6,229,4,3
STU0231,2025-03-05,12,226,3,2
STU0231,2025-03-12,12,256,4,1
STU0231,2025-03-19,10,266,4,3
STU0231,2025-03-26,7,236,3,3
STU0231,2025-04-02,10,246,4,4
STU0231,2025-04-09,11,278,3,1
STU0231,2025-04-16,9,217,4,4
STU0231,2025-04-23,11,221,4,4
STU0231,2025-04-30,10,197,4,2
STU0231,2025-05-07,12,236,5,1
STU0231,2025-05-14,11,185,5,4
STU0232,2025-01-01,3,151,1,1
STU0232,2025-01-08,5,114,3,0
STU0232,2025-01-15,5,128,2,3
STU0232,2025-01-22,5,172,2,1
STU0232,2025-01-29,3,107,1,3
STU0232,2025-02-05,2,110,2,2
STU0232,2025-02-12,8,72,1,1
STU0232,2025-02-19,3,93,2,1
STU0232,2025-02-26,7,80,2,1
STU0232,2025-03-05,7,131,3,2
STU0232,2025-03-12,6,189,2,1
STU0232,2025-03-19,2,133,3,2
STU0232,2025-03-26,3,164,2,0
STU0232,2025-04-02,8,87,2,0
STU0232,2025-04-09,8,155,1,0
STU0232,2025-04-16,4,164,3,2
STU0232,2025-04-23,8,88,2,1
STU0232,2025-04-30,3,95,1,0
STU0232,2025-05-07,5,158,3,2
STU0232,2025-05-14,5,129,3,2
STU0233,2025-01-01,11,249,3,3
STU0233,2025-01-08,14,268,3,1
STU0233,2025-01-15,13,320,3,1
STU0233,2025-01-22,12,284,4,2
STU0233,2025-01-29,11,252,4,2
STU0233,2025-02-05,13,269,3,1
STU0233,2025-02-12,14,296,5,1
STU0233,2025-02-19,10,303,4,4
STU0233,2025-02-26,13,263,3,1
STU0233,2025-03-05,14,295,5,2
STU0233,2025-03-12,11,241,5,3
STU0233,2025-03-19,14,326,3,2
STU0233,2025-03-26,14,245,5,3
STU0233,2025-04-02,12,252,5,2
STU0233,2025-04-09,11,284,5,2
STU0233,2025-04-16,10,257,5,3
STU0233,2025-04-23,11,260,4,4
STU0233,2025-04-30,13,244,5,4
STU0233,2025-05-07,13,299,3,3
STU0233,2025-05-14,10,291,3,4
STU0234,2025-01-01,10,258,4,1
STU0234,2025-01-08,10,322,5,4
STU0234,2025-01-15,9,273,4,4
STU0234,2025-01-22,12,334,3,1
STU0234,2025-01-29,13,299,5,1
STU0234,2025-02-05,11,225,3,2
STU0234,2025-02-12,9,270,4,1
STU0234,2025-02-19,13,234,5,1
STU0234,2025-02-26,10,261,4,2
STU0234,2025-03-05,14,244,4,2
STU0234,2025-03-12,12,303,5,4
STU0234,2025-03-19,11,300,5,1
STU0234,2025-03-26,10,302,3,3
STU0234,2025-04-02,14,305,4,4
STU0234,2025-04-09,8,243,4,3
STU0234,2025-04-16,9,235,3,3
STU0234,2025-04-23,12,312,3,4
STU0234,2025-04-30,9,232,5,4
STU0234,2025-05-07,11,257,4,3
STU0234,2025-05-14,13,280,4,1
STU0235,2025-01-01,9,111,2,1
STU0235,2025-01-08,3,213,1,3
STU0235,2025-01-15,7,199,3,2
STU0235,2025-01-22,6,162,3,0
STU0235,2025-01-29,3,196,3,3
STU0235,2025-02-05,8,163,3,3
STU0235,2025-02-12,8,166,3,1
STU0235,2025-02-19,9,184,3,1
STU0235,2025-02-26,6,228,3,1
STU0235,2025-03-05,6,191,3,0
STU0235,2025-03-12,9,209,3,3
STU0235,2025-03-19,7,176,3,0
STU0235,2025-03-26,8,218,3,3
STU0235,2025-04-02,8,197,3,1
STU0235,2025-04-09,9,112,2,1
STU0235,2025-04-16,8,141,3,0
STU0235,2025-04-23,3,123,1,3
STU0235,2025-04-30,4,145,1,1
STU0235,2025-05-07,3,188,2,1
STU0235,2025-05-14,8,200,2,2
STU0236,2025-01-01,12,225,3,3
STU0236,2025-01-08,12,207,3,4
STU0236,2025-01-15,11,288,2,2
STU0236,2025-01-22,7,294,4,3
STU0236,2025-01-29,6,221,3,4
STU0236,2025-02-05,9,269,4,3
STU0236,2025-02-12,10,286,4,1
STU0236,2025-02-19,12,281,3,3
STU0236,2025-02-26,8,236,3,2
STU0236,2025-03-05,6,178,2,2
STU0236,2025-03-12,7,213,2,4
STU0236,2025-03-19,12,187,3,2
STU0236,2025-03-26,12,265,3,2
STU0236,2025-04-02,11,239,4,1
STU0236,2025-04-09,12,190,2,4
STU0236,2025-04-16,12,292,2,3
STU0236,2025-04-23,10,195,4,3
STU0236,2025-04-30,12,179,4,4
STU0236,2025-05-07,10,273,3,3
STU0236,2025-05-14,9,203,4,3
STU0237,2025-01-01,5,201,3,2
STU0237,2025-01-08,10,241,2,1
STU0237,2025-01-15,5,122,3,1
STU0237,2025-01-22,4,226,3,0
STU0237,2025-01-29,6,170,2,1
STU0237,2025-02-05,5,140,3,3
STU0237,2025-02-12,9,125,2,1
STU0237,2025-02-19,9,238,4,0
STU0237,2025-02-26,5,221,4,1
STU0237,2025-03-05,7,189,2,0
STU0237,2025-03-12,7,189,3,0
STU0237,2025-03-19,8,208,3,2
STU0237,2025-03-26,5,194,2,2
STU0237,2025-04-02,6,167,2,3
STU0237,2025-04-09,9,196,2,1
STU0237,2025-04-16,10,231,2,0
STU0237,2025-04-23,9,211,4,1
STU0237,2025-04-30,9,137,3,2
STU0237,2025-05-07,9,221,4,0
STU0237,2025-05-14,5,126,4,3
STU0238,2025-01-01,13,222,3,3
STU0238,2025-01-08,9,294,4,1
STU0238,2025-01-15,9,225,5,2
STU0238,2025-01-22,10,242,3,4
STU0238,2025-01-29,9,222,4,1
STU0238,2025-02-05,7,275,3,2
STU0238,2025-02-12,8,246,3,2
STU0238,2025-02-19,12,301,3,3
STU0238,2025-02-26,7,219,3,2
STU0238,2025-03-05,8,232,3,2
STU0238,2025-03-12,12,306,3,2
STU0238,2025-03-19,11,283,5,2
STU0238,2025-03-26,12,279,4,1
STU0238,2025-04-02,9,233,4,2
STU0238,2025-04-09,9,214,3,2
STU0238,2025-04-16,7,301,4,1
STU0238,2025-04-23,10,318,3,1
STU0238,2025-04-30,12,307,3,3
STU0238,2025-05-07,8,297,3,1
STU0238,2025-05-14,7,252,5,4
STU0239,2025-01-01,6,168,2,1
STU0239,2025-01-08,8,196,3,0
STU0239,2025-01-15,8,123,3,1
STU0239,2025-01-22,7,127,1,2
STU0239,2025-01-29,7,176,1,3
STU0239,2025-02-05,6,186,3,0
STU0239,2025-02-12,5,138,1,0
STU0239,2025-02-19,7,99,3,0
STU0239,2025-02-26,2,130,2,1
STU0239,2025-03-05,7,100,2,3
STU0239,2025-03-12,2,96,3,2
STU0239,2025-03-19,2,206,1,2
STU0239,2025-03-26,7,201,3,1
STU0239,2025-04-02,8,89,2,2
STU0239,2025-04-09,7,130,2,1
STU0239,2025-04-16,7,166,1,0
STU0239,2025-04-23,6,156,1,1
STU0239,2025-04-30,7,149,1,3
STU0239,2025-05-07,8,133,1,1
STU0239,2025-05-14,6,144,1,2
STU0240,2025-01-01,7,179,3,1
STU0240,2025-01-08,2,181,3,2
STU0240,2025-01-15,5,130,2,3
STU0240,2025-01-22,6,177,1,3
STU0240,2025-01-29,5,193,1,1
STU0240,2025-02-05,5,190,3,2
STU0240,2025-02-12,8,120,3,0
STU0240,2025-02-19,2,115,1,2
STU0240,2025-02-26,6,143,1,2
STU0240,2025-03-05,8,111,1,1
STU0240,2025-03-12,4,184,3,3
STU0240,2025-03-19,8,91,2,1
STU0240,2025-03-26,2,136,3,3
STU0240,2025-04-02,8,156,3,3
STU0240,2025-04-09,6,193,2,0
STU0240,2025-04-16,6,109,1,1
STU0240,2025-04-23,8,174,1,2
STU0240,2025-04-30,4,91,2,0
STU0240,2025-05-07,3,137,1,3
STU0240,2025-05-14,8,135,3,2
STU0241,2025-01-01,10,321,3,1
STU0241,2025-01-08,10,335,4,2
STU0241,2025-01-15,9,277,5,3
STU0241,2025-01-22,12,248,5,1
STU0241,2025-01-29,11,235,4,3
STU0241,2025-02-05,14,316,5,2
STU0241,2025-02-12,13,290,5,1
STU0241,2025-02-19,10,349,4,1
STU0241,2025-02-26,10,318,5,4
STU0241,2025-03-05,10,312,4,1
STU0241,2025-03-12,14,295,3,1
STU0241,2025-03-19,9,285,5,1
STU0241,2025-03-26,10,339,3,2
STU0241,2025-04-02,10,279,3,2
STU0241,2025-04-09,12,272,3,1
STU0241,2025-04-16,12,315,3,4
STU0241,2025-04-23,12,292,5,2
STU0241,2025-04-30,9,249,3,2
STU0241,2025-05-07,14,354,3,3
STU0241,2025-05-14,13,253,3,3
STU0242,2025-01-01,7,164,3,0
STU0242,2025-01-08,5,164,3,0
STU0242,2025-01-15,6,199,3,3
STU0242,2025-01-22,6,224,4,2
STU0242,2025-01-29,4,205,3,2
STU0242,2025-02-05,9,162,4,2
STU0242,2025-02-12,4,163,3,2
STU0242,2025-02-19,10,242,4,1
STU0242,2025-02-26,10,218,2,2
STU0242,2025-03-05,6,171,3,2
STU0242,2025-03-12,8,142,2,1
STU0242,2025-03-19,4,237,2,3
STU0242,2025-03-26,9,204,3,2
STU0242,2025-04-02,6,247,2,1
STU0242,2025-04-09,10,196,2,1
STU0242,2025-04-16,8,212,4,2
STU0242,2025-04-23,9,195,3,2
STU0242,2025-04-30,5,187,4,3
STU0242,2025-05-07,9,159,2,2
STU0242,2025-05-14,8,240,3,2
STU0243,2025-01-01,6,259,4,4
STU0243,2025-01-08,10,270,5,4
STU0243,2025-01-15,11,223,3,4
STU0243,2025-01-22,7,256,5,2
STU0243,2025-01-29,10,272,3,1
STU0243,2025-02-05,11,230,5,2
STU0243,2025-02-12,8,200,3,1
STU0243,2025-02-19,6,298,5,3
STU0243,2025-02-26,9,207,3,1
STU0243,2025-03-05,6,242,4,3
STU0243,2025-03-12,12,301,4,4
STU0243,2025-03-19,7,301,5,4
STU0243,2025-03-26,12,215,3,1
STU0243,2025-04-02,11,224,5,2
STU0243,2025-04-09,7,227,5,1
STU0243,2025-04-16,6,231,4,3
STU0243,2025-04-23,6,245,5,3
STU0243,2025-04-30,12,283,4,4
STU0243,2025-05-07,10,223,3,3
STU0243,2025-05-14,9,280,4,2
STU0244,2025-01-01,9,273,3,2
STU0244,2025-01-08,12,280,5,4
STU0244,2025-01-15,13,213,4,4
STU0244,2025-01-22,13,252,4,1
STU0244,2025-01-29,12,244,3,4
STU0244,2025-02-05,13,240,4,4
STU0244,2025-02-12,13,234,4,4
STU0244,2025-02-19,9,195,4,2
STU0244,2025-02-26,8,243,4,3
STU0244,2025-03-05,11,244,3,4
STU0244,2025-03-12,7,204,3,4
STU0244,2025-03-19,11,299,4,4
STU0244,2025-03-26,11,243,5,2
STU0244,2025-04-02,11,307,3,3
STU0244,2025-04-09,11,276,4,2
STU0244,2025-04-16,8,233,4,2
STU0244,2025-04-23,10,270,3,3
STU0244,2025-04-30,7,238,4,2
STU0244,2025-05-07,12,261,3,4
STU0244,2025-05-14,11,292,4,4
STU0245,2025-01-01,9,256,3,1
STU0245,2025-01-08,9,270,2,2
STU0245,2025-01-15,11,207,3,1
STU0245,2025-01-22,6,182,3,4
STU0245,2025-01-29,9,225,4,1
STU0245,2025-02-05,8,203,3,3
STU0245,2025-02-12,6,202,3,1
STU0245,2025-02-19,9,262,4,3
STU0245,2025-02-26,8,254,4,1
STU0245,2025-03-05,11,262,3,1
STU0245,2025-03-12,10,284,3,4
STU0245,2025-03-19,8,246,3,4
STU0245,2025-03-26,6,242,4,3
STU0245,2025-04-02,12,233,3,3
STU0245,2025-04-09,9,278,2,2
STU0245,2025-04-16,12,224,2,2
STU0245,2025-04-23,8,192,4,4
STU0245,2025-04-30,9,198,2,4
STU0245,2025-05-07,6,293,4,2
STU0245,2025-05-14,6,234,2,4
STU0246,2025-01-01,6,198,2,3
STU0246,2025-01-08,6,161,1,0
STU0246,2025-01-15,6,219,3,0
STU0246,2025-01-22,6,218,1,3
STU0246,2025-01-29,8,166,1,1
STU0246,2025-02-05,6,150,3,3
STU0246,2025-02-12,6,112,2,3
STU0246,2025-02-19,8,158,2,2
STU0246,2025-02-26,8,205,3,3
STU0246,2025-03-05,8,118,2,2
STU0246,2025-03-12,3,217,1,1
STU0246,2025-03-19,6,117,3,1
STU0246,2025-03-26,9,128,2,2
STU0246,2025-04-02,9,221,2,3
STU0246,2025-04-09,4,137,3,2
STU0246,2025-04-16,7,114,2,3
STU0246,2025-04-23,5,171,3,1
STU0246,2025-04-30,6,115,2,0
STU0246,2025-05-07,3,177,3,2
STU0246,2025-05-14,8,164,3,0
STU0247,2025-01-01,7,136,1,0
STU0247,2025-01-08,6,106,1,1
STU0247,2025-01-15,8,119,2,3
STU0247,2025-01-22,9,158,2,0
STU0247,2025-01-29,5,129,1,0
STU0247,2025-02-05,7,204,2,0
STU0247,2025-02-12,7,173,1,3
STU0247,2025-02-19,3,155,3,3
STU0247,2025-02-26,8,128,2,2
STU0247,2025-03-05,6,199,3,0
STU0247,2025-03-12,3,110,1,0
STU0247,2025-03-19,7,211,3,3
STU0247,2025-03-26,9,150,3,3
STU0247,2025-04-02,4,176,3,0
STU0247,2025-04-09,5,112,2,2
STU0247,2025-04-16,3,224,2,0
STU0247,2025-04-23,6,156,3,0
STU0247,2025-04-30,4,207,1,3
STU0247,2025-05-07,4,146,2,2
STU0247,2025-05-14,4,178,2,0
STU0248,2025-01-01,8,196,1,2
STU0248,2025-01-08,9,158,1,0
STU0248,2025-01-15,5,201,3,3
STU0248,2025-01-22,5,204,3,3
STU0248,2025-01-29,5,160,3,2
STU0248,2025-02-05,9,185,1,1
STU0248,2025-02-12,5,190,3,1
STU0248,2025-02-19,7,151,1,1
STU0248,2025-02-26,7,169,3,1
STU0248,2025-03-05,6,165,3,1
STU0248,2025-03-12,5,178,2,2
STU0248,2025-03-19,8,127,2,0
STU0248,2025-03-26,5,203,3,3
STU0248,2025-04-02,9,118,3,0
STU0248,2025-04-09,3,168,3,2
STU0248,2025-04-16,4,143,1,2
STU0248,2025-04-23,8,138,3,3
STU0248,2025-04-30,8,159,1,2
STU0248,2025-05-07,5,186,3,3
STU0248,2025-05-14,6,122,2,1
STU0249,2025-01-01,8,274,3,2
STU0249,2025-01-08,12,346,3,4
STU0249,2025-01-15,9,335,4,4
STU0249,2025-01-22,9,341,3,4
STU0249,2025-01-29,9,254,3,3
STU0249,2025-02-05,11,299,5,2
STU0249,2025-02-12,11,302,5,3
STU0249,2025-02-19,11,234,5,1
STU0249,2025-02-26,14,243,4,1
STU0249,2025-03-05,14,319,3,3
STU0249,2025-03-12,9,244,4,2
STU0249,2025-03-19,12,251,3,3
STU0249,2025-03-26,11,252,3,2
STU0249,2025-04-02,10,333,3,2
STU0249,2025-04-09,10,286,3,2
STU0249,2025-04-16,8,342,4,4
STU0249,2025-04-23,10,307,3,1
STU0249,2025-04-30,9,310,5,4
STU0249,2025-05-07,8,277,5,2
STU0249,2025-05-14,12,307,4,2
STU0250,2025-01-01,8,160,3,3
STU0250,2025-01-08,2,93,2,2
STU0250,2025-01-15,5,114,3,2
STU0250,2025-01-22,8,104,1,0
STU0250,2025-01-29,5,125,3,0
STU0250,2025-02-05,5,78,1,3
STU0250,2025-02-12,2,145,3,3
STU0250,2025-02-19,5,114,2,1
STU0250,2025-02-26,7,191,2,1
STU0250,2025-03-05,4,121,3,3
STU0250,2025-03-12,2,127,3,0
STU0250,2025-03-19,8,121,3,3
STU0250,2025-03-26,3,106,2,0
STU0250,2025-04-02,5,161,1,0
STU0250,2025-04-09,8,164,3,0
STU0250,2025-04-16,8,106,3,1
STU0250,2025-04-23,3,83,1,1
STU0250,2025-04-30,2,104,2,3
STU0250,2025-05-07,3,129,3,2
STU0250,2025-05-14,5,104,1,0
STU0251,2025-01-01,8,228,2,2
STU0251,2025-01-08,7,155,2,3
STU0251,2025-01-15,6,157,3,2
STU0251,2025-01-22,9,244,4,3
STU0251,2025-01-29,10,219,4,1
STU0251,2025-02-05,7,169,3,3
STU0251,2025-02-12,11,268,2,1
STU0251,2025-02-19,10,207,4,2
STU0251,2025-02-26,9,172,2,1
STU0251,2025-03-05,7,253,2,4
STU0251,2025-03-12,8,222,3,4
STU0251,2025-03-19,6,176,4,3
STU0251,2025-03-26,8,200,3,4
STU0251,2025-04-02,10,203,4,2
STU0251,2025-04-09,9,178,2,1
STU0251,2025-04-16,10,214,2,4
STU0251,2025-04-23,5,182,4,4
STU0251,2025-04-30,11,215,3,4
STU0251,2025-05-07,11,186,2,3
STU0251,2025-05-14,5,219,4,2
STU0252,2025-01-01,6,212,3,0
STU0252,2025-01-08,6,160,4,2
STU0252,2025-01-15,10,170,3,1
STU0252,2025-01-22,8,157,3,3
STU0252,2025-01-29,9,158,2,0
STU0252,2025-02-05,4,200,3,1
STU0252,2025-02-12,10,195,2,2
STU0252,2025-02-19,10,162,4,3
STU0252,2025-02-26,10,228,4,2
STU0252,2025-03-05,9,191,4,1
STU0252,2025-03-12,4,238,2,3
STU0252,2025-03-19,10,132,4,0
STU0252,2025-03-26,10,217,3,2
STU0252,2025-04-02,10,217,2,1
STU0252,2025-04-09,9,216,4,2
STU0252,2025-04-16,10,174,3,3
STU0252,2025-04-23,10,127,2,2
STU0252,2025-04-30,5,187,2,1
STU0252,2025-05-07,8,178,3,2
STU0252,2025-05-14,9,231,4,2
STU0253,2025-01-01,13,250,5,2
STU0253,2025-01-08,14,322,5,1
STU0253,2025-01-15,13,271,3,4
STU0253,2025-01-22,9,257,4,1
STU0253,2025-01-29,13,274,4,1
STU0253,2025-02-05,10,324,4,1
STU0253,2025-02-12,10,305,5,3
STU0253,2025-02-19,10,269,3,2
STU0253,2025-02-26,10,290,3,3
STU0253,2025-03-05,12,238,4,1
STU0253,2025-03-12,12,282,4,3
STU0253,2025-03-19,12,247,3,2
STU0253,2025-03-26,8,324,5,1
STU0253,2025-04-02,10,291,4,4
STU0253,2025-04-09,14,291,4,3
STU0253,2025-04-16,14,273,3,3
STU0253,2025-04-23,14,235,4,3
STU0253,2025-04-30,13,288,3,3
STU0253,2025-05-07,8,309,4,4
STU0253,2025-05-14,14,264,5,1
STU0254,2025-01-01,4,169,3,3
STU0254,2025-01-08,5,240,2,3
STU0254,2025-01-15,5,236,3,3
STU0254,2025-01-22,5,247,2,1
STU0254,2025-01-29,10,171,4,3
STU0254,2025-02-05,8,222,3,2
STU0254,2025-02-12,10,157,3,3
STU0254,2025-02-19,8,177,3,3
STU0254,2025-02-26,7,243,2,3
STU0254,2025-03-05,10,227,2,1
STU0254,2025-03-12,5,238,2,0
STU0254,2025-03-19,9,214,4,1
STU0254,2025-03-26,6,169,4,3
STU0254,2025-04-02,4,173,3,3
STU0254,2025-04-09,8,201,4,2
STU0254,2025-04-16,6,216,4,0
STU0254,2025-04-23,8,214,3,0
STU0254,2025-04-30,8,204,3,1
STU0254,2025-05-07,9,148,3,3
STU0254,2025-05-14,5,229,4,0
STU0255,2025-01-01,5,74,0,3
STU0255,2025-01-08,1,59,1,3
STU0255,2025-01-15,1,77,0,1
STU0255,2025-01-22,6,133,2,0
STU0255,2025-01-29,3,113,2,1
STU0255,2025-02-05,2,174,1,1
STU0255,2025-02-12,2,90,0,3
STU0255,2025-02-19,3,125,2,0
STU0255,2025-02-26,1,110,0,2
STU0255,2025-03-05,5,105,2,3
STU0255,2025-03-12,1,120,1,0
STU0255,2025-03-19,1,90,2,3
STU0255,2025-03-26,4,115,0,3
STU0255,2025-04-02,2,70,2,2
STU0255,2025-04-09,5,81,2,0
STU0255,2025-04-16,5,157,1,1
STU0255,2025-04-23,6,150,1,3
STU0255,2025-04-30,7,70,0,0
STU0255,2025-05-07,5,77,2,1
STU0255,2025-05-14,6,147,1,2
STU0256,2025-01-01,7,317,3,4
STU0256,2025-01-08,12,301,3,2
STU0256,2025-01-15,9,294,5,4
STU0256,2025-01-22,9,291,5,2
STU0256,2025-01-29,9,292,4,1
STU0256,2025-02-05,13,328,5,3
STU0256,2025-02-12,13,329,5,3
STU0256,2025-02-19,8,318,3,3
STU0256,2025-02-26,11,307,4,3
STU0256,2025-03-05,11,232,5,4
STU0256,2025-03-12,10,328,4,3
STU0256,2025-03-19,10,267,4,2
STU0256,2025-03-26,13,276,4,4
STU0256,2025-04-02,11,276,3,3
STU0256,2025-04-09,9,292,3,2
STU0256,2025-04-16,12,249,3,2
STU0256,2025-04-23,12,323,3,4
STU0256,2025-04-30,8,234,3,4
STU0256,2025-05-07,12,248,3,1
STU0256,2025-05-14,11,291,4,3
STU0257,2025-01-01,4,138,3,0
STU0257,2025-01-08,8,85,1,2
STU0257,2025-01-15,3,168,2,1
STU0257,2025-01-22,4,145,3,0
STU0257,2025-01-29,6,83,1,2
STU0257,2025-02-05,5,152,3,3
STU0257,2025-02-12,8,185,2,2
STU0257,2025-02-19,7,134,1,3
STU0257,2025-02-26,2,170,1,0
STU0257,2025-03-05,8,107,1,3
STU0257,2025-03-12,2,71,1,0
STU0257,2025-03-19,5,87,2,3
STU0257,2025-03-26,8,114,1,0
STU0257,2025-04-02,7,152,1,1
STU0257,2025-04-09,4,118,1,2
STU0257,2025-04-16,4,95,2,3
STU0257,2025-04-23,8,86,3,1
STU0257,2025-04-30,7,184,1,3
STU0257,2025-05-07,5,185,2,2
STU0257,2025-05-14,4,184,2,3
STU0258,2025-01-01,8,129,1,1
STU0258,2025-01-08,5,72,2,0
STU0258,2025-01-15,2,171,1,2
STU0258,2025-01-22,7,178,2,3
STU0258,2025-01-29,8,111,1,1
STU0258,2025-02-05,4,165,3,3
STU0258,2025-02-12,6,98,3,1
STU0258,2025-02-19,5,77,1,3
STU0258,2025-02-26,7,164,1,2
STU0258,2025-03-05,8,185,3,3
STU0258,2025-03-12,6,79,3,0
STU0258,2025-03-19,7,158,2,0
STU0258,2025-03-26,6,137,2,2
STU0258,2025-04-02,8,130,1,2
STU0258,2025-04-09,6,141,1,3
STU0258,2025-04-16,3,96,3,1
STU0258,2025-04-23,5,132,2,0
STU0258,2025-04-30,6,148,2,0
STU0258,2025-05-07,6,112,2,0
STU0258,2025-05-14,4,175,2,1
STU0259,2025-01-01,13,218,3,1
STU0259,2025-01-08,13,207,4,4
STU0259,2025-01-15,12,305,3,3
STU0259,2025-01-22,7,260,5,3
STU0259,2025-01-29,10,271,4,1
STU0259,2025-02-05,13,212,3,4
STU0259,2025-02-12,7,318,5,4
STU0259,2025-02-19,7,323,4,4
STU0259,2025-02-26,13,231,5,1
STU0259,2025-03-05,7,223,4,3
STU0259,2025-03-12,8,232,4,2
STU0259,2025-03-19,10,288,4,2
STU0259,2025-03-26,8,219,5,3
STU0259,2025-04-02,10,205,3,2
STU0259,2025-04-09,10,292,3,3
STU0259,2025-04-16,10,320,5,2
STU0259,2025-04-23,11,221,4,4
STU0259,2025-04-30,11,225,3,4
STU0259,2025-05-07,8,211,3,2
STU0259,2025-05-14,9,223,3,3
STU0260,2025-01-01,7,154,2,3
STU0260,2025-01-08,3,92,1,3
STU0260,2025-01-15,3,153,1,0
STU0260,2025-01-22,6,91,1,0
STU0260,2025-01-29,6,139,3,2
STU0260,2025-02-05,3,135,3,0
STU0260,2025-02-12,3,183,2,1
STU0260,2025-02-19,7,143,1,3
STU0260,2025-02-26,7,125,2,1
STU0260,2025-03-05,4,131,3,0
STU0260,2025-03-12,6,155,2,0
STU0260,2025-03-19,7,116,1,0
STU0260,2025-03-26,8,151,1,1
STU0260,2025-04-02,8,105,3,1
STU0260,2025-04-09,7,186,1,1
STU0260,2025-04-16,7,178,2,2
STU0260,2025-04-23,4,100,1,3
STU0260,2025-04-30,2,136,2,2
STU0260,2025-05-07,8,125,1,2
STU0260,2025-05-14,7,127,2,2
STU0261,2025-01-01,9,218,3,3
STU0261,2025-01-08,7,311,3,4
STU0261,2025-01-15,13,273,3,4
STU0261,2025-01-22,7,295,3,3
STU0261,2025-01-29,11,272,3,3
STU0261,2025-02-05,12,207,3,4
STU0261,2025-02-12,13,206,4,4
STU0261,2025-02-19,11,266,4,4
STU0261,2025-02-26,13,239,5,2
STU0261,2025-03-05,12,242,3,1
STU0261,2025-03-12,9,300,4,3
STU0261,2025-03-19,9,257,5,3
STU0261,2025-03-26,8,257,4,2
STU0261,2025-04-02,10,221,4,2
STU0261,2025-04-09,8,309,4,3
STU0261,2025-04-16,8,251,3,3
STU0261,2025-04-23,9,229,5,4
STU0261,2025-04-30,12,209,3,2
STU0261,2025-05-07,10,310,5,3
STU0261,2025-05-14,7,231,5,2
STU0262,2025-01-01,6,187,1,0
STU0262,2025-01-08,3,185,1,1
STU0262,2025-01-15,5,202,3,2
STU0262,2025-01-22,4,221,2,0
STU0262,2025-01-29,4,187,2,0
STU0262,2025-02-05,7,229,3,2
STU0262,2025-02-12,4,175,3,3
STU0262,2025-02-19,3,231,2,2
STU0262,2025-02-26,3,120,1,3
STU0262,2025-03-05,5,181,3,3
STU0262,2025-03-12,9,174,3,1
STU0262,2025-03-19,6,218,1,3
STU0262,2025-03-26,6,188,1,2
STU0262,2025-04-02,6,119,1,2
STU0262,2025-04-09,8,228,3,1
STU0262,2025-04-16,3,180,1,2
STU0262,2025-04-23,8,149,2,2
STU0262,2025-04-30,3,152,1,2
STU0262,2025-05-07,9,124,2,2
STU0262,2025-05-14,7,112,2,0
STU0263,2025-01-01,7,290,3,4
STU0263,2025-01-08,11,271,2,4
STU0263,2025-01-15,6,285,3,1
STU0263,2025-01-22,6,255,3,1
STU0263,2025-01-29,6,269,4,1
STU0263,2025-02-05,9,274,2,3
STU0263,2025-02-12,7,227,2,1
STU0263,2025-02-19,9,232,4,3
STU0263,2025-02-26,6,242,4,3
STU0263,2025-03-05,9,244,3,3
STU0263,2025-03-12,11,198,2,1
STU0263,2025-03-19,8,265,3,3
STU0263,2025-03-26,11,179,3,3
STU0263,2025-04-02,7,266,2,2
STU0263,2025-04-09,10,239,2,4
STU0263,2025-04-16,12,272,3,1
STU0263,2025-04-23,6,246,3,3
STU0263,2025-04-30,12,184,4,4
STU0263,2025-05-07,10,271,2,4
STU0263,2025-05-14,11,216,3,1
STU0264,2025-01-01,9,233,4,4
STU0264,2025-01-08,11,170,4,2
STU0264,2025-01-15,5,234,3,3
STU0264,2025-01-22,10,265,3,4
STU0264,2025-01-29,11,217,3,1
STU0264,2025-02-05,8,187,4,3
STU0264,2025-02-12,5,242,2,1
STU0264,2025-02-19,5,240,4,2
STU0264,2025-02-26,6,168,2,4
STU0264,2025-03-05,7,198,2,1
STU0264,2025-03-12,8,230,3,4
STU0264,2025-03-19,6,225,4,2
STU0264,2025-03-26,8,246,2,3
STU0264,2025-04-02,10,157,4,1
STU0264,2025-04-09,6,256,4,2
STU0264,2025-04-16,9,198,2,1
STU0264,2025-04-23,6,202,3,2
STU0264,2025-04-30,11,259,4,1
STU0264,2025-05-07,6,156,3,1
STU0264,2025-05-14,10,260,2,2
STU0265,2025-01-01,6,117,2,0
STU0265,2025-01-08,6,163,2,3
STU0265,2025-01-15,2,137,3,1
STU0265,2025-01-22,3,121,3,1
STU0265,2025-01-29,4,91,2,0
STU0265,2025-02-05,2,90,1,2
STU0265,2025-02-12,6,90,1,2
STU0265,2025-02-19,2,116,1,0
STU0265,2025-02-26,1,144,1,0
STU0265,2025-03-05,2,180,1,0
STU0265,2025-03-12,4,89,3,0
STU0265,2025-03-19,7,71,3,1
STU0265,2025-03-26,2,73,1,2
STU0265,2025-04-02,6,87,3,3
STU0265,2025-04-09,3,183,1,0
STU0265,2025-04-16,1,71,1,3
STU0265,2025-04-23,7,144,2,2
STU0265,2025-04-30,2,179,1,2
STU0265,2025-05-07,6,68,1,0
STU0265,2025-05-14,1,140,3,3
STU0266,2025-01-01,5,202,4,1
STU0266,2025-01-08,9,263,3,1
STU0266,2025-01-15,5,249,2,3
STU0266,2025-01-22,5,246,4,3
STU0266,2025-01-29,5,182,2,3
STU0266,2025-02-05,5,268,2,1
STU0266,2025-02-12,6,276,4,4
STU0266,2025-02-19,11,258,3,1
STU0266,2025-02-26,9,184,3,4
STU0266,2025-03-05,11,166,2,1
STU0266,2025-03-12,9,223,2,1
STU0266,2025-03-19,8,239,4,1
STU0266,2025-03-26,7,238,2,4
STU0266,2025-04-02,5,237,2,1
STU0266,2025-04-09,7,208,2,3
STU0266,2025-04-16,5,193,3,1
STU0266,2025-04-23,11,224,3,4
STU0266,2025-04-30,5,166,4,3
STU0266,2025-05-07,9,190,3,2
STU0266,2025-05-14,7,280,4,1
STU0267,2025-01-01,12,185,3,3
STU0267,2025-01-08,7,218,4,2
STU0267,2025-01-15,8,283,3,1
STU0267,2025-01-22,8,188,2,2
STU0267,2025-01-29,11,249,4,3
STU0267,2025-02-05,9,208,2,1
STU0267,2025-02-12,9,235,2,3
STU0267,2025-02-19,11,218,2,4
STU0267,2025-02-26,12,199,2,3
STU0267,2025-03-05,10,285,3,1
STU0267,2025-03-12,6,234,3,3
STU0267,2025-03-19,9,225,2,4
STU0267,2025-03-26,6,221,3,3
STU0267,2025-04-02,9,219,3,2
STU0267,2025-04-09,9,174,2,4
STU0267,2025-04-16,6,169,3,2
STU0267,2025-04-23,12,262,2,2
STU0267,2025-04-30,6,225,2,3
STU0267,2025-05-07,7,236,3,2
STU0267,2025-05-14,12,229,2,3
STU0268,2025-01-01,11,310,4,1
STU0268,2025-01-08,7,296,4,4
STU0268,2025-01-15,7,321,4,1
STU0268,2025-01-22,7,309,5,3
STU0268,2025-01-29,8,237,5,4
STU0268,2025-02-05,9,244,3,4
STU0268,2025-02-12,9,271,3,3
STU0268,2025-02-19,9,322,4,2
STU0268,2025-02-26,13,279,4,3
STU0268,2025-03-05,10,299,5,2
STU0268,2025-03-12,10,255,3,4
STU0268,2025-03-19,13,231,5,3
STU0268,2025-03-26,7,278,5,1
STU0268,2025-04-02,12,309,3,2
STU0268,2025-04-09,8,239,5,3
STU0268,2025-04-16,7,244,4,2
STU0268,2025-04-23,11,298,5,2
STU0268,2025-04-30,10,263,4,4
STU0268,2025-05-07,7,228,4,4
STU0268,2025-05-14,7,321,4,1
STU0269,2025-01-01,3,109,1,0
STU0269,2025-01-08,3,130,3,3
STU0269,2025-01-15,7,155,1,3
STU0269,2025-01-22,8,176,2,1
STU0269,2025-01-29,7,208,1,0
STU0269,2025-02-05,7,106,2,3
STU0269,2025-02-12,4,203,2,2
STU0269,2025-02-19,3,203,1,0
STU0269,2025-02-26,9,152,1,2
STU0269,2025-03-05,3,173,2,3
STU0269,2025-03-12,8,148,3,3
STU0269,2025-03-19,3,141,1,3
STU0269,2025-03-26,7,171,1,1
STU0269,2025-04-02,9,145,3,2
STU0269,2025-04-09,8,119,3,3
STU0269,2025-04-16,4,157,3,2
STU0269,2025-04-23,3,155,3,0
STU0269,2025-04-30,5,212,1,0
STU0269,2025-05-07,4,133,1,3
STU0269,2025-05-14,8,198,1,3
STU0270,2025-01-01,7,139,2,3
STU0270,2025-01-08,8,203,3,1
STU0270,2025-01-15,4,194,2,2
STU0270,2025-01-22,5,225,2,0
STU0270,2025-01-29,4,208,4,1
STU0270,2025-02-05,6,137,4,3
STU0270,2025-02-12,6,179,2,2
STU0270,2025-02-19,8,169,4,2
STU0270,2025-02-26,4,143,2,0
STU0270,2025-03-05,5,221,3,2
STU0270,2025-03-12,9,156,3,0
STU0270,2025-03-19,10,166,3,2
STU0270,2025-03-26,4,149,3,0
STU0270,2025-04-02,6,216,4,0
STU0270,2025-04-09,4,183,3,1
STU0270,2025-04-16,8,141,3,1
STU0270,2025-04-23,10,129,2,1
STU0270,2025-04-30,4,140,4,0
STU0270,2025-05-07,6,225,2,3
STU0270,2025-05-14,10,144,2,3
STU0271,2025-01-01,11,298,5,4
STU0271,2025-01-08,11,240,5,3
STU0271,2025-01-15,11,283,4,3
STU0271,2025-01-22,11,239,3,4
STU0271,2025-01-29,10,280,4,2
STU0271,2025-02-05,8,182,3,4
STU0271,2025-02-12,12,256,4,2
STU0271,2025-02-19,9,223,5,4
STU0271,2025-02-26,12,271,5,3
STU0271,2025-03-05,10,269,3,2
STU0271,2025-03-12,6,260,4,1
STU0271,2025-03-19,6,181,5,1
STU0271,2025-03-26,12,243,5,2
STU0271,2025-04-02,6,209,4,4
STU0271,2025-04-09,6,296,5,1
STU0271,2025-04-16,10,268,3,4
STU0271,2025-04-23,9,272,3,4
STU0271,2025-04-30,9,226,5,1
STU0271,2025-05-07,10,280,5,2
STU0271,2025-05-14,12,239,4,1
STU0272,2025-01-01,5,78,3,3
STU0272,2025-01-08,2,86,2,2
STU0272,2025-01-15,7,77,2,2
STU0272,2025-01-22,6,103,3,1
STU0272,2025-01-29,6,84,3,3
STU0272,2025-02-05,6,90,2,2
STU0272,2025-02-12,2,170,3,1
STU0272,2025-02-19,4,189,3,2
STU0272,2025-02-26,4,96,2,0
STU0272,2025-03-05,3,183,3,2
STU0272,2025-03-12,7,178,2,0
STU0272,2025-03-19,2,135,2,3
STU0272,2025-03-26,2,132,2,3
STU0272,2025-04-02,5,163,3,1
STU0272,2025-04-09,4,132,3,0
STU0272,2025-04-16,8,94,3,0
STU0272,2025-04-23,6,124,3,1
STU0272,2025-04-30,3,77,1,3
STU0272,2025-05-07,7,96,3,3
STU0272,2025-05-14,4,183,2,1
STU0273,2025-01-01,5,67,1,0
STU0273,2025-01-08,3,117,3,1
STU0273,2025-01-15,6,144,2,1
STU0273,2025-01-22,3,100,3,3
STU0273,2025-01-29,5,78,3,1
STU0273,2025-02-05,4,171,3,3
STU0273,2025-02-12,5,149,3,3
STU0273,2025-02-19,2,79,1,0
STU0273,2025-02-26,2,158,3,3
STU0273,2025-03-05,3,100,2,1
STU0273,2025-03-12,2,184,1,2
STU0273,2025-03-19,8,130,1,1
STU0273,2025-03-26,8,116,2,1
STU0273,2025-04-02,3,177,2,0
STU0273,2025-04-09,7,68,2,2
STU0273,2025-04-16,5,121,2,2
STU0273,2025-04-23,8,120,2,2
STU0273,2025-04-30,2,103,1,0
STU0273,2025-05-07,7,74,1,3
STU0273,2025-05-14,4,141,2,1
STU0274,2025-01-01,8,202,3,4
STU0274,2025-01-08,8,173,2,1
STU0274,2025-01-15,10,184,3,4
STU0274,2025-01-22,8,245,3,1
STU0274,2025-01-29,7,209,3,2
STU0274,2025-02-05,5,250,2,1
STU0274,2025-02-12,10,243,2,2
STU0274,2025-02-19,9,212,4,2
STU0274,2025-02-26,11,239,4,1
STU0274,2025-03-05,6,264,4,2
STU0274,2025-03-12,9,221,3,4
STU0274,2025-03-19,10,186,2,1
STU0274,2025-03-26,8,267,2,1
STU0274,2025-04-02,6,210,2,2
STU0274,2025-04-09,6,216,3,3
STU0274,2025-04-16,11,241,3,2
STU0274,2025-04-23,8,235,2,4
STU0274,2025-04-30,8,225,3,3
STU0274,2025-05-07,8,188,2,3
STU0274,2025-05-14,7,221,2,3
STU0275,2025-01-01,13,247,4,4
STU0275,2025-01-08,11,233,4,2
STU0275,2025-01-15,10,288,4,1
STU0275,2025-01-22,9,209,5,2
STU0275,2025-01-29,11,212,4,4
STU0275,2025-02-05,7,263,3,4
STU0275,2025-02-12,11,276,4,3
STU0275,2025-02-19,9,224,5,2
STU0275,2025-02-26,11,249,3,2
STU0275,2025-03-05,9,264,3,1
STU0275,2025-03-12,9,222,5,3
STU0275,2025-03-19,9,321,5,3
STU0275,2025-03-26,10,215,3,1
STU0275,2025-04-02,7,257,3,1
STU0275,2025-04-09,10,272,3,1
STU0275,2025-04-16,10,302,5,2
STU0275,2025-04-23,9,219,3,4
STU0275,2025-04-30,12,257,4,4
STU0275,2025-05-07,9,226,3,2
STU0275,2025-05-14,11,213,5,4
STU0276,2025-01-01,11,221,4,1
STU0276,2025-01-08,8,242,4,3
STU0276,2025-01-15,6,252,4,3
STU0276,2025-01-22,10,201,3,4
STU0276,2025-01-29,12,215,4,1
STU0276,2025-02-05,6,289,4,1
STU0276,2025-02-12,12,207,4,3
STU0276,2025-02-19,9,235,2,1
STU0276,2025-02-26,9,191,3,2
STU0276,2025-03-05,10,279,3,4
STU0276,2025-03-12,7,243,2,1
STU0276,2025-03-19,12,266,3,2
STU0276,2025-03-26,9,286,2,4
STU0276,2025-04-02,7,187,4,3
STU0276,2025-04-09,6,249,2,2
STU0276,2025-04-16,9,186,3,2
STU0276,2025-04-23,8,183,3,3
STU0276,2025-04-30,9,214,4,3
STU0276,2025-05-07,10,180,2,4
STU0276,2025-05-14,8,199,3,1
STU0277,2025-01-01,7,87,1,3
STU0277,2025-01-08,4,132,1,2
STU0277,2025-01-15,6,171,1,2
STU0277,2025-01-22,5,156,1,2
STU0277,2025-01-29,2,105,2,3
STU0277,2025-02-05,2,95,3,2
STU0277,2025-02-12,3,110,3,3
STU0277,2025-02-19,6,204,1,1
STU0277,2025-02-26,8,161,1,0
STU0277,2025-03-05,3,191,1,0
STU0277,2025-03-12,7,201,1,3
STU0277,2025-03-19,4,200,3,0
STU0277,2025-03-26,2,186,2,2
STU0277,2025-04-02,3,182,1,3
STU0277,2025-04-09,3,154,3,2
STU0277,2025-04-16,3,107,1,3
STU0277,2025-04-23,5,91,3,1
STU0277,2025-04-30,4,134,2,1
STU0277,2025-05-07,6,121,2,1
STU0277,2025-05-14,4,190,2,1
STU0278,2025-01-01,8,98,1,3
STU0278,2025-01-08,4,200,2,1
STU0278,2025-01-15,6,191,1,1
STU0278,2025-01-22,3,120,3,1
STU0278,2025-01-29,3,161,2,0
STU0278,2025-02-05,8,194,3,1
STU0278,2025-02-12,3,98,1,3
STU0278,2025-02-19,4,129,1,3
STU0278,2025-02-26,7,194,2,1
STU0278,2025-03-05,4,168,2,0
STU0278,2025-03-12,8,139,1,0
STU0278,2025-03-19,6,185,3,0
STU0278,2025-03-26,7,182,3,0
STU0278,2025-04-02,7,176,3,1
STU0278,2025-04-09,4,174,3,1
STU0278,2025-04-16,4,95,1,3
STU0278,2025-04-23,3,126,3,3
STU0278,2025-04-30,4,101,1,1
STU0278,2025-05-07,3,84,3,1
STU0278,2025-05-14,6,143,2,0
STU0279,2025-01-01,10,118,3,1
STU0279,2025-01-08,8,144,2,3
STU0279,2025-01-15,7,183,2,0
STU0279,2025-01-22,6,235,2,2
STU0279,2025-01-29,6,213,3,2
STU0279,2025-02-05,6,149,3,2
STU0279,2025-02-12,5,215,3,3
STU0279,2025-02-19,5,177,1,3
STU0279,2025-02-26,8,139,1,1
STU0279,2025-03-05,5,217,2,1
STU0279,2025-03-12,5,177,3,2
STU0279,2025-03-19,6,203,2,1
STU0279,2025-03-26,7,184,2,0
STU0279,2025-04-02,5,191,1,0
STU0279,2025-04-09,4,225,2,2
STU0279,2025-04-16,5,129,1,3
STU0279,2025-04-23,6,159,2,3
STU0279,2025-04-30,7,231,2,3
STU0279,2025-05-07,4,160,2,0
STU0279,2025-05-14,10,226,2,0
STU0280,2025-01-01,4,162,3,0
STU0280,2025-01-08,7,152,1,1
STU0280,2025-01-15,8,198,1,1
STU0280,2025-01-22,4,133,1,2
STU0280,2025-01-29,4,85,1,1
STU0280,2025-02-05,4,180,3,2
STU0280,2025-02-12,2,180,1,1
STU0280,2025-02-19,7,116,1,0
STU0280,2025-02-26,3,139,1,1
STU0280,2025-03-05,2,202,3,1
STU0280,2025-03-12,3,87,1,3
STU0280,2025-03-19,3,187,3,1
STU0280,2025-03-26,8,99,3,3
STU0280,2025-04-02,8,88,2,3
STU0280,2025-04-09,7,194,3,3
STU0280,2025-04-16,5,112,1,3
STU0280,2025-04-23,2,162,3,3
STU0280,2025-04-30,8,119,3,3
STU0280,2025-05-07,8,112,3,3
STU0280,2025-05-14,4,137,3,0
STU0281,2025-01-01,8,141,4,2
STU0281,2025-01-08,8,220,2,0
STU0281,2025-01-15,4,136,4,2
STU0281,2025-01-22,8,203,2,1
STU0281,2025-01-29,6,121,4,1
STU0281,2025-02-05,5,239,3,2
STU0281,2025-02-12,5,136,4,3
STU0281,2025-02-19,8,157,4,3
STU0281,2025-02-26,5,231,4,1
STU0281,2025-03-05,4,209,2,1
STU0281,2025-03-12,9,240,2,3
STU0281,2025-03-19,10,161,2,1
STU0281,2025-03-26,5,150,4,3
STU0281,2025-04-02,10,197,2,0
STU0281,2025-04-09,9,191,3,3
STU0281,2025-04-16,6,233,4,0
STU0281,2025-04-23,4,163,2,3
STU0281,2025-04-30,6,226,4,2
STU0281,2025-05-07,7,222,3,1
STU0281,2025-05-14,5,199,3,2
STU0282,2025-01-01,7,156,3,1
STU0282,2025-01-08,6,170,1,0
STU0282,2025-01-15,7,97,1,2
STU0282,2025-01-22,6,96,1,1
STU0282,2025-01-29,4,149,1,0
STU0282,2025-02-05,9,163,3,2
STU0282,2025-02-12,9,215,3,1
STU0282,2025-02-19,7,106,1,2
STU0282,2025-02-26,7,154,1,0
STU0282,2025-03-05,9,98,2,1
STU0282,2025-03-12,7,162,3,1
STU0282,2025-03-19,3,193,1,0
STU0282,2025-03-26,5,207,3,2
STU0282,2025-04-02,4,160,1,1
STU0282,2025-04-09,8,149,1,3
STU0282,2025-04-16,3,193,1,0
STU0282,2025-04-23,8,175,2,1
STU0282,2025-04-30,8,203,3,1
STU0282,2025-05-07,8,164,1,0
STU0282,2025-05-14,4,204,3,0
STU0283,2025-01-01,4,133,3,0
STU0283,2025-01-08,4,238,3,0
STU0283,2025-01-15,10,216,4,3
STU0283,2025-01-22,10,186,3,3
STU0283,2025-01-29,9,124,3,1
STU0283,2025-02-05,9,125,4,3
STU0283,2025-02-12,9,230,3,3
STU0283,2025-02-19,10,237,3,1
STU0283,2025-02-26,4,125,2,2
STU0283,2025-03-05,6,146,2,2
STU0283,2025-03-12,5,138,2,3
STU0283,2025-03-19,6,216,2,1
STU0283,2025-03-26,7,131,3,3
STU0283,2025-04-02,10,209,2,2
STU0283,2025-04-09,4,182,3,1
STU0283,2025-04-16,5,150,2,3
STU0283,2025-04-23,6,126,4,2
STU0283,2025-04-30,6,225,3,1
STU0283,2025-05-07,4,184,4,2
STU0283,2025-05-14,9,195,2,3
STU0284,2025-01-01,5,248,2,4
STU0284,2025-01-08,5,201,4,4
STU0284,2025-01-15,10,246,4,4
STU0284,2025-01-22,6,240,2,4
STU0284,2025-01-29,6,205,2,2
STU0284,2025-02-05,11,260,4,3
STU0284,2025-02-12,8,193,4,3
STU0284,2025-02-19,9,176,3,2
STU0284,2025-02-26,9,161,3,1
STU0284,2025-03-05,5,251,2,1
STU0284,2025-03-12,5,164,4,3
STU0284,2025-03-19,11,202,4,2
STU0284,2025-03-26,6,232,2,2
STU0284,2025-04-02,10,255,3,4
STU0284,2025-04-09,6,173,3,2
STU0284,2025-04-16,10,162,2,3
STU0284,2025-04-23,11,162,2,4
STU0284,2025-04-30,7,155,2,1
STU0284,2025-05-07,7,227,3,2
STU0284,2025-05-14,6,261,2,3
STU0285,2025-01-01,5,183,2,2
STU0285,2025-01-08,8,134,2,3
STU0285,2025-01-15,2,171,2,0
STU0285,2025-01-22,7,159,1,2
STU0285,2025-01-29,2,140,2,1
STU0285,2025-02-05,4,100,1,0
STU0285,2025-02-12,6,117,1,1
STU0285,2025-02-19,7,150,1,1
STU0285,2025-02-26,7,90,2,3
STU0285,2025-03-05,4,127,2,0
STU0285,2025-03-12,8,97,2,3
STU0285,2025-03-19,4,173,3,2
STU0285,2025-03-26,2,158,3,0
STU0285,2025-04-02,5,183,2,3
STU0285,2025-04-09,2,96,2,3
STU0285,2025-04-16,8,180,3,3
STU0285,2025-04-23,7,148,2,3
STU0285,2025-04-30,5,132,2,3
STU0285,2025-05-07,6,98,2,2
STU0285,2025-05-14,6,164,3,0
STU0286,2025-01-01,8,282,3,4
STU0286,2025-01-08,13,332,4,3
STU0286,2025-01-15,10,290,4,2
STU0286,2025-01-22,9,303,4,3
STU0286,2025-01-29,10,260,3,3
STU0286,2025-02-05,9,315,4,2
STU0286,2025-02-12,7,218,3,2
STU0286,2025-02-19,10,296,4,2
STU0286,2025-02-26,9,330,3,1
STU0286,2025-03-05,8,274,3,3
STU0286,2025-03-12,8,324,3,3
STU0286,2025-03-19,10,307,4,2
STU0286,2025-03-26,9,232,3,4
STU0286,2025-04-02,12,219,4,4
STU0286,2025-04-09,8,260,4,4
STU0286,2025-04-16,11,282,3,1
STU0286,2025-04-23,13,320,3,2
STU0286,2025-04-30,12,307,3,2
STU0286,2025-05-07,7,246,3,2
STU0286,2025-05-14,7,329,4,4
STU0287,2025-01-01,8,243,2,0
STU0287,2025-01-08,9,147,2,0
STU0287,2025-01-15,10,182,2,1
STU0287,2025-01-22,5,200,4,2
STU0287,2025-01-29,4,245,4,2
STU0287,2025-02-05,6,179,2,3
STU0287,2025-02-12,10,156,3,0
STU0287,2025-02-19,8,151,2,3
STU0287,2025-02-26,5,145,4,2
STU0287,2025-03-05,6,171,4,0
STU0287,2025-03-12,7,185,3,3
STU0287,2025-03-19,6,226,3,1
STU0287,2025-03-26,9,214,4,0
STU0287,2025-04-02,9,247,4,3
STU0287,2025-04-09,6,144,3,2
STU0287,2025-04-16,4,152,3,2
STU0287,2025-04-23,10,247,3,3
STU0287,2025-04-30,10,161,3,0
STU0287,2025-05-07,6,157,4,0
STU0287,2025-05-14,10,174,2,2
STU0288,2025-01-01,8,235,5,4
STU0288,2025-01-08,10,325,5,4
STU0288,2025-01-15,13,212,3,1
STU0288,2025-01-22,11,272,4,3
STU0288,2025-01-29,9,212,4,2
STU0288,2025-02-05,13,248,5,4
STU0288,2025-02-12,10,235,5,2
STU0288,2025-02-19,11,315,5,1
STU0288,2025-02-26,8,229,4,3
STU0288,2025-03-05,12,229,5,2
STU0288,2025-03-12,10,210,4,2
STU0288,2025-03-19,7,231,4,4
STU0288,2025-03-26,7,221,5,1
STU0288,2025-04-02,12,268,3,4
STU0288,2025-04-09,8,265,3,4
STU0288,2025-04-16,10,310,5,1
STU0288,2025-04-23,8,216,4,4
STU0288,2025-04-30,10,207,4,1
STU0288,2025-05-07,9,319,4,4
STU0288,2025-05-14,7,210,4,3
STU0289,2025-01-01,8,223,2,0
STU0289,2025-01-08,8,200,3,1
STU0289,2025-01-15,6,160,4,0
STU0289,2025-01-22,9,209,3,0
STU0289,2025-01-29,6,205,2,1
STU0289,2025-02-05,10,197,3,1
STU0289,2025-02-12,7,209,2,1
STU0289,2025-02-19,6,169,3,3
STU0289,2025-02-26,6,238,2,2
STU0289,2025-03-05,9,170,4,0
STU0289,2025-03-12,8,207,4,0
STU0289,2025-03-19,7,175,2,1
STU0289,2025-03-26,7,155,3,0
STU0289,2025-04-02,8,208,2,3
STU0289,2025-04-09,4,242,3,1
STU0289,2025-04-16,4,157,2,1
STU0289,2025-04-23,7,151,3,2
STU0289,2025-04-30,10,227,2,0
STU0289,2025-05-07,6,211,2,1
STU0289,2025-05-14,5,220,3,2
STU0290,2025-01-01,6,157,3,0
STU0290,2025-01-08,7,161,4,2
STU0290,2025-01-15,7,239,2,2
STU0290,2025-01-22,5,204,4,3
STU0290,2025-01-29,8,137,3,0
STU0290,2025-02-05,6,175,3,2
STU0290,2025-02-12,9,219,2,3
STU0290,2025-02-19,9,228,4,2
STU0290,2025-02-26,8,135,3,0
STU0290,2025-03-05,7,125,4,0
STU0290,2025-03-12,5,167,3,0
STU0290,2025-03-19,7,126,2,1
STU0290,2025-03-26,5,156,4,3
STU0290,2025-04-02,4,162,3,0
STU0290,2025-04-09,7,185,3,3
STU0290,2025-04-16,10,165,2,0
STU0290,2025-04-23,10,209,4,0
STU0290,2025-04-30,5,230,2,3
STU0290,2025-05-07,8,180,4,3
STU0290,2025-05-14,6,224,4,3
STU0291,2025-01-01,4,198,2,3
STU0291,2025-01-08,9,118,1,3
STU0291,2025-01-15,6,165,1,1
STU0291,2025-01-22,6,170,2,1
STU0291,2025-01-29,6,167,3,2
STU0291,2025-02-05,4,133,2,0
STU0291,2025-02-12,7,216,1,0
STU0291,2025-02-19,5,163,1,2
STU0291,2025-02-26,5,232,1,2
STU0291,2025-03-05,7,151,2,3
STU0291,2025-03-12,8,159,1,1
STU0291,2025-03-19,7,182,1,2
STU0291,2025-03-26,10,184,1,2
STU0291,2025-04-02,6,208,2,1
STU0291,2025-04-09,6,202,3,0
STU0291,2025-04-16,10,120,3,1
STU0291,2025-04-23,10,172,1,0
STU0291,2025-04-30,7,128,2,0
STU0291,2025-05-07,4,132,1,1
STU0291,2025-05-14,8,120,2,2
STU0292,2025-01-01,8,298,3,4
STU0292,2025-01-08,13,304,5,2
STU0292,2025-01-15,11,304,5,2
STU0292,2025-01-22,8,323,3,3
STU0292,2025-01-29,12,256,4,1
STU0292,2025-02-05,11,289,3,2
STU0292,2025-02-12,12,267,3,1
STU0292,2025-02-19,12,308,3,3
STU0292,2025-02-26,9,241,3,2
STU0292,2025-03-05,8,232,4,2
STU0292,2025-03-12,14,252,3,1
STU0292,2025-03-19,10,335,4,4
STU0292,2025-03-26,14,338,5,4
STU0292,2025-04-02,13,317,3,3
STU0292,2025-04-09,14,303,5,2
STU0292,2025-04-16,8,325,5,2
STU0292,2025-04-23,8,272,5,1
STU0292,2025-04-30,10,329,3,3
STU0292,2025-05-07,14,325,4,2
STU0292,2025-05-14,14,314,3,3
STU0293,2025-01-01,8,275,4,1
STU0293,2025-01-08,7,274,4,2
STU0293,2025-01-15,10,226,4,3
STU0293,2025-01-22,7,177,2,4
STU0293,2025-01-29,8,241,2,3
STU0293,2025-02-05,10,225,3,3
STU0293,2025-02-12,7,224,2,1
STU0293,2025-02-19,6,242,2,1
STU0293,2025-02-26,12,264,2,4
STU0293,2025-03-05,6,280,3,2
STU0293,2025-03-12,7,264,4,2
STU0293,2025-03-19,12,202,2,1
STU0293,2025-03-26,6,216,2,1
STU0293,2025-04-02,6,267,3,1
STU0293,2025-04-09,9,198,2,1
STU0293,2025-04-16,12,241,3,3
STU0293,2025-04-23,11,250,4,1
STU0293,2025-04-30,9,230,2,1
STU0293,2025-05-07,10,287,4,1
STU0293,2025-05-14,9,221,3,1
STU0294,2025-01-01,12,251,4,3
STU0294,2025-01-08,9,238,4,1
STU0294,2025-01-15,7,311,3,4
STU0294,2025-01-22,12,322,4,1
STU0294,2025-01-29,10,217,4,2
STU0294,2025-02-05,13,267,4,3
STU0294,2025-02-12,8,295,5,3
STU0294,2025-02-19,9,321,3,1
STU0294,2025-02-26,12,289,5,4
STU0294,2025-03-05,7,316,3,4
STU0294,2025-03-12,11,275,3,3
STU0294,2025-03-19,13,300,3,1
STU0294,2025-03-26,11,256,5,2
STU0294,2025-04-02,11,327,3,1
STU0294,2025-04-09,7,321,4,3
STU0294,2025-04-16,11,227,3,3
STU0294,2025-04-23,10,311,5,4
STU0294,2025-04-30,10,289,3,4
STU0294,2025-05-07,13,261,3,1
STU0294,2025-05-14,11,256,4,1
STU0295,2025-01-01,8,114,1,0
STU0295,2025-01-08,9,181,1,0
STU0295,2025-01-15,9,210,2,1
STU0295,2025-01-22,6,178,3,3
STU0295,2025-01-29,6,149,2,3
STU0295,2025-02-05,3,185,2,2
STU0295,2025-02-12,6,129,3,0
STU0295,2025-02-19,4,141,1,1
STU0295,2025-02-26,7,161,2,0
STU0295,2025-03-05,6,157,2,1
STU0295,2025-03-12,8,169,1,3
STU0295,2025-03-19,4,152,3,0
STU0295,2025-03-26,6,228,1,2
STU0295,2025-04-02,7,196,1,0
STU0295,2025-04-09,4,206,1,2
STU0295,2025-04-16,3,192,1,0
STU0295,2025-04-23,7,184,3,0
STU0295,2025-04-30,4,187,3,1
STU0295,2025-05-07,8,212,2,3
STU0295,2025-05-14,3,135,3,0
STU0296,2025-01-01,7,201,3,3
STU0296,2025-01-08,11,204,4,4
STU0296,2025-01-15,13,289,3,1
STU0296,2025-01-22,11,212,3,1
STU0296,2025-01-29,12,233,5,3
STU0296,2025-02-05,13,287,5,2
STU0296,2025-02-12,11,261,5,3
STU0296,2025-02-19,11,317,4,2
STU0296,2025-02-26,11,285,4,3
STU0296,2025-03-05,8,242,5,3
STU0296,2025-03-12,13,251,5,1
STU0296,2025-03-19,11,254,4,2
STU0296,2025-03-26,13,225,5,1
STU0296,2025-04-02,7,225,4,2
STU0296,2025-04-09,10,226,4,3
STU0296,2025-04-16,10,320,3,1
STU0296,2025-04-23,9,209,5,1
STU0296,2025-04-30,12,301,4,4
STU0296,2025-05-07,11,229,3,4
STU0296,2025-05-14,11,224,4,1
STU0297,2025-01-01,7,252,4,3
STU0297,2025-01-08,8,197,3,3
STU0297,2025-01-15,8,208,2,1
STU0297,2025-01-22,5,277,2,2
STU0297,2025-01-29,8,274,3,4
STU0297,2025-02-05,7,272,2,4
STU0297,2025-02-12,7,220,2,3
STU0297,2025-02-19,9,240,2,2
STU0297,2025-02-26,7,208,2,1
STU0297,2025-03-05,10,215,3,2
STU0297,2025-03-12,11,241,3,3
STU0297,2025-03-19,7,221,3,1
STU0297,2025-03-26,5,249,4,3
STU0297,2025-04-02,9,246,3,4
STU0297,2025-04-09,9,274,3,2
STU0297,2025-04-16,8,266,2,3
STU0297,2025-04-23,7,206,2,2
STU0297,2025-04-30,11,267,4,2
STU0297,2025-05-07,7,167,2,2
STU0297,2025-05-14,5,230,4,1
STU0298,2025-01-01,4,127,3,2
STU0298,2025-01-08,4,185,2,0
STU0298,2025-01-15,8,147,1,0
STU0298,2025-01-22,3,126,3,1
STU0298,2025-01-29,7,145,1,2
STU0298,2025-02-05,8,123,3,0
STU0298,2025-02-12,3,219,3,2
STU0298,2025-02-19,3,122,2,3
STU0298,2025-02-26,9,200,2,0
STU0298,2025-03-05,7,129,3,1
STU0298,2025-03-12,4,144,3,2
STU0298,2025-03-19,9,119,1,0
STU0298,2025-03-26,7,198,2,3
STU0298,2025-04-02,3,194,1,2
STU0298,2025-04-09,7,115,1,3
STU0298,2025-04-16,7,217,3,1
STU0298,2025-04-23,9,145,3,3
STU0298,2025-04-30,8,178,2,3
STU0298,2025-05-07,6,125,3,3
STU0298,2025-05-14,5,202,2,3
STU0299,2025-01-01,9,185,2,4
STU0299,2025-01-08,6,174,4,4
STU0299,2025-01-15,11,229,2,1
STU0299,2025-01-22,10,233,4,2
STU0299,2025-01-29,8,236,2,1
STU0299,2025-02-05,8,253,4,3
STU0299,2025-02-12,11,209,3,2
STU0299,2025-02-19,9,222,2,3
STU0299,2025-02-26,7,243,3,4
STU0299,2025-03-05,6,245,3,4
STU0299,2025-03-12,6,171,2,1
STU0299,2025-03-19,11,186,3,3
STU0299,2025-03-26,10,237,2,3
STU0299,2025-04-02,9,207,3,3
STU0299,2025-04-09,7,211,3,3
STU0299,2025-04-16,6,174,2,2
STU0299,2025-04-23,9,173,4,3
STU0299,2025-04-30,8,168,2,4
STU0299,2025-05-07,9,182,2,2
STU0299,2025-05-14,10,251,2,1
STU0300,2025-01-01,13,268,4,1
STU0300,2025-01-08,14,297,4,4
STU0300,2025-01-15,13,349,5,4
STU0300,2025-01-22,10,235,4,2
STU0300,2025-01-29,10,335,5,1
STU0300,2025-02-05,14,322,3,4
STU0300,2025-02-12,12,310,5,4
STU0300,2025-02-19,8,331,4,1
STU0300,2025-02-26,12,333,4,1
STU0300,2025-03-05,10,350,5,2
STU0300,2025-03-12,11,288,5,1
STU0300,2025-03-19,8,276,5,2
STU0300,2025-03-26,11,272,5,1
STU0300,2025-04-02,11,312,5,2
STU0300,2025-04-09,14,285,3,2
STU0300,2025-04-16,9,235,4,1
STU0300,2025-04-23,14,342,4,2
STU0300,2025-04-30,14,251,3,2
STU0300,2025-05-07,11,253,5,1
STU0300,2025-05-14,13,338,5,4
STU0301,2025-01-01,10,250,2,1
STU0301,2025-01-08,12,181,2,1
STU0301,2025-01-15,9,200,3,4
STU0301,2025-01-22,6,273,4,4
STU0301,2025-01-29,9,285,2,4
STU0301,2025-02-05,10,226,4,4
STU0301,2025-02-12,10,179,3,2
STU0301,2025-02-19,9,219,3,1
STU0301,2025-02-26,12,205,2,4
STU0301,2025-03-05,12,240,2,4
STU0301,2025-03-12,11,259,3,4
STU0301,2025-03-19,6,177,3,2
STU0301,2025-03-26,7,287,2,2
STU0301,2025-04-02,9,180,4,2
STU0301,2025-04-09,6,274,3,1
STU0301,2025-04-16,12,250,3,1
STU0301,2025-04-23,10,278,3,2
STU0301,2025-04-30,9,199,2,4
STU0301,2025-05-07,9,197,3,2
STU0301,2025-05-14,10,278,3,2
STU0302,2025-01-01,10,262,5,4
STU0302,2025-01-08,12,211,4,3
STU0302,2025-01-15,7,241,4,3
STU0302,2025-01-22,12,214,3,1
STU0302,2025-01-29,10,213,3,4
STU0302,2025-02-05,11,304,4,2
STU0302,2025-02-12,10,201,3,3
STU0302,2025-02-19,9,279,5,4
STU0302,2025-02-26,10,212,5,3
STU0302,2025-03-05,11,282,5,2
STU0302,2025-03-12,13,316,4,1
STU0302,2025-03-19,12,218,5,3
STU0302,2025-03-26,11,264,3,2
STU0302,2025-04-02,12,272,5,1
STU0302,2025-04-09,11,262,5,2
STU0302,2025-04-16,10,264,4,3
STU0302,2025-04-23,8,215,4,1
STU0302,2025-04-30,7,316,5,2
STU0302,2025-05-07,12,303,4,1
STU0302,2025-05-14,7,275,5,1
STU0303,2025-01-01,12,207,5,2
STU0303,2025-01-08,10,252,4,4
STU0303,2025-01-15,12,306,4,2
STU0303,2025-01-22,11,262,5,2
STU0303,2025-01-29,10,244,5,4
STU0303,2025-02-05,8,310,3,4
STU0303,2025-02-12,13,298,4,2
STU0303,2025-02-19,10,274,4,4
STU0303,2025-02-26,10,217,3,1
STU0303,2025-03-05,9,308,3,2
STU0303,2025-03-12,9,274,3,4
STU0303,2025-03-19,12,268,5,3
STU0303,2025-03-26,8,226,3,4
STU0303,2025-04-02,7,279,5,4
STU0303,2025-04-09,8,288,5,4
STU0303,2025-04-16,10,245,4,4
STU0303,2025-04-23,11,281,5,3
STU0303,2025-04-30,11,245,3,3
STU0303,2025-05-07,10,222,3,2
STU0303,2025-05-14,7,280,3,4
STU0304,2025-01-01,8,205,2,2
STU0304,2025-01-08,9,244,3,2
STU0304,2025-01-15,9,193,3,1
STU0304,2025-01-22,6,248,3,4
STU0304,2025-01-29,5,231,4,1
STU0304,2025-02-05,5,239,3,1
STU0304,2025-02-12,8,225,2,1
STU0304,2025-02-19,8,235,3,3
STU0304,2025-02-26,10,155,2,4
STU0304,2025-03-05,11,182,4,2
STU0304,2025-03-12,8,176,2,4
STU0304,2025-03-19,7,157,3,3
STU0304,2025-03-26,6,174,2,4
STU0304,2025-04-02,5,175,3,3
STU0304,2025-04-09,8,275,4,2
STU0304,2025-04-16,7,264,2,4
STU0304,2025-04-23,10,221,2,4
STU0304,2025-04-30,11,197,4,3
STU0304,2025-05-07,10,200,4,4
STU0304,2025-05-14,11,244,2,2
STU0305,2025-01-01,3,183,1,3
STU0305,2025-01-08,7,188,1,0
STU0305,2025-01-15,7,129,2,2
STU0305,2025-01-22,2,181,1,3
STU0305,2025-01-29,5,207,2,0
STU0305,2025-02-05,4,154,2,3
STU0305,2025-02-12,6,127,3,1
STU0305,2025-02-19,4,179,1,3
STU0305,2025-02-26,7,121,1,2
STU0305,2025-03-05,8,196,3,2
STU0305,2025-03-12,2,145,2,3
STU0305,2025-03-19,5,120,2,3
STU0305,2025-03-26,7,118,3,1
STU0305,2025-04-02,2,125,3,0
STU0305,2025-04-09,6,137,2,1
STU0305,2025-04-16,8,122,3,0
STU0305,2025-04-23,8,123,1,3
STU0305,2025-04-30,4,124,3,2
STU0305,2025-05-07,2,162,1,3
STU0305,2025-05-14,2,93,3,1
STU0306,2025-01-01,6,77,1,3
STU0306,2025-01-08,6,102,3,3
STU0306,2025-01-15,4,172,3,1
STU0306,2025-01-22,4,108,1,2
STU0306,2025-01-29,2,169,2,0
STU0306,2025-02-05,4,160,3,0
STU0306,2025-02-12,7,98,3,0
STU0306,2025-02-19,5,138,3,3
STU0306,2025-02-26,3,153,3,3
STU0306,2025-03-05,1,98,2,1
STU0306,2025-03-12,6,165,1,0
STU0306,2025-03-19,7,134,1,3
STU0306,2025-03-26,5,119,2,3
STU0306,2025-04-02,3,71,1,1
STU0306,2025-04-09,6,125,2,3
STU0306,2025-04-16,4,61,3,2
STU0306,2025-04-23,3,99,2,0
STU0306,2025-04-30,5,109,3,2
STU0306,2025-05-07,6,68,1,0
STU0306,2025-05-14,3,64,3,0
STU0307,2025-01-01,8,244,3,1
STU0307,2025-01-08,9,220,4,1
STU0307,2025-01-15,6,220,4,2
STU0307,2025-01-22,9,188,2,2
STU0307,2025-01-29,5,186,2,1
STU0307,2025-02-05,4,203,2,1
STU0307,2025-02-12,9,135,2,2
STU0307,2025-02-19,10,210,4,2
STU0307,2025-02-26,5,169,2,1
STU0307,2025-03-05,9,163,2,1
STU0307,2025-03-12,10,181,3,3
STU0307,2025-03-19,9,149,4,0
STU0307,2025-03-26,7,198,3,3
STU0307,2025-04-02,7,227,2,0
STU0307,2025-04-09,9,146,4,2
STU0307,2025-04-16,10,165,2,0
STU0307,2025-04-23,10,136,4,0
STU0307,2025-04-30,9,143,2,0
STU0307,2025-05-07,6,131,2,3
STU0307,2025-05-14,4,237,3,2
STU0308,2025-01-01,8,189,2,1
STU0308,2025-01-08,5,206,3,3
STU0308,2025-01-15,7,201,1,2
STU0308,2025-01-22,2,202,1,2
STU0308,2025-01-29,4,105,3,3
STU0308,2025-02-05,5,125,3,3
STU0308,2025-02-12,6,208,3,0
STU0308,2025-02-19,8,198,3,0
STU0308,2025-02-26,7,175,2,2
STU0308,2025-03-05,3,136,1,2
STU0308,2025-03-12,7,200,1,2
STU0308,2025-03-19,8,125,3,3
STU0308,2025-03-26,4,100,1,3
STU0308,2025-04-02,3,192,3,0
STU0308,2025-04-09,2,104,1,1
STU0308,2025-04-16,2,126,2,3
STU0308,2025-04-23,3,141,2,0
STU0308,2025-04-30,3,165,2,2
STU0308,2025-05-07,4,205,3,2
STU0308,2025-05-14,8,160,3,3
STU0309,2025-01-01,9,307,3,4
STU0309,2025-01-08,9,313,4,1
STU0309,2025-01-15,13,209,4,4
STU0309,2025-01-22,8,269,5,3
STU0309,2025-01-29,9,312,3,2
STU0309,2025-02-05,11,284,3,1
STU0309,2025-02-12,12,213,4,1
STU0309,2025-02-19,12,308,5,4
STU0309,2025-02-26,8,280,5,2
STU0309,2025-03-05,11,294,4,4
STU0309,2025-03-12,7,226,4,1
STU0309,2025-03-19,9,303,3,1
STU0309,2025-03-26,13,202,3,4
STU0309,2025-04-02,9,282,5,2
STU0309,2025-04-09,7,304,3,1
STU0309,2025-04-16,11,255,5,4
STU0309,2025-04-23,7,208,5,4
STU0309,2025-04-30,10,310,5,3
STU0309,2025-05-07,10,320,3,3
STU0309,2025-05-14,9,302,4,4
STU0310,2025-01-01,5,204,1,2
STU0310,2025-01-08,7,169,2,3
STU0310,2025-01-15,10,206,3,0
STU0310,2025-01-22,9,152,2,3
STU0310,2025-01-29,8,217,2,0
STU0310,2025-02-05,8,159,1,0
STU0310,2025-02-12,8,156,3,0
STU0310,2025-02-19,6,164,1,1
STU0310,2025-02-26,10,132,2,3
STU0310,2025-03-05,10,221,1,2
STU0310,2025-03-12,9,128,1,1
STU0310,2025-03-19,4,162,1,0
STU0310,2025-03-26,8,175,1,1
STU0310,2025-04-02,5,116,1,2
STU0310,2025-04-09,7,177,2,3
STU0310,2025-04-16,9,195,3,3
STU0310,2025-04-23,8,199,3,3
STU0310,2025-04-30,9,116,2,2
STU0310,2025-05-07,4,123,3,0
STU0310,2025-05-14,8,200,1,0
STU0311,2025-01-01,11,308,3,4
STU0311,2025-01-08,11,246,3,3
STU0311,2025-01-15,14,292,4,3
STU0311,2025-01-22,8,268,5,4
STU0311,2025-01-29,8,345,3,3
STU0311,2025-02-05,9,261,5,1
STU0311,2025-02-12,11,328,3,1
STU0311,2025-02-19,8,254,5,3
STU0311,2025-02-26,14,288,5,1
STU0311,2025-03-05,10,337,5,2
STU0311,2025-03-12,13,253,5,3
STU0311,2025-03-19,14,300,4,2
STU0311,2025-03-26,13,287,4,4
STU0311,2025-04-02,10,232,4,2
STU0311,2025-04-09,11,340,5,3
STU0311,2025-04-16,9,297,5,2
STU0311,2025-04-23,12,276,5,2
STU0311,2025-04-30,11,344,5,2
STU0311,2025-05-07,10,311,3,1
STU0311,2025-05-14,14,271,3,3
STU0312,2025-01-01,7,167,2,3
STU0312,2025-01-08,6,253,2,3
STU0312,2025-01-15,10,170,2,1
STU0312,2025-01-22,10,136,3,2
STU0312,2025-01-29,4,229,4,3
STU0312,2025-02-05,8,187,3,0
STU0312,2025-02-12,6,198,2,3
STU0312,2025-02-19,10,244,4,1
STU0312,2025-02-26,7,151,3,3
STU0312,2025-03-05,10,240,2,1
STU0312,2025-03-12,4,140,4,1
STU0312,2025-03-19,9,152,3,0
STU0312,2025-03-26,4,193,3,0
STU0312,2025-04-02,6,178,4,1
STU0312,2025-04-09,7,253,3,1
STU0312,2025-04-16,4,223,3,2
STU0312,2025-04-23,5,233,2,0
STU0312,2025-04-30,6,149,2,1
STU0312,2025-05-07,10,188,4,1
STU0312,2025-05-14,7,133,4,3
STU0313,2025-01-01,2,132,1,2
STU0313,2025-01-08,4,84,1,0
STU0313,2025-01-15,2,174,1,3
STU0313,2025-01-22,8,141,3,3
STU0313,2025-01-29,3,114,3,2
STU0313,2025-02-05,2,90,1,0
STU0313,2025-02-12,7,173,2,2
STU0313,2025-02-19,5,169,2,2
STU0313,2025-02-26,4,103,2,3
STU0313,2025-03-05,2,149,2,2
STU0313,2025-03-12,3,89,2,3
STU0313,2025-03-19,3,137,2,0
STU0313,2025-03-26,5,75,1,0
STU0313,2025-04-02,3,80,3,0
STU0313,2025-04-09,4,105,1,1
STU0313,2025-04-16,6,190,1,2
STU0313,2025-04-23,4,179,2,0
STU0313,2025-04-30,3,89,2,2
STU0313,2025-05-07,2,115,2,3
STU0313,2025-05-14,4,95,1,2
STU0314,2025-01-01,8,258,3,2
STU0314,2025-01-08,9,195,5,2
STU0314,2025-01-15,11,187,4,3
STU0314,2025-01-22,8,196,5,1
STU0314,2025-01-29,8,272,5,4
STU0314,2025-02-05,7,263,5,4
STU0314,2025-02-12,10,293,3,2
STU0314,2025-02-19,11,250,4,3
STU0314,2025-02-26,7,252,3,2
STU0314,2025-03-05,12,259,5,1
STU0314,2025-03-12,11,241,4,1
STU0314,2025-03-19,12,220,5,1
STU0314,2025-03-26,11,297,3,2
STU0314,2025-04-02,11,240,5,4
STU0314,2025-04-09,6,194,4,2
STU0314,2025-04-16,6,233,5,1
STU0314,2025-04-23,10,296,4,4
STU0314,2025-04-30,12,222,4,1
STU0314,2025-05-07,6,193,4,3
STU0314,2025-05-14,11,217,5,1
STU0315,2025-01-01,6,80,1,1
STU0315,2025-01-08,6,165,2,2
STU0315,2025-01-15,5,83,1,1
STU0315,2025-01-22,4,81,2,2
STU0315,2025-01-29,7,147,3,2
STU0315,2025-02-05,7,64,1,1
STU0315,2025-02-12,3,121,2,2
STU0315,2025-02-19,5,134,2,1
STU0315,2025-02-26,6,175,1,1
STU0315,2025-03-05,7,100,1,3
STU0315,2025-03-12,4,142,2,1
STU0315,2025-03-19,2,141,2,3
STU0315,2025-03-26,1,108,2,2
STU0315,2025-04-02,2,157,2,0
STU0315,2025-04-09,3,105,2,3
STU0315,2025-04-16,2,109,1,2
STU0315,2025-04-23,3,89,3,2
STU0315,2025-04-30,3,104,3,2
STU0315,2025-05-07,5,135,1,0
STU0315,2025-05-14,2,179,2,3
STU0316,2025-01-01,9,259,3,3
STU0316,2025-01-08,11,250,4,3
STU0316,2025-01-15,12,282,4,3
STU0316,2025-01-22,7,262,4,1
STU0316,2025-01-29,6,268,2,2
STU0316,2025-02-05,6,275,4,2
STU0316,2025-02-12,7,266,2,2
STU0316,2025-02-19,6,281,3,1
STU0316,2025-02-26,12,272,4,4
STU0316,2025-03-05,9,189,3,1
STU0316,2025-03-12,12,273,4,4
STU0316,2025-03-19,7,279,4,1
STU0316,2025-03-26,11,175,2,2
STU0316,2025-04-02,7,184,2,4
STU0316,2025-04-09,8,291,2,1
STU0316,2025-04-16,6,179,3,3
STU0316,2025-04-23,12,281,4,4
STU0316,2025-04-30,6,287,2,3
STU0316,2025-05-07,8,238,3,1
STU0316,2025-05-14,8,272,2,1
STU0317,2025-01-01,5,217,3,4
STU0317,2025-01-08,8,190,4,1
STU0317,2025-01-15,7,256,2,2
STU0317,2025-01-22,8,167,2,2
STU0317,2025-01-29,11,178,4,2
STU0317,2025-02-05,8,183,3,3
STU0317,2025-02-12,7,220,4,3
STU0317,2025-02-19,8,266,3,2
STU0317,2025-02-26,5,194,3,3
STU0317,2025-03-05,5,207,2,2
STU0317,2025-03-12,7,207,4,1
STU0317,2025-03-19,8,171,4,1
STU0317,2025-03-26,11,209,3,2
STU0317,2025-04-02,8,225,2,3
STU0317,2025-04-09,6,174,2,1
STU0317,2025-04-16,9,226,4,4
STU0317,2025-04-23,8,166,3,2
STU0317,2025-04-30,7,249,2,4
STU0317,2025-05-07,5,156,2,1
STU0317,2025-05-14,5,257,4,3
STU0318,2025-01-01,6,240,4,2
STU0318,2025-01-08,7,198,4,2
STU0318,2025-01-15,11,219,5,3
STU0318,2025-01-22,10,258,3,1
STU0318,2025-01-29,9,245,4,4
STU0318,2025-02-05,10,285,5,4
STU0318,2025-02-12,7,214,3,3
STU0318,2025-02-19,7,249,4,4
STU0318,2025-02-26,11,231,4,4
STU0318,2025-03-05,6,266,3,4
STU0318,2025-03-12,11,284,3,4
STU0318,2025-03-19,10,284,4,4
STU0318,2025-03-26,12,198,5,1
STU0318,2025-04-02,7,232,4,1
STU0318,2025-04-09,11,300,5,3
STU0318,2025-04-16,11,231,5,3
STU0318,2025-04-23,12,184,3,2
STU0318,2025-04-30,7,223,4,2
STU0318,2025-05-07,7,205,5,3
STU0318,2025-05-14,10,274,4,1
STU0319,2025-01-01,7,124,2,0
STU0319,2025-01-08,6,115,2,1
STU0319,2025-01-15,7,143,3,1
STU0319,2025-01-22,6,135,2,0
STU0319,2025-01-29,5,164,2,3
STU0319,2025-02-05,6,215,3,2
STU0319,2025-02-12,5,168,3,2
STU0319,2025-02-19,3,160,3,1
STU0319,2025-02-26,6,161,3,0
STU0319,2025-03-05,7,170,3,0
STU0319,2025-03-12,7,193,1,1
STU0319,2025-03-19,3,152,3,3
STU0319,2025-03-26,5,133,3,0
STU0319,2025-04-02,6,202,2,2
STU0319,2025-04-09,4,200,2,1
STU0319,2025-04-16,7,104,3,1
STU0319,2025-04-23,9,216,2,2
STU0319,2025-04-30,4,213,2,0
STU0319,2025-05-07,3,193,1,0
STU0319,2025-05-14,7,169,3,3
STU0320,2025-01-01,2,151,1,3
STU0320,2025-01-08,1,142,0,3
STU0320,2025-01-15,5,118,0,1
STU0320,2025-01-22,7,89,0,0
STU0320,2025-01-29,7,140,1,1
STU0320,2025-02-05,6,109,0,0
STU0320,2025-02-12,2,148,2,1
STU0320,2025-02-19,5,163,1,3
STU0320,2025-02-26,4,92,0,3
STU0320,2025-03-05,1,95,2,1
STU0320,2025-03-12,2,108,0,0
STU0320,2025-03-19,4,151,1,0
STU0320,2025-03-26,4,177,0,2
STU0320,2025-04-02,6,117,0,0
STU0320,2025-04-09,6,143,1,2
STU0320,2025-04-16,1,166,0,0
STU0320,2025-04-23,5,73,1,1
STU0320,2025-04-30,5,110,1,1
STU0320,2025-05-07,7,59,1,2
STU0320,2025-05-14,4,160,2,3
STU0321,2025-01-01,12,221,5,4
STU0321,2025-01-08,9,244,3,1
STU0321,2025-01-15,12,253,5,1
STU0321,2025-01-22,8,252,4,3
STU0321,2025-01-29,11,210,4,4
STU0321,2025-02-05,9,303,4,2
STU0321,2025-02-12,8,309,5,1
STU0321,2025-02-19,10,286,3,4
STU0321,2025-02-26,7,232,5,1
STU0321,2025-03-05,9,277,3,3
STU0321,2025-03-12,10,303,3,2
STU0321,2025-03-19,8,310,3,2
STU0321,2025-03-26,7,246,4,2
STU0321,2025-04-02,11,201,3,2
STU0321,2025-04-09,10,212,5,3
STU0321,2025-04-16,12,257,3,3
STU0321,2025-04-23,7,287,5,3
STU0321,2025-04-30,7,220,3,4
STU0321,2025-05-07,9,236,4,2
STU0321,2025-05-14,11,199,5,1
STU0322,2025-01-01,4,155,3,1
STU0322,2025-01-08,8,113,2,3
STU0322,2025-01-15,8,221,1,1
STU0322,2025-01-22,7,198,1,1
STU0322,2025-01-29,6,141,3,0
STU0322,2025-02-05,4,117,2,1
STU0322,2025-02-12,8,174,1,3
STU0322,2025-02-19,9,144,1,2
STU0322,2025-02-26,9,204,2,0
STU0322,2025-03-05,4,191,2,3
STU0322,2025-03-12,7,223,3,0
STU0322,2025-03-19,9,199,1,1
STU0322,2025-03-26,4,211,1,3
STU0322,2025-04-02,3,216,1,0
STU0322,2025-04-09,7,202,3,1
STU0322,2025-04-16,8,207,3,2
STU0322,2025-04-23,6,141,3,0
STU0322,2025-04-30,3,148,1,1
STU0322,2025-05-07,8,123,2,1
STU0322,2025-05-14,3,176,1,2
STU0323,2025-01-01,7,210,4,4
STU0323,2025-01-08,7,249,4,1
STU0323,2025-01-15,8,295,5,2
STU0323,2025-01-22,8,206,3,3
STU0323,2025-01-29,9,222,3,2
STU0323,2025-02-05,13,283,3,1
STU0323,2025-02-12,12,251,5,4
STU0323,2025-02-19,11,204,4,2
STU0323,2025-02-26,13,204,5,3
STU0323,2025-03-05,8,250,4,3
STU0323,2025-03-12,12,245,4,4
STU0323,2025-03-19,13,192,4,4
STU0323,2025-03-26,8,198,5,3
STU0323,2025-04-02,7,242,3,3
STU0323,2025-04-09,7,276,3,1
STU0323,2025-04-16,9,213,3,1
STU0323,2025-04-23,10,273,3,1
STU0323,2025-04-30,13,223,3,1
STU0323,2025-05-07,12,239,4,3
STU0323,2025-05-14,9,254,3,1
STU0324,2025-01-01,2,161,3,2
STU0324,2025-01-08,8,82,3,1
STU0324,2025-01-15,8,108,2,2
STU0324,2025-01-22,2,122,1,2
STU0324,2025-01-29,8,126,2,1
STU0324,2025-02-05,8,133,1,1
STU0324,2025-02-12,3,169,3,3
STU0324,2025-02-19,6,177,3,1
STU0324,2025-02-26,8,97,3,1
STU0324,2025-03-05,3,170,3,1
STU0324,2025-03-12,7,122,2,3
STU0324,2025-03-19,8,77,3,2
STU0324,2025-03-26,3,184,2,1
STU0324,2025-04-02,4,162,1,3
STU0324,2025-04-09,2,89,1,2
STU0324,2025-04-16,6,142,1,1
STU0324,2025-04-23,2,121,2,2
STU0324,2025-04-30,3,107,3,1
STU0324,2025-05-07,8,74,3,3
STU0324,2025-05-14,2,100,1,0
STU0325,2025-01-01,6,101,3,0
STU0325,2025-01-08,5,188,1,0
STU0325,2025-01-15,8,113,1,1
STU0325,2025-01-22,6,105,1,0
STU0325,2025-01-29,6,178,1,0
STU0325,2025-02-05,8,190,1,3
STU0325,2025-02-12,6,124,2,3
STU0325,2025-02-19,6,155,1,1
STU0325,2025-02-26,5,163,1,0
STU0325,2025-03-05,6,192,1,1
STU0325,2025-03-12,8,197,2,1
STU0325,2025-03-19,5,136,2,2
STU0325,2025-03-26,7,93,3,2
STU0325,2025-04-02,6,128,2,0
STU0325,2025-04-09,6,146,1,2
STU0325,2025-04-16,5,142,2,3
STU0325,2025-04-23,5,120,1,1
STU0325,2025-04-30,8,123,2,3
STU0325,2025-05-07,4,103,3,0
STU0325,2025-05-14,5,207,3,3
STU0326,2025-01-01,8,296,5,2
STU0326,2025-01-08,13,303,5,2
STU0326,2025-01-15,11,246,4,2
STU0326,2025-01-22,8,297,3,4
STU0326,2025-01-29,9,223,4,2
STU0326,2025-02-05,10,223,3,3
STU0326,2025-02-12,9,229,4,2
STU0326,2025-02-19,12,235,3,1
STU0326,2025-02-26,13,287,5,4
STU0326,2025-03-05,9,315,3,2
STU0326,2025-03-12,10,322,4,1
STU0326,2025-03-19,10,305,3,3
STU0326,2025-03-26,12,331,5,4
STU0326,2025-04-02,14,281,3,1
STU0326,2025-04-09,9,234,4,4
STU0326,2025-04-16,14,243,5,1
STU0326,2025-04-23,12,320,5,3
STU0326,2025-04-30,13,331,5,3
STU0326,2025-05-07,8,279,3,3
STU0326,2025-05-14,9,231,5,1
STU0327,2025-01-01,10,204,3,2
STU0327,2025-01-08,9,174,3,1
STU0327,2025-01-15,6,167,3,3
STU0327,2025-01-22,9,176,2,3
STU0327,2025-01-29,4,128,2,2
STU0327,2025-02-05,5,230,3,1
STU0327,2025-02-12,9,197,2,0
STU0327,2025-02-19,8,233,3,2
STU0327,2025-02-26,6,177,2,1
STU0327,2025-03-05,4,230,1,2
STU0327,2025-03-12,9,146,2,0
STU0327,2025-03-19,8,190,2,2
STU0327,2025-03-26,5,157,3,1
STU0327,2025-04-02,10,186,1,0
STU0327,2025-04-09,4,186,2,3
STU0327,2025-04-16,7,174,3,0
STU0327,2025-04-23,5,228,3,2
STU0327,2025-04-30,9,149,3,0
STU0327,2025-05-07,4,164,1,0
STU0327,2025-05-14,8,130,1,3
STU0328,2025-01-01,12,219,4,2
STU0328,2025-01-08,10,263,3,1
STU0328,2025-01-15,10,294,3,4
STU0328,2025-01-22,8,245,4,4
STU0328,2025-01-29,7,317,5,4
STU0328,2025-02-05,10,245,4,1
STU0328,2025-02-12,10,220,4,2
STU0328,2025-02-19,8,287,3,3
STU0328,2025-02-26,8,267,5,3
STU0328,2025-03-05,12,315,4,3
STU0328,2025-03-12,12,292,4,3
STU0328,2025-03-19,10,264,5,1
STU0328,2025-03-26,7,232,3,1
STU0328,2025-04-02,13,257,4,3
STU0328,2025-04-09,12,252,4,2
STU0328,2025-04-16,7,307,5,3
STU0328,2025-04-23,7,273,5,3
STU0328,2025-04-30,8,292,5,2
STU0328,2025-05-07,11,270,3,4
STU0328,2025-05-14,13,213,4,3
STU0329,2025-01-01,12,328,3,2
STU0329,2025-01-08,10,316,5,2
STU0329,2025-01-15,10,258,3,3
STU0329,2025-01-22,10,307,3,2
STU0329,2025-01-29,13,256,5,1
STU0329,2025-02-05,8,332,4,1
STU0329,2025-02-12,8,287,3,4
STU0329,2025-02-19,12,357,3,1
STU0329,2025-02-26,12,292,5,2
STU0329,2025-03-05,12,264,5,3
STU0329,2025-03-12,14,270,3,3
STU0329,2025-03-19,13,279,4,1
STU0329,2025-03-26,9,343,5,3
STU0329,2025-04-02,8,340,3,3
STU0329,2025-04-09,14,244,4,4
STU0329,2025-04-16,14,237,4,1
STU0329,2025-04-23,12,262,3,4
STU0329,2025-04-30,9,253,3,2
STU0329,2025-05-07,10,250,5,3
STU0329,2025-05-14,8,315,4,2
STU0330,2025-01-01,5,227,2,2
STU0330,2025-01-08,6,123,4,2
STU0330,2025-01-15,10,215,4,1
STU0330,2025-01-22,10,190,4,1
STU0330,2025-01-29,5,145,2,3
STU0330,2025-02-05,9,186,3,1
STU0330,2025-02-12,9,204,2,2
STU0330,2025-02-19,9,187,2,2
STU0330,2025-02-26,10,235,4,1
STU0330,2025-03-05,8,200,4,2
STU0330,2025-03-12,8,215,4,0
STU0330,2025-03-19,6,186,4,0
STU0330,2025-03-26,6,240,4,2
STU0330,2025-04-02,4,164,3,3
STU0330,2025-04-09,7,155,3,2
STU0330,2025-04-16,5,228,2,3
STU0330,2025-04-23,5,126,2,3
STU0330,2025-04-30,5,170,3,3
STU0330,2025-05-07,4,155,4,3
STU0330,2025-05-14,4,157,2,0
STU0331,2025-01-01,10,336,5,1
STU0331,2025-01-08,12,236,5,3
STU0331,2025-01-15,13,252,4,4
STU0331,2025-01-22,9,243,5,4
STU0331,2025-01-29,11,316,5,2
STU0331,2025-02-05,12,220,4,4
STU0331,2025-02-12,14,223,3,2
STU0331,2025-02-19,14,219,3,4
STU0331,2025-02-26,11,328,3,3
STU0331,2025-03-05,12,231,5,1
STU0331,2025-03-12,13,281,5,4
STU0331,2025-03-19,8,318,4,4
STU0331,2025-03-26,12,332,5,4
STU0331,2025-04-02,9,230,3,1
STU0331,2025-04-09,13,240,4,1
STU0331,2025-04-16,9,272,3,2
STU0331,2025-04-23,10,265,4,3
STU0331,2025-04-30,8,290,3,2
STU0331,2025-05-07,9,234,3,1
STU0331,2025-05-14,8,246,5,4
STU0332,2025-01-01,9,232,4,1
STU0332,2025-01-08,9,201,3,1
STU0332,2025-01-15,8,151,4,3
STU0332,2025-01-22,5,238,4,3
STU0332,2025-01-29,8,170,3,1
STU0332,2025-02-05,8,221,3,3
STU0332,2025-02-12,7,239,2,4
STU0332,2025-02-19,9,215,4,1
STU0332,2025-02-26,10,154,3,2
STU0332,2025-03-05,10,261,3,1
STU0332,2025-03-12,7,178,3,4
STU0332,2025-03-19,11,186,4,2
STU0332,2025-03-26,11,231,2,1
STU0332,2025-04-02,10,219,2,1
STU0332,2025-04-09,8,242,4,2
STU0332,2025-04-16,7,195,3,3
STU0332,2025-04-23,5,261,2,1
STU0332,2025-04-30,11,210,4,2
STU0332,2025-05-07,8,208,3,3
STU0332,2025-05-14,11,181,4,2
STU0333,2025-01-01,12,282,3,3
STU0333,2025-01-08,13,307,5,1
STU0333,2025-01-15,11,345,5,1
STU0333,2025-01-22,13,325,3,4
STU0333,2025-01-29,8,274,3,2
STU0333,2025-02-05,11,264,4,2
STU0333,2025-02-12,13,251,4,2
STU0333,2025-02-19,14,354,5,4
STU0333,2025-02-26,8,353,4,1
STU0333,2025-03-05,11,305,3,2
STU0333,2025-03-12,14,304,3,3
STU0333,2025-03-19,12,247,4,1
STU0333,2025-03-26,8,333,4,2
STU0333,2025-04-02,10,316,4,1
STU0333,2025-04-09,9,274,4,2
STU0333,2025-04-16,10,273,3,1
STU0333,2025-04-23,14,248,5,2
STU0333,2025-04-30,13,333,5,3
STU0333,2025-05-07,11,313,4,1
STU0333,2025-05-14,10,267,4,1
STU0334,2025-01-01,5,191,3,4
STU0334,2025-01-08,9,219,3,2
STU0334,2025-01-15,5,261,3,2
STU0334,2025-01-22,6,211,4,1
STU0334,2025-01-29,5,150,4,4
STU0334,2025-02-05,7,204,3,3
STU0334,2025-02-12,5,200,3,2
STU0334,2025-02-19,5,171,4,1
STU0334,2025-02-26,5,203,4,4
STU0334,2025-03-05,11,193,4,2
STU0334,2025-03-12,6,169,2,3
STU0334,2025-03-19,6,255,2,3
STU0334,2025-03-26,6,167,3,4
STU0334,2025-04-02,11,150,3,2
STU0334,2025-04-09,9,269,3,3
STU0334,2025-04-16,5,158,2,4
STU0334,2025-04-23,8,166,3,3
STU0334,2025-04-30,5,220,4,2
STU0334,2025-05-07,6,241,2,1
STU0334,2025-05-14,9,189,4,4
STU0335,2025-01-01,6,151,2,1
STU0335,2025-01-08,5,182,4,2
STU0335,2025-01-15,6,217,3,2
STU0335,2025-01-22,5,145,2,1
STU0335,2025-01-29,8,147,4,1
STU0335,2025-02-05,4,205,3,3
STU0335,2025-02-12,9,176,4,1
STU0335,2025-02-19,9,178,3,0
STU0335,2025-02-26,9,222,3,3
STU0335,2025-03-05,5,134,4,1
STU0335,2025-03-12,7,207,4,3
STU0335,2025-03-19,8,157,3,1
STU0335,2025-03-26,5,205,3,0
STU0335,2025-04-02,7,166,2,3
STU0335,2025-04-09,8,212,2,0
STU0335,2025-04-16,7,178,2,0
STU0335,2025-04-23,7,194,3,2
STU0335,2025-04-30,7,241,3,0
STU0335,2025-05-07,5,215,2,3
STU0335,2025-05-14,9,236,4,0
STU0336,2025-01-01,4,141,1,3
STU0336,2025-01-08,5,122,3,0
STU0336,2025-01-15,7,160,3,3
STU0336,2025-01-22,6,83,1,1
STU0336,2025-01-29,2,85,1,0
STU0336,2025-02-05,8,150,3,0
STU0336,2025-02-12,7,159,2,0
STU0336,2025-02-19,7,122,2,3
STU0336,2025-02-26,4,162,2,2
STU0336,2025-03-05,8,119,1,2
STU0336,2025-03-12,2,108,2,1
STU0336,2025-03-19,2,200,3,1
STU0336,2025-03-26,2,122,1,0
STU0336,2025-04-02,6,166,2,1
STU0336,2025-04-09,6,181,2,0
STU0336,2025-04-16,7,174,2,3
STU0336,2025-04-23,3,90,3,3
STU0336,2025-04-30,3,192,3,2
STU0336,2025-05-07,3,100,1,0
STU0336,2025-05-14,4,180,2,1
STU0337,2025-01-01,9,136,1,3
STU0337,2025-01-08,6,207,3,1
STU0337,2025-01-15,8,143,1,1
STU0337,2025-01-22,7,111,2,2
STU0337,2025-01-29,6,138,1,1
STU0337,2025-02-05,9,181,3,2
STU0337,2025-02-12,5,202,2,2
STU0337,2025-02-19,5,129,3,1
STU0337,2025-02-26,5,102,2,2
STU0337,2025-03-05,8,218,2,0
STU0337,2025-03-12,4,200,3,0
STU0337,2025-03-19,6,180,2,2
STU0337,2025-03-26,4,115,3,3
STU0337,2025-04-02,7,115,3,0
STU0337,2025-04-09,4,213,1,1
STU0337,2025-04-16,3,197,1,1
STU0337,2025-04-23,8,194,2,0
STU0337,2025-04-30,8,128,1,1
STU0337,2025-05-07,7,163,3,3
STU0337,2025-05-14,9,106,3,1
STU0338,2025-01-01,10,246,3,1
STU0338,2025-01-08,5,233,3,2
STU0338,2025-01-15,5,206,2,1
STU0338,2025-01-22,11,259,4,3
STU0338,2025-01-29,5,264,2,4
STU0338,2025-02-05,11,226,4,4
STU0338,2025-02-12,8,239,4,4
STU0338,2025-02-19,7,176,2,2
STU0338,2025-02-26,9,202,2,4
STU0338,2025-03-05,8,178,3,3
STU0338,2025-03-12,6,166,3,3
STU0338,2025-03-19,10,263,4,4
STU0338,2025-03-26,6,261,2,1
STU0338,2025-04-02,11,244,3,2
STU0338,2025-04-09,8,229,2,4
STU0338,2025-04-16,10,189,2,2
STU0338,2025-04-23,9,268,2,4
STU0338,2025-04-30,9,265,2,1
STU0338,2025-05-07,9,158,4,1
STU0338,2025-05-14,8,190,3,3
STU0339,2025-01-01,11,192,4,4
STU0339,2025-01-08,12,216,4,2
STU0339,2025-01-15,9,286,2,1
STU0339,2025-01-22,8,294,2,1
STU0339,2025-01-29,7,270,2,2
STU0339,2025-02-05,12,225,2,4
STU0339,2025-02-12,8,296,2,1
STU0339,2025-02-19,9,288,4,2
STU0339,2025-02-26,9,236,4,1
STU0339,2025-03-05,7,246,4,2
STU0339,2025-03-12,11,268,2,2
STU0339,2025-03-19,11,260,3,3
STU0339,2025-03-26,10,178,2,4
STU0339,2025-04-02,11,217,3,1
STU0339,2025-04-09,9,243,4,4
STU0339,2025-04-16,7,251,4,2
STU0339,2025-04-23,6,252,2,1
STU0339,2025-04-30,6,292,2,3
STU0339,2025-05-07,8,210,2,3
STU0339,2025-05-14,12,238,3,3
STU0340,2025-01-01,6,129,1,1
STU0340,2025-01-08,6,77,3,3
STU0340,2025-01-15,2,128,2,3
STU0340,2025-01-22,4,143,1,3
STU0340,2025-01-29,6,90,1,1
STU0340,2025-02-05,6,114,1,1
STU0340,2025-02-12,5,98,2,1
STU0340,2025-02-19,3,70,3,2
STU0340,2025-02-26,8,123,2,1
STU0340,2025-03-05,8,155,1,3
STU0340,2025-03-12,3,116,2,1
STU0340,2025-03-19,2,179,3,2
STU0340,2025-03-26,8,131,2,1
STU0340,2025-04-02,7,150,1,3
STU0340,2025-04-09,3,114,1,2
STU0340,2025-04-16,5,94,3,2
STU0340,2025-04-23,7,135,2,2
STU0340,2025-04-30,3,84,2,1
STU0340,2025-05-07,7,104,3,0
STU0340,2025-05-14,6,173,1,2
STU0341,2025-01-01,7,221,4,2
STU0341,2025-01-08,9,200,3,3
STU0341,2025-01-15,8,243,2,1
STU0341,2025-01-22,8,186,2,3
STU0341,2025-01-29,8,215,4,4
STU0341,2025-02-05,6,180,4,2
STU0341,2025-02-12,11,230,3,2
STU0341,2025-02-19,10,221,3,3
STU0341,2025-02-26,11,268,3,4
STU0341,2025-03-05,11,240,2,4
STU0341,2025-03-12,7,211,3,4
STU0341,2025-03-19,12,187,2,4
STU0341,2025-03-26,6,230,4,1
STU0341,2025-04-02,9,217,3,1
STU0341,2025-04-09,7,226,3,4
STU0341,2025-04-16,7,189,2,1
STU0341,2025-04-23,8,285,3,3
STU0341,2025-04-30,12,191,2,2
STU0341,2025-05-07,6,289,3,4
STU0341,2025-05-14,8,234,4,4
STU0342,2025-01-01,11,327,4,3
STU0342,2025-01-08,12,241,5,2
STU0342,2025-01-15,10,260,4,3
STU0342,2025-01-22,11,351,4,4
STU0342,2025-01-29,13,252,3,4
STU0342,2025-02-05,13,320,5,4
STU0342,2025-02-12,11,317,3,4
STU0342,2025-02-19,12,346,4,1
STU0342,2025-02-26,9,231,4,3
STU0342,2025-03-05,12,294,4,4
STU0342,2025-03-12,11,339,5,3
STU0342,2025-03-19,8,263,5,3
STU0342,2025-03-26,14,234,4,2
STU0342,2025-04-02,10,337,3,1
STU0342,2025-04-09,8,275,5,3
STU0342,2025-04-16,11,274,3,2
STU0342,2025-04-23,11,316,5,1
STU0342,2025-04-30,13,255,4,2
STU0342,2025-05-07,10,318,5,1
STU0342,2025-05-14,14,321,4,4
STU0343,2025-01-01,7,197,4,1
STU0343,2025-01-08,5,208,2,2
STU0343,2025-01-15,10,230,2,1
STU0343,2025-01-22,9,196,4,3
STU0343,2025-01-29,9,157,4,3
STU0343,2025-02-05,5,245,4,0
STU0343,2025-02-12,6,253,2,1
STU0343,2025-02-19,6,232,2,1
STU0343,2025-02-26,9,244,4,3
STU0343,2025-03-05,8,245,3,0
STU0343,2025-03-12,6,241,2,1
STU0343,2025-03-19,4,244,2,0
STU0343,2025-03-26,10,211,2,3
STU0343,2025-04-02,7,199,2,3
STU0343,2025-04-09,8,177,2,1
STU0343,2025-04-16,7,256,4,2
STU0343,2025-04-23,7,190,2,0
STU0343,2025-04-30,6,180,4,2
STU0343,2025-05-07,8,222,3,1
STU0343,2025-05-14,8,248,3,0
STU0344,2025-01-01,5,209,2,1
STU0344,2025-01-08,11,150,3,2
STU0344,2025-01-15,5,164,3,1
STU0344,2025-01-22,10,257,3,4
STU0344,2025-01-29,10,195,3,4
STU0344,2025-02-05,10,243,2,4
STU0344,2025-02-12,11,191,3,3
STU0344,2025-02-19,6,174,4,2
STU0344,2025-02-26,8,172,2,1
STU0344,2025-03-05,5,246,3,3
STU0344,2025-03-12,8,194,2,2
STU0344,2025-03-19,5,148,3,4
STU0344,2025-03-26,8,167,4,3
STU0344,2025-04-02,6,173,4,4
STU0344,2025-04-09,7,153,3,3
STU0344,2025-04-16,5,164,3,3
STU0344,2025-04-23,8,247,4,1
STU0344,2025-04-30,6,201,2,1
STU0344,2025-05-07,9,220,4,2
STU0344,2025-05-14,7,163,3,1
STU0345,2025-01-01,8,213,5,4
STU0345,2025-01-08,13,258,4,3
STU0345,2025-01-15,12,264,4,1
STU0345,2025-01-22,7,249,4,3
STU0345,2025-01-29,12,283,4,1
STU0345,2025-02-05,13,225,3,1
STU0345,2025-02-12,11,271,3,2
STU0345,2025-02-19,9,225,3,4
STU0345,2025-02-26,8,281,4,1
STU0345,2025-03-05,7,224,3,2
STU0345,2025-03-12,7,226,4,2
STU0345,2025-03-19,9,309,5,2
STU0345,2025-03-26,13,313,4,1
STU0345,2025-04-02,7,316,5,3
STU0345,2025-04-09,10,327,3,4
STU0345,2025-04-16,8,313,5,3
STU0345,2025-04-23,7,289,4,2
STU0345,2025-04-30,13,282,4,1
STU0345,2025-05-07,13,289,4,3
STU0345,2025-05-14,10,249,4,1
STU0346,2025-01-01,12,241,4,2
STU0346,2025-01-08,8,216,5,1
STU0346,2025-01-15,13,264,3,3
STU0346,2025-01-22,10,248,5,3
STU0346,2025-01-29,8,262,5,2
STU0346,2025-02-05,8,236,4,2
STU0346,2025-02-12,12,229,3,3
STU0346,2025-02-19,7,254,5,4
STU0346,2025-02-26,8,207,5,2
STU0346,2025-03-05,10,261,4,3
STU0346,2025-03-12,10,260,4,4
STU0346,2025-03-19,12,253,5,2
STU0346,2025-03-26,10,283,5,3
STU0346,2025-04-02,10,263,5,1
STU0346,2025-04-09,12,315,5,3
STU0346,2025-04-16,12,283,5,4
STU0346,2025-04-23,10,239,3,1
STU0346,2025-04-30,10,304,3,3
STU0346,2025-05-07,11,255,5,4
STU0346,2025-05-14,12,229,5,1
STU0347,2025-01-01,2,81,2,0
STU0347,2025-01-08,7,86,3,2
STU0347,2025-01-15,8,193,1,3
STU0347,2025-01-22,4,90,3,0
STU0347,2025-01-29,3,93,1,2
STU0347,2025-02-05,6,105,2,2
STU0347,2025-02-12,7,135,3,0
STU0347,2025-02-19,7,143,1,2
STU0347,2025-02-26,3,123,1,3
STU0347,2025-03-05,3,192,3,1
STU0347,2025-03-12,5,125,1,3
STU0347,2025-03-19,7,163,2,0
STU0347,2025-03-26,5,93,2,0
STU0347,2025-04-02,6,85,3,3
STU0347,2025-04-09,7,158,3,1
STU0347,2025-04-16,8,126,1,0
STU0347,2025-04-23,6,165,3,0
STU0347,2025-04-30,6,176,2,3
STU0347,2025-05-07,7,82,2,1
STU0347,2025-05-14,7,98,1,1
STU0348,2025-01-01,13,253,4,4
STU0348,2025-01-08,13,347,3,4
STU0348,2025-01-15,13,272,5,3
STU0348,2025-01-22,13,235,3,4
STU0348,2025-01-29,9,244,3,1
STU0348,2025-02-05,14,250,3,2
STU0348,2025-02-12,14,288,3,2
STU0348,2025-02-19,8,279,3,1
STU0348,2025-02-26,11,266,5,1
STU0348,2025-03-05,12,305,3,2
STU0348,2025-03-12,13,286,3,2
STU0348,2025-03-19,10,345,3,3
STU0348,2025-03-26,12,279,3,3
STU0348,2025-04-02,10,284,5,2
STU0348,2025-04-09,9,329,3,4
STU0348,2025-04-16,14,331,4,2
STU0348,2025-04-23,10,248,5,4
STU0348,2025-04-30,11,333,3,1
STU0348,2025-05-07,14,337,4,3
STU0348,2025-05-14,9,313,4,4
STU0349,2025-01-01,9,253,5,1
STU0349,2025-01-08,9,245,5,1
STU0349,2025-01-15,8,250,3,4
STU0349,2025-01-22,8,307,5,4
STU0349,2025-01-29,8,306,5,2
STU0349,2025-02-05,8,263,3,4
STU0349,2025-02-12,13,258,5,2
STU0349,2025-02-19,11,241,3,2
STU0349,2025-02-26,12,254,3,1
STU0349,2025-03-05,12,302,4,3
STU0349,2025-03-12,13,262,5,4
STU0349,2025-03-19,10,331,3,3
STU0349,2025-03-26,9,257,5,3
STU0349,2025-04-02,12,300,4,2
STU0349,2025-04-09,10,229,4,4
STU0349,2025-04-16,13,236,3,2
STU0349,2025-04-23,9,337,5,2
STU0349,2025-04-30,11,331,5,1
STU0349,2025-05-07,12,229,3,1
STU0349,2025-05-14,9,266,4,3
STU0350,2025-01-01,10,356,3,1
STU0350,2025-01-08,13,249,4,2
STU0350,2025-01-15,9,312,4,2
STU0350,2025-01-22,14,358,3,2
STU0350,2025-01-29,14,324,4,3
STU0350,2025-02-05,8,344,5,1
STU0350,2025-02-12,8,261,5,1
STU0350,2025-02-19,12,278,5,2
STU0350,2025-02-26,13,288,4,3
STU0350,2025-03-05,12,350,3,2
STU0350,2025-03-12,14,348,5,1
STU0350,2025-03-19,14,246,4,4
STU0350,2025-03-26,14,312,5,1
STU0350,2025-04-02,13,351,3,3
STU0350,2025-04-09,11,310,5,1
STU0350,2025-04-16,11,319,3,4
STU0350,2025-04-23,10,289,3,2
STU0350,2025-04-30,8,325,4,3
STU0350,2025-05-07,11,256,4,4
STU0350,2025-05-14,9,266,4,1
STU0351,2025-01-01,4,126,2,3
STU0351,2025-01-08,4,76,1,2
STU0351,2025-01-15,6,82,2,3
STU0351,2025-01-22,4,127,2,3
STU0351,2025-01-29,6,64,1,1
STU0351,2025-02-05,7,150,1,1
STU0351,2025-02-12,1,125,0,1
STU0351,2025-02-19,1,107,2,1
STU0351,2025-02-26,7,157,0,3
STU0351,2025-03-05,5,155,2,2
STU0351,2025-03-12,2,148,1,1
STU0351,2025-03-19,6,138,0,2
STU0351,2025-03-26,4,108,2,0
STU0351,2025-04-02,4,85,1,1
STU0351,2025-04-09,4,114,1,3
STU0351,2025-04-16,3,169,0,0
STU0351,2025-04-23,3,88,2,0
STU0351,2025-04-30,7,81,1,0
STU0351,2025-05-07,1,161,0,2
STU0351,2025-05-14,6,112,2,0
STU0352,2025-01-01,10,211,2,0
STU0352,2025-01-08,4,238,1,0
STU0352,2025-01-15,8,209,3,2
STU0352,2025-01-22,4,123,3,3
STU0352,2025-01-29,5,168,2,3
STU0352,2025-02-05,5,175,1,3
STU0352,2025-02-12,7,162,1,0
STU0352,2025-02-19,6,191,1,2
STU0352,2025-02-26,10,151,1,2
STU0352,2025-03-05,10,181,3,1
STU0352,2025-03-12,5,192,2,2
STU0352,2025-03-19,5,150,2,2
STU0352,2025-03-26,5,201,2,0
STU0352,2025-04-02,8,227,3,2
STU0352,2025-04-09,8,231,2,2
STU0352,2025-04-16,7,159,1,2
STU0352,2025-04-23,7,205,2,3
STU0352,2025-04-30,5,234,3,0
STU0352,2025-05-07,10,168,1,1
STU0352,2025-05-14,5,200,3,2
STU0353,2025-01-01,13,286,5,4
STU0353,2025-01-08,12,324,5,3
STU0353,2025-01-15,8,306,4,2
STU0353,2025-01-22,11,315,3,3
STU0353,2025-01-29,9,284,5,2
STU0353,2025-02-05,12,219,5,2
STU0353,2025-02-12,14,245,3,3
STU0353,2025-02-19,9,302,5,1
STU0353,2025-02-26,13,237,4,2
STU0353,2025-03-05,8,219,5,2
STU0353,2025-03-12,14,291,5,1
STU0353,2025-03-19,10,238,5,4
STU0353,2025-03-26,12,306,5,1
STU0353,2025-04-02,12,279,5,2
STU0353,2025-04-09,10,248,4,4
STU0353,2025-04-16,11,302,3,4
STU0353,2025-04-23,13,282,5,3
STU0353,2025-04-30,13,222,4,1
STU0353,2025-05-07,11,226,3,1
STU0353,2025-05-14,13,237,3,4
STU0354,2025-01-01,8,201,4,0
STU0354,2025-01-08,7,215,2,3
STU0354,2025-01-15,7,252,3,3
STU0354,2025-01-22,6,229,2,1
STU0354,2025-01-29,5,245,2,2
STU0354,2025-02-05,6,172,3,0
STU0354,2025-02-12,4,191,4,2
STU0354,2025-02-19,6,209,4,2
STU0354,2025-02-26,9,191,2,0
STU0354,2025-03-05,7,232,2,2
STU0354,2025-03-12,8,165,4,2
STU0354,2025-03-19,9,214,2,2
STU0354,2025-03-26,5,182,2,2
STU0354,2025-04-02,6,242,2,1
STU0354,2025-04-09,4,250,2,1
STU0354,2025-04-16,4,240,4,0
STU0354,2025-04-23,9,181,3,0
STU0354,2025-04-30,6,238,4,0
STU0354,2025-05-07,6,183,2,0
STU0354,2025-05-14,4,251,3,1
STU0355,2025-01-01,4,67,2,3
STU0355,2025-01-08,5,147,2,0
STU0355,2025-01-15,4,172,2,0
STU0355,2025-01-22,6,167,2,2
STU0355,2025-01-29,1,172,1,2
STU0355,2025-02-05,5,157,3,2
STU0355,2025-02-12,3,104,1,1
STU0355,2025-02-19,5,172,1,3
STU0355,2025-02-26,7,77,3,2
STU0355,2025-03-05,7,80,3,0
STU0355,2025-03-12,1,168,2,3
STU0355,2025-03-19,7,157,2,3
STU0355,2025-03-26,2,145,2,1
STU0355,2025-04-02,7,79,2,2
STU0355,2025-04-09,4,98,3,2
STU0355,2025-04-16,5,73,1,1
STU0355,2025-04-23,4,105,3,1
STU0355,2025-04-30,2,92,2,1
STU0355,2025-05-07,7,86,3,0
STU0355,2025-05-14,5,122,1,3
STU0356,2025-01-01,8,157,3,3
STU0356,2025-01-08,10,169,3,1
STU0356,2025-01-15,10,202,4,1
STU0356,2025-01-22,6,207,3,3
STU0356,2025-01-29,8,129,3,1
STU0356,2025-02-05,6,185,4,3
STU0356,2025-02-12,6,232,4,0
STU0356,2025-02-19,5,136,3,2
STU0356,2025-02-26,7,149,3,3
STU0356,2025-03-05,9,179,2,0
STU0356,2025-03-12,5,212,3,0
STU0356,2025-03-19,7,143,4,2
STU0356,2025-03-26,10,215,4,2
STU0356,2025-04-02,6,184,4,1
STU0356,2025-04-09,10,188,2,2
STU0356,2025-04-16,6,166,4,3
STU0356,2025-04-23,7,201,4,3
STU0356,2025-04-30,6,133,2,2
STU0356,2025-05-07,8,200,2,1
STU0356,2025-05-14,9,153,3,1
STU0357,2025-01-01,10,252,4,1
STU0357,2025-01-08,6,219,4,4
STU0357,2025-01-15,6,226,5,4
STU0357,2025-01-22,9,264,3,3
STU0357,2025-01-29,11,214,4,3
STU0357,2025-02-05,11,258,4,1
STU0357,2025-02-12,8,184,5,4
STU0357,2025-02-19,9,284,4,1
STU0357,2025-02-26,10,216,3,2
STU0357,2025-03-05,9,212,3,3
STU0357,2025-03-12,12,294,3,3
STU0357,2025-03-19,7,256,3,2
STU0357,2025-03-26,7,239,4,4
STU0357,2025-04-02,7,269,5,1
STU0357,2025-04-09,8,280,4,2
STU0357,2025-04-16,6,245,4,3
STU0357,2025-04-23,8,284,5,2
STU0357,2025-04-30,7,264,4,1
STU0357,2025-05-07,12,231,5,1
STU0357,2025-05-14,9,283,4,2
STU0358,2025-01-01,9,212,4,2
STU0358,2025-01-08,6,204,2,1
STU0358,2025-01-15,7,212,4,0
STU0358,2025-01-22,8,224,2,2
STU0358,2025-01-29,6,222,3,3
STU0358,2025-02-05,4,129,4,3
STU0358,2025-02-12,10,218,4,3
STU0358,2025-02-19,5,224,4,0
STU0358,2025-02-26,9,139,4,3
STU0358,2025-03-05,9,138,2,2
STU0358,2025-03-12,9,174,4,1
STU0358,2025-03-19,5,239,3,2
STU0358,2025-03-26,4,220,4,3
STU0358,2025-04-02,7,140,4,1
STU0358,2025-04-09,7,132,4,1
STU0358,2025-04-16,9,223,4,1
STU0358,2025-04-23,10,227,3,1
STU0358,2025-04-30,4,124,4,3
STU0358,2025-05-07,10,191,3,1
STU0358,2025-05-14,6,160,2,3
STU0359,2025-01-01,6,188,3,2
STU0359,2025-01-08,7,209,3,0
STU0359,2025-01-15,6,200,3,1
STU0359,2025-01-22,3,125,1,1
STU0359,2025-01-29,9,156,1,1
STU0359,2025-02-05,6,152,1,0
STU0359,2025-02-12,9,148,2,2
STU0359,2025-02-19,8,202,1,3
STU0359,2025-02-26,7,167,3,2
STU0359,2025-03-05,4,151,3,3
STU0359,2025-03-12,4,124,1,3
STU0359,2025-03-19,5,154,1,2
STU0359,2025-03-26,3,178,2,2
STU0359,2025-04-02,9,97,3,2
STU0359,2025-04-09,7,91,3,2
STU0359,2025-04-16,4,103,2,2
STU0359,2025-04-23,6,96,2,2
STU0359,2025-04-30,7,191,3,3
STU0359,2025-05-07,5,114,3,2
STU0359,2025-05-14,3,151,3,1
STU0360,2025-01-01,2,128,3,2
STU0360,2025-01-08,3,108,3,1
STU0360,2025-01-15,2,77,3,0
STU0360,2025-01-22,6,176,2,0
STU0360,2025-01-29,7,64,3,1
STU0360,2025-02-05,2,179,3,0
STU0360,2025-02-12,5,94,1,1
STU0360,2025-02-19,2,92,3,3
STU0360,2025-02-26,4,105,3,1
STU0360,2025-03-05,2,109,2,1
STU0360,2025-03-12,3,125,3,2
STU0360,2025-03-19,3,95,3,0
STU0360,2025-03-26,6,129,2,3
STU0360,2025-04-02,6,170,3,0
STU0360,2025-04-09,2,124,3,1
STU0360,2025-04-16,7,89,3,0
STU0360,2025-04-23,7,150,3,0
STU0360,2025-04-30,5,112,3,3
STU0360,2025-05-07,7,151,2,2
STU0360,2025-05-14,4,100,3,1
STU0361,2025-01-01,7,211,3,4
STU0361,2025-01-08,7,232,4,2
STU0361,2025-01-15,10,187,2,4
STU0361,2025-01-22,6,217,4,4
STU0361,2025-01-29,9,224,3,2
STU0361,2025-02-05,6,234,3,2
STU0361,2025-02-12,10,266,4,3
STU0361,2025-02-19,6,223,3,1
STU0361,2025-02-26,11,183,2,4
STU0361,2025-03-05,10,177,4,1
STU0361,2025-03-12,11,251,3,4
STU0361,2025-03-19,12,195,3,2
STU0361,2025-03-26,7,261,2,1
STU0361,2025-04-02,8,270,3,4
STU0361,2025-04-09,6,182,2,3
STU0361,2025-04-16,11,241,2,2
STU0361,2025-04-23,11,189,4,4
STU0361,2025-04-30,11,223,2,1
STU0361,2025-05-07,11,241,3,1
STU0361,2025-05-14,12,247,4,3
STU0362,2025-01-01,10,199,2,3
STU0362,2025-01-08,9,212,3,0
STU0362,2025-01-15,4,194,3,0
STU0362,2025-01-22,10,148,2,1
STU0362,2025-01-29,9,153,2,2
STU0362,2025-02-05,9,225,4,1
STU0362,2025-02-12,4,211,4,0
STU0362,2025-02-19,8,245,3,0
STU0362,2025-02-26,5,165,4,1
STU0362,2025-03-05,4,140,4,2
STU0362,2025-03-12,9,155,3,3
STU0362,2025-03-19,10,154,2,0
STU0362,2025-03-26,7,166,3,1
STU0362,2025-04-02,7,238,2,0
STU0362,2025-04-09,4,179,4,2
STU0362,2025-04-16,8,165,3,3
STU0362,2025-04-23,5,149,4,2
STU0362,2025-04-30,10,170,3,0
STU0362,2025-05-07,9,172,2,3
STU0362,2025-05-14,4,177,3,3
STU0363,2025-01-01,11,219,4,3
STU0363,2025-01-08,12,208,5,3
STU0363,2025-01-15,12,227,3,4
STU0363,2025-01-22,12,267,3,4
STU0363,2025-01-29,8,325,3,2
STU0363,2025-02-05,8,299,5,3
STU0363,2025-02-12,12,307,4,4
STU0363,2025-02-19,7,276,4,3
STU0363,2025-02-26,10,216,5,4
STU0363,2025-03-05,8,224,4,3
STU0363,2025-03-12,8,210,5,4
STU0363,2025-03-19,10,299,5,4
STU0363,2025-03-26,10,315,5,3
STU0363,2025-04-02,12,207,3,1
STU0363,2025-04-09,12,273,5,3
STU0363,2025-04-16,10,309,5,4
STU0363,2025-04-23,10,281,5,3
STU0363,2025-04-30,8,251,5,4
STU0363,2025-05-07,7,263,3,2
STU0363,2025-05-14,9,322,3,3
STU0364,2025-01-01,12,265,4,3
STU0364,2025-01-08,12,224,3,3
STU0364,2025-01-15,10,227,3,3
STU0364,2025-01-22,13,263,3,1
STU0364,2025-01-29,8,286,5,1
STU0364,2025-02-05,13,285,4,2
STU0364,2025-02-12,10,218,3,3
STU0364,2025-02-19,12,318,4,2
STU0364,2025-02-26,10,212,5,4
STU0364,2025-03-05,12,209,3,4
STU0364,2025-03-12,9,212,4,4
STU0364,2025-03-19,9,304,3,2
STU0364,2025-03-26,13,214,4,1
STU0364,2025-04-02,10,257,4,4
STU0364,2025-04-09,13,243,5,1
STU0364,2025-04-16,11,279,3,1
STU0364,2025-04-23,12,285,3,4
STU0364,2025-04-30,8,293,5,4
STU0364,2025-05-07,11,239,3,4
STU0364,2025-05-14,8,323,3,4
STU0365,2025-01-01,5,232,4,1
STU0365,2025-01-08,6,202,3,4
STU0365,2025-01-15,7,220,2,4
STU0365,2025-01-22,6,232,3,1
STU0365,2025-01-29,10,254,4,3
STU0365,2025-02-05,10,176,4,3
STU0365,2025-02-12,11,221,3,2
STU0365,2025-02-19,11,262,4,2
STU0365,2025-02-26,9,166,2,4
STU0365,2025-03-05,11,259,3,1
STU0365,2025-03-12,11,270,4,3
STU0365,2025-03-19,8,170,4,4
STU0365,2025-03-26,8,248,3,1
STU0365,2025-04-02,10,214,3,1
STU0365,2025-04-09,9,177,3,4
STU0365,2025-04-16,5,194,4,1
STU0365,2025-04-23,6,237,4,2
STU0365,2025-04-30,8,276,2,2
STU0365,2025-05-07,6,228,2,2
STU0365,2025-05-14,9,219,4,1
STU0366,2025-01-01,14,354,3,2
STU0366,2025-01-08,14,272,4,2
STU0366,2025-01-15,13,339,3,4
STU0366,2025-01-22,11,350,3,4
STU0366,2025-01-29,11,295,4,1
STU0366,2025-02-05,12,289,4,2
STU0366,2025-02-12,11,338,4,4
STU0366,2025-02-19,8,265,5,2
STU0366,2025-02-26,11,272,5,1
STU0366,2025-03-05,10,263,5,2
STU0366,2025-03-12,12,290,5,3
STU0366,2025-03-19,14,234,4,2
STU0366,2025-03-26,8,304,5,2
STU0366,2025-04-02,9,339,4,1
STU0366,2025-04-09,8,271,4,4
STU0366,2025-04-16,8,278,3,1
STU0366,2025-04-23,13,303,5,2
STU0366,2025-04-30,11,240,3,2
STU0366,2025-05-07,13,340,3,3
STU0366,2025-05-14,13,298,5,1
STU0367,2025-01-01,6,198,2,3
STU0367,2025-01-08,6,207,3,3
STU0367,2025-01-15,7,207,4,4
STU0367,2025-01-22,8,249,4,2
STU0367,2025-01-29,9,260,3,1
STU0367,2025-02-05,9,160,4,2
STU0367,2025-02-12,8,192,4,3
STU0367,2025-02-19,10,216,2,4
STU0367,2025-02-26,8,197,4,3
STU0367,2025-03-05,11,207,4,2
STU0367,2025-03-12,11,171,3,1
STU0367,2025-03-19,5,225,2,3
STU0367,2025-03-26,10,198,3,3
STU0367,2025-04-02,9,190,3,4
STU0367,2025-04-09,6,181,3,1
STU0367,2025-04-16,10,159,4,2
STU0367,2025-04-23,7,165,3,1
STU0367,2025-04-30,9,208,2,4
STU0367,2025-05-07,7,156,4,1
STU0367,2025-05-14,8,156,2,4
STU0368,2025-01-01,8,167,2,3
STU0368,2025-01-08,6,195,2,1
STU0368,2025-01-15,8,233,3,3
STU0368,2025-01-22,6,261,4,3
STU0368,2025-01-29,7,202,3,2
STU0368,2025-02-05,10,240,4,4
STU0368,2025-02-12,6,194,3,4
STU0368,2025-02-19,7,256,2,4
STU0368,2025-02-26,10,241,4,2
STU0368,2025-03-05,10,163,2,3
STU0368,2025-03-12,9,177,4,2
STU0368,2025-03-19,6,220,4,2
STU0368,2025-03-26,7,245,4,4
STU0368,2025-04-02,9,211,4,3
STU0368,2025-04-09,5,207,3,1
STU0368,2025-04-16,5,268,2,4
STU0368,2025-04-23,7,202,4,4
STU0368,2025-04-30,7,171,2,3
STU0368,2025-05-07,5,189,3,3
STU0368,2025-05-14,7,229,2,1
STU0369,2025-01-01,8,197,3,0
STU0369,2025-01-08,6,161,3,0
STU0369,2025-01-15,5,164,3,3
STU0369,2025-01-22,6,194,1,0
STU0369,2025-01-29,4,165,1,0
STU0369,2025-02-05,7,211,2,1
STU0369,2025-02-12,7,114,1,3
STU0369,2025-02-19,4,202,3,1
STU0369,2025-02-26,6,177,1,1
STU0369,2025-03-05,6,184,3,0
STU0369,2025-03-12,3,187,3,3
STU0369,2025-03-19,8,177,2,1
STU0369,2025-03-26,9,222,1,0
STU0369,2025-04-02,9,159,1,0
STU0369,2025-04-09,8,194,3,0
STU0369,2025-04-16,6,152,1,3
STU0369,2025-04-23,7,115,1,2
STU0369,2025-04-30,9,171,1,0
STU0369,2025-05-07,5,135,2,3
STU0369,2025-05-14,8,114,1,1
STU0370,2025-01-01,7,211,3,1
STU0370,2025-01-08,8,261,2,2
STU0370,2025-01-15,5,152,4,3
STU0370,2025-01-22,7,266,4,3
STU0370,2025-01-29,5,229,2,4
STU0370,2025-02-05,9,220,2,1
STU0370,2025-02-12,10,187,2,3
STU0370,2025-02-19,6,174,2,3
STU0370,2025-02-26,7,230,3,2
STU0370,2025-03-05,10,171,3,2
STU0370,2025-03-12,10,245,2,2
STU0370,2025-03-19,10,246,2,2
STU0370,2025-03-26,10,184,2,1
STU0370,2025-04-02,6,188,4,2
STU0370,2025-04-09,6,234,2,2
STU0370,2025-04-16,8,226,2,2
STU0370,2025-04-23,6,163,3,4
STU0370,2025-04-30,10,220,2,3
STU0370,2025-05-07,11,229,4,4
STU0370,2025-05-14,10,179,3,4
STU0371,2025-01-01,8,202,1,0
STU0371,2025-01-08,7,172,3,0
STU0371,2025-01-15,3,198,1,3
STU0371,2025-01-22,8,183,3,0
STU0371,2025-01-29,9,184,3,3
STU0371,2025-02-05,6,196,2,3
STU0371,2025-02-12,7,130,2,1
STU0371,2025-02-19,4,128,3,1
STU0371,2025-02-26,8,122,2,3
STU0371,2025-03-05,7,129,1,3
STU0371,2025-03-12,3,190,1,0
STU0371,2025-03-19,7,188,3,0
STU0371,2025-03-26,4,116,3,3
STU0371,2025-04-02,9,101,1,3
STU0371,2025-04-09,4,152,3,2
STU0371,2025-04-16,3,144,1,2
STU0371,2025-04-23,3,119,1,2
STU0371,2025-04-30,3,205,1,3
STU0371,2025-05-07,4,193,3,3
STU0371,2025-05-14,7,187,2,2
STU0372,2025-01-01,13,348,4,2
STU0372,2025-01-08,11,334,3,3
STU0372,2025-01-15,14,261,3,2
STU0372,2025-01-22,10,315,5,2
STU0372,2025-01-29,14,286,3,2
STU0372,2025-02-05,11,337,3,2
STU0372,2025-02-12,9,282,5,2
STU0372,2025-02-19,11,248,5,4
STU0372,2025-02-26,8,247,3,3
STU0372,2025-03-05,13,232,3,4
STU0372,2025-03-12,10,241,3,1
STU0372,2025-03-19,14,254,5,2
STU0372,2025-03-26,12,311,5,3
STU0372,2025-04-02,8,304,5,4
STU0372,2025-04-09,10,284,4,3
STU0372,2025-04-16,13,279,4,3
STU0372,2025-04-23,12,317,5,1
STU0372,2025-04-30,14,337,4,1
STU0372,2025-05-07,9,343,3,2
STU0372,2025-05-14,9,345,5,2
STU0373,2025-01-01,10,190,2,2
STU0373,2025-01-08,5,211,1,0
STU0373,2025-01-15,5,188,2,1
STU0373,2025-01-22,5,135,1,1
STU0373,2025-01-29,10,148,1,0
STU0373,2025-02-05,9,125,2,1
STU0373,2025-02-12,8,161,2,0
STU0373,2025-02-19,5,122,1,1
STU0373,2025-02-26,9,119,3,2
STU0373,2025-03-05,10,183,2,1
STU0373,2025-03-12,4,140,1,3
STU0373,2025-03-19,6,138,1,0
STU0373,2025-03-26,10,207,1,2
STU0373,2025-04-02,6,169,3,1
STU0373,2025-04-09,4,184,2,0
STU0373,2025-04-16,7,209,1,1
STU0373,2025-04-23,10,200,1,2
STU0373,2025-04-30,5,186,2,2
STU0373,2025-05-07,6,148,2,1
STU0373,2025-05-14,4,163,1,2
STU0374,2025-01-01,12,284,3,4
STU0374,2025-01-08,11,261,3,1
STU0374,2025-01-15,13,306,4,4
STU0374,2025-01-22,14,260,5,2
STU0374,2025-01-29,10,248,4,2
STU0374,2025-02-05,12,287,4,4
STU0374,2025-02-12,14,264,5,1
STU0374,2025-02-19,9,305,3,3
STU0374,2025-02-26,9,342,3,2
STU0374,2025-03-05,11,277,4,3
STU0374,2025-03-12,8,332,4,2
STU0374,2025-03-19,8,338,4,1
STU0374,2025-03-26,8,261,5,4
STU0374,2025-04-02,13,302,4,2
STU0374,2025-04-09,12,278,3,2
STU0374,2025-04-16,13,348,4,1
STU0374,2025-04-23,12,349,5,3
STU0374,2025-04-30,14,254,5,3
STU0374,2025-05-07,8,332,5,3
STU0374,2025-05-14,11,317,3,1
STU0375,2025-01-01,9,312,5,3
STU0375,2025-01-08,9,236,3,1
STU0375,2025-01-15,8,333,4,1
STU0375,2025-01-22,11,262,5,3
STU0375,2025-01-29,13,239,4,3
STU0375,2025-02-05,12,337,4,3
STU0375,2025-02-12,12,345,4,1
STU0375,2025-02-19,9,339,3,1
STU0375,2025-02-26,12,287,3,2
STU0375,2025-03-05,12,274,5,1
STU0375,2025-03-12,13,313,5,3
STU0375,2025-03-19,9,329,3,3
STU0375,2025-03-26,12,261,3,2
STU0375,2025-04-02,13,330,3,4
STU0375,2025-04-09,12,297,5,1
STU0375,2025-04-16,11,298,3,2
STU0375,2025-04-23,10,308,4,2
STU0375,2025-04-30,13,319,4,2
STU0375,2025-05-07,9,262,5,3
STU0375,2025-05-14,11,326,3,4
STU0376,2025-01-01,5,157,2,0
STU0376,2025-01-08,5,196,2,3
STU0376,2025-01-15,4,215,1,2
STU0376,2025-01-22,8,155,1,3
STU0376,2025-01-29,4,170,2,2
STU0376,2025-02-05,6,229,3,1
STU0376,2025-02-12,6,116,2,2
STU0376,2025-02-19,5,159,1,3
STU0376,2025-02-26,4,151,1,3
STU0376,2025-03-05,3,164,3,2
STU0376,2025-03-12,5,174,3,0
STU0376,2025-03-19,6,203,3,3
STU0376,2025-03-26,5,111,3,0
STU0376,2025-04-02,8,131,2,0
STU0376,2025-04-09,4,192,3,3
STU0376,2025-04-16,8,117,1,3
STU0376,2025-04-23,9,119,1,0
STU0376,2025-04-30,6,231,2,0
STU0376,2025-05-07,9,129,1,1
STU0376,2025-05-14,5,197,3,3
STU0377,2025-01-01,6,154,3,0
STU0377,2025-01-08,2,174,3,0
STU0377,2025-01-15,4,142,2,2
STU0377,2025-01-22,5,162,2,2
STU0377,2025-01-29,2,164,1,1
STU0377,2025-02-05,4,166,1,1
STU0377,2025-02-12,6,127,1,3
STU0377,2025-02-19,8,154,1,1
STU0377,2025-02-26,8,146,1,0
STU0377,2025-03-05,5,166,1,2
STU0377,2025-03-12,8,93,3,0
STU0377,2025-03-19,6,127,2,3
STU0377,2025-03-26,6,183,1,1
STU0377,2025-04-02,8,189,3,3
STU0377,2025-04-09,5,116,2,3
STU0377,2025-04-16,5,165,2,2
STU0377,2025-04-23,7,188,3,3
STU0377,2025-04-30,3,132,3,3
STU0377,2025-05-07,8,157,3,2
STU0377,2025-05-14,4,150,3,3
STU0378,2025-01-01,3,221,1,3
STU0378,2025-01-08,8,123,2,0
STU0378,2025-01-15,7,200,2,0
STU0378,2025-01-22,6,132,1,3
STU0378,2025-01-29,8,175,2,2
STU0378,2025-02-05,6,126,3,3
STU0378,2025-02-12,9,206,2,1
STU0378,2025-02-19,4,213,2,0
STU0378,2025-02-26,4,160,1,2
STU0378,2025-03-05,8,200,3,1
STU0378,2025-03-12,6,146,1,3
STU0378,2025-03-19,8,157,1,0
STU0378,2025-03-26,8,187,1,1
STU0378,2025-04-02,9,198,1,3
STU0378,2025-04-09,5,187,3,2
STU0378,2025-04-16,8,185,2,1
STU0378,2025-04-23,8,215,2,0
STU0378,2025-04-30,8,138,1,2
STU0378,2025-05-07,5,183,3,0
STU0378,2025-05-14,8,123,1,0
STU0379,2025-01-01,8,259,4,1
STU0379,2025-01-08,8,196,2,3
STU0379,2025-01-15,10,193,3,3
STU0379,2025-01-22,12,218,4,1
STU0379,2025-01-29,8,203,3,2
STU0379,2025-02-05,10,294,2,3
STU0379,2025-02-12,6,182,4,4
STU0379,2025-02-19,11,252,4,2
STU0379,2025-02-26,6,219,2,1
STU0379,2025-03-05,7,207,4,1
STU0379,2025-03-12,8,250,3,2
STU0379,2025-03-19,11,244,2,3
STU0379,2025-03-26,10,211,2,2
STU0379,2025-04-02,8,281,2,4
STU0379,2025-04-09,6,228,2,4
STU0379,2025-04-16,9,257,4,1
STU0379,2025-04-23,8,251,3,4
STU0379,2025-04-30,8,193,2,4
STU0379,2025-05-07,10,188,3,1
STU0379,2025-05-14,7,274,2,3
STU0380,2025-01-01,4,126,1,2
STU0380,2025-01-08,3,161,3,3
STU0380,2025-01-15,7,194,1,0
STU0380,2025-01-22,8,116,2,0
STU0380,2025-01-29,3,149,1,2
STU0380,2025-02-05,5,213,3,3
STU0380,2025-02-12,3,182,1,0
STU0380,2025-02-19,4,199,2,0
STU0380,2025-02-26,6,124,1,2
STU0380,2025-03-05,3,123,2,0
STU0380,2025-03-12,8,218,3,2
STU0380,2025-03-19,4,114,2,1
STU0380,2025-03-26,3,114,3,3
STU0380,2025-04-02,3,163,3,3
STU0380,2025-04-09,8,126,2,3
STU0380,2025-04-16,8,211,1,2
STU0380,2025-04-23,6,133,2,3
STU0380,2025-04-30,5,188,2,2
STU0380,2025-05-07,8,105,2,2
STU0380,2025-05-14,6,176,2,0
STU0381,2025-01-01,13,286,4,2
STU0381,2025-01-08,11,235,3,4
STU0381,2025-01-15,13,287,5,4
STU0381,2025-01-22,13,230,5,2
STU0381,2025-01-29,11,271,3,4
STU0381,2025-02-05,7,294,3,2
STU0381,2025-02-12,12,243,3,3
STU0381,2025-02-19,13,227,3,1
STU0381,2025-02-26,8,222,3,1
STU0381,2025-03-05,12,209,5,4
STU0381,2025-03-12,12,197,4,3
STU0381,2025-03-19,9,230,4,2
STU0381,2025-03-26,13,264,5,1
STU0381,2025-04-02,9,299,5,4
STU0381,2025-04-09,11,282,3,1
STU0381,2025-04-16,8,196,5,2
STU0381,2025-04-23,8,297,4,1
STU0381,2025-04-30,10,200,5,3
STU0381,2025-05-07,12,191,3,4
STU0381,2025-05-14,10,247,3,4
STU0382,2025-01-01,10,258,3,2
STU0382,2025-01-08,14,225,5,3
STU0382,2025-01-15,11,278,4,1
STU0382,2025-01-22,10,223,4,2
STU0382,2025-01-29,11,224,3,3
STU0382,2025-02-05,10,241,5,4
STU0382,2025-02-12,9,266,4,3
STU0382,2025-02-19,8,326,5,3
STU0382,2025-02-26,8,278,4,3
STU0382,2025-03-05,10,259,3,2
STU0382,2025-03-12,14,289,5,2
STU0382,2025-03-19,10,291,5,2
STU0382,2025-03-26,13,253,5,3
STU0382,2025-04-02,10,240,4,2
STU0382,2025-04-09,11,248,3,1
STU0382,2025-04-16,14,271,3,4
STU0382,2025-04-23,11,301,5,1
STU0382,2025-04-30,10,330,3,1
STU0382,2025-05-07,8,223,4,2
STU0382,2025-05-14,8,222,4,3
STU0383,2025-01-01,4,188,3,0
STU0383,2025-01-08,6,129,4,2
STU0383,2025-01-15,8,183,4,3
STU0383,2025-01-22,4,239,4,3
STU0383,2025-01-29,8,136,3,1
STU0383,2025-02-05,10,157,4,1
STU0383,2025-02-12,10,142,2,1
STU0383,2025-02-19,4,134,4,0
STU0383,2025-02-26,4,164,4,1
STU0383,2025-03-05,4,216,3,2
STU0383,2025-03-12,4,202,4,2
STU0383,2025-03-19,7,208,2,1
STU0383,2025-03-26,9,178,3,3
STU0383,2025-04-02,8,130,4,3
STU0383,2025-04-09,9,143,2,3
STU0383,2025-04-16,4,157,2,1
STU0383,2025-04-23,10,226,2,1
STU0383,2025-04-30,8,209,4,1
STU0383,2025-05-07,5,159,3,1
STU0383,2025-05-14,7,169,3,3
STU0384,2025-01-01,9,292,5,1
STU0384,2025-01-08,10,311,3,3
STU0384,2025-01-15,8,316,3,4
STU0384,2025-01-22,9,238,4,4
STU0384,2025-01-29,10,343,4,4
STU0384,2025-02-05,11,295,5,4
STU0384,2025-02-12,12,349,5,4
STU0384,2025-02-19,8,257,3,3
STU0384,2025-02-26,14,297,3,4
STU0384,2025-03-05,9,233,3,4
STU0384,2025-03-12,13,287,3,2
STU0384,2025-03-19,12,275,4,4
STU0384,2025-03-26,10,289,4,2
STU0384,2025-04-02,11,292,5,1
STU0384,2025-04-09,11,328,3,4
STU0384,2025-04-16,10,234,3,2
STU0384,2025-04-23,12,242,5,3
STU0384,2025-04-30,13,240,4,2
STU0384,2025-05-07,12,302,3,1
STU0384,2025-05-14,10,341,3,1
STU0385,2025-01-01,8,291,2,1
STU0385,2025-01-08,12,220,4,2
STU0385,2025-01-15,8,259,2,3
STU0385,2025-01-22,11,243,3,3
STU0385,2025-01-29,12,197,3,3
STU0385,2025-02-05,9,182,3,1
STU0385,2025-02-12,11,230,4,3
STU0385,2025-02-19,7,287,3,4
STU0385,2025-02-26,6,186,4,2
STU0385,2025-03-05,7,273,3,4
STU0385,2025-03-12,11,247,4,1
STU0385,2025-03-19,11,223,4,3
STU0385,2025-03-26,11,259,2,3
STU0385,2025-04-02,7,207,4,4
STU0385,2025-04-09,12,279,4,2
STU0385,2025-04-16,12,261,3,1
STU0385,2025-04-23,8,271,4,2
STU0385,2025-04-30,8,247,4,1
STU0385,2025-05-07,8,268,4,1
STU0385,2025-05-14,6,252,2,3
STU0386,2025-01-01,6,166,3,0
STU0386,2025-01-08,6,158,3,2
STU0386,2025-01-15,2,154,1,2
STU0386,2025-01-22,7,102,2,3
STU0386,2025-01-29,6,102,1,2
STU0386,2025-02-05,6,86,2,2
STU0386,2025-02-12,6,72,1,1
STU0386,2025-02-19,5,114,3,2
STU0386,2025-02-26,2,137,3,1
STU0386,2025-03-05,7,157,3,1
STU0386,2025-03-12,1,69,2,1
STU0386,2025-03-19,5,111,3,2
STU0386,2025-03-26,2,75,3,0
STU0386,2025-04-02,1,153,2,1
STU0386,2025-04-09,3,139,1,0
STU0386,2025-04-16,2,86,3,2
STU0386,2025-04-23,7,177,2,0
STU0386,2025-04-30,6,160,2,2
STU0386,2025-05-07,7,172,1,2
STU0386,2025-05-14,5,81,1,2
STU0387,2025-01-01,10,156,2,1
STU0387,2025-01-08,6,208,3,2
STU0387,2025-01-15,10,171,3,1
STU0387,2025-01-22,8,238,2,3
STU0387,2025-01-29,6,151,4,3
STU0387,2025-02-05,4,199,3,2
STU0387,2025-02-12,4,147,4,3
STU0387,2025-02-19,5,227,3,0
STU0387,2025-02-26,6,227,4,1
STU0387,2025-03-05,10,228,3,1
STU0387,2025-03-12,10,203,3,2
STU0387,2025-03-19,7,207,2,3
STU0387,2025-03-26,5,131,3,0
STU0387,2025-04-02,5,185,4,3
STU0387,2025-04-09,8,201,4,1
STU0387,2025-04-16,7,154,3,1
STU0387,2025-04-23,10,136,2,2
STU0387,2025-04-30,9,153,3,3
STU0387,2025-05-07,5,189,3,0
STU0387,2025-05-14,4,198,3,2
STU0388,2025-01-01,6,150,3,0
STU0388,2025-01-08,4,106,3,0
STU0388,2025-01-15,6,195,2,2
STU0388,2025-01-22,2,159,1,0
STU0388,2025-01-29,8,108,2,2
STU0388,2025-02-05,6,145,3,1
STU0388,2025-02-12,4,197,2,1
STU0388,2025-02-19,2,114,1,1
STU0388,2025-02-26,3,197,1,1
STU0388,2025-03-05,5,184,1,2
STU0388,2025-03-12,4,92,2,1
STU0388,2025-03-19,3,174,3,2
STU0388,2025-03-26,8,188,1,0
STU0388,2025-04-02,5,122,3,3
STU0388,2025-04-09,6,180,2,0
STU0388,2025-04-16,8,177,2,0
STU0388,2025-04-23,6,201,3,1
STU0388,2025-04-30,3,150,1,3
STU0388,2025-05-07,4,151,2,0
STU0388,2025-05-14,2,103,3,0
STU0389,2025-01-01,11,252,3,4
STU0389,2025-01-08,7,192,4,1
STU0389,2025-01-15,9,262,4,2
STU0389,2025-01-22,6,262,2,1
STU0389,2025-01-29,11,261,3,1
STU0389,2025-02-05,7,180,4,3
STU0389,2025-02-12,11,162,2,1
STU0389,2025-02-19,8,220,4,4
STU0389,2025-02-26,9,199,2,3
STU0389,2025-03-05,8,240,4,1
STU0389,2025-03-12,5,269,3,2
STU0389,2025-03-19,6,200,2,1
STU0389,2025-03-26,8,263,3,3
STU0389,2025-04-02,9,168,3,3
STU0389,2025-04-09,11,228,4,1
STU0389,2025-04-16,9,277,2,2
STU0389,2025-04-23,11,231,2,4
STU0389,2025-04-30,5,248,3,3
STU0389,2025-05-07,8,161,3,1
STU0389,2025-05-14,8,214,2,3
STU0390,2025-01-01,11,315,4,3
STU0390,2025-01-08,9,297,3,2
STU0390,2025-01-15,8,330,3,2
STU0390,2025-01-22,13,345,4,2
STU0390,2025-01-29,9,354,3,4
STU0390,2025-02-05,14,238,3,4
STU0390,2025-02-12,9,324,4,3
STU0390,2025-02-19,10,281,3,4
STU0390,2025-02-26,12,357,4,1
STU0390,2025-03-05,9,299,3,2
STU0390,2025-03-12,10,240,5,3
STU0390,2025-03-19,12,297,5,3
STU0390,2025-03-26,9,252,4,1
STU0390,2025-04-02,14,348,3,4
STU0390,2025-04-09,13,274,3,2
STU0390,2025-04-16,12,328,3,1
STU0390,2025-04-23,13,331,4,3
STU0390,2025-04-30,10,277,5,3
STU0390,2025-05-07,12,240,4,2
STU0390,2025-05-14,8,310,5,3
STU0391,2025-01-01,8,104,3,3
STU0391,2025-01-08,6,130,3,3
STU0391,2025-01-15,2,145,1,2
STU0391,2025-01-22,2,195,3,1
STU0391,2025-01-29,3,169,3,1
STU0391,2025-02-05,8,90,1,0
STU0391,2025-02-12,8,141,3,1
STU0391,2025-02-19,8,106,1,2
STU0391,2025-02-26,3,188,3,2
STU0391,2025-03-05,4,189,1,0
STU0391,2025-03-12,3,120,3,3
STU0391,2025-03-19,6,128,2,2
STU0391,2025-03-26,8,107,1,1
STU0391,2025-04-02,5,136,1,0
STU0391,2025-04-09,3,158,1,0
STU0391,2025-04-16,2,155,2,1
STU0391,2025-04-23,2,185,2,0
STU0391,2025-04-30,7,104,2,2
STU0391,2025-05-07,2,119,1,3
STU0391,2025-05-14,8,110,3,2
STU0392,2025-01-01,2,155,2,3
STU0392,2025-01-08,3,137,2,3
STU0392,2025-01-15,7,117,0,3
STU0392,2025-01-22,1,82,1,2
STU0392,2025-01-29,4,77,0,2
STU0392,2025-02-05,3,97,0,3
STU0392,2025-02-12,3,74,0,3
STU0392,2025-02-19,5,173,0,2
STU0392,2025-02-26,7,117,1,2
STU0392,2025-03-05,1,139,2,0
STU0392,2025-03-12,3,96,1,0
STU0392,2025-03-19,4,96,1,3
STU0392,2025-03-26,5,150,0,1
STU0392,2025-04-02,3,62,2,3
STU0392,2025-04-09,7,109,1,0
STU0392,2025-04-16,7,139,0,3
STU0392,2025-04-23,7,62,0,3
STU0392,2025-04-30,3,133,2,0
STU0392,2025-05-07,1,108,0,0
STU0392,2025-05-14,2,166,0,1
STU0393,2025-01-01,6,214,3,4
STU0393,2025-01-08,9,226,3,2
STU0393,2025-01-15,6,279,3,2
STU0393,2025-01-22,8,246,2,3
STU0393,2025-01-29,11,202,3,3
STU0393,2025-02-05,6,224,3,3
STU0393,2025-02-12,8,225,4,1
STU0393,2025-02-19,12,207,3,2
STU0393,2025-02-26,10,235,4,4
STU0393,2025-03-05,9,287,3,1
STU0393,2025-03-12,12,206,2,3
STU0393,2025-03-19,11,231,2,4
STU0393,2025-03-26,11,204,2,2
STU0393,2025-04-02,6,187,2,2
STU0393,2025-04-09,12,227,4,2
STU0393,2025-04-16,12,219,2,1
STU0393,2025-04-23,6,205,3,2
STU0393,2025-04-30,7,189,2,2
STU0393,2025-05-07,12,246,2,3
STU0393,2025-05-14,7,248,2,3
STU0394,2025-01-01,10,139,3,1
STU0394,2025-01-08,9,200,3,1
STU0394,2025-01-15,8,164,2,0
STU0394,2025-01-22,7,136,4,2
STU0394,2025-01-29,7,182,2,0
STU0394,2025-02-05,5,218,3,0
STU0394,2025-02-12,9,161,4,0
STU0394,2025-02-19,9,153,2,1
STU0394,2025-02-26,4,158,4,1
STU0394,2025-03-05,7,221,2,2
STU0394,2025-03-12,9,187,2,0
STU0394,2025-03-19,9,184,2,0
STU0394,2025-03-26,4,173,4,3
STU0394,2025-04-02,7,237,3,1
STU0394,2025-04-09,5,191,3,2
STU0394,2025-04-16,8,143,3,1
STU0394,2025-04-23,4,227,2,3
STU0394,2025-04-30,10,136,4,0
STU0394,2025-05-07,5,131,4,1
STU0394,2025-05-14,8,183,4,2
STU0395,2025-01-01,4,163,1,2
STU0395,2025-01-08,3,206,2,2
STU0395,2025-01-15,9,176,2,2
STU0395,2025-01-22,3,155,3,3
STU0395,2025-01-29,7,179,1,1
STU0395,2025-02-05,4,190,3,0
STU0395,2025-02-12,8,216,3,0
STU0395,2025-02-19,4,177,3,0
STU0395,2025-02-26,7,121,3,0
STU0395,2025-03-05,6,173,3,0
STU0395,2025-03-12,3,186,3,1
STU0395,2025-03-19,9,175,2,0
STU0395,2025-03-26,6,188,2,3
STU0395,2025-04-02,6,179,2,3
STU0395,2025-04-09,9,163,2,0
STU0395,2025-04-16,4,123,3,3
STU0395,2025-04-23,6,204,3,2
STU0395,2025-04-30,8,146,2,0
STU0395,2025-05-07,5,220,2,2
STU0395,2025-05-14,6,149,1,3
STU0396,2025-01-01,5,207,3,1
STU0396,2025-01-08,5,216,3,0
STU0396,2025-01-15,4,114,3,0
STU0396,2025-01-22,7,97,1,1
STU0396,2025-01-29,7,183,2,2
STU0396,2025-02-05,7,130,3,2
STU0396,2025-02-12,5,153,1,2
STU0396,2025-02-19,4,145,2,0
STU0396,2025-02-26,9,153,1,2
STU0396,2025-03-05,9,176,3,0
STU0396,2025-03-12,4,109,1,2
STU0396,2025-03-19,6,214,3,2
STU0396,2025-03-26,4,159,2,0
STU0396,2025-04-02,8,129,2,3
STU0396,2025-04-09,5,137,2,1
STU0396,2025-04-16,3,177,1,0
STU0396,2025-04-23,4,163,1,3
STU0396,2025-04-30,5,108,1,2
STU0396,2025-05-07,6,119,3,1
STU0396,2025-05-14,6,194,1,1
STU0397,2025-01-01,9,192,5,1
STU0397,2025-01-08,10,232,3,1
STU0397,2025-01-15,7,293,5,1
STU0397,2025-01-22,11,291,3,2
STU0397,2025-01-29,7,244,5,4
STU0397,2025-02-05,6,232,5,3
STU0397,2025-02-12,12,207,4,1
STU0397,2025-02-19,6,304,5,4
STU0397,2025-02-26,11,225,3,2
STU0397,2025-03-05,7,203,5,3
STU0397,2025-03-12,10,215,3,2
STU0397,2025-03-19,7,267,4,3
STU0397,2025-03-26,9,191,3,3
STU0397,2025-04-02,6,267,4,1
STU0397,2025-04-09,11,298,5,1
STU0397,2025-04-16,8,293,5,3
STU0397,2025-04-23,8,217,4,2
STU0397,2025-04-30,11,287,4,3
STU0397,2025-05-07,10,296,5,1
STU0397,2025-05-14,10,247,3,1
STU0398,2025-01-01,4,156,3,2
STU0398,2025-01-08,2,139,2,3
STU0398,2025-01-15,3,84,3,2
STU0398,2025-01-22,6,174,2,2
STU0398,2025-01-29,1,139,1,3
STU0398,2025-02-05,1,126,3,2
STU0398,2025-02-12,6,133,2,1
STU0398,2025-02-19,4,153,3,2
STU0398,2025-02-26,2,148,3,0
STU0398,2025-03-05,7,146,1,1
STU0398,2025-03-12,5,172,1,3
STU0398,2025-03-19,1,69,1,0
STU0398,2025-03-26,1,179,1,0
STU0398,2025-04-02,4,68,2,0
STU0398,2025-04-09,3,155,2,3
STU0398,2025-04-16,2,124,2,0
STU0398,2025-04-23,3,81,1,3
STU0398,2025-04-30,6,64,1,0
STU0398,2025-05-07,4,181,1,3
STU0398,2025-05-14,7,71,3,0
STU0399,2025-01-01,8,232,2,1
STU0399,2025-01-08,8,162,4,3
STU0399,2025-01-15,9,267,2,1
STU0399,2025-01-22,11,262,3,4
STU0399,2025-01-29,5,220,3,4
STU0399,2025-02-05,8,208,4,3
STU0399,2025-02-12,5,233,3,4
STU0399,2025-02-19,11,152,3,3
STU0399,2025-02-26,9,189,4,3
STU0399,2025-03-05,11,226,3,3
STU0399,2025-03-12,10,163,3,3
STU0399,2025-03-19,5,262,3,4
STU0399,2025-03-26,7,255,3,2
STU0399,2025-04-02,9,200,4,3
STU0399,2025-04-09,7,159,2,4
STU0399,2025-04-16,7,260,2,4
STU0399,2025-04-23,8,199,3,2
STU0399,2025-04-30,5,189,3,2
STU0399,2025-05-07,7,253,3,1
STU0399,2025-05-14,10,205,4,2
STU0400,2025-01-01,7,179,2,2
STU0400,2025-01-08,9,236,2,4
STU0400,2025-01-15,10,215,2,4
STU0400,2025-01-22,7,206,3,3
STU0400,2025-01-29,9,263,4,4
STU0400,2025-02-05,9,176,2,3
STU0400,2025-02-12,8,251,3,2
STU0400,2025-02-19,9,285,4,2
STU0400,2025-02-26,8,190,3,2
STU0400,2025-03-05,7,214,4,2
STU0400,2025-03-12,10,279,4,4
STU0400,2025-03-19,6,284,2,3
STU0400,2025-03-26,7,212,2,2
STU0400,2025-04-02,9,191,3,2
STU0400,2025-04-09,8,236,3,1
STU0400,2025-04-16,10,191,2,1
STU0400,2025-04-23,11,200,2,3
STU0400,2025-04-30,11,232,3,3
STU0400,2025-05-07,7,220,2,3
STU0400,2025-05-14,11,268,3,4
STU0401,2025-01-01,4,240,2,0
STU0401,2025-01-08,10,231,3,1
STU0401,2025-01-15,7,185,3,1
STU0401,2025-01-22,5,253,4,1
STU0401,2025-01-29,4,141,3,0
STU0401,2025-02-05,4,248,4,1
STU0401,2025-02-12,7,208,4,2
STU0401,2025-02-19,5,216,4,3
STU0401,2025-02-26,10,174,4,0
STU0401,2025-03-05,5,248,4,1
STU0401,2025-03-12,5,219,3,1
STU0401,2025-03-19,5,178,4,2
STU0401,2025-03-26,9,185,4,3
STU0401,2025-04-02,5,240,4,1
STU0401,2025-04-09,9,221,4,2
STU0401,2025-04-16,7,145,3,2
STU0401,2025-04-23,8,147,3,0
STU0401,2025-04-30,6,179,3,3
STU0401,2025-05-07,4,162,4,3
STU0401,2025-05-14,10,227,2,2
STU0402,2025-01-01,10,284,4,1
STU0402,2025-01-08,13,283,3,3
STU0402,2025-01-15,8,236,3,3
STU0402,2025-01-22,11,235,4,3
STU0402,2025-01-29,11,277,5,2
STU0402,2025-02-05,8,233,4,4
STU0402,2025-02-12,7,259,4,3
STU0402,2025-02-19,8,266,4,3
STU0402,2025-02-26,7,268,5,3
STU0402,2025-03-05,12,259,4,2
STU0402,2025-03-12,10,280,4,2
STU0402,2025-03-19,11,205,5,2
STU0402,2025-03-26,10,260,5,1
STU0402,2025-04-02,9,202,3,3
STU0402,2025-04-09,13,250,4,1
STU0402,2025-04-16,11,265,5,1
STU0402,2025-04-23,10,232,4,1
STU0402,2025-04-30,11,269,4,4
STU0402,2025-05-07,12,245,3,3
STU0402,2025-05-14,9,222,3,4
STU0403,2025-01-01,6,251,2,0
STU0403,2025-01-08,9,147,2,0
STU0403,2025-01-15,8,157,4,2
STU0403,2025-01-22,6,216,4,2
STU0403,2025-01-29,5,146,4,0
STU0403,2025-02-05,9,153,2,2
STU0403,2025-02-12,8,249,3,3
STU0403,2025-02-19,5,160,2,0
STU0403,2025-02-26,10,253,4,3
STU0403,2025-03-05,8,221,4,2
STU0403,2025-03-12,5,192,3,0
STU0403,2025-03-19,4,195,3,0
STU0403,2025-03-26,7,215,4,0
STU0403,2025-04-02,9,238,3,1
STU0403,2025-04-09,5,195,2,0
STU0403,2025-04-16,8,217,2,3
STU0403,2025-04-23,5,213,4,3
STU0403,2025-04-30,9,179,2,2
STU0403,2025-05-07,9,251,2,3
STU0403,2025-05-14,6,191,2,3
STU0404,2025-01-01,12,296,5,1
STU0404,2025-01-08,9,246,5,3
STU0404,2025-01-15,8,216,5,1
STU0404,2025-01-22,13,281,3,4
STU0404,2025-01-29,10,222,3,3
STU0404,2025-02-05,11,307,4,1
STU0404,2025-02-12,9,309,4,4
STU0404,2025-02-19,13,214,5,2
STU0404,2025-02-26,13,301,3,4
STU0404,2025-03-05,8,249,4,4
STU0404,2025-03-12,7,208,5,4
STU0404,2025-03-19,11,265,5,3
STU0404,2025-03-26,7,288,4,4
STU0404,2025-04-02,11,251,4,3
STU0404,2025-04-09,9,314,5,2
STU0404,2025-04-16,9,308,4,2
STU0404,2025-04-23,8,239,5,4
STU0404,2025-04-30,11,247,4,4
STU0404,2025-05-07,11,214,3,2
STU0404,2025-05-14,8,208,5,4
STU0405,2025-01-01,6,149,2,2
STU0405,2025-01-08,4,122,3,3
STU0405,2025-01-15,8,161,3,2
STU0405,2025-01-22,7,167,1,3
STU0405,2025-01-29,5,130,1,1
STU0405,2025-02-05,5,234,3,0
STU0405,2025-02-12,9,133,3,1
STU0405,2025-02-19,5,219,1,3
STU0405,2025-02-26,3,144,2,2
STU0405,2025-03-05,4,164,3,3
STU0405,2025-03-12,7,161,2,2
STU0405,2025-03-19,4,234,3,0
STU0405,2025-03-26,6,196,3,0
STU0405,2025-04-02,4,193,2,3
STU0405,2025-04-09,7,214,3,1
STU0405,2025-04-16,4,130,2,3
STU0405,2025-04-23,6,233,1,3
STU0405,2025-04-30,4,193,3,2
STU0405,2025-05-07,7,127,1,3
STU0405,2025-05-14,4,212,1,2
STU0406,2025-01-01,5,166,3,4
STU0406,2025-01-08,7,210,2,3
STU0406,2025-01-15,11,170,2,3
STU0406,2025-01-22,8,225,2,4
STU0406,2025-01-29,11,173,4,1
STU0406,2025-02-05,10,211,2,3
STU0406,2025-02-12,7,178,2,1
STU0406,2025-02-19,11,194,2,2
STU0406,2025-02-26,9,246,4,4
STU0406,2025-03-05,5,151,4,4
STU0406,2025-03-12,9,217,4,3
STU0406,2025-03-19,9,242,2,3
STU0406,2025-03-26,11,144,3,1
STU0406,2025-04-02,8,202,2,2
STU0406,2025-04-09,9,161,2,4
STU0406,2025-04-16,7,153,2,2
STU0406,2025-04-23,7,215,3,3
STU0406,2025-04-30,8,219,3,1
STU0406,2025-05-07,5,175,2,1
STU0406,2025-05-14,6,164,3,1
STU0407,2025-01-01,5,210,2,2
STU0407,2025-01-08,9,158,3,3
STU0407,2025-01-15,11,237,3,2
STU0407,2025-01-22,5,166,3,4
STU0407,2025-01-29,8,180,2,1
STU0407,2025-02-05,11,227,3,1
STU0407,2025-02-12,7,179,3,1
STU0407,2025-02-19,11,184,2,1
STU0407,2025-02-26,9,195,4,4
STU0407,2025-03-05,10,266,2,4
STU0407,2025-03-12,5,260,3,2
STU0407,2025-03-19,7,153,3,1
STU0407,2025-03-26,6,152,2,3
STU0407,2025-04-02,8,171,2,3
STU0407,2025-04-09,6,171,3,1
STU0407,2025-04-16,9,169,2,2
STU0407,2025-04-23,11,163,3,4
STU0407,2025-04-30,5,201,2,4
STU0407,2025-05-07,10,263,4,1
STU0407,2025-05-14,10,207,3,3
STU0408,2025-01-01,8,150,3,2
STU0408,2025-01-08,10,155,4,1
STU0408,2025-01-15,5,183,2,0
STU0408,2025-01-22,6,190,2,1
STU0408,2025-01-29,5,224,4,1
STU0408,2025-02-05,6,251,3,2
STU0408,2025-02-12,7,256,4,3
STU0408,2025-02-19,8,155,3,0
STU0408,2025-02-26,8,183,3,0
STU0408,2025-03-05,5,198,2,1
STU0408,2025-03-12,9,183,4,3
STU0408,2025-03-19,10,215,3,0
STU0408,2025-03-26,8,202,4,2
STU0408,2025-04-02,4,197,4,3
STU0408,2025-04-09,7,218,4,1
STU0408,2025-04-16,8,237,2,3
STU0408,2025-04-23,8,167,4,2
STU0408,2025-04-30,9,234,4,2
STU0408,2025-05-07,10,201,2,0
STU0408,2025-05-14,5,145,2,2
STU0409,2025-01-01,8,220,3,3
STU0409,2025-01-08,11,321,3,1
STU0409,2025-01-15,13,309,4,4
STU0409,2025-01-22,11,285,3,2
STU0409,2025-01-29,11,313,5,2
STU0409,2025-02-05,8,214,3,4
STU0409,2025-02-12,8,292,5,3
STU0409,2025-02-19,11,222,3,3
STU0409,2025-02-26,12,291,5,2
STU0409,2025-03-05,12,240,5,2
STU0409,2025-03-12,10,300,3,1
STU0409,2025-03-19,9,217,4,4
STU0409,2025-03-26,8,308,5,3
STU0409,2025-04-02,13,294,3,1
STU0409,2025-04-09,8,288,3,1
STU0409,2025-04-16,10,240,3,3
STU0409,2025-04-23,7,234,5,4
STU0409,2025-04-30,13,289,4,2
STU0409,2025-05-07,7,219,5,1
STU0409,2025-05-14,10,283,3,3
STU0410,2025-01-01,5,239,4,0
STU0410,2025-01-08,4,170,4,1
STU0410,2025-01-15,4,209,4,0
STU0410,2025-01-22,5,132,3,1
STU0410,2025-01-29,10,164,3,0
STU0410,2025-02-05,8,172,2,0
STU0410,2025-02-12,9,247,3,3
STU0410,2025-02-19,9,169,4,0
STU0410,2025-02-26,6,237,2,2
STU0410,2025-03-05,7,226,3,3
STU0410,2025-03-12,8,237,2,0
STU0410,2025-03-19,9,161,3,1
STU0410,2025-03-26,4,175,2,1
STU0410,2025-04-02,8,160,2,2
STU0410,2025-04-09,8,161,4,1
STU0410,2025-04-16,9,198,4,1
STU0410,2025-04-23,10,152,2,2
STU0410,2025-04-30,9,210,3,1
STU0410,2025-05-07,6,246,4,3
STU0410,2025-05-14,10,153,3,1
STU0411,2025-01-01,13,271,4,1
STU0411,2025-01-08,12,334,5,2
STU0411,2025-01-15,12,249,4,3
STU0411,2025-01-22,9,293,5,4
STU0411,2025-01-29,14,332,3,1
STU0411,2025-02-05,12,297,5,2
STU0411,2025-02-12,13,269,3,2
STU0411,2025-02-19,11,273,5,1
STU0411,2025-02-26,8,350,5,2
STU0411,2025-03-05,13,282,5,3
STU0411,2025-03-12,8,292,5,3
STU0411,2025-03-19,14,332,5,4
STU0411,2025-03-26,13,355,4,4
STU0411,2025-04-02,10,245,4,2
STU0411,2025-04-09,11,332,4,3
STU0411,2025-04-16,14,265,3,1
STU0411,2025-04-23,9,263,5,4
STU0411,2025-04-30,10,331,4,4
STU0411,2025-05-07,10,270,3,3
STU0411,2025-05-14,12,262,3,1
STU0412,2025-01-01,2,180,2,0
STU0412,2025-01-08,3,204,3,1
STU0412,2025-01-15,4,87,1,0
STU0412,2025-01-22,6,107,1,1
STU0412,2025-01-29,8,125,1,3
STU0412,2025-02-05,4,124,2,3
STU0412,2025-02-12,5,111,1,0
STU0412,2025-02-19,5,140,3,2
STU0412,2025-02-26,6,92,3,2
STU0412,2025-03-05,8,164,2,0
STU0412,2025-03-12,5,138,2,2
STU0412,2025-03-19,5,194,2,0
STU0412,2025-03-26,4,145,1,3
STU0412,2025-04-02,7,159,1,1
STU0412,2025-04-09,2,87,1,1
STU0412,2025-04-16,8,121,3,1
STU0412,2025-04-23,6,120,2,2
STU0412,2025-04-30,4,182,1,3
STU0412,2025-05-07,4,193,3,1
STU0412,2025-05-14,8,165,3,1
STU0413,2025-01-01,14,284,3,2
STU0413,2025-01-08,13,277,5,3
STU0413,2025-01-15,10,218,3,1
STU0413,2025-01-22,8,215,4,4
STU0413,2025-01-29,12,330,5,4
STU0413,2025-02-05,11,291,3,2
STU0413,2025-02-12,13,270,4,4
STU0413,2025-02-19,10,253,3,2
STU0413,2025-02-26,14,335,3,4
STU0413,2025-03-05,12,267,5,2
STU0413,2025-03-12,13,279,4,4
STU0413,2025-03-19,12,318,4,2
STU0413,2025-03-26,14,252,5,3
STU0413,2025-04-02,12,270,3,3
STU0413,2025-04-09,11,231,3,2
STU0413,2025-04-16,13,225,4,2
STU0413,2025-04-23,14,301,4,1
STU0413,2025-04-30,10,303,4,3
STU0413,2025-05-07,12,223,4,4
STU0413,2025-05-14,10,282,3,1
STU0414,2025-01-01,8,242,5,3
STU0414,2025-01-08,10,272,4,3
STU0414,2025-01-15,8,255,4,3
STU0414,2025-01-22,11,263,4,3
STU0414,2025-01-29,12,337,3,1
STU0414,2025-02-05,9,335,3,2
STU0414,2025-02-12,9,342,5,4
STU0414,2025-02-19,14,315,3,4
STU0414,2025-02-26,12,332,5,4
STU0414,2025-03-05,13,241,4,2
STU0414,2025-03-12,14,252,5,2
STU0414,2025-03-19,10,318,3,1
STU0414,2025-03-26,14,280,5,3
STU0414,2025-04-02,11,262,3,2
STU0414,2025-04-09,9,256,3,2
STU0414,2025-04-16,11,346,3,1
STU0414,2025-04-23,11,348,4,3
STU0414,2025-04-30,9,283,5,2
STU0414,2025-05-07,9,240,5,1
STU0414,2025-05-14,9,267,3,2
STU0415,2025-01-01,10,308,3,1
STU0415,2025-01-08,13,291,3,3
STU0415,2025-01-15,14,280,4,4
STU0415,2025-01-22,9,294,5,3
STU0415,2025-01-29,11,263,3,2
STU0415,2025-02-05,13,357,5,2
STU0415,2025-02-12,13,333,5,3
STU0415,2025-02-19,12,275,4,4
STU0415,2025-02-26,8,272,4,4
STU0415,2025-03-05,9,264,5,1
STU0415,2025-03-12,12,257,3,2
STU0415,2025-03-19,13,294,3,1
STU0415,2025-03-26,12,265,3,4
STU0415,2025-04-02,10,239,3,1
STU0415,2025-04-09,11,313,4,4
STU0415,2025-04-16,14,272,3,3
STU0415,2025-04-23,8,306,5,1
STU0415,2025-04-30,14,334,4,4
STU0415,2025-05-07,13,292,5,3
STU0415,2025-05-14,8,285,3,2
STU0416,2025-01-01,7,274,4,3
STU0416,2025-01-08,9,286,5,2
STU0416,2025-01-15,7,282,4,1
STU0416,2025-01-22,9,219,4,4
STU0416,2025-01-29,13,240,5,4
STU0416,2025-02-05,7,279,5,1
STU0416,2025-02-12,11,253,4,1
STU0416,2025-02-19,12,310,3,1
STU0416,2025-02-26,8,227,4,2
STU0416,2025-03-05,9,250,4,3
STU0416,2025-03-12,8,285,4,2
STU0416,2025-03-19,7,307,5,3
STU0416,2025-03-26,13,261,3,1
STU0416,2025-04-02,12,262,5,3
STU0416,2025-04-09,13,226,3,2
STU0416,2025-04-16,13,227,4,4
STU0416,2025-04-23,13,240,5,4
STU0416,2025-04-30,10,311,3,4
STU0416,2025-05-07,13,323,3,1
STU0416,2025-05-14,10,299,3,1
STU0417,2025-01-01,11,283,3,2
STU0417,2025-01-08,11,290,3,2
STU0417,2025-01-15,7,207,3,2
STU0417,2025-01-22,7,232,5,3
STU0417,2025-01-29,7,212,5,4
STU0417,2025-02-05,11,303,4,3
STU0417,2025-02-12,7,291,4,3
STU0417,2025-02-19,9,191,3,4
STU0417,2025-02-26,9,277,4,1
STU0417,2025-03-05,12,209,3,4
STU0417,2025-03-12,7,252,3,3
STU0417,2025-03-19,8,261,4,2
STU0417,2025-03-26,7,216,5,4
STU0417,2025-04-02,7,222,5,3
STU0417,2025-04-09,7,260,4,1
STU0417,2025-04-16,10,302,5,4
STU0417,2025-04-23,11,193,4,2
STU0417,2025-04-30,10,297,3,1
STU0417,2025-05-07,8,199,4,1
STU0417,2025-05-14,11,245,3,1
STU0418,2025-01-01,7,204,1,3
STU0418,2025-01-08,9,204,2,1
STU0418,2025-01-15,8,209,2,2
STU0418,2025-01-22,8,183,1,2
STU0418,2025-01-29,8,219,1,1
STU0418,2025-02-05,3,190,3,1
STU0418,2025-02-12,7,128,3,2
STU0418,2025-02-19,4,133,1,2
STU0418,2025-02-26,8,176,2,0
STU0418,2025-03-05,8,109,2,1
STU0418,2025-03-12,8,192,3,0
STU0418,2025-03-19,3,192,2,2
STU0418,2025-03-26,9,166,2,0
STU0418,2025-04-02,8,139,2,3
STU0418,2025-04-09,9,174,3,1
STU0418,2025-04-16,9,185,1,2
STU0418,2025-04-23,6,189,3,3
STU0418,2025-04-30,8,133,3,1
STU0418,2025-05-07,7,216,3,3
STU0418,2025-05-14,4,197,3,3
STU0419,2025-01-01,12,229,3,2
STU0419,2025-01-08,13,281,4,2
STU0419,2025-01-15,14,234,3,3
STU0419,2025-01-22,10,285,4,3
STU0419,2025-01-29,14,249,5,3
STU0419,2025-02-05,12,262,4,2
STU0419,2025-02-12,13,299,3,1
STU0419,2025-02-19,12,342,3,2
STU0419,2025-02-26,10,274,3,2
STU0419,2025-03-05,11,278,5,1
STU0419,2025-03-12,11,310,5,2
STU0419,2025-03-19,14,284,3,4
STU0419,2025-03-26,14,251,3,2
STU0419,2025-04-02,11,306,5,1
STU0419,2025-04-09,12,278,4,1
STU0419,2025-04-16,9,244,5,4
STU0419,2025-04-23,9,237,4,3
STU0419,2025-04-30,14,234,3,2
STU0419,2025-05-07,10,334,3,3
STU0419,2025-05-14,13,229,5,2
STU0420,2025-01-01,9,311,3,4
STU0420,2025-01-08,10,196,5,4
STU0420,2025-01-15,7,221,4,4
STU0420,2025-01-22,10,303,5,2
STU0420,2025-01-29,11,244,4,1
STU0420,2025-02-05,9,255,3,3
STU0420,2025-02-12,13,314,3,1
STU0420,2025-02-19,12,265,4,4
STU0420,2025-02-26,12,234,4,4
STU0420,2025-03-05,8,242,5,3
STU0420,2025-03-12,8,197,5,1
STU0420,2025-03-19,13,215,3,4
STU0420,2025-03-26,11,234,3,3
STU0420,2025-04-02,8,280,4,3
STU0420,2025-04-09,13,221,3,4
STU0420,2025-04-16,13,314,3,3
STU0420,2025-04-23,13,201,5,2
STU0420,2025-04-30,8,204,4,2
STU0420,2025-05-07,12,243,5,2
STU0420,2025-05-14,8,306,3,3
STU0421,2025-01-01,2,161,3,2
STU0421,2025-01-08,7,73,3,3
STU0421,2025-01-15,4,144,1,1
STU0421,2025-01-22,4,184,1,3
STU0421,2025-01-29,3,183,1,1
STU0421,2025-02-05,4,153,1,3
STU0421,2025-02-12,4,110,1,1
STU0421,2025-02-19,6,85,1,1
STU0421,2025-02-26,3,90,2,3
STU0421,2025-03-05,8,73,1,1
STU0421,2025-03-12,8,86,3,0
STU0421,2025-03-19,5,173,2,0
STU0421,2025-03-26,5,104,1,2
STU0421,2025-04-02,8,113,3,0
STU0421,2025-04-09,3,149,3,3
STU0421,2025-04-16,5,160,1,0
STU0421,2025-04-23,6,158,1,2
STU0421,2025-04-30,6,102,1,3
STU0421,2025-05-07,5,145,1,2
STU0421,2025-05-14,5,96,2,0
STU0422,2025-01-01,7,195,2,0
STU0422,2025-01-08,8,240,4,2
STU0422,2025-01-15,8,165,3,3
STU0422,2025-01-22,6,165,2,2
STU0422,2025-01-29,8,220,4,2
STU0422,2025-02-05,9,140,4,2
STU0422,2025-02-12,9,250,4,1
STU0422,2025-02-19,10,159,2,2
STU0422,2025-02-26,9,215,4,1
STU0422,2025-03-05,5,243,4,2
STU0422,2025-03-12,10,137,3,2
STU0422,2025-03-19,10,173,2,1
STU0422,2025-03-26,9,201,4,0
STU0422,2025-04-02,5,176,3,3
STU0422,2025-04-09,9,146,4,1
STU0422,2025-04-16,7,204,2,3
STU0422,2025-04-23,7,167,3,2
STU0422,2025-04-30,9,187,3,3
STU0422,2025-05-07,8,211,2,3
STU0422,2025-05-14,9,199,3,2
STU0423,2025-01-01,8,256,4,1
STU0423,2025-01-08,13,250,3,2
STU0423,2025-01-15,11,245,4,2
STU0423,2025-01-22,14,349,5,4
STU0423,2025-01-29,8,338,5,3
STU0423,2025-02-05,10,277,4,4
STU0423,2025-02-12,13,281,3,3
STU0423,2025-02-19,10,318,3,3
STU0423,2025-02-26,9,355,3,4
STU0423,2025-03-05,8,277,4,1
STU0423,2025-03-12,12,277,3,2
STU0423,2025-03-19,13,321,5,2
STU0423,2025-03-26,9,340,4,1
STU0423,2025-04-02,10,329,3,1
STU0423,2025-04-09,13,239,3,1
STU0423,2025-04-16,12,241,4,1
STU0423,2025-04-23,13,276,5,3
STU0423,2025-04-30,13,259,5,1
STU0423,2025-05-07,11,277,4,1
STU0423,2025-05-14,13,333,5,1
STU0424,2025-01-01,5,245,4,4
STU0424,2025-01-08,10,192,3,3
STU0424,2025-01-15,5,238,3,2
STU0424,2025-01-22,8,188,3,3
STU0424,2025-01-29,7,204,3,3
STU0424,2025-02-05,11,234,2,3
STU0424,2025-02-12,8,217,4,2
STU0424,2025-02-19,10,256,3,3
STU0424,2025-02-26,7,239,3,2
STU0424,2025-03-05,6,170,3,1
STU0424,2025-03-12,5,251,2,4
STU0424,2025-03-19,5,166,2,4
STU0424,2025-03-26,9,202,4,4
STU0424,2025-04-02,8,222,3,4
STU0424,2025-04-09,10,179,4,2
STU0424,2025-04-16,5,180,4,4
STU0424,2025-04-23,8,195,3,4
STU0424,2025-04-30,7,208,3,4
STU0424,2025-05-07,9,273,3,2
STU0424,2025-05-14,5,251,4,2
STU0425,2025-01-01,14,286,4,4
STU0425,2025-01-08,8,248,4,2
STU0425,2025-01-15,14,282,3,3
STU0425,2025-01-22,9,254,5,2
STU0425,2025-01-29,14,308,4,2
STU0425,2025-02-05,14,350,5,1
STU0425,2025-02-12,12,297,5,2
STU0425,2025-02-19,13,331,5,4
STU0425,2025-02-26,10,314,3,4
STU0425,2025-03-05,13,253,4,3
STU0425,2025-03-12,8,264,3,3
STU0425,2025-03-19,12,331,4,2
STU0425,2025-03-26,14,239,4,1
STU0425,2025-04-02,9,346,5,3
STU0425,2025-04-09,11,322,4,3
STU0425,2025-04-16,10,318,5,1
STU0425,2025-04-23,11,311,4,3
STU0425,2025-04-30,9,315,3,3
STU0425,2025-05-07,8,250,3,2
STU0425,2025-05-14,11,275,4,2
STU0426,2025-01-01,6,167,3,2
STU0426,2025-01-08,1,111,3,3
STU0426,2025-01-15,4,151,1,0
STU0426,2025-01-22,4,160,2,3
STU0426,2025-01-29,3,63,3,2
STU0426,2025-02-05,3,153,1,1
STU0426,2025-02-12,4,103,1,0
STU0426,2025-02-19,6,115,1,2
STU0426,2025-02-26,3,125,3,0
STU0426,2025-03-05,3,171,2,3
STU0426,2025-03-12,6,71,1,1
STU0426,2025-03-19,4,156,3,1
STU0426,2025-03-26,5,123,3,1
STU0426,2025-04-02,3,125,2,2
STU0426,2025-04-09,4,95,1,3
STU0426,2025-04-16,3,90,3,0
STU0426,2025-04-23,5,103,2,3
STU0426,2025-04-30,1,126,3,3
STU0426,2025-05-07,7,95,3,0
STU0426,2025-05-14,4,130,2,3
STU0427,2025-01-01,10,322,4,4
STU0427,2025-01-08,8,322,4,1
STU0427,2025-01-15,13,317,4,1
STU0427,2025-01-22,8,305,3,3
STU0427,2025-01-29,10,260,4,2
STU0427,2025-02-05,14,277,5,1
STU0427,2025-02-12,8,240,4,4
STU0427,2025-02-19,8,335,5,4
STU0427,2025-02-26,13,289,3,2
STU0427,2025-03-05,13,321,4,3
STU0427,2025-03-12,9,236,3,4
STU0427,2025-03-19,13,258,4,1
STU0427,2025-03-26,10,253,4,3
STU0427,2025-04-02,14,318,3,1
STU0427,2025-04-09,9,302,3,2
STU0427,2025-04-16,9,241,5,3
STU0427,2025-04-23,9,335,5,1
STU0427,2025-04-30,8,330,5,1
STU0427,2025-05-07,12,296,5,3
STU0427,2025-05-14,14,258,4,3
STU0428,2025-01-01,4,241,2,3
STU0428,2025-01-08,4,132,2,3
STU0428,2025-01-15,9,240,4,3
STU0428,2025-01-22,6,172,4,3
STU0428,2025-01-29,4,234,4,2
STU0428,2025-02-05,5,225,2,3
STU0428,2025-02-12,5,239,3,3
STU0428,2025-02-19,8,145,4,0
STU0428,2025-02-26,10,149,4,1
STU0428,2025-03-05,6,153,3,2
STU0428,2025-03-12,10,169,2,1
STU0428,2025-03-19,4,169,2,2
STU0428,2025-03-26,10,196,2,1
STU0428,2025-04-02,4,151,3,0
STU0428,2025-04-09,6,188,2,3
STU0428,2025-04-16,10,241,2,2
STU0428,2025-04-23,9,167,3,3
STU0428,2025-04-30,5,153,4,0
STU0428,2025-05-07,10,213,3,2
STU0428,2025-05-14,4,198,3,0
STU0429,2025-01-01,8,149,2,2
STU0429,2025-01-08,9,166,4,3
STU0429,2025-01-15,5,174,3,2
STU0429,2025-01-22,7,178,3,4
STU0429,2025-01-29,7,209,3,3
STU0429,2025-02-05,7,239,4,4
STU0429,2025-02-12,8,163,2,4
STU0429,2025-02-19,9,246,2,3
STU0429,2025-02-26,11,206,3,4
STU0429,2025-03-05,6,199,2,2
STU0429,2025-03-12,5,231,4,4
STU0429,2025-03-19,8,242,2,4
STU0429,2025-03-26,11,174,2,2
STU0429,2025-04-02,11,194,3,1
STU0429,2025-04-09,8,161,4,2
STU0429,2025-04-16,7,187,2,3
STU0429,2025-04-23,7,211,4,3
STU0429,2025-04-30,5,156,4,2
STU0429,2025-05-07,9,215,4,1
STU0429,2025-05-14,9,152,2,1
STU0430,2025-01-01,8,245,4,2
STU0430,2025-01-08,14,298,5,1
STU0430,2025-01-15,8,309,3,1
STU0430,2025-01-22,11,316,3,3
STU0430,2025-01-29,12,320,5,2
STU0430,2025-02-05,10,224,3,1
STU0430,2025-02-12,11,310,3,4
STU0430,2025-02-19,13,284,3,4
STU0430,2025-02-26,9,327,5,4
STU0430,2025-03-05,8,248,4,3
STU0430,2025-03-12,8,310,4,2
STU0430,2025-03-19,13,229,3,3
STU0430,2025-03-26,10,340,4,3
STU0430,2025-04-02,13,330,3,4
STU0430,2025-04-09,10,247,3,3
STU0430,2025-04-16,11,286,5,2
STU0430,2025-04-23,8,263,5,2
STU0430,2025-04-30,8,259,4,2
STU0430,2025-05-07,12,244,3,2
STU0430,2025-05-14,9,235,3,1
STU0431,2025-01-01,3,206,3,1
STU0431,2025-01-08,7,197,2,1
STU0431,2025-01-15,4,148,2,1
STU0431,2025-01-22,4,141,2,0
STU0431,2025-01-29,3,174,2,1
STU0431,2025-02-05,6,110,2,3
STU0431,2025-02-12,9,139,2,1
STU0431,2025-02-19,7,155,3,1
STU0431,2025-02-26,4,143,2,1
STU0431,2025-03-05,3,216,3,2
STU0431,2025-03-12,5,209,2,3
STU0431,2025-03-19,7,103,2,1
STU0431,2025-03-26,5,148,1,2
STU0431,2025-04-02,6,110,2,0
STU0431,2025-04-09,3,207,2,3
STU0431,2025-04-16,3,105,3,3
STU0431,2025-04-23,7,148,2,2
STU0431,2025-04-30,3,148,2,0
STU0431,2025-05-07,3,116,1,2
STU0431,2025-05-14,6,190,2,0
STU0432,2025-01-01,9,308,3,4
STU0432,2025-01-08,10,225,4,2
STU0432,2025-01-15,7,301,3,3
STU0432,2025-01-22,9,242,4,1
STU0432,2025-01-29,8,267,3,2
STU0432,2025-02-05,12,244,5,4
STU0432,2025-02-12,12,285,5,2
STU0432,2025-02-19,13,230,5,1
STU0432,2025-02-26,7,302,5,1
STU0432,2025-03-05,10,268,5,3
STU0432,2025-03-12,12,275,4,1
STU0432,2025-03-19,12,289,3,2
STU0432,2025-03-26,7,310,4,4
STU0432,2025-04-02,13,286,4,1
STU0432,2025-04-09,8,279,3,3
STU0432,2025-04-16,10,317,5,4
STU0432,2025-04-23,8,263,4,4
STU0432,2025-04-30,13,221,5,4
STU0432,2025-05-07,7,253,5,1
STU0432,2025-05-14,7,279,4,1
STU0433,2025-01-01,5,103,1,2
STU0433,2025-01-08,3,215,3,0
STU0433,2025-01-15,8,165,3,3
STU0433,2025-01-22,3,210,1,2
STU0433,2025-01-29,3,189,2,3
STU0433,2025-02-05,6,104,1,2
STU0433,2025-02-12,8,161,1,0
STU0433,2025-02-19,7,118,2,1
STU0433,2025-02-26,6,222,2,3
STU0433,2025-03-05,9,138,2,1
STU0433,2025-03-12,4,186,2,0
STU0433,2025-03-19,8,159,2,3
STU0433,2025-03-26,6,123,1,1
STU0433,2025-04-02,8,171,3,1
STU0433,2025-04-09,8,189,2,1
STU0433,2025-04-16,3,111,2,2
STU0433,2025-04-23,7,158,1,3
STU0433,2025-04-30,3,177,3,1
STU0433,2025-05-07,5,163,2,0
STU0433,2025-05-14,3,160,1,2
STU0434,2025-01-01,8,297,5,1
STU0434,2025-01-08,12,212,4,2
STU0434,2025-01-15,10,292,4,3
STU0434,2025-01-22,12,268,4,4
STU0434,2025-01-29,7,303,5,1
STU0434,2025-02-05,11,201,3,1
STU0434,2025-02-12,9,237,4,1
STU0434,2025-02-19,12,211,4,1
STU0434,2025-02-26,11,204,4,1
STU0434,2025-03-05,8,223,3,3
STU0434,2025-03-12,9,265,3,1
STU0434,2025-03-19,7,263,3,3
STU0434,2025-03-26,10,203,3,1
STU0434,2025-04-02,7,212,4,3
STU0434,2025-04-09,7,286,5,2
STU0434,2025-04-16,6,269,4,3
STU0434,2025-04-23,11,204,3,1
STU0434,2025-04-30,9,234,5,1
STU0434,2025-05-07,6,234,5,4
STU0434,2025-05-14,12,284,5,1
STU0435,2025-01-01,4,158,3,3
STU0435,2025-01-08,8,175,3,2
STU0435,2025-01-15,4,214,2,1
STU0435,2025-01-22,7,116,2,1
STU0435,2025-01-29,7,224,2,1
STU0435,2025-02-05,5,175,1,3
STU0435,2025-02-12,9,205,3,1
STU0435,2025-02-19,7,172,1,1
STU0435,2025-02-26,3,120,3,2
STU0435,2025-03-05,8,174,1,2
STU0435,2025-03-12,3,177,2,1
STU0435,2025-03-19,5,194,1,0
STU0435,2025-03-26,9,202,1,1
STU0435,2025-04-02,3,197,3,1
STU0435,2025-04-09,7,176,3,1
STU0435,2025-04-16,7,121,2,2
STU0435,2025-04-23,5,221,2,0
STU0435,2025-04-30,8,193,2,2
STU0435,2025-05-07,4,135,1,0
STU0435,2025-05-14,4,150,3,2
STU0436,2025-01-01,12,295,4,2
STU0436,2025-01-08,8,308,5,3
STU0436,2025-01-15,9,282,3,2
STU0436,2025-01-22,8,199,4,1
STU0436,2025-01-29,13,195,4,1
STU0436,2025-02-05,13,262,5,3
STU0436,2025-02-12,12,286,3,1
STU0436,2025-02-19,10,272,4,2
STU0436,2025-02-26,8,311,3,4
STU0436,2025-03-05,11,223,4,1
STU0436,2025-03-12,12,312,3,4
STU0436,2025-03-19,8,257,4,1
STU0436,2025-03-26,9,295,3,3
STU0436,2025-04-02,12,219,4,4
STU0436,2025-04-09,10,305,5,3
STU0436,2025-04-16,7,236,4,1
STU0436,2025-04-23,11,230,4,1
STU0436,2025-04-30,10,227,4,3
STU0436,2025-05-07,10,217,4,1
STU0436,2025-05-14,7,258,4,1
STU0437,2025-01-01,13,265,3,2
STU0437,2025-01-08,14,335,3,1
STU0437,2025-01-15,11,248,4,1
STU0437,2025-01-22,12,277,3,2
STU0437,2025-01-29,13,342,5,2
STU0437,2025-02-05,11,326,3,2
STU0437,2025-02-12,14,344,4,1
STU0437,2025-02-19,12,322,3,3
STU0437,2025-02-26,11,299,4,4
STU0437,2025-03-05,11,344,4,2
STU0437,2025-03-12,9,283,5,3
STU0437,2025-03-19,8,281,5,1
STU0437,2025-03-26,13,305,4,4
STU0437,2025-04-02,10,268,3,2
STU0437,2025-04-09,14,324,3,2
STU0437,2025-04-16,14,250,5,3
STU0437,2025-04-23,13,336,3,1
STU0437,2025-04-30,9,253,3,1
STU0437,2025-05-07,14,230,3,1
STU0437,2025-05-14,13,244,4,2
STU0438,2025-01-01,7,165,4,3
STU0438,2025-01-08,10,216,2,2
STU0438,2025-01-15,5,262,2,1
STU0438,2025-01-22,11,199,2,1
STU0438,2025-01-29,5,222,4,1
STU0438,2025-02-05,10,229,4,3
STU0438,2025-02-12,5,201,3,3
STU0438,2025-02-19,9,252,4,2
STU0438,2025-02-26,7,202,2,3
STU0438,2025-03-05,11,159,2,1
STU0438,2025-03-12,7,238,3,2
STU0438,2025-03-19,10,265,4,4
STU0438,2025-03-26,5,203,4,2
STU0438,2025-04-02,11,163,3,3
STU0438,2025-04-09,7,214,4,1
STU0438,2025-04-16,8,184,4,3
STU0438,2025-04-23,6,169,3,3
STU0438,2025-04-30,10,229,4,4
STU0438,2025-05-07,8,265,2,1
STU0438,2025-05-14,8,155,2,4
STU0439,2025-01-01,8,220,3,1
STU0439,2025-01-08,10,201,3,4
STU0439,2025-01-15,5,243,2,3
STU0439,2025-01-22,6,266,4,3
STU0439,2025-01-29,5,244,3,2
STU0439,2025-02-05,11,258,3,3
STU0439,2025-02-12,5,229,4,4
STU0439,2025-02-19,8,215,4,3
STU0439,2025-02-26,6,151,3,3
STU0439,2025-03-05,7,197,3,3
STU0439,2025-03-12,10,222,4,1
STU0439,2025-03-19,9,268,4,4
STU0439,2025-03-26,6,255,2,3
STU0439,2025-04-02,11,240,2,2
STU0439,2025-04-09,7,149,4,3
STU0439,2025-04-16,5,259,2,2
STU0439,2025-04-23,8,181,4,1
STU0439,2025-04-30,8,166,3,3
STU0439,2025-05-07,6,264,2,3
STU0439,2025-05-14,8,233,3,1
STU0440,2025-01-01,9,283,5,2
STU0440,2025-01-08,8,307,5,1
STU0440,2025-01-15,11,254,4,4
STU0440,2025-01-22,9,245,3,2
STU0440,2025-01-29,9,247,5,1
STU0440,2025-02-05,8,293,5,4
STU0440,2025-02-12,12,245,3,4
STU0440,2025-02-19,12,247,5,1
STU0440,2025-02-26,8,259,5,1
STU0440,2025-03-05,7,211,5,1
STU0440,2025-03-12,11,258,5,3
STU0440,2025-03-19,7,217,5,2
STU0440,2025-03-26,13,248,4,1
STU0440,2025-04-02,7,289,5,2
STU0440,2025-04-09,7,273,3,3
STU0440,2025-04-16,10,266,5,2
STU0440,2025-04-23,9,262,4,2
STU0440,2025-04-30,8,197,5,4
STU0440,2025-05-07,9,211,3,4
STU0440,2025-05-14,10,232,5,4
STU0441,2025-01-01,4,152,3,3
STU0441,2025-01-08,5,189,4,0
STU0441,2025-01-15,4,235,4,3
STU0441,2025-01-22,8,135,4,3
STU0441,2025-01-29,5,238,3,1
STU0441,2025-02-05,5,212,4,2
STU0441,2025-02-12,6,236,3,3
STU0441,2025-02-19,8,241,3,2
STU0441,2025-02-26,8,248,3,0
STU0441,2025-03-05,8,175,2,1
STU0441,2025-03-12,8,182,2,1
STU0441,2025-03-19,7,147,3,0
STU0441,2025-03-26,7,172,3,3
STU0441,2025-04-02,8,149,4,3
STU0441,2025-04-09,7,147,4,1
STU0441,2025-04-16,10,239,3,0
STU0441,2025-04-23,10,222,4,3
STU0441,2025-04-30,8,222,3,0
STU0441,2025-05-07,6,150,4,3
STU0441,2025-05-14,8,216,4,1
STU0442,2025-01-01,7,258,4,4
STU0442,2025-01-08,8,244,2,3
STU0442,2025-01-15,5,271,4,3
STU0442,2025-01-22,7,274,2,3
STU0442,2025-01-29,8,164,3,4
STU0442,2025-02-05,6,207,4,4
STU0442,2025-02-12,8,263,2,2
STU0442,2025-02-19,7,218,3,3
STU0442,2025-02-26,7,265,3,1
STU0442,2025-03-05,7,211,3,2
STU0442,2025-03-12,5,190,2,1
STU0442,2025-03-19,9,274,4,3
STU0442,2025-03-26,6,176,2,2
STU0442,2025-04-02,5,267,4,3
STU0442,2025-04-09,10,187,2,3
STU0442,2025-04-16,10,221,4,4
STU0442,2025-04-23,11,257,3,3
STU0442,2025-04-30,9,182,2,1
STU0442,2025-05-07,8,219,2,1
STU0442,2025-05-14,8,192,2,3
STU0443,2025-01-01,3,179,3,3
STU0443,2025-01-08,7,173,3,2
STU0443,2025-01-15,8,166,2,3
STU0443,2025-01-22,3,220,2,2
STU0443,2025-01-29,9,207,1,2
STU0443,2025-02-05,9,218,3,0
STU0443,2025-02-12,7,172,3,2
STU0443,2025-02-19,7,162,1,1
STU0443,2025-02-26,8,213,3,1
STU0443,2025-03-05,5,232,2,2
STU0443,2025-03-12,8,199,3,2
STU0443,2025-03-19,9,227,1,0
STU0443,2025-03-26,5,153,1,2
STU0443,2025-04-02,8,121,1,3
STU0443,2025-04-09,3,138,1,3
STU0443,2025-04-16,9,197,3,2
STU0443,2025-04-23,4,210,2,1
STU0443,2025-04-30,9,149,3,3
STU0443,2025-05-07,3,155,3,3
STU0443,2025-05-14,5,183,3,3
STU0444,2025-01-01,9,259,2,3
STU0444,2025-01-08,11,159,4,3
STU0444,2025-01-15,9,206,4,2
STU0444,2025-01-22,9,246,3,1
STU0444,2025-01-29,6,216,2,4
STU0444,2025-02-05,9,216,2,2
STU0444,2025-02-12,11,240,2,1
STU0444,2025-02-19,11,260,2,3
STU0444,2025-02-26,5,170,4,2
STU0444,2025-03-05,8,236,2,4
STU0444,2025-03-12,10,161,3,2
STU0444,2025-03-19,10,249,2,4
STU0444,2025-03-26,9,212,3,3
STU0444,2025-04-02,11,275,4,4
STU0444,2025-04-09,8,158,3,4
STU0444,2025-04-16,11,194,2,1
STU0444,2025-04-23,7,160,4,1
STU0444,2025-04-30,9,160,2,1
STU0444,2025-05-07,5,223,4,2
STU0444,2025-05-14,8,276,2,4
STU0445,2025-01-01,8,198,3,1
STU0445,2025-01-08,11,268,3,4
STU0445,2025-01-15,13,259,5,4
STU0445,2025-01-22,7,286,5,1
STU0445,2025-01-29,11,197,4,2
STU0445,2025-02-05,8,210,4,4
STU0445,2025-02-12,8,281,4,3
STU0445,2025-02-19,10,230,4,1
STU0445,2025-02-26,12,271,4,1
STU0445,2025-03-05,12,252,5,3
STU0445,2025-03-12,13,209,5,3
STU0445,2025-03-19,13,267,3,2
STU0445,2025-03-26,7,212,3,2
STU0445,2025-04-02,11,273,4,2
STU0445,2025-04-09,7,251,4,3
STU0445,2025-04-16,12,302,3,3
STU0445,2025-04-23,11,218,3,3
STU0445,2025-04-30,10,309,3,2
STU0445,2025-05-07,12,296,4,1
STU0445,2025-05-14,7,291,4,4
STU0446,2025-01-01,8,181,2,2
STU0446,2025-01-08,4,88,3,3
STU0446,2025-01-15,5,97,1,2
STU0446,2025-01-22,7,119,3,2
STU0446,2025-01-29,7,161,3,2
STU0446,2025-02-05,5,160,1,3
STU0446,2025-02-12,7,174,3,1
STU0446,2025-02-19,5,171,1,3
STU0446,2025-02-26,7,119,2,1
STU0446,2025-03-05,7,185,3,3
STU0446,2025-03-12,6,186,1,2
STU0446,2025-03-19,7,92,2,2
STU0446,2025-03-26,7,81,1,2
STU0446,2025-04-02,4,189,2,0
STU0446,2025-04-09,2,114,3,0
STU0446,2025-04-16,8,90,2,1
STU0446,2025-04-23,7,107,2,2
STU0446,2025-04-30,6,89,1,1
STU0446,2025-05-07,6,158,2,0
STU0446,2025-05-14,3,93,3,1
STU0447,2025-01-01,5,101,1,3
STU0447,2025-01-08,1,69,1,0
STU0447,2025-01-15,1,112,0,2
STU0447,2025-01-22,7,131,1,1
STU0447,2025-01-29,3,146,0,2
STU0447,2025-02-05,7,75,1,1
STU0447,2025-02-12,4,59,2,2
STU0447,2025-02-19,2,61,2,3
STU0447,2025-02-26,3,137,2,2
STU0447,2025-03-05,6,142,1,2
STU0447,2025-03-12,1,128,0,2
STU0447,2025-03-19,5,135,0,1
STU0447,2025-03-26,7,72,2,2
STU0447,2025-04-02,7,97,2,3
STU0447,2025-04-09,2,59,2,1
STU0447,2025-04-16,5,147,2,3
STU0447,2025-04-23,4,75,2,2
STU0447,2025-04-30,1,127,2,1
STU0447,2025-05-07,2,129,2,2
STU0447,2025-05-14,2,96,2,0
STU0448,2025-01-01,7,232,4,2
STU0448,2025-01-08,11,279,5,4
STU0448,2025-01-15,9,285,3,3
STU0448,2025-01-22,9,243,5,4
STU0448,2025-01-29,7,267,4,3
STU0448,2025-02-05,9,256,3,2
STU0448,2025-02-12,8,240,5,3
STU0448,2025-02-19,7,282,3,4
STU0448,2025-02-26,7,309,5,3
STU0448,2025-03-05,10,319,4,2
STU0448,2025-03-12,11,228,4,4
STU0448,2025-03-19,11,229,5,2
STU0448,2025-03-26,10,255,5,4
STU0448,2025-04-02,10,277,3,4
STU0448,2025-04-09,11,280,3,1
STU0448,2025-04-16,13,255,3,2
STU0448,2025-04-23,7,249,4,2
STU0448,2025-04-30,11,316,5,2
STU0448,2025-05-07,8,290,5,4
STU0448,2025-05-14,12,296,3,3
STU0449,2025-01-01,5,157,2,1
STU0449,2025-01-08,4,142,1,3
STU0449,2025-01-15,4,160,2,2
STU0449,2025-01-22,8,194,3,0
STU0449,2025-01-29,3,198,3,2
STU0449,2025-02-05,9,140,2,2
STU0449,2025-02-12,7,185,2,1
STU0449,2025-02-19,7,206,2,0
STU0449,2025-02-26,5,99,3,3
STU0449,2025-03-05,5,133,1,0
STU0449,2025-03-12,5,115,2,3
STU0449,2025-03-19,9,102,3,3
STU0449,2025-03-26,8,103,1,0
STU0449,2025-04-02,3,190,1,0
STU0449,2025-04-09,3,124,2,1
STU0449,2025-04-16,9,177,2,2
STU0449,2025-04-23,3,152,3,1
STU0449,2025-04-30,7,143,1,1
STU0449,2025-05-07,5,172,2,3
STU0449,2025-05-14,9,182,3,1
STU0450,2025-01-01,9,287,2,1
STU0450,2025-01-08,7,248,4,3
STU0450,2025-01-15,11,253,4,3
STU0450,2025-01-22,11,216,4,2
STU0450,2025-01-29,12,235,2,3
STU0450,2025-02-05,12,222,4,1
STU0450,2025-02-12,9,282,4,2
STU0450,2025-02-19,12,280,3,1
STU0450,2025-02-26,6,242,4,1
STU0450,2025-03-05,7,236,4,4
STU0450,2025-03-12,12,187,2,4
STU0450,2025-03-19,11,187,4,2
STU0450,2025-03-26,9,171,3,4
STU0450,2025-04-02,9,279,4,3
STU0450,2025-04-09,12,203,4,4
STU0450,2025-04-16,10,207,4,2
STU0450,2025-04-23,6,228,2,2
STU0450,2025-04-30,7,187,2,4
STU0450,2025-05-07,12,193,3,1
STU0450,2025-05-14,9,191,3,3
STU0451,2025-01-01,6,194,4,3
STU0451,2025-01-08,8,225,2,2
STU0451,2025-01-15,9,214,4,3
STU0451,2025-01-22,10,183,3,2
STU0451,2025-01-29,11,158,3,1
STU0451,2025-02-05,6,188,2,1
STU0451,2025-02-12,7,157,4,2
STU0451,2025-02-19,10,261,4,3
STU0451,2025-02-26,7,159,2,4
STU0451,2025-03-05,11,181,3,1
STU0451,2025-03-12,9,174,4,4
STU0451,2025-03-19,11,224,2,3
STU0451,2025-03-26,10,269,4,2
STU0451,2025-04-02,8,160,3,3
STU0451,2025-04-09,5,198,3,1
STU0451,2025-04-16,9,270,4,2
STU0451,2025-04-23,10,174,4,4
STU0451,2025-04-30,5,159,2,1
STU0451,2025-05-07,11,179,3,1
STU0451,2025-05-14,6,229,4,2
STU0452,2025-01-01,7,207,3,4
STU0452,2025-01-08,12,279,4,3
STU0452,2025-01-15,8,200,3,2
STU0452,2025-01-22,9,241,5,1
STU0452,2025-01-29,12,295,4,4
STU0452,2025-02-05,9,188,4,4
STU0452,2025-02-12,8,224,5,2
STU0452,2025-02-19,12,188,4,1
STU0452,2025-02-26,9,250,3,2
STU0452,2025-03-05,11,235,5,2
STU0452,2025-03-12,11,218,3,1
STU0452,2025-03-19,7,258,5,3
STU0452,2025-03-26,6,199,5,4
STU0452,2025-04-02,11,274,3,3
STU0452,2025-04-09,8,204,3,1
STU0452,2025-04-16,6,271,3,4
STU0452,2025-04-23,7,233,4,3
STU0452,2025-04-30,10,264,4,4
STU0452,2025-05-07,9,278,4,3
STU0452,2025-05-14,9,279,4,3
STU0453,2025-01-01,2,118,2,2
STU0453,2025-01-08,7,80,3,2
STU0453,2025-01-15,3,104,1,2
STU0453,2025-01-22,4,136,1,2
STU0453,2025-01-29,7,73,3,2
STU0453,2025-02-05,7,168,1,0
STU0453,2025-02-12,4,111,3,2
STU0453,2025-02-19,5,160,2,0
STU0453,2025-02-26,7,109,2,2
STU0453,2025-03-05,3,104,1,2
STU0453,2025-03-12,4,155,1,1
STU0453,2025-03-19,8,136,3,0
STU0453,2025-03-26,7,101,3,1
STU0453,2025-04-02,5,72,1,3
STU0453,2025-04-09,7,166,3,2
STU0453,2025-04-16,8,143,1,2
STU0453,2025-04-23,5,148,2,3
STU0453,2025-04-30,7,177,1,1
STU0453,2025-05-07,8,116,1,0
STU0453,2025-05-14,2,138,3,3
STU0454,2025-01-01,8,261,2,1
STU0454,2025-01-08,5,238,4,4
STU0454,2025-01-15,11,206,2,1
STU0454,2025-01-22,6,256,4,4
STU0454,2025-01-29,8,262,4,3
STU0454,2025-02-05,6,197,4,1
STU0454,2025-02-12,9,257,4,3
STU0454,2025-02-19,11,259,3,1
STU0454,2025-02-26,10,207,2,1
STU0454,2025-03-05,7,217,3,2
STU0454,2025-03-12,10,181,4,3
STU0454,2025-03-19,7,166,4,3
STU0454,2025-03-26,5,154,4,2
STU0454,2025-04-02,7,202,3,4
STU0454,2025-04-09,6,157,4,1
STU0454,2025-04-16,7,220,4,1
STU0454,2025-04-23,9,162,2,4
STU0454,2025-04-30,11,167,3,3
STU0454,2025-05-07,8,152,2,1
STU0454,2025-05-14,11,166,2,3
STU0455,2025-01-01,7,240,3,1
STU0455,2025-01-08,9,137,4,0
STU0455,2025-01-15,4,215,4,2
STU0455,2025-01-22,8,169,3,3
STU0455,2025-01-29,9,199,4,1
STU0455,2025-02-05,10,199,4,1
STU0455,2025-02-12,10,228,4,0
STU0455,2025-02-19,5,154,2,0
STU0455,2025-02-26,10,158,3,3
STU0455,2025-03-05,7,196,3,2
STU0455,2025-03-12,8,155,3,0
STU0455,2025-03-19,10,164,4,0
STU0455,2025-03-26,4,136,3,2
STU0455,2025-04-02,5,239,4,3
STU0455,2025-04-09,9,224,2,3
STU0455,2025-04-16,9,147,4,0
STU0455,2025-04-23,6,146,4,0
STU0455,2025-04-30,10,234,2,1
STU0455,2025-05-07,8,231,3,2
STU0455,2025-05-14,4,238,4,1
STU0456,2025-01-01,3,189,1,3
STU0456,2025-01-08,8,221,1,3
STU0456,2025-01-15,4,151,3,2
STU0456,2025-01-22,8,224,3,3
STU0456,2025-01-29,3,220,2,3
STU0456,2025-02-05,6,128,1,3
STU0456,2025-02-12,6,144,1,0
STU0456,2025-02-19,9,157,1,2
STU0456,2025-02-26,7,151,1,2
STU0456,2025-03-05,5,142,2,3
STU0456,2025-03-12,4,176,3,0
STU0456,2025-03-19,7,215,3,1
STU0456,2025-03-26,6,127,2,2
STU0456,2025-04-02,9,162,1,3
STU0456,2025-04-09,8,176,3,1
STU0456,2025-04-16,9,171,3,2
STU0456,2025-04-23,3,121,2,0
STU0456,2025-04-30,9,194,1,1
STU0456,2025-05-07,6,111,3,1
STU0456,2025-05-14,6,219,2,3
STU0457,2025-01-01,6,212,3,3
STU0457,2025-01-08,4,217,4,0
STU0457,2025-01-15,6,140,3,1
STU0457,2025-01-22,5,210,3,2
STU0457,2025-01-29,6,240,2,2
STU0457,2025-02-05,6,183,3,0
STU0457,2025-02-12,4,163,2,3
STU0457,2025-02-19,10,207,2,3
STU0457,2025-02-26,6,191,3,1
STU0457,2025-03-05,6,188,4,1
STU0457,2025-03-12,8,185,4,2
STU0457,2025-03-19,7,199,2,3
STU0457,2025-03-26,7,164,4,0
STU0457,2025-04-02,6,161,3,2
STU0457,2025-04-09,4,232,2,1
STU0457,2025-04-16,9,148,2,1
STU0457,2025-04-23,6,204,4,0
STU0457,2025-04-30,10,155,2,3
STU0457,2025-05-07,6,139,4,2
STU0457,2025-05-14,8,195,2,2
STU0458,2025-01-01,8,144,2,2
STU0458,2025-01-08,4,110,3,1
STU0458,2025-01-15,8,129,1,3
STU0458,2025-01-22,7,91,1,2
STU0458,2025-01-29,2,123,3,1
STU0458,2025-02-05,6,156,2,1
STU0458,2025-02-12,4,83,3,2
STU0458,2025-02-19,2,105,3,0
STU0458,2025-02-26,2,117,1,3
STU0458,2025-03-05,5,69,3,3
STU0458,2025-03-12,5,84,2,0
STU0458,2025-03-19,6,84,3,1
STU0458,2025-03-26,8,95,3,0
STU0458,2025-04-02,2,154,3,1
STU0458,2025-04-09,5,95,1,2
STU0458,2025-04-16,3,139,3,1
STU0458,2025-04-23,8,108,2,0
STU0458,2025-04-30,8,86,3,3
STU0458,2025-05-07,7,131,1,0
STU0458,2025-05-14,6,89,2,3
STU0459,2025-01-01,14,234,4,4
STU0459,2025-01-08,11,254,5,1
STU0459,2025-01-15,11,267,3,4
STU0459,2025-01-22,9,302,4,4
STU0459,2025-01-29,13,301,3,2
STU0459,2025-02-05,11,239,5,3
STU0459,2025-02-12,9,303,5,4
STU0459,2025-02-19,12,246,3,2
STU0459,2025-02-26,9,277,5,1
STU0459,2025-03-05,12,268,4,1
STU0459,2025-03-12,11,295,3,1
STU0459,2025-03-19,8,313,3,1
STU0459,2025-03-26,13,272,4,3
STU0459,2025-04-02,10,235,4,4
STU0459,2025-04-09,12,299,5,4
STU0459,2025-04-16,14,264,5,2
STU0459,2025-04-23,13,329,5,4
STU0459,2025-04-30,10,340,5,2
STU0459,2025-05-07,13,312,3,1
STU0459,2025-05-14,12,338,5,2
STU0460,2025-01-01,6,140,1,1
STU0460,2025-01-08,7,72,2,3
STU0460,2025-01-15,2,165,3,1
STU0460,2025-01-22,1,129,1,3
STU0460,2025-01-29,1,170,3,3
STU0460,2025-02-05,6,84,1,3
STU0460,2025-02-12,5,97,2,1
STU0460,2025-02-19,1,69,1,1
STU0460,2025-02-26,1,172,2,0
STU0460,2025-03-05,4,73,1,1
STU0460,2025-03-12,2,115,1,2
STU0460,2025-03-19,4,161,3,0
STU0460,2025-03-26,1,108,3,3
STU0460,2025-04-02,4,74,3,3
STU0460,2025-04-09,3,81,3,3
STU0460,2025-04-16,6,91,3,0
STU0460,2025-04-23,2,146,2,3
STU0460,2025-04-30,5,128,1,1
STU0460,2025-05-07,2,143,3,3
STU0460,2025-05-14,6,166,1,3
STU0461,2025-01-01,11,275,3,1
STU0461,2025-01-08,12,234,3,4
STU0461,2025-01-15,10,234,3,2
STU0461,2025-01-22,13,301,5,1
STU0461,2025-01-29,13,282,4,4
STU0461,2025-02-05,11,253,4,1
STU0461,2025-02-12,13,294,3,2
STU0461,2025-02-19,13,336,3,3
STU0461,2025-02-26,11,310,5,2
STU0461,2025-03-05,8,238,5,2
STU0461,2025-03-12,10,299,5,1
STU0461,2025-03-19,14,283,4,2
STU0461,2025-03-26,10,238,5,2
STU0461,2025-04-02,13,331,3,3
STU0461,2025-04-09,11,285,3,1
STU0461,2025-04-16,11,312,5,1
STU0461,2025-04-23,14,308,5,1
STU0461,2025-04-30,8,260,5,4
STU0461,2025-05-07,9,319,4,2
STU0461,2025-05-14,11,248,3,1
STU0462,2025-01-01,6,152,2,0
STU0462,2025-01-08,6,82,3,0
STU0462,2025-01-15,4,180,1,3
STU0462,2025-01-22,8,115,3,3
STU0462,2025-01-29,3,95,1,3
STU0462,2025-02-05,6,132,2,1
STU0462,2025-02-12,5,114,1,2
STU0462,2025-02-19,2,177,2,1
STU0462,2025-02-26,3,124,3,1
STU0462,2025-03-05,7,197,1,1
STU0462,2025-03-12,8,152,3,0
STU0462,2025-03-19,2,129,3,3
STU0462,2025-03-26,4,192,1,2
STU0462,2025-04-02,2,138,2,3
STU0462,2025-04-09,5,175,1,1
STU0462,2025-04-16,7,115,1,3
STU0462,2025-04-23,5,159,2,2
STU0462,2025-04-30,5,158,3,2
STU0462,2025-05-07,7,134,2,0
STU0462,2025-05-14,3,109,2,0
STU0463,2025-01-01,7,207,4,1
STU0463,2025-01-08,10,264,2,3
STU0463,2025-01-15,10,175,3,4
STU0463,2025-01-22,7,162,4,4
STU0463,2025-01-29,5,189,2,4
STU0463,2025-02-05,11,264,3,3
STU0463,2025-02-12,8,235,4,2
STU0463,2025-02-19,11,275,4,4
STU0463,2025-02-26,6,271,2,2
STU0463,2025-03-05,9,237,2,3
STU0463,2025-03-12,10,239,3,4
STU0463,2025-03-19,8,188,4,3
STU0463,2025-03-26,6,269,2,4
STU0463,2025-04-02,5,180,2,4
STU0463,2025-04-09,6,162,3,1
STU0463,2025-04-16,9,186,3,4
STU0463,2025-04-23,10,165,3,1
STU0463,2025-04-30,9,222,3,1
STU0463,2025-05-07,10,168,4,4
STU0463,2025-05-14,11,244,2,4
STU0464,2025-01-01,10,277,5,2
STU0464,2025-01-08,9,277,3,1
STU0464,2025-01-15,9,303,4,4
STU0464,2025-01-22,10,291,5,2
STU0464,2025-01-29,9,210,4,3
STU0464,2025-02-05,8,198,5,4
STU0464,2025-02-12,13,312,5,3
STU0464,2025-02-19,8,275,4,1
STU0464,2025-02-26,13,252,5,1
STU0464,2025-03-05,8,250,4,4
STU0464,2025-03-12,13,233,5,4
STU0464,2025-03-19,13,250,5,1
STU0464,2025-03-26,9,299,3,4
STU0464,2025-04-02,9,313,5,2
STU0464,2025-04-09,13,242,3,4
STU0464,2025-04-16,9,308,5,1
STU0464,2025-04-23,11,259,5,4
STU0464,2025-04-30,12,195,3,2
STU0464,2025-05-07,9,207,5,2
STU0464,2025-05-14,11,208,4,1
STU0465,2025-01-01,3,166,2,1
STU0465,2025-01-08,3,103,2,0
STU0465,2025-01-15,8,181,1,0
STU0465,2025-01-22,3,92,1,0
STU0465,2025-01-29,3,142,1,0
STU0465,2025-02-05,5,73,3,1
STU0465,2025-02-12,3,187,3,1
STU0465,2025-02-19,5,70,3,3
STU0465,2025-02-26,3,189,2,1
STU0465,2025-03-05,3,89,3,1
STU0465,2025-03-12,3,155,1,0
STU0465,2025-03-19,3,173,1,1
STU0465,2025-03-26,6,158,2,1
STU0465,2025-04-02,2,88,2,0
STU0465,2025-04-09,2,119,1,1
STU0465,2025-04-16,4,82,2,2
STU0465,2025-04-23,7,137,2,0
STU0465,2025-04-30,2,121,2,1
STU0465,2025-05-07,4,128,3,3
STU0465,2025-05-14,6,73,3,1
STU0466,2025-01-01,5,58,2,1
STU0466,2025-01-08,4,108,2,0
STU0466,2025-01-15,7,158,1,2
STU0466,2025-01-22,1,143,2,1
STU0466,2025-01-29,1,164,2,1
STU0466,2025-02-05,7,155,1,1
STU0466,2025-02-12,4,127,0,3
STU0466,2025-02-19,2,167,2,2
STU0466,2025-02-26,2,130,2,1
STU0466,2025-03-05,6,172,1,2
STU0466,2025-03-12,3,85,1,2
STU0466,2025-03-19,1,66,2,1
STU0466,2025-03-26,4,126,1,0
STU0466,2025-04-02,7,173,2,2
STU0466,2025-04-09,4,94,0,1
STU0466,2025-04-16,6,58,1,2
STU0466,2025-04-23,5,86,0,1
STU0466,2025-04-30,3,123,0,1
STU0466,2025-05-07,4,134,0,3
STU0466,2025-05-14,6,177,1,2
STU0467,2025-01-01,7,213,2,3
STU0467,2025-01-08,10,227,4,3
STU0467,2025-01-15,7,171,2,2
STU0467,2025-01-22,6,211,3,1
STU0467,2025-01-29,8,179,3,2
STU0467,2025-02-05,6,160,4,1
STU0467,2025-02-12,9,241,3,2
STU0467,2025-02-19,10,251,2,3
STU0467,2025-02-26,9,194,3,2
STU0467,2025-03-05,11,157,3,3
STU0467,2025-03-12,11,174,3,2
STU0467,2025-03-19,10,163,3,2
STU0467,2025-03-26,8,243,3,2
STU0467,2025-04-02,9,238,4,1
STU0467,2025-04-09,10,213,3,1
STU0467,2025-04-16,6,171,4,4
STU0467,2025-04-23,10,205,2,3
STU0467,2025-04-30,7,247,2,1
STU0467,2025-05-07,11,271,2,2
STU0467,2025-05-14,5,246,2,4
STU0468,2025-01-01,11,220,4,4
STU0468,2025-01-08,9,208,2,2
STU0468,2025-01-15,8,256,2,3
STU0468,2025-01-22,8,165,4,2
STU0468,2025-01-29,8,186,4,1
STU0468,2025-02-05,11,249,2,2
STU0468,2025-02-12,5,168,2,1
STU0468,2025-02-19,6,237,2,1
STU0468,2025-02-26,5,169,4,1
STU0468,2025-03-05,5,234,2,2
STU0468,2025-03-12,5,260,2,2
STU0468,2025-03-19,11,231,4,4
STU0468,2025-03-26,9,175,3,1
STU0468,2025-04-02,7,175,3,2
STU0468,2025-04-09,8,208,3,1
STU0468,2025-04-16,11,172,3,2
STU0468,2025-04-23,10,198,2,3
STU0468,2025-04-30,10,276,3,3
STU0468,2025-05-07,6,227,3,1
STU0468,2025-05-14,9,223,4,1
STU0469,2025-01-01,8,270,4,2
STU0469,2025-01-08,7,303,5,1
STU0469,2025-01-15,8,255,5,2
STU0469,2025-01-22,7,276,5,2
STU0469,2025-01-29,9,193,5,3
STU0469,2025-02-05,10,303,4,3
STU0469,2025-02-12,8,217,5,4
STU0469,2025-02-19,7,208,4,2
STU0469,2025-02-26,8,304,4,4
STU0469,2025-03-05,6,224,4,2
STU0469,2025-03-12,10,217,5,3
STU0469,2025-03-19,7,208,3,1
STU0469,2025-03-26,6,198,5,3
STU0469,2025-04-02,7,286,3,1
STU0469,2025-04-09,6,240,5,1
STU0469,2025-04-16,10,241,5,1
STU0469,2025-04-23,11,240,4,1
STU0469,2025-04-30,8,278,3,1
STU0469,2025-05-07,7,219,3,2
STU0469,2025-05-14,8,189,5,1
STU0470,2025-01-01,8,219,3,2
STU0470,2025-01-08,7,285,4,4
STU0470,2025-01-15,8,194,4,1
STU0470,2025-01-22,10,283,3,2
STU0470,2025-01-29,12,217,3,1
STU0470,2025-02-05,8,195,5,3
STU0470,2025-02-12,9,279,3,1
STU0470,2025-02-19,8,213,4,1
STU0470,2025-02-26,11,229,5,3
STU0470,2025-03-05,12,248,3,4
STU0470,2025-03-12,9,255,4,1
STU0470,2025-03-19,10,282,3,4
STU0470,2025-03-26,7,278,5,2
STU0470,2025-04-02,9,199,5,2
STU0470,2025-04-09,12,235,3,3
STU0470,2025-04-16,7,267,4,1
STU0470,2025-04-23,10,195,4,2
STU0470,2025-04-30,11,283,5,3
STU0470,2025-05-07,10,214,3,3
STU0470,2025-05-14,8,219,5,1
STU0471,2025-01-01,4,165,2,2
STU0471,2025-01-08,8,152,2,1
STU0471,2025-01-15,7,89,1,1
STU0471,2025-01-22,5,74,1,3
STU0471,2025-01-29,8,177,3,1
STU0471,2025-02-05,5,142,2,0
STU0471,2025-02-12,8,77,3,2
STU0471,2025-02-19,4,182,2,3
STU0471,2025-02-26,2,153,2,3
STU0471,2025-03-05,6,137,3,3
STU0471,2025-03-12,7,182,1,3
STU0471,2025-03-19,5,192,2,1
STU0471,2025-03-26,3,97,3,2
STU0471,2025-04-02,8,172,1,2
STU0471,2025-04-09,8,173,3,0
STU0471,2025-04-16,4,145,3,3
STU0471,2025-04-23,7,92,2,1
STU0471,2025-04-30,4,164,2,0
STU0471,2025-05-07,8,103,3,0
STU0471,2025-05-14,8,113,1,2
STU0472,2025-01-01,8,99,1,1
STU0472,2025-01-08,2,99,2,1
STU0472,2025-01-15,2,110,3,2
STU0472,2025-01-22,7,133,2,0
STU0472,2025-01-29,5,106,1,0
STU0472,2025-02-05,6,177,1,3
STU0472,2025-02-12,3,82,3,3
STU0472,2025-02-19,8,160,1,0
STU0472,2025-02-26,4,118,2,1
STU0472,2025-03-05,5,155,2,2
STU0472,2025-03-12,3,113,3,3
STU0472,2025-03-19,7,122,1,0
STU0472,2025-03-26,6,159,3,2
STU0472,2025-04-02,5,186,3,0
STU0472,2025-04-09,2,126,1,0
STU0472,2025-04-16,8,74,2,2
STU0472,2025-04-23,7,115,1,2
STU0472,2025-04-30,4,153,3,3
STU0472,2025-05-07,2,154,3,2
STU0472,2025-05-14,2,190,3,2
STU0473,2025-01-01,3,71,0,0
STU0473,2025-01-08,7,138,2,0
STU0473,2025-01-15,7,164,0,0
STU0473,2025-01-22,4,144,0,2
STU0473,2025-01-29,3,118,0,0
STU0473,2025-02-05,3,116,2,3
STU0473,2025-02-12,1,88,2,3
STU0473,2025-02-19,1,83,0,0
STU0473,2025-02-26,7,131,1,1
STU0473,2025-03-05,6,115,0,0
STU0473,2025-03-12,1,82,1,3
STU0473,2025-03-19,4,174,0,3
STU0473,2025-03-26,2,76,2,3
STU0473,2025-04-02,5,124,2,0
STU0473,2025-04-09,7,101,2,2
STU0473,2025-04-16,6,171,2,2
STU0473,2025-04-23,4,151,0,3
STU0473,2025-04-30,5,138,1,2
STU0473,2025-05-07,6,148,2,0
STU0473,2025-05-14,3,79,1,1
STU0474,2025-01-01,4,142,1,0
STU0474,2025-01-08,5,57,0,3
STU0474,2025-01-15,7,135,0,2
STU0474,2025-01-22,2,168,2,3
STU0474,2025-01-29,3,89,0,0
STU0474,2025-02-05,4,75,0,0
STU0474,2025-02-12,1,161,0,0
STU0474,2025-02-19,1,93,2,2
STU0474,2025-02-26,7,137,0,0
STU0474,2025-03-05,5,150,0,1
STU0474,2025-03-12,3,54,2,3
STU0474,2025-03-19,5,122,2,1
STU0474,2025-03-26,1,65,1,3
STU0474,2025-04-02,2,142,2,3
STU0474,2025-04-09,4,106,2,2
STU0474,2025-04-16,7,87,1,0
STU0474,2025-04-23,6,153,0,0
STU0474,2025-04-30,7,130,0,3
STU0474,2025-05-07,7,60,1,1
STU0474,2025-05-14,7,72,2,0
STU0475,2025-01-01,8,219,4,3
STU0475,2025-01-08,6,265,3,1
STU0475,2025-01-15,6,169,2,1
STU0475,2025-01-22,11,242,2,1
STU0475,2025-01-29,6,229,2,3
STU0475,2025-02-05,7,167,3,3
STU0475,2025-02-12,10,169,4,2
STU0475,2025-02-19,11,224,4,1
STU0475,2025-02-26,5,168,2,1
STU0475,2025-03-05,7,225,3,1
STU0475,2025-03-12,5,173,4,3
STU0475,2025-03-19,10,185,2,2
STU0475,2025-03-26,8,150,4,2
STU0475,2025-04-02,7,203,3,2
STU0475,2025-04-09,6,239,2,1
STU0475,2025-04-16,8,163,2,2
STU0475,2025-04-23,10,173,2,3
STU0475,2025-04-30,11,192,3,1
STU0475,2025-05-07,9,174,3,2
STU0475,2025-05-14,8,241,4,4
STU0476,2025-01-01,7,121,2,0
STU0476,2025-01-08,4,111,2,3
STU0476,2025-01-15,5,218,2,1
STU0476,2025-01-22,3,201,1,0
STU0476,2025-01-29,4,173,3,3
STU0476,2025-02-05,5,190,2,3
STU0476,2025-02-12,9,220,2,3
STU0476,2025-02-19,3,137,2,1
STU0476,2025-02-26,7,124,1,1
STU0476,2025-03-05,5,216,2,1
STU0476,2025-03-12,9,110,3,2
STU0476,2025-03-19,6,119,2,1
STU0476,2025-03-26,6,125,3,0
STU0476,2025-04-02,5,118,3,1
STU0476,2025-04-09,7,153,2,0
STU0476,2025-04-16,5,180,1,3
STU0476,2025-04-23,3,190,3,0
STU0476,2025-04-30,3,127,3,2
STU0476,2025-05-07,4,148,2,0
STU0476,2025-05-14,7,158,1,1
STU0477,2025-01-01,10,151,4,3
STU0477,2025-01-08,9,202,3,1
STU0477,2025-01-15,6,145,2,3
STU0477,2025-01-22,7,152,3,3
STU0477,2025-01-29,9,210,2,2
STU0477,2025-02-05,6,179,4,0
STU0477,2025-02-12,10,199,3,1
STU0477,2025-02-19,4,135,2,2
STU0477,2025-02-26,6,186,4,2
STU0477,2025-03-05,5,141,3,2
STU0477,2025-03-12,8,254,4,1
STU0477,2025-03-19,4,211,3,3
STU0477,2025-03-26,8,143,2,3
STU0477,2025-04-02,8,198,4,0
STU0477,2025-04-09,10,142,4,1
STU0477,2025-04-16,5,185,4,2
STU0477,2025-04-23,4,254,4,0
STU0477,2025-04-30,10,239,3,1
STU0477,2025-05-07,8,230,3,2
STU0477,2025-05-14,5,137,3,1
STU0478,2025-01-01,4,224,2,0
STU0478,2025-01-08,7,214,3,3
STU0478,2025-01-15,10,133,2,3
STU0478,2025-01-22,6,211,2,1
STU0478,2025-01-29,9,232,3,0
STU0478,2025-02-05,9,239,4,0
STU0478,2025-02-12,4,145,3,0
STU0478,2025-02-19,10,236,3,2
STU0478,2025-02-26,7,153,4,1
STU0478,2025-03-05,4,155,2,2
STU0478,2025-03-12,6,214,4,1
STU0478,2025-03-19,7,132,4,0
STU0478,2025-03-26,6,160,3,3
STU0478,2025-04-02,8,142,2,3
STU0478,2025-04-09,5,165,4,2
STU0478,2025-04-16,10,180,4,0
STU0478,2025-04-23,7,207,2,0
STU0478,2025-04-30,7,230,3,2
STU0478,2025-05-07,8,127,3,1
STU0478,2025-05-14,4,153,3,1
STU0479,2025-01-01,8,179,1,3
STU0479,2025-01-08,4,180,1,3
STU0479,2025-01-15,3,192,3,2
STU0479,2025-01-22,6,78,2,0
STU0479,2025-01-29,2,151,2,2
STU0479,2025-02-05,2,131,1,1
STU0479,2025-02-12,6,134,1,2
STU0479,2025-02-19,2,171,1,0
STU0479,2025-02-26,8,146,1,1
STU0479,2025-03-05,2,138,2,1
STU0479,2025-03-12,7,146,3,2
STU0479,2025-03-19,6,80,2,3
STU0479,2025-03-26,6,103,2,3
STU0479,2025-04-02,7,163,2,1
STU0479,2025-04-09,6,80,3,0
STU0479,2025-04-16,2,146,1,0
STU0479,2025-04-23,5,101,3,1
STU0479,2025-04-30,8,84,3,2
STU0479,2025-05-07,2,106,3,0
STU0479,2025-05-14,6,134,3,1
STU0480,2025-01-01,6,250,4,3
STU0480,2025-01-08,4,192,4,0
STU0480,2025-01-15,7,231,4,3
STU0480,2025-01-22,6,172,3,0
STU0480,2025-01-29,7,216,4,2
STU0480,2025-02-05,9,185,4,3
STU0480,2025-02-12,8,138,3,3
STU0480,2025-02-19,7,254,4,0
STU0480,2025-02-26,10,226,2,0
STU0480,2025-03-05,10,215,2,2
STU0480,2025-03-12,8,191,4,3
STU0480,2025-03-19,4,209,2,1
STU0480,2025-03-26,8,158,2,0
STU0480,2025-04-02,7,142,4,2
STU0480,2025-04-09,8,242,3,3
STU0480,2025-04-16,7,210,3,0
STU0480,2025-04-23,10,168,4,3
STU0480,2025-04-30,8,240,3,1
STU0480,2025-05-07,8,209,2,3
STU0480,2025-05-14,8,169,4,0
STU0481,2025-01-01,4,197,1,2
STU0481,2025-01-08,4,187,3,2
STU0481,2025-01-15,8,221,2,0
STU0481,2025-01-22,8,196,1,2
STU0481,2025-01-29,8,149,2,1
STU0481,2025-02-05,3,151,1,0
STU0481,2025-02-12,5,204,3,1
STU0481,2025-02-19,9,122,3,3
STU0481,2025-02-26,8,164,2,0
STU0481,2025-03-05,7,225,3,2
STU0481,2025-03-12,3,137,2,2
STU0481,2025-03-19,3,129,3,0
STU0481,2025-03-26,6,176,2,1
STU0481,2025-04-02,4,135,2,1
STU0481,2025-04-09,3,114,1,1
STU0481,2025-04-16,8,221,3,2
STU0481,2025-04-23,7,190,2,3
STU0481,2025-04-30,4,184,1,2
STU0481,2025-05-07,5,124,2,1
STU0481,2025-05-14,3,187,3,1
STU0482,2025-01-01,11,322,3,2
STU0482,2025-01-08,13,236,5,1
STU0482,2025-01-15,14,314,4,2
STU0482,2025-01-22,13,283,3,4
STU0482,2025-01-29,11,244,3,3
STU0482,2025-02-05,9,239,4,3
STU0482,2025-02-12,8,275,4,2
STU0482,2025-02-19,14,326,5,1
STU0482,2025-02-26,14,293,3,4
STU0482,2025-03-05,13,346,5,3
STU0482,2025-03-12,12,321,5,3
STU0482,2025-03-19,14,334,5,1
STU0482,2025-03-26,14,349,3,2
STU0482,2025-04-02,11,287,3,2
STU0482,2025-04-09,14,329,5,4
STU0482,2025-04-16,11,265,3,4
STU0482,2025-04-23,10,285,5,1
STU0482,2025-04-30,8,334,3,2
STU0482,2025-05-07,12,276,5,4
STU0482,2025-05-14,8,261,4,2
STU0483,2025-01-01,9,293,4,2
STU0483,2025-01-08,9,213,4,4
STU0483,2025-01-15,7,259,5,4
STU0483,2025-01-22,10,258,5,2
STU0483,2025-01-29,10,291,5,1
STU0483,2025-02-05,11,243,3,1
STU0483,2025-02-12,11,306,5,3
STU0483,2025-02-19,10,287,3,3
STU0483,2025-02-26,10,254,4,3
STU0483,2025-03-05,7,242,4,4
STU0483,2025-03-12,13,223,5,2
STU0483,2025-03-19,9,285,4,1
STU0483,2025-03-26,11,202,3,2
STU0483,2025-04-02,11,201,3,1
STU0483,2025-04-09,9,223,5,3
STU0483,2025-04-16,8,296,3,4
STU0483,2025-04-23,9,262,3,1
STU0483,2025-04-30,9,244,5,4
STU0483,2025-05-07,8,205,4,4
STU0483,2025-05-14,9,215,3,4
STU0484,2025-01-01,4,197,2,3
STU0484,2025-01-08,9,190,2,3
STU0484,2025-01-15,6,124,4,0
STU0484,2025-01-22,8,169,3,0
STU0484,2025-01-29,8,150,2,0
STU0484,2025-02-05,7,192,3,1
STU0484,2025-02-12,10,226,2,1
STU0484,2025-02-19,8,181,4,0
STU0484,2025-02-26,9,176,2,1
STU0484,2025-03-05,6,143,4,0
STU0484,2025-03-12,6,234,2,1
STU0484,2025-03-19,7,196,4,1
STU0484,2025-03-26,8,183,2,0
STU0484,2025-04-02,4,142,2,3
STU0484,2025-04-09,10,177,2,2
STU0484,2025-04-16,5,128,2,2
STU0484,2025-04-23,6,220,4,2
STU0484,2025-04-30,4,172,2,1
STU0484,2025-05-07,5,184,4,3
STU0484,2025-05-14,9,220,4,0
STU0485,2025-01-01,7,243,4,3
STU0485,2025-01-08,9,284,5,1
STU0485,2025-01-15,7,205,5,1
STU0485,2025-01-22,11,267,3,4
STU0485,2025-01-29,10,300,5,1
STU0485,2025-02-05,12,295,5,1
STU0485,2025-02-12,12,211,3,1
STU0485,2025-02-19,9,257,3,3
STU0485,2025-02-26,8,266,5,3
STU0485,2025-03-05,7,209,3,3
STU0485,2025-03-12,13,276,4,1
STU0485,2025-03-19,12,313,3,2
STU0485,2025-03-26,9,274,4,1
STU0485,2025-04-02,7,308,4,1
STU0485,2025-04-09,9,236,3,1
STU0485,2025-04-16,11,250,3,4
STU0485,2025-04-23,10,206,5,4
STU0485,2025-04-30,11,262,4,2
STU0485,2025-05-07,7,210,4,4
STU0485,2025-05-14,10,218,4,1
STU0486,2025-01-01,11,287,4,2
STU0486,2025-01-08,12,317,4,3
STU0486,2025-01-15,9,232,4,3
STU0486,2025-01-22,13,283,4,4
STU0486,2025-01-29,11,222,4,1
STU0486,2025-02-05,12,252,5,2
STU0486,2025-02-12,11,306,3,3
STU0486,2025-02-19,7,258,5,3
STU0486,2025-02-26,11,269,5,2
STU0486,2025-03-05,7,231,3,3
STU0486,2025-03-12,7,204,3,4
STU0486,2025-03-19,10,251,3,1
STU0486,2025-03-26,8,306,5,3
STU0486,2025-04-02,9,208,3,3
STU0486,2025-04-09,12,257,3,1
STU0486,2025-04-16,10,267,5,4
STU0486,2025-04-23,8,300,3,4
STU0486,2025-04-30,8,256,4,2
STU0486,2025-05-07,8,290,3,1
STU0486,2025-05-14,12,216,5,1
STU0487,2025-01-01,10,208,3,4
STU0487,2025-01-08,8,255,2,2
STU0487,2025-01-15,6,184,2,1
STU0487,2025-01-22,12,234,2,1
STU0487,2025-01-29,12,240,2,4
STU0487,2025-02-05,7,207,4,1
STU0487,2025-02-12,6,173,3,1
STU0487,2025-02-19,7,269,3,2
STU0487,2025-02-26,12,273,3,4
STU0487,2025-03-05,12,283,3,2
STU0487,2025-03-12,9,181,4,3
STU0487,2025-03-19,10,262,3,2
STU0487,2025-03-26,9,185,4,2
STU0487,2025-04-02,9,195,3,3
STU0487,2025-04-09,12,240,4,2
STU0487,2025-04-16,8,195,3,2
STU0487,2025-04-23,7,238,2,3
STU0487,2025-04-30,9,219,2,2
STU0487,2025-05-07,9,192,2,1
STU0487,2025-05-14,9,262,2,2
STU0488,2025-01-01,12,243,3,2
STU0488,2025-01-08,9,268,5,3
STU0488,2025-01-15,13,313,4,2
STU0488,2025-01-22,9,250,5,4
STU0488,2025-01-29,12,302,5,1
STU0488,2025-02-05,11,268,3,4
STU0488,2025-02-12,12,306,3,3
STU0488,2025-02-19,13,307,4,2
STU0488,2025-02-26,13,274,5,2
STU0488,2025-03-05,7,301,4,3
STU0488,2025-03-12,7,230,4,2
STU0488,2025-03-19,11,222,5,1
STU0488,2025-03-26,8,256,3,4
STU0488,2025-04-02,9,229,3,4
STU0488,2025-04-09,11,242,5,1
STU0488,2025-04-16,7,300,4,3
STU0488,2025-04-23,7,297,5,1
STU0488,2025-04-30,13,311,4,1
STU0488,2025-05-07,13,221,5,1
STU0488,2025-05-14,13,309,5,1
STU0489,2025-01-01,5,145,2,1
STU0489,2025-01-08,6,196,3,3
STU0489,2025-01-15,10,146,2,3
STU0489,2025-01-22,10,166,4,2
STU0489,2025-01-29,8,200,4,1
STU0489,2025-02-05,10,209,3,0
STU0489,2025-02-12,9,143,2,2
STU0489,2025-02-19,4,199,2,1
STU0489,2025-02-26,6,211,4,3
STU0489,2025-03-05,9,211,4,0
STU0489,2025-03-12,5,187,4,2
STU0489,2025-03-19,5,230,2,2
STU0489,2025-03-26,10,137,3,3
STU0489,2025-04-02,4,199,4,2
STU0489,2025-04-09,5,237,2,0
STU0489,2025-04-16,10,161,3,0
STU0489,2025-04-23,6,206,4,1
STU0489,2025-04-30,7,142,2,0
STU0489,2025-05-07,9,165,3,3
STU0489,2025-05-14,9,212,3,0
STU0490,2025-01-01,11,287,4,3
STU0490,2025-01-08,7,220,3,3
STU0490,2025-01-15,6,193,3,4
STU0490,2025-01-22,10,195,5,3
STU0490,2025-01-29,12,269,5,3
STU0490,2025-02-05,9,285,4,3
STU0490,2025-02-12,11,272,4,2
STU0490,2025-02-19,7,223,4,4
STU0490,2025-02-26,7,257,4,3
STU0490,2025-03-05,6,227,4,2
STU0490,2025-03-12,8,191,3,1
STU0490,2025-03-19,10,245,5,1
STU0490,2025-03-26,8,222,3,2
STU0490,2025-04-02,7,262,5,2
STU0490,2025-04-09,8,235,4,2
STU0490,2025-04-16,10,240,3,3
STU0490,2025-04-23,11,220,5,2
STU0490,2025-04-30,8,218,4,3
STU0490,2025-05-07,9,206,4,2
STU0490,2025-05-14,8,249,5,3
STU0491,2025-01-01,12,292,3,1
STU0491,2025-01-08,6,196,2,1
STU0491,2025-01-15,10,269,4,4
STU0491,2025-01-22,7,253,3,4
STU0491,2025-01-29,12,245,2,4
STU0491,2025-02-05,9,187,4,2
STU0491,2025-02-12,10,218,4,1
STU0491,2025-02-19,8,182,3,2
STU0491,2025-02-26,6,249,4,3
STU0491,2025-03-05,12,205,3,1
STU0491,2025-03-12,6,293,2,2
STU0491,2025-03-19,11,296,2,1
STU0491,2025-03-26,12,261,2,1
STU0491,2025-04-02,11,191,2,2
STU0491,2025-04-09,7,226,2,2
STU0491,2025-04-16,10,245,4,4
STU0491,2025-04-23,10,215,4,4
STU0491,2025-04-30,9,230,4,4
STU0491,2025-05-07,9,202,3,1
STU0491,2025-05-14,12,222,4,2
STU0492,2025-01-01,12,339,3,2
STU0492,2025-01-08,9,351,3,1
STU0492,2025-01-15,10,261,5,4
STU0492,2025-01-22,8,353,4,4
STU0492,2025-01-29,12,244,4,2
STU0492,2025-02-05,11,337,5,3
STU0492,2025-02-12,13,330,4,3
STU0492,2025-02-19,13,333,5,4
STU0492,2025-02-26,14,315,4,3
STU0492,2025-03-05,9,319,3,1
STU0492,2025-03-12,8,289,4,1
STU0492,2025-03-19,12,315,5,1
STU0492,2025-03-26,10,263,5,1
STU0492,2025-04-02,9,258,4,1
STU0492,2025-04-09,14,280,3,4
STU0492,2025-04-16,8,241,4,1
STU0492,2025-04-23,13,343,4,3
STU0492,2025-04-30,11,270,4,2
STU0492,2025-05-07,12,310,5,2
STU0492,2025-05-14,9,303,4,1
STU0493,2025-01-01,1,93,2,2
STU0493,2025-01-08,6,134,2,3
STU0493,2025-01-15,5,59,2,2
STU0493,2025-01-22,6,117,2,1
STU0493,2025-01-29,3,118,0,2
STU0493,2025-02-05,3,68,1,1
STU0493,2025-02-12,1,119,2,1
STU0493,2025-02-19,7,110,1,0
STU0493,2025-02-26,7,54,1,1
STU0493,2025-03-05,1,96,0,0
STU0493,2025-03-12,6,170,0,2
STU0493,2025-03-19,1,144,1,3
STU0493,2025-03-26,6,144,1,0
STU0493,2025-04-02,7,158,1,0
STU0493,2025-04-09,2,140,2,1
STU0493,2025-04-16,1,166,0,1
STU0493,2025-04-23,4,99,2,0
STU0493,2025-04-30,7,81,2,0
STU0493,2025-05-07,6,66,0,0
STU0493,2025-05-14,4,56,2,2
STU0494,2025-01-01,6,214,3,3
STU0494,2025-01-08,4,207,2,1
STU0494,2025-01-15,6,153,2,1
STU0494,2025-01-22,10,215,2,3
STU0494,2025-01-29,4,254,3,0
STU0494,2025-02-05,10,229,4,2
STU0494,2025-02-12,5,192,2,0
STU0494,2025-02-19,7,202,2,3
STU0494,2025-02-26,7,250,4,3
STU0494,2025-03-05,7,139,2,2
STU0494,2025-03-12,9,206,4,0
STU0494,2025-03-19,10,155,3,0
STU0494,2025-03-26,7,200,2,1
STU0494,2025-04-02,7,207,4,2
STU0494,2025-04-09,9,251,4,3
STU0494,2025-04-16,8,236,2,0
STU0494,2025-04-23,10,183,4,1
STU0494,2025-04-30,8,214,3,0
STU0494,2025-05-07,7,243,4,3
STU0494,2025-05-14,10,168,2,2
STU0495,2025-01-01,4,88,3,2
STU0495,2025-01-08,5,130,2,3
STU0495,2025-01-15,6,128,3,0
STU0495,2025-01-22,4,187,3,2
STU0495,2025-01-29,2,188,1,3
STU0495,2025-02-05,7,167,2,0
STU0495,2025-02-12,2,188,2,1
STU0495,2025-02-19,4,74,3,2
STU0495,2025-02-26,3,170,2,1
STU0495,2025-03-05,5,179,3,3
STU0495,2025-03-12,7,192,3,3
STU0495,2025-03-19,6,187,2,3
STU0495,2025-03-26,6,126,3,0
STU0495,2025-04-02,2,131,3,1
STU0495,2025-04-09,6,175,1,3
STU0495,2025-04-16,8,73,2,0
STU0495,2025-04-23,8,103,2,3
STU0495,2025-04-30,4,157,1,2
STU0495,2025-05-07,6,184,2,0
STU0495,2025-05-14,3,142,1,2
STU0496,2025-01-01,3,110,1,0
STU0496,2025-01-08,3,119,2,2
STU0496,2025-01-15,6,206,3,3
STU0496,2025-01-22,3,118,3,1
STU0496,2025-01-29,3,229,3,3
STU0496,2025-02-05,7,149,3,0
STU0496,2025-02-12,7,133,2,2
STU0496,2025-02-19,6,111,3,2
STU0496,2025-02-26,4,227,1,0
STU0496,2025-03-05,3,230,1,0
STU0496,2025-03-12,4,211,1,1
STU0496,2025-03-19,7,208,3,1
STU0496,2025-03-26,8,154,2,0
STU0496,2025-04-02,4,157,2,0
STU0496,2025-04-09,4,219,1,2
STU0496,2025-04-16,5,172,1,3
STU0496,2025-04-23,7,119,1,0
STU0496,2025-04-30,7,159,3,2
STU0496,2025-05-07,8,216,3,3
STU0496,2025-05-14,4,215,2,0
STU0497,2025-01-01,7,225,3,4
STU0497,2025-01-08,5,227,3,4
STU0497,2025-01-15,5,198,4,4
STU0497,2025-01-22,8,175,3,1
STU0497,2025-01-29,6,175,2,3
STU0497,2025-02-05,10,235,3,2
STU0497,2025-02-12,7,208,3,3
STU0497,2025-02-19,9,199,3,1
STU0497,2025-02-26,10,183,3,1
STU0497,2025-03-05,5,181,4,2
STU0497,2025-03-12,6,195,4,4
STU0497,2025-03-19,10,171,3,1
STU0497,2025-03-26,8,260,2,1
STU0497,2025-04-02,5,197,4,2
STU0497,2025-04-09,11,232,2,1
STU0497,2025-04-16,9,184,4,2
STU0497,2025-04-23,8,211,2,2
STU0497,2025-04-30,6,209,3,4
STU0497,2025-05-07,11,212,2,3
STU0497,2025-05-14,7,155,2,4
STU0498,2025-01-01,9,197,1,0
STU0498,2025-01-08,9,157,2,0
STU0498,2025-01-15,5,191,1,1
STU0498,2025-01-22,7,127,1,1
STU0498,2025-01-29,6,127,3,1
STU0498,2025-02-05,6,205,2,1
STU0498,2025-02-12,9,143,3,3
STU0498,2025-02-19,9,114,2,1
STU0498,2025-02-26,3,200,2,1
STU0498,2025-03-05,5,126,2,3
STU0498,2025-03-12,8,184,1,1
STU0498,2025-03-19,9,172,3,2
STU0498,2025-03-26,3,153,3,3
STU0498,2025-04-02,7,144,1,2
STU0498,2025-04-09,9,173,2,0
STU0498,2025-04-16,7,175,1,0
STU0498,2025-04-23,8,167,3,0
STU0498,2025-04-30,9,171,2,3
STU0498,2025-05-07,3,226,2,2
STU0498,2025-05-14,5,198,3,0
STU0499,2025-01-01,7,152,2,0
STU0499,2025-01-08,6,128,1,0
STU0499,2025-01-15,2,99,2,2
STU0499,2025-01-22,2,90,1,0
STU0499,2025-01-29,2,125,1,2
STU0499,2025-02-05,5,122,3,0
STU0499,2025-02-12,3,123,2,3
STU0499,2025-02-19,3,181,3,2
STU0499,2025-02-26,6,142,2,3
STU0499,2025-03-05,6,106,1,0
STU0499,2025-03-12,7,93,1,2
STU0499,2025-03-19,3,170,2,2
STU0499,2025-03-26,8,85,2,1
STU0499,2025-04-02,2,84,3,2
STU0499,2025-04-09,3,122,2,1
STU0499,2025-04-16,5,96,1,2
STU0499,2025-04-23,8,174,1,2
STU0499,2025-04-30,3,83,1,2
STU0499,2025-05-07,7,100,1,0
STU0499,2025-05-14,4,113,1,0
STU0500,2025-01-01,2,180,1,1
STU0500,2025-01-08,4,160,1,2
STU0500,2025-01-15,5,129,2,3
STU0500,2025-01-22,5,158,1,3
STU0500,2025-01-29,2,110,2,2
STU0500,2025-02-05,2,164,3,2
STU0500,2025-02-12,5,187,3,0
STU0500,2025-02-19,5,101,3,2
STU0500,2025-02-26,5,187,1,1
STU0500,2025-03-05,5,96,3,1
STU0500,2025-03-12,5,103,2,0
STU0500,2025-03-19,6,187,3,3
STU0500,2025-03-26,6,189,1,1
STU0500,2025-04-02,3,109,1,3
STU0500,2025-04-09,4,126,3,3
STU0500,2025-04-16,8,132,1,1
STU0500,2025-04-23,4,125,1,1
STU0500,2025-04-30,2,171,1,1
STU0500,2025-05-07,8,138,3,3
STU0500,2025-05-14,2,166,2,3
